WELL,FROM,TO,LITO,Ciclos_Evaporiticos
1PA0001AL,0.0,30.0,Sand,
1PA0001AL,30.0,35.0,Clay,
1PA0001AL,35.0,39.0,Sand,
1PA0001AL,39.0,45.0,Clay,
1PA0001AL,45.0,77.0,Sand,
1PA0001AL,77.0,80.0,Carbonate,
1PA0001AL,80.0,82.0,Shale,
1PA0001AL,82.0,85.0,Carbonate,
1PA0001AL,85.0,87.0,Shale,
1PA0001AL,87.0,137.0,Carbonate,
1PA0001AL,137.0,154.0,Sandstone,
1PA0001AL,154.0,168.0,Carbonate,
1PA0001AL,168.0,170.0,Sandstone,
1PA0001AL,170.0,172.0,Shale,
1PA0001AL,172.0,190.0,Sandstone,
1PA0001AL,190.0,195.0,Shale,
1PA0001AL,195.0,215.0,Sandstone,
1PA0001AL,215.0,230.0,Siltstone,
1PA0001AL,230.0,233.0,Shale,
1PA0001AL,233.0,238.0,Sandstone,
1PA0001AL,238.0,240.0,Shale,
1PA0001AL,240.0,274.0,Sandstone,
1PA0001AL,274.0,276.0,Shale,
1PA0001AL,276.0,313.0,Sandstone,
1PA0001AL,313.0,315.0,Shale,
1PA0001AL,315.0,318.0,Sandstone,
1PA0001AL,318.0,320.0,Shale,
1PA0001AL,320.0,323.0,Sandstone,
1PA0001AL,323.0,325.0,Shale,
1PA0001AL,325.0,330.0,Sandstone,
1PA0001AL,330.0,332.0,Shale,
1PA0001AL,332.0,335.0,Sandstone,
1PA0001AL,335.0,364.0,Conglomerate,
1PA0001AL,364.0,370.0,Shale,
1PA0001AL,370.0,376.0,Sandstone,
1PA0001AL,376.0,381.0,Shale,
1PA0001AL,381.0,420.0,Sandstone,
1PA0001AL,420.0,445.0,Conglomerate,
1PA0001AL,445.0,462.0,Shale,
1PA0001AL,462.0,466.0,Siltstone,
1PA0001AL,466.0,475.0,Sandstone,
1PA0001AL,475.0,483.0,Shale,
1PA0001AL,483.0,491.0,Sandstone,
1PA0001AL,491.0,495.0,Shale,
1PA0001AL,495.0,499.0,Sandstone,
1PA0001AL,499.0,503.0,Shale,
1PA0001AL,503.0,528.0,Conglomerate,
1PA0001AL,528.0,534.0,Shale,
1PA0001AL,534.0,543.0,Sandstone,
1PA0001AL,543.0,545.0,Shale,
1PA0001AL,545.0,553.0,Sandstone,
1PA0001AL,553.0,555.0,Shale,
1PA0001AL,555.0,559.0,Sandstone,
1PA0001AL,559.0,561.0,Shale,
1PA0001AL,561.0,563.0,Sandstone,
1PA0001AL,563.0,566.0,Shale,
1PA0001AL,566.0,570.0,Sandstone,
1PA0001AL,570.0,575.0,Shale,
1PA0001AL,575.0,594.0,Sandstone,
1PA0001AL,594.0,602.0,Shale,
1PA0001AL,602.0,612.0,Sandstone,
1PA0001AL,612.0,614.0,Shale,
1PA0001AL,614.0,617.0,Sandstone,
1PA0001AL,617.0,620.0,Shale,
1PA0001AL,620.0,627.0,Sandstone,
1PA0001AL,627.0,629.0,Shale,
1PA0001AL,629.0,631.0,Shale,
1PA0001AL,631.0,635.0,Shale,
1PA0001AL,635.0,661.0,Sandstone,
1PA0001AL,661.0,665.0,Shale,
1PA0001AL,665.0,675.0,Sandstone,
1PA0001AL,675.0,678.0,Shale,
1PA0001AL,678.0,682.0,Carbonate,
1PA0001AL,682.0,683.0,Shale,
1PA0001AL,683.0,684.0,Carbonate,
1PA0001AL,684.0,687.0,Shale,
1PA0001AL,687.0,695.0,Sandstone,
1PA0001AL,695.0,697.0,Shale,
1PA0001AL,697.0,700.0,Sandstone,
1PA0001AL,700.0,706.0,Shale,
1PA0001AL,706.0,735.0,Sandstone,
1PA0001AL,735.0,739.0,Siltstone,
1PA0001AL,739.0,751.0,Sandstone,
1PA0001AL,751.0,763.0,Siltstone,
1PA0001AL,763.0,784.0,Sandstone,
1PA0001AL,784.0,790.0,Shale,
1PA0001AL,790.0,805.0,Sandstone,
1PA0001AL,805.0,809.0,Siltstone,
1PA0001AL,809.0,814.0,Sandstone,
1PA0001AL,814.0,824.0,Siltstone,
1PA0001AL,824.0,838.0,Sandstone,
1PA0001AL,838.0,841.0,Shale,
1PA0001AL,841.0,853.0,Sandstone,
1PA0001AL,853.0,861.0,Shale,
1PA0001AL,861.0,898.0,Conglomerate,
1PA0001AL,898.0,901.0,Shale,
1PA0001AL,901.0,924.0,Conglomerate,
1PA0001AL,924.0,929.0,Shale,
1PA0001AL,929.0,967.0,Sandstone,
1PA0001AL,967.0,969.0,Shale,
1PA0001AL,969.0,994.0,Sandstone,
1PA0001AL,994.0,997.0,Shale,
1PA0001AL,997.0,1000.0,Sandstone,
1PA0001AL,1000.0,1003.0,Shale,
1PA0001AL,1003.0,1015.0,Conglomerate,
1PA0001AL,1015.0,1017.0,Shale,
1PA0001AL,1017.0,1023.0,Sandstone,
1PA0001AL,1023.0,1025.0,Shale,
1PA0001AL,1025.0,1042.0,Sandstone,
1PA0001AL,1042.0,1045.0,Shale,
1PA0001AL,1045.0,1052.0,Sandstone,
1PA0001AL,1052.0,1060.0,Shale,
1PA0001AL,1060.0,1073.0,Sandstone,
1PA0001AL,1073.0,1075.0,Shale,
1PA0001AL,1075.0,1081.0,Sandstone,
1PA0001AL,1081.0,1084.0,Shale,
1PA0001AL,1084.0,1133.0,Sandstone,
1PA0001AL,1133.0,1137.0,Shale,
1PA0001AL,1137.0,1167.0,Sandstone,
1PA0001AL,1167.0,1171.0,Shale,
1PA0001AL,1171.0,1192.0,Sandstone,
1PA0001AL,1192.0,1194.0,Shale,
1PA0001AL,1194.0,1224.0,Sandstone,
1PA0001AL,1224.0,1227.0,Shale,
1PA0001AL,1227.0,1233.0,Sandstone,
1PA0001AL,1233.0,1237.0,Shale,
1PA0001AL,1237.0,1241.0,Sandstone,
1PA0001AL,1241.0,1243.0,Shale,
1PA0001AL,1243.0,1264.0,Sandstone,
1PA0001AL,1264.0,1266.0,Carbonate,
1PA0001AL,1266.0,1269.0,Shale,
1PA0001AL,1269.0,1277.0,Sandstone,
1PA0001AL,1277.0,1279.0,Shale,
1PA0001AL,1279.0,1283.0,Sandstone,
1PA0001AL,1283.0,1286.0,Shale,
1PA0001AL,1286.0,1290.0,Sandstone,
1PA0001AL,1290.0,1295.0,Shale,
1PA0001AL,1295.0,1303.0,Sandstone,
1PA0001AL,1303.0,1307.0,Shale,
1PA0001AL,1307.0,1310.0,Sandstone,
1PA0001AL,1310.0,1313.0,Shale,
1PA0001AL,1313.0,1322.0,Sandstone,
1PA0001AL,1322.0,1324.0,Shale,
1PA0001AL,1324.0,1329.5,Sandstone,
1PA0001AL,1329.5,1335.0,Siltstone,
1PA0001AL,1335.0,1342.0,Sandstone,
1PA0001AL,1342.0,1345.0,Shale,
1PA0001AL,1345.0,1352.0,Sandstone,
1PA0001AL,1352.0,1354.0,Shale,
1PA0001AL,1354.0,1362.0,Sandstone,
1PA0001AL,1362.0,1364.0,Shale,
1PA0001AL,1364.0,1379.0,Sandstone,
1PA0001AL,1379.0,1385.0,Shale,
1PA0001AL,1385.0,1411.0,Sandstone,
1PA0001AL,1411.0,1415.0,Siltstone,
1PA0001AL,1415.0,1421.0,Sandstone,
1PA0001AL,1421.0,1426.0,Siltstone,
1PA0001AL,1426.0,1431.0,Sandstone,
1PA0001AL,1431.0,1433.0,Shale,
1PA0001AL,1433.0,1468.0,Sandstone,
1PA0001AL,1468.0,1520.0,Halite,Cycle 3
1PA0001AL,1520.0,1525.0,Carbonate,Cycle 3
1PA0001AL,1525.0,1530.0,Siltstone,Cycle 3
1PA0001AL,1530.0,1539.0,Halite,Cycle 3
1PA0001AL,1539.0,1545.0,Shale,Cycle 3
1PA0001AL,1545.0,1554.0,Carbonate,Cycle 3
1PA0001AL,1554.0,1560.0,Halite,Cycle 3
1PA0001AL,1560.0,1563.0,Sandstone,Cycle 3
1PA0001AL,1563.0,1568.0,Carbonate,Cycle 3
1PA0001AL,1568.0,1571.0,Sandstone,Cycle 3
1PA0001AL,1571.0,1580.0,Shale,Cycle 3
1PA0001AL,1580.0,1585.0,Halite,Cycle 3
1PA0001AL,1585.0,1598.0,Shale,Cycle 3
1PA0001AL,1598.0,1607.0,Carbonate,Cycle 3
1PA0001AL,1607.0,1636.0,Shale,Cycle 3
1PA0001AL,1636.0,1640.0,Carbonate,Cycle 3
1PA0001AL,1640.0,1642.0,Shale,Cycle 3
1PA0001AL,1642.0,1656.0,Halite,Cycle 3
1PA0001AL,1656.0,1663.0,Shale,
1PA0001AL,1663.0,1682.0,Siltstone,
1PA0001AL,1682.0,1688.0,Sandstone,
1PA0001AL,1688.0,1699.0,Siltstone,
1PA0001AL,1699.0,1701.0,Shale,
1PA0001AL,1701.0,1715.0,Sandstone,
1PA0001AL,1715.0,1731.0,Siltstone,
1PA0001AL,1731.0,1734.0,Shale,
1PA0001AL,1734.0,1740.0,Carbonate,
1PA0001AL,1740.0,1743.0,Shale,
1PA0001AL,1743.0,1747.0,Carbonate,
1PA0001AL,1747.0,1758.0,Shale,
1PA0001AL,1758.0,1765.0,Siltstone,
1PA0001AL,1765.0,1775.0,Carbonate,
1PA0001AL,1775.0,1793.0,Shale,
1PA0001AL,1793.0,1795.0,Sandstone,
1PA0001AL,1795.0,1797.0,Shale,
1PA0001AL,1797.0,1802.0,Halite,Cycle 2
1PA0001AL,1802.0,1805.0,Shale,Cycle 2
1PA0001AL,1805.0,1807.0,Halite,Cycle 2
1PA0001AL,1807.0,1809.0,Shale,Cycle 2
1PA0001AL,1809.0,1848.0,Halite,Cycle 2
1PA0001AL,1848.0,1868.0,Shale,Cycle 2
1PA0001AL,1868.0,1893.0,Halite,Cycle 2
1PA0001AL,1893.0,1902.0,Shale,
1PA0001AL,1902.0,1904.0,Carbonate,
1PA0001AL,1904.0,1906.0,Shale,
1PA0001AL,1906.0,1908.0,Carbonate,
1PA0001AL,1908.0,1910.0,Shale,
1PA0001AL,1910.0,1913.0,Siltstone,
1PA0001AL,1913.0,1915.0,Shale,
1PA0001AL,1915.0,1918.0,Carbonate,
1PA0001AL,1918.0,1951.0,Shale,
1PA0001AL,1951.0,1958.0,Carbonate,
1PA0001AL,1958.0,1968.0,Shale,
1PA0001AL,1968.0,1973.0,Siltstone,
1PA0001AL,1973.0,1993.0,Shale,
1PA0001AL,1993.0,2001.0,Sandstone,
1PA0001AL,2001.0,2003.0,Siltstone,
1PA0001AL,2003.0,2008.0,Sandstone,
1PA0001AL,2008.0,2010.0,Siltstone,
1PA0001AL,2010.0,2012.0,Sandstone,
1PA0001AL,2012.0,2020.0,Shale,
1PA0001AL,2020.0,2022.0,Siltstone,
1PA0001AL,2022.0,2024.0,Shale,
1PA0001AL,2024.0,2027.0,Sandstone,
1PA0001AL,2027.0,2040.0,Shale,
1PA0001AL,2040.0,2073.0,Halite,
1PA0001AL,2073.0,2084.0,Shale,
1PA0001AL,2084.0,2139.0,Sandstone,
1PA0001AL,2139.0,2152.0,Shale,
1PA0001AL,2152.0,2155.0,Sandstone,
1PA0001AL,2155.0,2156.0,Shale,
1PA0001AL,2156.0,2158.0,Sandstone,
1PA0001AL,2158.0,2160.0,Shale,
1PA0001AL,2160.0,2164.0,Sandstone,
1PA0001AL,2164.0,2167.0,Shale,
1PA0001AL,2167.0,2170.0,Halite,
1PA0001AL,2170.0,2172.0,Shale,
1PA0001AL,2172.0,2177.0,Halite,
1PA0001AL,2177.0,2182.0,Shale,
1PA0001AL,2182.0,2187.0,Halite,
1PA0001AL,2187.0,2193.0,Shale,
1PA0001AL,2193.0,2196.0,Sandstone,
1PA0001AL,2196.0,2201.0,Halite,
1PA0001AL,2201.0,2204.0,Shale,
1PA0001AL,2204.0,2209.0,Siltstone,
1PA0001AL,2209.0,2220.0,Shale,
1PA0001AL,2220.0,2226.0,Sandstone,
1PA0001AL,2226.0,2228.0,Shale,
1PA0001AL,2228.0,2234.0,Sandstone,
1PA0001AL,2234.0,2239.0,Shale,
1PA0001AL,2239.0,2265.0,Sandstone,
1PA0001AL,2265.0,2272.0,Siltstone,
1PA0001AL,2272.0,2286.0,Shale,
1PA0001AL,2286.0,2316.0,Halite,Cycle 1
1PA0001AL,2316.0,2320.0,Carbonate,Cycle 1
1PA0001AL,2320.0,2326.0,Halite,Cycle 1
1PA0001AL,2326.0,2329.0,Carbonate,Cycle 1
1PA0001AL,2329.0,2337.0,Halite,Cycle 1
1PA0001AL,2337.0,2340.0,Siltstone,Cycle 1
1PA0001AL,2340.0,2343.0,Carbonate,Cycle 1
1PA0001AL,2343.0,2348.0,Siltstone,Cycle 1
1PA0001AL,2348.0,2353.0,Halite,Cycle 1
1PA0001AL,2353.0,2357.0,Siltstone,Cycle 1
1PA0001AL,2357.0,2360.0,Shale,Cycle 1
1PA0001AL,2360.0,2362.0,Halite,Cycle 1
1PA0001AL,2362.0,2365.0,Siltstone,Cycle 1
1PA0001AL,2365.0,2386.0,Halite,Cycle 1
1PA0001AL,2386.0,2391.0,Carbonate,Cycle 1
1PA0001AL,2391.0,2396.0,Halite,Cycle 1
1PA0001AL,2396.0,2399.0,Shale,Cycle 1
1PA0001AL,2399.0,2411.0,Halite,Cycle 1
1PA0001AL,2411.0,2416.0,Shale,Cycle 1
1PA0001AL,2416.0,2423.0,Halite,Cycle 1
1PA0001AL,2423.0,2426.0,Shale,Cycle 1
1PA0001AL,2426.0,2433.0,Siltstone,Cycle 1
1PA0001AL,2433.0,2437.0,Shale,Cycle 1
1PA0001AL,2437.0,2443.0,Halite,Cycle 1
1PA0001AL,2443.0,2446.0,Shale,Cycle 1
1PA0001AL,2446.0,2448.0,Halite,Cycle 1
1PA0001AL,2448.0,2451.0,Shale,Cycle 1
1PA0001AL,2451.0,2457.0,Halite,Cycle 1
1PA0001AL,2457.0,2462.0,Shale,Cycle 1
1PA0001AL,2462.0,2465.0,Siltstone,Cycle 1
1PA0001AL,2465.0,2478.0,Halite,Cycle 1
1PA0001AL,2478.0,2486.0,Siltstone,Cycle 1
1PA0001AL,2486.0,2498.0,Halite,Cycle 1
1PA0001AL,2498.0,2508.0,Shale,Cycle 1
1PA0001AL,2508.0,2512.0,Halite,Cycle 1
1PA0001AL,2512.0,2516.0,Siltstone,
1PA0001AL,2516.0,2520.0,Shale,
1PA0001AL,2520.0,2524.0,Sandstone,
1PA0001AL,2524.0,2527.0,Siltstone,
1PA0001AL,2527.0,2528.0,Sandstone,
1PA0001AL,2528.0,2531.0,Shale,
1PA0001AL,2531.0,2532.0,Sandstone,
1PA0001AL,2532.0,2543.0,Shale,
1PA0001AL,2543.0,2546.0,Siltstone,
1PA0001AL,2546.0,2560.0,Shale,
1PA0001AL,2560.0,2563.0,Siltstone,
1PA0001AL,2563.0,2577.0,Shale,
1PA0001AL,2577.0,2580.0,Sandstone,
1PA0001AL,2580.0,2586.0,Shale,
1PA0001AL,2586.0,2590.0,Sandstone,
1PA0001AL,2590.0,2596.0,Shale,
1PA0001AL,2596.0,2599.0,Sandstone,
1PA0001AL,2599.0,2607.0,Shale,
1PA0001AL,2607.0,2611.0,Sandstone,
1PA0001AL,2611.0,2622.0,Shale,
1PE0002AL,0.0,25.0,Sand,
1PE0002AL,25.0,31.0,Clay,
1PE0002AL,31.0,60.0,Sand,
1PE0002AL,60.0,62.0,Clay,
1PE0002AL,62.0,70.0,Sand,
1PE0002AL,70.0,73.0,Clay,
1PE0002AL,73.0,79.0,Sand,
1PE0002AL,79.0,82.0,Clay,
1PE0002AL,82.0,85.0,Sand,
1PE0002AL,85.0,87.0,Clay,
1PE0002AL,87.0,154.0,Carbonate,
1PE0002AL,154.0,157.0,Shale,
1PE0002AL,157.0,185.0,Carbonate,
1PE0002AL,185.0,188.0,Shale,
1PE0002AL,188.0,212.0,Carbonate,
1PE0002AL,212.0,215.0,Shale,
1PE0002AL,215.0,268.0,Conglomerate,
1PE0002AL,268.0,274.0,Shale,
1PE0002AL,274.0,278.0,Conglomerate,
1PE0002AL,278.0,285.0,Shale,
1PE0002AL,285.0,354.0,Conglomerate,
1PE0002AL,354.0,358.0,Shale,
1PE0002AL,358.0,367.0,Conglomerate,
1PE0002AL,367.0,369.0,Shale,
1PE0002AL,369.0,371.0,Conglomerate,
1PE0002AL,371.0,374.0,Shale,
1PE0002AL,374.0,380.0,Conglomerate,
1PE0002AL,380.0,387.0,Shale,
1PE0002AL,387.0,452.0,Conglomerate,
1PE0002AL,452.0,458.0,Shale,
1PE0002AL,458.0,463.0,Conglomerate,
1PE0002AL,463.0,465.0,Shale,
1PE0002AL,465.0,474.0,Conglomerate,
1PE0002AL,474.0,476.0,Shale,
1PE0002AL,476.0,478.0,Conglomerate,
1PE0002AL,478.0,480.0,Shale,
1PE0002AL,480.0,482.0,Conglomerate,
1PE0002AL,482.0,485.0,Shale,
1PE0002AL,485.0,494.0,Conglomerate,
1PE0002AL,494.0,497.0,Shale,
1PE0002AL,497.0,521.0,Conglomerate,
1PE0002AL,521.0,523.0,Shale,
1PE0002AL,523.0,528.0,Conglomerate,
1PE0002AL,528.0,532.0,Shale,
1PE0002AL,532.0,537.0,Conglomerate,
1PE0002AL,537.0,540.0,Shale,
1PE0002AL,540.0,544.0,Conglomerate,
1PE0002AL,544.0,546.0,Shale,
1PE0002AL,546.0,567.0,Conglomerate,
1PE0002AL,567.0,569.0,Shale,
1PE0002AL,569.0,587.0,Conglomerate,
1PE0002AL,587.0,589.0,Shale,
1PE0002AL,589.0,602.0,Conglomerate,
1PE0002AL,602.0,604.0,Shale,
1PE0002AL,604.0,614.0,Conglomerate,
1PE0002AL,614.0,625.0,Shale,
1PE0002AL,625.0,627.0,Conglomerate,
1PE0002AL,627.0,629.0,Carbonate,
1PE0002AL,629.0,633.0,Shale,
1PE0002AL,633.0,648.0,Conglomerate,
1PE0002AL,648.0,658.0,Shale,
1PE0002AL,658.0,667.0,Conglomerate,
1PE0002AL,667.0,669.0,Shale,
1PE0002AL,669.0,683.0,Conglomerate,
1PE0002AL,683.0,687.0,Shale,
1PE0002AL,687.0,695.0,Conglomerate,
1PE0002AL,695.0,699.0,Shale,
1PE0002AL,699.0,704.0,Conglomerate,
1PE0002AL,704.0,707.0,Shale,
1PE0002AL,707.0,710.0,Conglomerate,
1PE0002AL,710.0,714.0,Shale,
1PE0002AL,714.0,719.0,Conglomerate,
1PE0002AL,719.0,722.0,Shale,
1PE0002AL,722.0,737.0,Conglomerate,
1PE0002AL,737.0,742.0,Shale,
1PE0002AL,742.0,776.0,Conglomerate,
1PE0002AL,776.0,785.0,Shale,
1PE0002AL,785.0,789.0,Conglomerate,
1PE0002AL,789.0,791.0,Carbonate,
1PE0002AL,791.0,798.0,Conglomerate,
1PE0002AL,798.0,800.0,Shale,
1PE0002AL,800.0,803.0,Conglomerate,
1PE0002AL,803.0,807.0,Shale,
1PE0002AL,807.0,812.0,Conglomerate,
1PE0002AL,812.0,816.0,Shale,
1PE0002AL,816.0,819.0,Conglomerate,
1PE0002AL,819.0,822.0,Shale,
1PE0002AL,822.0,836.0,Conglomerate,
1PE0002AL,836.0,838.0,Shale,
1PE0002AL,838.0,841.0,Carbonate,
1PE0002AL,841.0,866.0,Conglomerate,
1PE0002AL,866.0,868.0,Shale,
1PE0002AL,868.0,870.0,Conglomerate,
1PE0002AL,870.0,873.0,Shale,
1PE0002AL,873.0,882.0,Conglomerate,
1PE0002AL,882.0,887.0,Shale,
1PE0002AL,887.0,894.0,Conglomerate,
1PE0002AL,894.0,897.0,Shale,
1PE0002AL,897.0,910.0,Conglomerate,
1PE0002AL,910.0,912.0,Shale,
1PE0002AL,912.0,925.0,Conglomerate,
1PE0002AL,925.0,927.0,Shale,
1PE0002AL,927.0,944.0,Conglomerate,
1PE0002AL,944.0,946.0,Shale,
1PE0002AL,946.0,987.0,Conglomerate,
1PE0002AL,987.0,994.0,Shale,
1PE0002AL,994.0,1002.0,Conglomerate,
1PE0002AL,1002.0,1006.0,Shale,
1PE0002AL,1006.0,1014.0,Sandstone,
1PE0002AL,1014.0,1017.0,Shale,
1PE0002AL,1017.0,1052.0,Sandstone,
1PE0002AL,1052.0,1056.0,Shale,
1PE0002AL,1056.0,1062.0,Sandstone,
1PE0002AL,1062.0,1068.0,Shale,
1PE0002AL,1068.0,1072.0,Sandstone,
1PE0002AL,1072.0,1080.0,Shale,
1PE0002AL,1080.0,1094.0,Sandstone,
1PE0002AL,1094.0,1096.0,Shale,
1PE0002AL,1096.0,1107.0,Sandstone,
1PE0002AL,1107.0,1119.0,Shale,
1PE0002AL,1119.0,1123.0,Sandstone,
1PE0002AL,1123.0,1126.0,Shale,
1PE0002AL,1126.0,1129.0,Sandstone,
1PE0002AL,1129.0,1134.0,Shale,
1PE0002AL,1134.0,1140.0,Sandstone,
1PE0002AL,1140.0,1147.0,Shale,
1PE0002AL,1147.0,1152.0,Sandstone,
1PE0002AL,1152.0,1154.0,Shale,
1PE0002AL,1154.0,1155.0,Carbonate,
1PE0002AL,1155.0,1156.0,Shale,
1PE0002AL,1156.0,1158.0,Carbonate,
1PE0002AL,1158.0,1159.0,Shale,
1PE0002AL,1159.0,1161.0,Sandstone,
1PE0002AL,1161.0,1163.0,Shale,
1PE0002AL,1163.0,1169.0,Sandstone,
1PE0002AL,1169.0,1174.0,Shale,
1PE0002AL,1174.0,1192.0,Sandstone,
1PE0002AL,1192.0,1195.0,Shale,
1PE0002AL,1195.0,1197.0,Sandstone,
1PE0002AL,1197.0,1200.0,Shale,
1PE0002AL,1200.0,1207.0,Sandstone,
1PE0002AL,1207.0,1209.0,Shale,
1PE0002AL,1209.0,1217.0,Sandstone,
1PE0002AL,1217.0,1219.0,Shale,
1PE0002AL,1219.0,1222.0,Sandstone,
1PE0002AL,1222.0,1225.0,Shale,
1PE0002AL,1225.0,1233.0,Sandstone,
1PE0002AL,1233.0,1235.0,Shale,
1PE0002AL,1235.0,1237.0,Sandstone,
1PE0002AL,1237.0,1239.0,Shale,
1PE0002AL,1239.0,1241.0,Sandstone,
1PE0002AL,1241.0,1244.0,Shale,
1PE0002AL,1244.0,1255.0,Sandstone,
1PE0002AL,1255.0,1259.0,Shale,
1PE0002AL,1259.0,1266.0,Sandstone,
1PE0002AL,1266.0,1268.0,Shale,
1PE0002AL,1268.0,1280.0,Sandstone,
1PE0002AL,1280.0,1284.0,Shale,
1PE0002AL,1284.0,1287.0,Carbonate,
1PE0002AL,1287.0,1306.0,Sandstone,
1PE0002AL,1306.0,1309.0,Carbonate,
1PE0002AL,1309.0,1314.0,Shale,
1PE0002AL,1314.0,1334.0,Sandstone,
1PE0002AL,1334.0,1336.0,Shale,
1PE0002AL,1336.0,1354.0,Sandstone,
1PE0002AL,1354.0,1359.0,Shale,
1PE0002AL,1359.0,1362.0,Sandstone,
1PE0002AL,1362.0,1364.0,Shale,
1PE0002AL,1364.0,1366.0,Sandstone,
1PE0002AL,1366.0,1368.0,Shale,
1PE0002AL,1368.0,1369.0,Sandstone,
1PE0002AL,1369.0,1371.0,Shale,
1PE0002AL,1371.0,1374.0,Sandstone,
1PE0002AL,1374.0,1376.0,Shale,
1PE0002AL,1376.0,1387.0,Sandstone,
1PE0002AL,1387.0,1389.0,Shale,
1PE0002AL,1389.0,1395.0,Sandstone,
1PE0002AL,1395.0,1430.0,Halite,Cycle 3b
1PE0002AL,1430.0,1436.0,Carbonate,Cycle 3b
1PE0002AL,1436.0,1453.0,Sandstone,Cycle 3b
1PE0002AL,1453.0,1455.0,Shale,Cycle 3b
1PE0002AL,1455.0,1457.0,Carbonate,Cycle 3b
1PE0002AL,1457.0,1459.0,Shale,Cycle 3b
1PE0002AL,1459.0,1462.0,Sandstone,Cycle 3b
1PE0002AL,1462.0,1470.0,Halite,Cycle 3b
1PE0002AL,1470.0,1479.0,Sandstone,
1PE0002AL,1479.0,1483.0,Shale,
1PE0002AL,1483.0,1485.0,Sandstone,
1PE0002AL,1485.0,1487.0,Shale,
1PE0002AL,1487.0,1493.0,Sandstone,
1PE0002AL,1493.0,1495.0,Shale,
1PE0002AL,1495.0,1499.0,Sandstone,
1PE0002AL,1499.0,1502.0,Shale,
1PE0002AL,1502.0,1504.0,Sandstone,
1PE0002AL,1504.0,1507.0,Shale,
1PE0002AL,1507.0,1509.0,Sandstone,
1PE0002AL,1509.0,1511.0,Shale,
1PE0002AL,1511.0,1520.0,Sandstone,
1PE0002AL,1520.0,1524.0,Shale,
1PE0002AL,1524.0,1526.0,Sandstone,
1PE0002AL,1526.0,1529.0,Shale,
1PE0002AL,1529.0,1531.0,Sandstone,
1PE0002AL,1531.0,1533.0,Shale,
1PE0002AL,1533.0,1542.0,Sandstone,
1PE0002AL,1542.0,1545.0,Carbonate,
1PE0002AL,1545.0,1559.0,Halite,
1PE0002AL,1559.0,1561.0,Sandstone,
1PE0002AL,1561.0,1563.0,Shale,
1PE0002AL,1563.0,1564.0,Sandstone,
1PE0002AL,1564.0,1566.0,Shale,
1PE0002AL,1566.0,1568.0,Sandstone,
1PE0002AL,1568.0,1570.0,Carbonate,
1PE0002AL,1570.0,1572.0,Sandstone,
1PE0002AL,1572.0,1574.0,Shale,
1PE0002AL,1574.0,1590.0,Sandstone,
1PE0002AL,1590.0,1592.0,Shale,
1PE0002AL,1592.0,1594.0,Sandstone,
1PE0002AL,1594.0,1596.0,Carbonate,
1PE0002AL,1596.0,1609.0,Sandstone,
1PE0002AL,1609.0,1618.0,Shale,
1PE0002AL,1618.0,1620.0,Halite,Cycle 2b
1PE0002AL,1620.0,1625.0,Carbonate,Cycle 2b
1PE0002AL,1625.0,1630.0,Halite,Cycle 2b
1PE0002AL,1630.0,1635.0,Shale,Cycle 2b
1PE0002AL,1635.0,1641.0,Halite,Cycle 2b
1PE0002AL,1641.0,1643.0,Shale,Cycle 2b
1PE0002AL,1643.0,1645.0,Carbonate,Cycle 2b
1PE0002AL,1645.0,1649.0,Halite,Cycle 2b
1PE0002AL,1649.0,1654.0,Carbonate,Cycle 2b
1PE0002AL,1654.0,1656.0,Halite,Cycle 2b
1PE0002AL,1656.0,1658.0,Carbonate,Cycle 2b
1PE0002AL,1658.0,1662.0,Shale,Cycle 2b
1PE0002AL,1662.0,1666.0,Halite,Cycle 2b
1PE0002AL,1666.0,1673.0,Shale,Cycle 2b
1PE0002AL,1673.0,1708.0,Halite,Cycle 2b
1PE0002AL,1708.0,1712.0,Shale,Cycle 2b
1PE0002AL,1712.0,1723.0,Halite,Cycle 2b
1PE0002AL,1723.0,1730.0,Shale,Cycle 2b
1PE0002AL,1730.0,1742.0,Halite,Cycle 2b
1PE0002AL,1742.0,1747.0,Sandstone,Cycle 2b
1PE0002AL,1747.0,1757.0,Halite,Cycle 2b
1PE0002AL,1757.0,1759.0,Sandstone,Cycle 2b
1PE0002AL,1759.0,1762.0,Halite,Cycle 2b
1PE0002AL,1762.0,1765.0,Sandstone,Cycle 2b
1PE0002AL,1765.0,1767.0,Halite,Cycle 2b
1PE0002AL,1767.0,1769.0,Sandstone,Cycle 2b
1PE0002AL,1769.0,1779.0,Halite,Cycle 2b
1PE0002AL,1779.0,1782.0,Sandstone,Cycle 2b
1PE0002AL,1782.0,1786.0,Halite,Cycle 2b
1PE0002AL,1786.0,1792.0,Sandstone,Cycle 2b
1PE0002AL,1792.0,1802.0,Halite,Cycle 2b
1PE0002AL,1802.0,1804.0,Sandstone,Cycle 2b
1PE0002AL,1804.0,1807.0,Halite,Cycle 2b
1PE0002AL,1807.0,1812.0,Shale,Cycle 2b
1PE0002AL,1812.0,1815.0,Sandstone,Cycle 2b
1PE0002AL,1815.0,1817.0,Shale,Cycle 2b
1PE0002AL,1817.0,1819.0,Halite,Cycle 2b
1PE0002AL,1819.0,1824.0,Carbonate,Cycle 2b
1PE0002AL,1824.0,1828.0,Shale,Cycle 2b
1PE0002AL,1828.0,1830.0,Carbonate,Cycle 2b
1PE0002AL,1830.0,1833.0,Halite,Cycle 2b
1PE0002AL,1833.0,1835.0,Sandstone,Cycle 2b
1PE0002AL,1835.0,1837.0,Halite,Cycle 2b
1PE0002AL,1837.0,1839.0,Sandstone,Cycle 2b
1PE0002AL,1839.0,1851.0,Halite,Cycle 2b
1PE0002AL,1851.0,1855.0,Sandstone,Cycle 2b
1PE0002AL,1855.0,1895.0,Halite,Cycle 2b
1PE0002AL,1895.0,1897.0,Sandstone,Cycle 2b
1PE0002AL,1897.0,1902.0,Shale,Cycle 2b
1PE0002AL,1902.0,1908.0,Sandstone,Cycle 2b
1PE0002AL,1908.0,1916.0,Halite,Cycle 2b
1PE0002AL,1916.0,1919.0,Sandstone,
1PE0002AL,1919.0,1924.0,Shale,
1PE0002AL,1924.0,1932.0,Sandstone,
1PE0002AL,1932.0,1936.0,Shale,
1PE0002AL,1936.0,1942.0,Carbonate,
1PE0002AL,1942.0,1949.0,Sandstone,
1PE0002AL,1949.0,1953.0,Shale,
1PE0002AL,1953.0,1955.0,Sandstone,
1PE0002AL,1955.0,1957.0,Shale,
1PE0002AL,1957.0,1967.0,Sandstone,
1PE0002AL,1967.0,1970.0,Shale,
1PE0002AL,1970.0,1977.0,Sandstone,
1PE0002AL,1977.0,1984.0,Halite,Cycle 1
1PE0002AL,1984.0,1986.0,Sandstone,Cycle 1
1PE0002AL,1986.0,1989.0,Halite,Cycle 1
1PE0002AL,1989.0,1995.0,Sandstone,Cycle 1
1PE0002AL,1995.0,1998.0,Shale,Cycle 1
1PE0002AL,1998.0,2003.0,Sandstone,Cycle 1
1PE0002AL,2003.0,2011.0,Shale,Cycle 1
1PE0002AL,2011.0,2016.0,Halite,Cycle 1
1PE0002AL,2016.0,2018.0,Shale,Cycle 1
1PE0002AL,2018.0,2024.0,Halite,Cycle 1
1PE0002AL,2024.0,2032.0,Shale,Cycle 1
1PE0002AL,2032.0,2037.0,Halite,Cycle 1
1PE0002AL,2037.0,2042.0,Shale,Cycle 1
1PE0002AL,2042.0,2064.0,Halite,Cycle 1
1PE0002AL,2064.0,2067.0,Shale,Cycle 1
1PE0002AL,2067.0,2071.0,Halite,Cycle 1
1PE0002AL,2071.0,2077.0,Shale,Cycle 1
1PE0002AL,2077.0,2092.0,Sandstone,Cycle 1
1PE0002AL,2092.0,2098.0,Shale,Cycle 1
1PE0002AL,2098.0,2106.0,Sandstone,Cycle 1
1PE0002AL,2106.0,2109.0,Halite,Cycle 1
1PE0002AL,2109.0,2117.0,Shale,Cycle 1
1PE0002AL,2117.0,2119.0,Halite,Cycle 1
1PE0002AL,2119.0,2122.0,Shale,Cycle 1
1PE0002AL,2122.0,2126.0,Sandstone,Cycle 1
1PE0002AL,2126.0,2129.0,Shale,Cycle 1
1PE0002AL,2129.0,2136.0,Halite,Cycle 1
1PE0002AL,2136.0,2139.0,Shale,Cycle 1
1PE0002AL,2139.0,2146.0,Sandstone,Cycle 1
1PE0002AL,2146.0,2163.0,Halite,Cycle 1
1PE0002AL,2163.0,2172.0,Shale,Cycle 1
1PE0002AL,2172.0,2180.0,Sandstone,Cycle 1
1PE0002AL,2180.0,2186.0,Shale,Cycle 1
1PE0002AL,2186.0,2191.0,Halite,Cycle 1
1PE0002AL,2191.0,2196.0,Shale,Cycle 1
1PE0002AL,2196.0,2201.0,Halite,Cycle 1
1PE0002AL,2201.0,2207.0,Shale,
1PE0002AL,2207.0,2224.0,Sandstone,
1PE0002AL,2224.0,2257.0,Shale,
1PE0002AL,2257.0,2260.0,Sandstone,
1PE0002AL,2260.0,2266.0,Shale,
1PE0002AL,2266.0,2268.0,Sandstone,
1PE0002AL,2268.0,2273.0,Shale,
1PE0002AL,2273.0,2277.0,Sandstone,
1PE0002AL,2277.0,2279.0,Shale,
1PE0002AL,2279.0,2283.0,Sandstone,
1PE0002AL,2283.0,2292.0,Shale,
1PE0002AL,2292.0,2295.0,Sandstone,
1PE0002AL,2295.0,2311.0,Shale,
1PE0002AL,2311.0,2315.0,Sandstone,
1PE0002AL,2315.0,2318.0,Shale,
1PE0002AL,2318.0,2326.0,Sandstone,
1PE0002AL,2326.0,2336.0,Shale,
1PE0002AL,2336.0,2339.0,Sandstone,
1PE0002AL,2339.0,2344.0,Shale,
1PE0002AL,2344.0,2353.0,Sandstone,
1PE0002AL,2353.0,2369.0,Shale,
1PE0002AL,2369.0,2374.0,Sandstone,
1PE0002AL,2374.0,2379.0,Shale,
1PE0002AL,2379.0,2390.0,Sandstone,
1PE0002AL,2390.0,2392.0,Shale,
1PE0002AL,2392.0,2396.0,Sandstone,
1PE0002AL,2396.0,2399.0,Shale,
1PE0002AL,2399.0,2401.0,Sandstone,
1PE0002AL,2401.0,2403.0,Shale,
1PE0002AL,2403.0,2411.0,Sandstone,
1PE0002AL,2411.0,2413.0,Shale,
1PE0002AL,2413.0,2416.0,Sandstone,
1PE0002AL,2416.0,2419.0,Shale,
1PE0002AL,2419.0,2421.0,Sandstone,
1PE0002AL,2421.0,2424.0,Shale,
1PE0002AL,2424.0,2429.0,Sandstone,
1PE0002AL,2429.0,2435.0,Shale,
1PE0002AL,2435.0,2448.0,Sandstone,
1PE0002AL,2448.0,2460.0,Shale,
1PE0002AL,2460.0,2465.0,Sandstone,
1PE0002AL,2465.0,2470.0,Shale,
1PE0002AL,2470.0,2474.0,Sandstone,
1PE0002AL,2474.0,2484.0,Shale,
1PE0002AL,2484.0,2486.0,Sandstone,
1PE0002AL,2486.0,2525.0,Shale,
1PE0002AL,2525.0,2536.0,Sandstone,
1PE0002AL,2536.0,2542.0,Shale,
1PE0002AL,2542.0,2545.0,Sandstone,
1PE0002AL,2545.0,2547.0,Shale,
1PE0002AL,2547.0,2577.0,Sandstone,
1PE0002AL,2577.0,2588.0,Shale,
1PE0002AL,2588.0,2590.0,Sandstone,
1PE0002AL,2590.0,2600.0,Shale,
1PE0002AL,2600.0,2607.0,Sandstone,
1PE0002AL,2607.0,2659.0,Shale,
1PE0002AL,2659.0,2663.0,Sandstone,
1PE0002AL,2663.0,2667.0,Shale,
1PE0002AL,2667.0,2671.0,Sandstone,
1PE0002AL,2671.0,2673.0,Shale,
1PE0002AL,2673.0,2676.0,Sandstone,
1PE0002AL,2676.0,2681.0,Shale,
1PE0002AL,2681.0,2683.0,Sandstone,
1PE0002AL,2683.0,2693.0,Shale,
1PE0002AL,2693.0,2697.0,Sandstone,
1PE0002AL,2697.0,2707.0,Shale,
1PE0002AL,2707.0,2712.0,Sandstone,
1PE0002AL,2712.0,2724.0,Shale,
1PE0002AL,2724.0,2729.0,Sandstone,
1PE0002AL,2729.0,2747.0,Shale,
1PE0002AL,2747.0,2755.0,Sandstone,
1PE0002AL,2755.0,2758.0,Shale,
1PE0002AL,2758.0,2766.0,Sandstone,
1PE0002AL,2766.0,2770.0,Shale,
1PE0002AL,2770.0,2774.0,Sandstone,
1PE0002AL,2774.0,2776.0,Shale,
1PE0002AL,2776.0,2779.0,Sandstone,
1PE0002AL,2779.0,2784.0,Shale,
1PE0002AL,2784.0,2786.0,Sandstone,
1PE0002AL,2786.0,2788.0,Shale,
1PE0002AL,2788.0,2790.0,Sandstone,
1PE0002AL,2790.0,2797.0,Shale,
1PE0002AL,2797.0,2799.0,Sandstone,
1PE0002AL,2799.0,2805.0,Shale,
1PE0002AL,2805.0,2807.0,Sandstone,
1PE0002AL,2807.0,2809.0,Shale,
1PE0002AL,2809.0,2811.0,Sandstone,
1PE0002AL,2811.0,2813.0,Shale,
1PE0002AL,2813.0,2815.0,Sandstone,
1PE0002AL,2815.0,2817.0,Shale,
1PE0002AL,2817.0,2818.0,Sandstone,
1PE0002AL,2818.0,2820.0,Shale,
1PE0002AL,2820.0,2822.0,Sandstone,
1PE0002AL,2822.0,2825.0,Shale,
1PE0002AL,2825.0,2830.0,Sandstone,
1PE0002AL,2830.0,2832.0,Shale,
1PE0002AL,2832.0,2834.0,Sandstone,
1PE0002AL,2834.0,2835.0,Shale,
1PE0002AL,2835.0,2836.0,Sandstone,
1PE0002AL,2836.0,2838.0,Shale,
1PE0002AL,2838.0,2842.0,Sandstone,
1PE0002AL,2842.0,2843.0,Shale,
1PE0002AL,2843.0,2845.0,Sandstone,
1PE0002AL,2845.0,2847.0,Shale,
1PE0002AL,2847.0,2849.0,Sandstone,
1PE0002AL,2849.0,2864.0,Shale,
1PE0002AL,2864.0,2867.0,Sandstone,
1PE0002AL,2867.0,2869.0,Shale,
1PE0002AL,2869.0,2875.0,Sandstone,
1PE0002AL,2875.0,2877.0,Shale,
1PE0002AL,2877.0,2879.0,Sandstone,
1PE0002AL,2879.0,2883.0,Shale,
1PE0002AL,2883.0,2885.0,Sandstone,
1PE0002AL,2885.0,2899.0,Shale,
1PE0002AL,2899.0,2906.0,Sandstone,
1PE0002AL,2906.0,2912.0,Shale,
1PE0002AL,2912.0,2914.0,Sandstone,
1PE0002AL,2914.0,2916.0,Shale,
1PE0002AL,2916.0,2924.0,Sandstone,
1PE0002AL,2924.0,2927.0,Shale,
1PE0002AL,2927.0,2929.0,Sandstone,
1PE0002AL,2929.0,2934.0,Shale,
1PE0002AL,2934.0,2937.0,Sandstone,
1PE0002AL,2937.0,2939.0,Shale,
1PE0002AL,2939.0,2941.0,Sandstone,
1PE0002AL,2941.0,2948.0,Shale,
1PE0002AL,2948.0,2953.0,Sandstone,
1PE0002AL,2953.0,2958.0,Shale,
1PE0002AL,2958.0,2961.0,Sandstone,
1PE0002AL,2961.0,2965.0,Shale,
1PE0002AL,2965.0,2967.0,Sandstone,
1PE0002AL,2967.0,2969.0,Shale,
1PE0002AL,2969.0,2971.0,Sandstone,
1PE0002AL,2971.0,2973.0,Shale,
1PE0002AL,2973.0,2978.0,Sandstone,
1PE0002AL,2978.0,2982.0,Shale,
1PE0002AL,2982.0,2986.0,Sandstone,
1PE0002AL,2986.0,3024.0,Shale,
1PE0002AL,3024.0,3027.0,Sandstone,
1PE0002AL,3027.0,3029.0,Shale,
1PE0002AL,3029.0,3034.0,Sandstone,
1PE0002AL,3034.0,3037.0,Shale,
1PE0002AL,3037.0,3044.0,Sandstone,
1PE0002AL,3044.0,3047.0,Shale,
1PE0002AL,3047.0,3050.0,Sandstone,
1PE0002AL,3050.0,3055.0,Shale,
1PE0002AL,3055.0,3059.0,Sandstone,
1PE0002AL,3059.0,3062.0,Shale,
1PE0002AL,3062.0,3064.0,Sandstone,
1PE0002AL,3064.0,3067.0,Shale,
1PE0002AL,3067.0,3075.0,Sandstone,
1PE0002AL,3075.0,3087.0,Shale,
1PE0002AL,3087.0,3089.0,Sandstone,
1PE0002AL,3089.0,3090.0,Shale,
1PE0002AL,3090.0,3092.0,Sandstone,
1PE0002AL,3092.0,3097.0,Shale,
1PE0002AL,3097.0,3103.0,Sandstone,
1PE0002AL,3103.0,3107.0,Shale,
1PE0002AL,3107.0,3116.0,Sandstone,
1PE0002AL,3116.0,3153.0,Shale,
1PE0002AL,3153.0,3157.0,Sandstone,
1PE0002AL,3157.0,3161.0,Shale,
1PE0002AL,3161.0,3165.0,Sandstone,
1PE0002AL,3165.0,3168.0,Shale,
1PE0002AL,3168.0,3169.0,Sandstone,
1PE0002AL,3169.0,3175.0,Shale,
1PE0002AL,3175.0,3177.0,Sandstone,
1PE0002AL,3177.0,3179.0,Shale,
1PE0002AL,3179.0,3181.0,Sandstone,
1PE0002AL,3181.0,3188.0,Shale,
1PE0002AL,3188.0,3189.0,Sandstone,
1PE0002AL,3189.0,3190.0,Shale,
1PE0002AL,3190.0,3195.0,Sandstone,
1PE0002AL,3195.0,3203.0,Shale,
1PE0002AL,3203.0,3206.0,Sandstone,
1PE0002AL,3206.0,3208.0,Shale,
1PE0002AL,3208.0,3210.0,Sandstone,
1PE0002AL,3210.0,3212.0,Shale,
1PE0002AL,3212.0,3217.0,Sandstone,
1PE0002AL,3217.0,3229.0,Shale,
1PE0002AL,3229.0,3233.0,Sandstone,
1PE0002AL,3233.0,3234.0,Shale,
1PE0002AL,3234.0,3236.0,Sandstone,
1PE0002AL,3236.0,3238.0,Shale,
1PE0002AL,3238.0,3249.0,Sandstone,
1PE0002AL,3249.0,3260.0,Shale,
1PE0002AL,3260.0,3262.0,Sandstone,
1PE0002AL,3262.0,3273.0,Shale,
1PE0002AL,3273.0,3275.0,Sandstone,
1PE0002AL,3275.0,3277.0,Shale,
1PE0002AL,3277.0,3284.0,Sandstone,
1PE0002AL,3284.0,3292.0,Shale,
1PE0002AL,3292.0,3297.0,Sandstone,
1PE0002AL,3297.0,3299.0,Shale,
1PE0002AL,3299.0,3308.0,Sandstone,
1PE0002AL,3308.0,3325.0,Shale,
1PE0002AL,3325.0,3332.0,Sandstone,
1PE0002AL,3332.0,3338.0,Shale,
1PE0002AL,3338.0,3340.0,Sandstone,
1PE0002AL,3340.0,3345.0,Shale,
1PE0002AL,3345.0,3347.0,Sandstone,
1PE0002AL,3347.0,3380.0,Shale,
1PE0002AL,3380.0,3389.0,Sandstone,
1PE0002AL,3389.0,3415.0,Shale,
1PE0002AL,3415.0,3419.0,Sandstone,
1PE0002AL,3419.0,3421.0,Shale,
1PE0002AL,3421.0,3426.0,Sandstone,
1PE0002AL,3426.0,3439.0,Shale,
1PE0002AL,3439.0,3444.0,Sandstone,
1PE0002AL,3444.0,3449.0,Shale,
1PE0002AL,3449.0,3452.0,Sandstone,
1PE0002AL,3452.0,3462.0,Shale,
1PE0002AL,3462.0,3477.0,Sandstone,
1PE0002AL,3477.0,3495.0,Shale,
1PE0002AL,3495.0,3497.0,Sandstone,
1PE0002AL,3497.0,3499.0,Shale,
1PE0002AL,3499.0,3510.0,Sandstone,
1PE0002AL,3510.0,3517.0,Shale,
1PE0002AL,3517.0,3522.0,Sandstone,
1PE0002AL,3522.0,3554.0,Shale,
1PE0002AL,3554.0,3559.0,Sandstone,
1PE0002AL,3559.0,3570.0,Shale,
1PP0003AL,0.0,30.0,Sand,
1PP0003AL,30.0,33.0,Clay,
1PP0003AL,33.0,85.0,Sand,
1PP0003AL,85.0,89.0,Clay,
1PP0003AL,89.0,110.0,Carbonate,
1PP0003AL,110.0,112.0,Clay,
1PP0003AL,112.0,149.0,Sand,
1PP0003AL,149.0,155.0,Clay,
1PP0003AL,155.0,159.0,Sand,
1PP0003AL,159.0,164.0,Clay,
1PP0003AL,164.0,166.0,Sand,
1PP0003AL,166.0,168.0,Clay,
1PP0003AL,168.0,174.0,Sand,
1PP0003AL,174.0,181.0,Clay,
1PP0003AL,181.0,195.0,Sand,
1PP0003AL,195.0,198.0,Clay,
1PP0003AL,198.0,201.0,Sand,
1PP0003AL,201.0,207.0,Clay,
1PP0003AL,207.0,213.0,Sand,
1PP0003AL,213.0,219.0,Clay,
1PP0003AL,219.0,225.0,Sand,
1PP0003AL,225.0,227.0,Clay,
1PP0003AL,227.0,232.0,Sandstone,
1PP0003AL,232.0,237.0,Clay,
1PP0003AL,237.0,238.0,Sandstone,
1PP0003AL,238.0,244.0,Clay,
1PP0003AL,244.0,247.0,Sandstone,
1PP0003AL,247.0,250.0,Clay,
1PP0003AL,250.0,259.0,Sandstone,
1PP0003AL,259.0,261.0,Clay,
1PP0003AL,261.0,264.0,Sandstone,
1PP0003AL,264.0,267.0,Clay,
1PP0003AL,267.0,271.0,Sandstone,
1PP0003AL,271.0,274.0,Clay,
1PP0003AL,274.0,280.0,Sandstone,
1PP0003AL,280.0,283.0,Clay,
1PP0003AL,283.0,291.0,Sandstone,
1PP0003AL,291.0,294.0,Clay,
1PP0003AL,294.0,297.0,Sandstone,
1PP0003AL,297.0,300.0,Clay,
1PP0003AL,300.0,328.0,Sandstone,
1PP0003AL,328.0,332.0,Clay,
1PP0003AL,332.0,375.0,Sandstone,
1PP0003AL,375.0,379.0,Shale,
1PP0003AL,379.0,382.0,Carbonate,
1PP0003AL,382.0,393.0,Shale,
1PP0003AL,393.0,397.0,Carbonate,
1PP0003AL,397.0,407.0,Shale,
1PP0003AL,407.0,417.0,Carbonate,
1PP0003AL,417.0,418.0,Shale,
1PP0003AL,418.0,422.0,Carbonate,
1PP0003AL,422.0,424.0,Shale,
1PP0003AL,424.0,426.0,Carbonate,
1PP0003AL,426.0,429.0,Shale,
1PP0003AL,429.0,431.0,Carbonate,
1PP0003AL,431.0,437.0,Shale,
1PP0003AL,437.0,440.0,Sandstone,
1PP0003AL,440.0,443.0,Shale,
1PP0003AL,443.0,446.0,Sandstone,
1PP0003AL,446.0,448.0,Shale,
1PP0003AL,448.0,452.0,Sandstone,
1PP0003AL,452.0,462.0,Shale,
1PP0003AL,462.0,464.0,Carbonate,
1PP0003AL,464.0,479.0,Shale,
1PP0003AL,479.0,482.0,Carbonate,
1PP0003AL,482.0,484.0,Shale,
1PP0003AL,484.0,488.0,Sandstone,
1PP0003AL,488.0,492.0,Carbonate,
1PP0003AL,492.0,494.0,Conglomerate,
1PP0003AL,494.0,496.0,Shale,
1PP0003AL,496.0,499.0,Conglomerate,
1PP0003AL,499.0,503.0,Shale,
1PP0003AL,503.0,507.0,Conglomerate,
1PP0003AL,507.0,509.0,Shale,
1PP0003AL,509.0,511.0,Conglomerate,
1PP0003AL,511.0,513.0,Shale,
1PP0003AL,513.0,520.0,Conglomerate,
1PP0003AL,520.0,527.0,Sandstone,
1PP0003AL,527.0,531.0,Shale,
1PP0003AL,531.0,536.0,Sandstone,
1PP0003AL,536.0,544.0,Shale,
1PP0003AL,544.0,546.0,Sandstone,
1PP0003AL,546.0,549.0,Shale,
1PP0003AL,549.0,553.0,Sandstone,
1PP0003AL,553.0,556.0,Conglomerate,
1PP0003AL,556.0,559.0,Shale,
1PP0003AL,559.0,562.0,Conglomerate,
1PP0003AL,562.0,563.0,Shale,
1PP0003AL,563.0,566.0,Conglomerate,
1PP0003AL,566.0,569.0,Shale,
1PP0003AL,569.0,574.0,Sandstone,
1PP0003AL,574.0,578.0,Conglomerate,
1PP0003AL,578.0,579.0,Shale,
1PP0003AL,579.0,582.0,Conglomerate,
1PP0003AL,582.0,591.0,Sandstone,
1PP0003AL,591.0,639.0,Conglomerate,
1PP0003AL,639.0,643.0,Sandstone,
1PP0003AL,643.0,647.0,Shale,
1PP0003AL,647.0,649.0,Sandstone,
1PP0003AL,649.0,654.0,Shale,
1PP0003AL,654.0,658.0,Conglomerate,
1PP0003AL,658.0,668.0,Sandstone,
1PP0003AL,668.0,688.0,Conglomerate,
1PP0003AL,688.0,703.0,Sandstone,
1PP0003AL,703.0,707.0,Carbonate,
1PP0003AL,707.0,709.0,Shale,
1PP0003AL,709.0,712.0,Carbonate,
1PP0003AL,712.0,715.0,Shale,
1PP0003AL,715.0,720.0,Sandstone,
1PP0003AL,720.0,722.0,Shale,
1PP0003AL,722.0,733.0,Sandstone,
1PP0003AL,733.0,735.0,Shale,
1PP0003AL,735.0,753.0,Sandstone,
1PP0003AL,753.0,755.0,Shale,
1PP0003AL,755.0,767.0,Sandstone,
1PP0003AL,767.0,770.0,Shale,
1PP0003AL,770.0,782.0,Sandstone,
1PP0003AL,782.0,786.0,Shale,
1PP0003AL,786.0,792.0,Carbonate,
1PP0003AL,792.0,810.0,Sandstone,
1PP0003AL,810.0,816.0,Shale,
1PP0003AL,816.0,818.0,Sandstone,
1PP0003AL,818.0,824.0,Shale,
1PP0003AL,824.0,834.0,Sandstone,
1PP0003AL,834.0,837.0,Carbonate,
1PP0003AL,837.0,840.0,Shale,
1PP0003AL,840.0,848.0,Sandstone,
1PP0003AL,848.0,851.0,Shale,
1PP0003AL,851.0,853.0,Carbonate,
1PP0003AL,853.0,856.0,Sandstone,
1PP0003AL,856.0,858.0,Carbonate,
1PP0003AL,858.0,859.0,Shale,
1PP0003AL,859.0,862.0,Sandstone,
1PP0003AL,862.0,870.0,Shale,
1PP0003AL,870.0,873.0,Sandstone,
1PP0003AL,873.0,881.0,Shale,
1PP0003AL,881.0,883.0,Sandstone,
1PP0003AL,883.0,885.0,Shale,
1PP0003AL,885.0,890.0,Sandstone,
1PP0003AL,890.0,897.0,Shale,
1PP0003AL,897.0,899.0,Carbonate,
1PP0003AL,899.0,903.0,Shale,
1PP0003AL,903.0,907.0,Carbonate,
1PP0003AL,907.0,922.0,Shale,
1PP0003AL,922.0,924.0,Sandstone,
1PP0003AL,924.0,927.0,Carbonate,
1PP0003AL,927.0,947.0,Shale,
1PP0003AL,947.0,950.0,Carbonate,
1PP0003AL,950.0,952.0,Shale,
1PP0003AL,952.0,954.0,Carbonate,
1PP0003AL,954.0,960.0,Shale,
1PP0003AL,960.0,972.0,Carbonate,
1PP0003AL,972.0,982.0,Shale,
1PP0003AL,982.0,984.0,Carbonate,
1PP0003AL,984.0,988.0,Sandstone,
1PP0003AL,988.0,992.0,Shale,
1PP0003AL,992.0,998.0,Sandstone,
1PP0003AL,998.0,1001.0,Shale,
1PP0003AL,1001.0,1003.0,Carbonate,
1PP0003AL,1003.0,1007.0,Sandstone,
1PP0003AL,1007.0,1017.0,Shale,
1PP0003AL,1017.0,1021.0,Carbonate,
1PP0003AL,1021.0,1034.0,Shale,
1PP0003AL,1034.0,1038.0,Sandstone,
1PP0003AL,1038.0,1043.0,Shale,
1PP0003AL,1043.0,1046.0,Sandstone,
1PP0003AL,1046.0,1062.0,Shale,
1PP0003AL,1062.0,1064.0,Sandstone,
1PP0003AL,1064.0,1080.0,Shale,
1PP0003AL,1080.0,1083.0,Sandstone,
1PP0003AL,1083.0,1085.0,Shale,
1PP0003AL,1085.0,1092.0,Sandstone,
1PP0003AL,1092.0,1097.0,Shale,
1PP0003AL,1097.0,1106.0,Sandstone,
1PP0003AL,1106.0,1108.0,Shale,
1PP0003AL,1108.0,1110.0,Sandstone,
1PP0003AL,1110.0,1113.0,Shale,
1PP0003AL,1113.0,1127.0,Sandstone,
1PP0003AL,1127.0,1134.0,Shale,
1PP0003AL,1134.0,1138.0,Sandstone,
1PP0003AL,1138.0,1140.0,Shale,
1PP0003AL,1140.0,1148.0,Sandstone,
1PP0003AL,1148.0,1154.0,Shale,
1PP0003AL,1154.0,1156.0,Sandstone,
1PP0003AL,1156.0,1158.0,Shale,
1PP0003AL,1158.0,1159.0,Sandstone,
1PP0003AL,1159.0,1165.0,Shale,
1PP0003AL,1165.0,1169.0,Sandstone,
1PP0003AL,1169.0,1170.0,Shale,
1PP0003AL,1170.0,1174.0,Sandstone,
1PP0003AL,1174.0,1176.0,Shale,
1PP0003AL,1176.0,1178.0,Sandstone,
1PP0003AL,1178.0,1195.0,Shale,
1PP0003AL,1195.0,1198.0,Sandstone,
1PP0003AL,1198.0,1199.0,Shale,
1PP0003AL,1199.0,1204.0,Sandstone,
1PP0003AL,1204.0,1207.0,Shale,
1PP0003AL,1207.0,1213.0,Sandstone,
1PP0003AL,1213.0,1217.0,Shale,
1PP0003AL,1217.0,1222.0,Sandstone,
1PP0003AL,1222.0,1226.0,Carbonate,
1PP0003AL,1226.0,1231.0,Shale,
1PP0003AL,1231.0,1234.0,Sandstone,
1PP0003AL,1234.0,1245.0,Shale,
1PP0003AL,1245.0,1247.0,Sandstone,
1PP0003AL,1247.0,1251.0,Shale,
1PP0003AL,1251.0,1253.0,Carbonate,
1PP0003AL,1253.0,1257.0,Shale,
1PP0003AL,1257.0,1260.0,Sandstone,
1PP0003AL,1260.0,1262.0,Shale,
1PP0003AL,1262.0,1264.0,Carbonate,
1PP0003AL,1264.0,1267.0,Shale,
1PP0003AL,1267.0,1272.0,Carbonate,
1PP0003AL,1272.0,1281.0,Sandstone,
1PP0003AL,1281.0,1286.0,Shale,
1PP0003AL,1286.0,1288.0,Sandstone,
1PP0003AL,1288.0,1298.0,Shale,
1PP0003AL,1298.0,1300.0,Siltstone,
1PP0003AL,1300.0,1302.0,Shale,
1PP0003AL,1302.0,1307.0,Siltstone,
1PP0003AL,1307.0,1309.0,Sandstone,
1PP0003AL,1309.0,1311.0,Shale,
1PP0003AL,1311.0,1312.0,Sandstone,
1PP0003AL,1312.0,1313.0,Shale,
1PP0003AL,1313.0,1317.0,Sandstone,
1PP0003AL,1317.0,1319.0,Shale,
1PP0003AL,1319.0,1320.0,Sandstone,
1PP0003AL,1320.0,1322.0,Shale,
1PP0003AL,1322.0,1326.0,Sandstone,
1PP0003AL,1326.0,1337.0,Shale,
1PP0003AL,1337.0,1348.0,Sandstone,
1PP0003AL,1348.0,1349.0,Shale,
1PP0003AL,1349.0,1351.0,Sandstone,
1PP0003AL,1351.0,1354.0,Shale,
1PP0003AL,1354.0,1356.0,Sandstone,
1PP0003AL,1356.0,1360.0,Shale,
1PP0003AL,1360.0,1364.0,Sandstone,
1PP0003AL,1364.0,1368.0,Shale,
1PP0003AL,1368.0,1372.0,Sandstone,
1PP0003AL,1372.0,1374.0,Shale,
1PP0003AL,1374.0,1376.0,Sandstone,
1PP0003AL,1376.0,1377.0,Shale,
1PP0003AL,1377.0,1385.0,Sandstone,
1PP0003AL,1385.0,1388.0,Shale,
1PP0003AL,1388.0,1399.0,Sandstone,
1PP0003AL,1399.0,1402.0,Shale,
1PP0003AL,1402.0,1406.0,Sandstone,
1PP0003AL,1406.0,1409.0,Shale,
1PP0003AL,1409.0,1412.0,Sandstone,
1PP0003AL,1412.0,1415.0,Shale,
1PP0003AL,1415.0,1422.0,Sandstone,
1PP0003AL,1422.0,1440.0,Shale,
1PP0003AL,1440.0,1461.0,Sandstone,
1PP0003AL,1461.0,1464.0,Shale,
1PP0003AL,1464.0,1475.0,Sandstone,
1PP0003AL,1475.0,1477.0,Shale,
1PP0003AL,1477.0,1480.0,Sandstone,
1PP0003AL,1480.0,1484.0,Shale,
1PP0003AL,1484.0,1489.0,Siltstone,
1PP0003AL,1489.0,1494.0,Shale,
1PP0003AL,1494.0,1498.0,Sandstone,
1PP0003AL,1498.0,1501.0,Shale,
1PP0003AL,1501.0,1506.0,Sandstone,
1PP0003AL,1506.0,1509.0,Shale,
1PP0003AL,1509.0,1522.0,Sandstone,
1PP0003AL,1522.0,1529.0,Shale,
1PP0003AL,1529.0,1536.0,Sandstone,
1PP0003AL,1536.0,1539.0,Shale,
1PP0003AL,1539.0,1543.0,Sandstone,
1PP0003AL,1543.0,1548.0,Shale,
1PP0003AL,1548.0,1552.0,Sandstone,
1PP0003AL,1552.0,1558.0,Shale,
1PP0003AL,1558.0,1564.0,Sandstone,
1PP0003AL,1564.0,1565.0,Shale,
1PP0003AL,1565.0,1566.0,Carbonate,
1PP0003AL,1566.0,1568.0,Shale,
1PP0003AL,1568.0,1570.0,Carbonate,
1PP0003AL,1570.0,1571.0,Shale,
1PP0003AL,1571.0,1573.0,Carbonate,
1PP0003AL,1573.0,1574.0,Shale,
1PP0003AL,1574.0,1585.0,Sandstone,
1PP0003AL,1585.0,1590.0,Shale,
1PP0003AL,1590.0,1596.0,Sandstone,
1PP0003AL,1596.0,1616.0,Shale,
1PP0003AL,1616.0,1623.0,Sandstone,
1PP0003AL,1623.0,1627.0,Shale,
1PP0003AL,1627.0,1630.0,Sandstone,
1PP0003AL,1630.0,1632.0,Shale,
1PP0003AL,1632.0,1640.0,Sandstone,
1PP0003AL,1640.0,1649.0,Shale,
1PP0003AL,1649.0,1652.0,Sandstone,
1PP0003AL,1652.0,1654.0,Shale,
1PP0003AL,1654.0,1656.0,Sandstone,
1PP0003AL,1656.0,1658.0,Shale,
1PP0003AL,1658.0,1666.0,Sandstone,
1PP0003AL,1666.0,1669.0,Shale,
1PP0003AL,1669.0,1676.0,Sandstone,
1PP0003AL,1676.0,1684.0,Shale,
1PP0003AL,1684.0,1690.0,Sandstone,
1PP0003AL,1690.0,1700.0,Shale,
1PP0003AL,1700.0,1707.0,Carbonate,
1PP0003AL,1707.0,1711.0,Shale,
1PP0003AL,1711.0,1714.0,Siltstone,
1PP0003AL,1714.0,1735.0,Shale,
1PP0003AL,1735.0,1737.0,Sandstone,
1PP0003AL,1737.0,1739.0,Shale,
1PP0003AL,1739.0,1742.0,Sandstone,
1PP0003AL,1742.0,1745.0,Shale,
1PP0003AL,1745.0,1747.0,Sandstone,
1PP0003AL,1747.0,1748.0,Shale,
1PP0003AL,1748.0,1754.0,Sandstone,
1PP0003AL,1754.0,1757.0,Shale,
1PP0003AL,1757.0,1760.0,Siltstone,
1PP0003AL,1760.0,1762.0,Sandstone,
1PP0003AL,1762.0,1771.0,Shale,
1PP0003AL,1771.0,1773.0,Carbonate,
1PP0003AL,1773.0,1778.0,Shale,
1PP0003AL,1778.0,1781.0,Carbonate,
1PP0003AL,1781.0,1786.0,Sandstone,
1PP0003AL,1786.0,1790.0,Shale,
1PP0003AL,1790.0,1794.0,Sandstone,
1PP0003AL,1794.0,1798.0,Shale,
1PP0003AL,1798.0,1802.0,Sandstone,
1PP0003AL,1802.0,1803.0,Shale,
1PP0003AL,1803.0,1804.0,Sandstone,
1PP0003AL,1804.0,1806.0,Shale,
1PP0003AL,1806.0,1810.0,Sandstone,
1PP0003AL,1810.0,1811.0,Shale,
1PP0003AL,1811.0,1813.0,Sandstone,
1PP0003AL,1813.0,1825.0,Shale,
1PP0003AL,1825.0,1831.0,Sandstone,
1PP0003AL,1831.0,1834.0,Shale,
1PP0003AL,1834.0,1837.0,Sandstone,
1PP0003AL,1837.0,1843.0,Shale,
1PP0003AL,1843.0,1848.0,Sandstone,
1PP0003AL,1848.0,1852.0,Shale,
1PP0003AL,1852.0,1856.0,Sandstone,
1PP0003AL,1856.0,1859.0,Shale,
1PP0003AL,1859.0,1869.0,Sandstone,
1PP0003AL,1869.0,1872.0,Carbonate,
1PP0003AL,1872.0,1881.0,Sandstone,
1PP0003AL,1881.0,1884.0,Shale,
1PP0003AL,1884.0,1890.0,Sandstone,
1PP0003AL,1890.0,1899.0,Shale,
1PP0003AL,1899.0,1901.0,Sandstone,
1PP0003AL,1901.0,1904.0,Shale,
1PP0003AL,1904.0,1905.0,Sandstone,
1PP0003AL,1905.0,1906.0,Shale,
1PP0003AL,1906.0,1909.0,Sandstone,
1PP0003AL,1909.0,1912.0,Shale,
1PP0003AL,1912.0,1915.0,Carbonate,
1PP0003AL,1915.0,1918.0,Shale,
1PP0003AL,1918.0,1920.0,Sandstone,
1PP0003AL,1920.0,1921.0,Shale,
1PP0003AL,1921.0,1924.0,Sandstone,
1PP0003AL,1924.0,1928.0,Shale,
1PP0003AL,1928.0,1929.0,Sandstone,
1PP0003AL,1929.0,1931.0,Shale,
1PP0003AL,1931.0,1934.0,Sandstone,
1PP0003AL,1934.0,1940.0,Shale,
1PP0003AL,1940.0,1942.0,Carbonate,
1PP0003AL,1942.0,1945.0,Shale,
1PP0003AL,1945.0,1952.0,Sandstone,
1PP0003AL,1952.0,1957.0,Siltstone,
1PP0003AL,1957.0,1960.0,Carbonate,
1PP0003AL,1960.0,1966.0,Shale,
1PP0003AL,1966.0,1969.0,Sandstone,
1PP0003AL,1969.0,1971.0,Shale,
1PP0003AL,1971.0,1973.0,Sandstone,
1PP0003AL,1973.0,1976.0,Shale,
1PP0003AL,1976.0,1979.0,Sandstone,
1PP0003AL,1979.0,1990.0,Shale,
1PP0003AL,1990.0,1994.0,Sandstone,
1PP0003AL,1994.0,2011.0,Shale,
1PP0003AL,2011.0,2013.0,Sandstone,
1PP0003AL,2013.0,2014.0,Shale,
1PP0003AL,2014.0,2016.0,Sandstone,
1PP0003AL,2016.0,2020.0,Shale,
1PP0003AL,2020.0,2022.0,Sandstone,
1PP0003AL,2022.0,2024.0,Shale,
1PP0003AL,2024.0,2028.0,Sandstone,
1PP0003AL,2028.0,2031.0,Shale,
1PP0003AL,2031.0,2032.0,Sandstone,
1PP0003AL,2032.0,2038.0,Shale,
1PP0003AL,2038.0,2042.0,Sandstone,
1PP0003AL,2042.0,2044.0,Shale,
1PP0003AL,2044.0,2046.0,Sandstone,
1PP0003AL,2046.0,2049.0,Shale,
1PP0003AL,2049.0,2057.0,Sandstone,
1PP0003AL,2057.0,2060.0,Shale,
1PP0003AL,2060.0,2064.0,Carbonate,
1PP0003AL,2064.0,2069.0,Shale,
1PP0003AL,2069.0,2072.0,Carbonate,
1PP0003AL,2072.0,2076.0,Sandstone,
1PP0003AL,2076.0,2078.0,Shale,
1PP0003AL,2078.0,2082.0,Sandstone,
1PP0003AL,2082.0,2086.0,Shale,
1PP0003AL,2086.0,2095.0,Sandstone,
1PP0003AL,2095.0,2098.0,Shale,
1PP0003AL,2098.0,2100.0,Sandstone,
1PP0003AL,2100.0,2107.0,Shale,
1PP0003AL,2107.0,2109.0,Sandstone,
1PP0003AL,2109.0,2111.0,Shale,
1PP0003AL,2111.0,2113.0,Carbonate,
1PP0003AL,2113.0,2117.0,Sandstone,
1PP0003AL,2117.0,2118.0,Shale,
1PP0003AL,2118.0,2121.0,Sandstone,
1PP0003AL,2121.0,2127.0,Shale,
1PP0003AL,2127.0,2132.0,Siltstone,
1PP0003AL,2132.0,2141.0,Sandstone,
1PP0003AL,2141.0,2144.0,Shale,
1PP0003AL,2144.0,2150.0,Siltstone,
1PP0003AL,2150.0,2154.0,Shale,
1PP0003AL,2154.0,2157.0,Sandstone,
1PP0003AL,2157.0,2162.0,Shale,
1PP0003AL,2162.0,2165.0,Sandstone,
1PP0003AL,2165.0,2169.0,Carbonate,
1PP0003AL,2169.0,2170.0,Shale,
1PP0003AL,2170.0,2171.0,Carbonate,
1PP0003AL,2171.0,2174.0,Shale,
1PP0003AL,2174.0,2175.0,Carbonate,
1PP0003AL,2175.0,2177.0,Siltstone,
1PP0003AL,2177.0,2179.0,Carbonate,
1PP0003AL,2179.0,2181.0,Shale,
1PP0003AL,2181.0,2189.0,Sandstone,
1PP0003AL,2189.0,2190.0,Shale,
1PP0003AL,2190.0,2194.0,Sandstone,
1PP0003AL,2194.0,2196.0,Shale,
1PP0003AL,2196.0,2198.0,Sandstone,
1PP0003AL,2198.0,2226.0,Shale,
1RD0002AL,51.0,79.0,Sand,
1RD0002AL,79.0,93.0,Clay,
1RD0002AL,93.0,107.0,Carbonate,
1RD0002AL,107.0,109.0,Carbonate,
1RD0002AL,109.0,111.0,Carbonate,
1RD0002AL,111.0,113.0,Carbonate,
1RD0002AL,113.0,118.0,Carbonate,
1RD0002AL,118.0,120.0,Carbonate,
1RD0002AL,120.0,123.0,Carbonate,
1RD0002AL,123.0,124.0,Carbonate,
1RD0002AL,124.0,125.0,Carbonate,
1RD0002AL,125.0,126.0,Carbonate,
1RD0002AL,126.0,128.0,Carbonate,
1RD0002AL,128.0,130.0,Carbonate,
1RD0002AL,130.0,131.0,Carbonate,
1RD0002AL,131.0,132.0,Carbonate,
1RD0002AL,132.0,134.0,Carbonate,
1RD0002AL,134.0,136.0,Carbonate,
1RD0002AL,136.0,142.0,Carbonate,
1RD0002AL,142.0,156.0,Carbonate,
1RD0002AL,156.0,160.0,Carbonate,
1RD0002AL,160.0,165.0,Carbonate,
1RD0002AL,165.0,167.0,Shale,
1RD0002AL,167.0,168.0,Carbonate,
1RD0002AL,168.0,170.0,Shale,
1RD0002AL,170.0,177.0,Carbonate,
1RD0002AL,177.0,179.0,Carbonate,
1RD0002AL,179.0,187.0,Carbonate,
1RD0002AL,187.0,188.0,Shale,
1RD0002AL,188.0,195.0,Sandstone,
1RD0002AL,195.0,198.0,Shale,
1RD0002AL,198.0,204.0,Sandstone,
1RD0002AL,204.0,207.0,Shale,
1RD0002AL,207.0,208.0,Siltstone,
1RD0002AL,208.0,211.0,Shale,
1RD0002AL,211.0,232.0,Sandstone,
1RD0002AL,232.0,234.0,Shale,
1RD0002AL,234.0,235.0,Sandstone,
1RD0002AL,235.0,237.0,Shale,
1RD0002AL,237.0,247.0,Sandstone,
1RD0002AL,247.0,249.0,Shale,
1RD0002AL,249.0,254.0,Sandstone,
1RD0002AL,254.0,256.0,Conglomerate,
1RD0002AL,256.0,259.0,Shale,
1RD0002AL,259.0,262.0,Conglomerate,
1RD0002AL,262.0,263.0,Shale,
1RD0002AL,263.0,266.0,Conglomerate,
1RD0002AL,266.0,270.0,Sandstone,
1RD0002AL,270.0,279.0,Conglomerate,
1RD0002AL,279.0,284.0,Shale,
1RD0002AL,284.0,289.0,Conglomerate,
1RD0002AL,289.0,291.0,Shale,
1RD0002AL,291.0,296.0,Conglomerate,
1RD0002AL,296.0,298.0,Sandstone,
1RD0002AL,298.0,299.0,Shale,
1RD0002AL,299.0,300.0,Sandstone,
1RD0002AL,300.0,301.0,Shale,
1RD0002AL,301.0,305.0,Conglomerate,
1RD0002AL,305.0,307.0,Shale,
1RD0002AL,307.0,314.0,Conglomerate,
1RD0002AL,314.0,318.0,Sandstone,
1RD0002AL,318.0,320.0,Shale,
1RD0002AL,320.0,323.0,Conglomerate,
1RD0002AL,323.0,325.0,Shale,
1RD0002AL,325.0,327.0,Conglomerate,
1RD0002AL,327.0,328.0,Shale,
1RD0002AL,328.0,329.0,Conglomerate,
1RD0002AL,329.0,331.0,Shale,
1RD0002AL,331.0,344.0,Conglomerate,
1RD0002AL,344.0,345.0,Shale,
1RD0002AL,345.0,350.0,Conglomerate,
1RD0002AL,350.0,353.0,Sandstone,
1RD0002AL,353.0,368.0,Conglomerate,
1RD0002AL,368.0,371.0,Shale,
1RD0002AL,371.0,372.0,Conglomerate,
1RD0002AL,372.0,374.0,Shale,
1RD0002AL,374.0,375.0,Conglomerate,
1RD0002AL,375.0,377.0,Shale,
1RD0002AL,377.0,378.0,Conglomerate,
1RD0002AL,378.0,379.0,Shale,
1RD0002AL,379.0,380.0,Sandstone,
1RD0002AL,380.0,385.0,Conglomerate,
1RD0002AL,385.0,387.0,Shale,
1RD0002AL,387.0,394.0,Conglomerate,
1RD0002AL,394.0,397.0,Shale,
1RD0002AL,397.0,398.0,Conglomerate,
1RD0002AL,398.0,399.0,Shale,
1RD0002AL,399.0,405.0,Conglomerate,
1RD0002AL,405.0,407.0,Shale,
1RD0002AL,407.0,409.0,Conglomerate,
1RD0002AL,409.0,410.0,Shale,
1RD0002AL,410.0,412.0,Conglomerate,
1RD0002AL,412.0,413.0,Shale,
1RD0002AL,413.0,429.0,Conglomerate,
1RD0002AL,429.0,432.0,Shale,
1RD0002AL,432.0,449.0,Conglomerate,
1RD0002AL,449.0,450.0,Shale,
1RD0002AL,450.0,473.0,Conglomerate,
1RD0002AL,473.0,480.0,Sandstone,
1RD0002AL,480.0,485.0,Conglomerate,
1RD0002AL,485.0,486.0,Shale,
1RD0002AL,486.0,495.0,Conglomerate,
1RD0002AL,495.0,501.0,Carbonate,
1RD0002AL,501.0,505.0,Conglomerate,
1RD0002AL,505.0,506.0,Shale,
1RD0002AL,506.0,514.0,Conglomerate,
1RD0002AL,514.0,515.0,Shale,
1RD0002AL,515.0,527.0,Conglomerate,
1RD0002AL,527.0,529.0,Shale,
1RD0002AL,529.0,541.0,Conglomerate,
1RD0002AL,541.0,543.0,Carbonate,
1RD0002AL,543.0,553.0,Conglomerate,
1RD0002AL,553.0,558.0,Carbonate,
1RD0002AL,558.0,560.0,Shale,
1RD0002AL,560.0,563.0,Carbonate,
1RD0002AL,563.0,565.0,Shale,
1RD0002AL,565.0,570.0,Conglomerate,
1RD0002AL,570.0,572.0,Carbonate,
1RD0002AL,572.0,575.0,Conglomerate,
1RD0002AL,575.0,579.0,Shale,
1RD0002AL,579.0,580.0,Carbonate,
1RD0002AL,580.0,583.0,Conglomerate,
1RD0002AL,583.0,585.0,Shale,
1RD0002AL,585.0,589.0,Conglomerate,
1RD0002AL,589.0,593.0,Shale,
1RD0002AL,593.0,594.0,Conglomerate,
1RD0002AL,594.0,595.0,Carbonate,
1RD0002AL,595.0,601.0,Conglomerate,
1RD0002AL,601.0,604.0,Shale,
1RD0002AL,604.0,614.0,Conglomerate,
1RD0002AL,614.0,617.0,Shale,
1RD0002AL,617.0,620.0,Sandstone,
1RD0002AL,620.0,623.0,Shale,
1RD0002AL,623.0,625.0,Conglomerate,
1RD0002AL,625.0,627.0,Sandstone,
1RD0002AL,627.0,631.0,Conglomerate,
1RD0002AL,631.0,634.0,Shale,
1RD0002AL,634.0,636.0,Conglomerate,
1RD0002AL,636.0,638.0,Shale,
1RD0002AL,638.0,640.0,Conglomerate,
1RD0002AL,640.0,641.0,Shale,
1RD0002AL,641.0,648.0,Conglomerate,
1RD0002AL,648.0,653.0,Shale,
1RD0002AL,653.0,655.0,Conglomerate,
1RD0002AL,655.0,656.0,Shale,
1RD0002AL,656.0,658.0,Conglomerate,
1RD0002AL,658.0,659.0,Sandstone,
1RD0002AL,659.0,662.0,Conglomerate,
1RD0002AL,662.0,665.0,Shale,
1RD0002AL,665.0,670.0,Sandstone,
1RD0002AL,670.0,676.0,Shale,
1RD0002AL,676.0,678.0,Sandstone,
1RD0002AL,678.0,684.0,Conglomerate,
1RD0002AL,684.0,685.0,Shale,
1RD0002AL,685.0,686.0,Carbonate,
1RD0002AL,686.0,688.0,Shale,
1RD0002AL,688.0,689.0,Carbonate,
1RD0002AL,689.0,691.0,Shale,
1RD0002AL,691.0,696.0,Sandstone,
1RD0002AL,696.0,700.0,Shale,
1RD0002AL,700.0,702.0,Carbonate,
1RD0002AL,702.0,703.0,Shale,
1RD0002AL,703.0,708.0,Conglomerate,
1RD0002AL,708.0,709.0,Shale,
1RD0002AL,709.0,711.0,Conglomerate,
1RD0002AL,711.0,714.0,Shale,
1RD0002AL,714.0,716.0,Sandstone,
1RD0002AL,716.0,718.0,Shale,
1RD0002AL,718.0,720.0,Sandstone,
1RD0002AL,720.0,721.0,Shale,
1RD0002AL,721.0,723.0,Sandstone,
1RD0002AL,723.0,724.0,Shale,
1RD0002AL,724.0,730.0,Sandstone,
1RD0002AL,730.0,735.0,Shale,
1RD0002AL,735.0,738.0,Sandstone,
1RD0002AL,738.0,741.0,Shale,
1RD0002AL,741.0,742.0,Sandstone,
1RD0002AL,742.0,745.0,Shale,
1RD0002AL,745.0,749.0,Sandstone,
1RD0002AL,749.0,750.0,Shale,
1RD0002AL,750.0,752.0,Sandstone,
1RD0002AL,752.0,753.0,Shale,
1RD0002AL,753.0,754.0,Sandstone,
1RD0002AL,754.0,755.0,Shale,
1RD0002AL,755.0,757.0,Sandstone,
1RD0002AL,757.0,761.0,Shale,
1RD0002AL,761.0,763.0,Carbonate,
1RD0002AL,763.0,764.0,Shale,
1RD0002AL,764.0,766.0,Sandstone,
1RD0002AL,766.0,769.0,Shale,
1RD0002AL,769.0,773.0,Sandstone,
1RD0002AL,773.0,775.0,Shale,
1RD0002AL,775.0,779.0,Sandstone,
1RD0002AL,779.0,780.0,Shale,
1RD0002AL,780.0,787.0,Sandstone,
1RD0002AL,787.0,788.0,Shale,
1RD0002AL,788.0,790.0,Sandstone,
1RD0002AL,790.0,791.0,Shale,
1RD0002AL,791.0,798.0,Sandstone,
1RD0002AL,798.0,800.0,Shale,
1RD0002AL,800.0,801.0,Carbonate,
1RD0002AL,801.0,802.0,Shale,
1RD0002AL,802.0,809.0,Carbonate,
1RD0002AL,809.0,812.0,Sandstone,
1RD0002AL,812.0,814.0,Shale,
1RD0002AL,814.0,818.0,Carbonate,
1RD0002AL,818.0,819.0,Shale,
1RD0002AL,819.0,821.0,Sandstone,
1RD0002AL,821.0,823.0,Shale,
1RD0002AL,823.0,830.0,Sandstone,
1RD0002AL,830.0,832.0,Shale,
1RD0002AL,832.0,836.0,Sandstone,
1RD0002AL,836.0,838.0,Shale,
1RD0002AL,838.0,849.0,Sandstone,
1RD0002AL,849.0,855.0,Carbonate,
1RD0002AL,855.0,857.0,Shale,
1RD0002AL,857.0,858.0,Sandstone,
1RD0002AL,858.0,859.0,Shale,
1RD0002AL,859.0,860.0,Sandstone,
1RD0002AL,860.0,861.0,Shale,
1RD0002AL,861.0,863.0,Sandstone,
1RD0002AL,863.0,864.0,Shale,
1RD0002AL,864.0,866.0,Sandstone,
1RD0002AL,866.0,867.0,Shale,
1RD0002AL,867.0,869.0,Sandstone,
1RD0002AL,869.0,871.0,Shale,
1RD0002AL,871.0,882.0,Sandstone,
1RD0002AL,882.0,884.0,Shale,
1RD0002AL,884.0,885.0,Sandstone,
1RD0002AL,885.0,886.0,Shale,
1RD0002AL,886.0,887.0,Sandstone,
1RD0002AL,887.0,889.0,Shale,
1RD0002AL,889.0,891.0,Sandstone,
1RD0002AL,891.0,892.0,Shale,
1RD0002AL,892.0,893.0,Sandstone,
1RD0002AL,893.0,894.0,Shale,
1RD0002AL,894.0,896.0,Sandstone,
1RD0002AL,896.0,897.0,Shale,
1RD0002AL,897.0,904.0,Sandstone,
1RD0002AL,904.0,905.0,Shale,
1RD0002AL,905.0,907.0,Sandstone,
1RD0002AL,907.0,908.0,Shale,
1RD0002AL,908.0,909.0,Sandstone,
1RD0002AL,909.0,911.0,Carbonate,
1RD0002AL,911.0,914.0,Shale,
1RD0002AL,914.0,916.0,Carbonate,
1RD0002AL,916.0,917.0,Shale,
1RD0002AL,917.0,918.0,Sandstone,
1RD0002AL,918.0,921.0,Shale,
1RD0002AL,921.0,924.0,Sandstone,
1RD0002AL,924.0,926.0,Shale,
1RD0002AL,926.0,929.0,Sandstone,
1RD0002AL,929.0,930.0,Shale,
1RD0002AL,930.0,931.0,Sandstone,
1RD0002AL,931.0,932.0,Shale,
1RD0002AL,932.0,936.0,Carbonate,
1RD0002AL,936.0,939.0,Shale,
1RD0002AL,939.0,941.0,Sandstone,
1RD0002AL,941.0,942.0,Shale,
1RD0002AL,942.0,949.0,Sandstone,
1RD0002AL,949.0,950.0,Carbonate,
1RD0002AL,950.0,951.0,Sandstone,
1RD0002AL,951.0,954.0,Shale,
1RD0002AL,954.0,957.0,Carbonate,
1RD0002AL,957.0,958.0,Shale,
1RD0002AL,958.0,962.0,Carbonate,
1RD0002AL,962.0,964.0,Shale,
1RD0002AL,964.0,967.0,Carbonate,
1RD0002AL,967.0,972.0,Shale,
1RD0002AL,972.0,973.0,Carbonate,
1RD0002AL,973.0,975.0,Shale,
1RD0002AL,975.0,982.0,Carbonate,
1RD0002AL,982.0,985.0,Sandstone,
1RD0002AL,985.0,986.0,Shale,
1RD0002AL,986.0,987.0,Sandstone,
1RD0002AL,987.0,989.0,Shale,
1RD0002AL,989.0,990.0,Sandstone,
1RD0002AL,990.0,992.0,Shale,
1RD0002AL,992.0,994.0,Carbonate,
1RD0002AL,994.0,995.0,Sandstone,
1RD0002AL,995.0,998.0,Shale,
1RD0002AL,998.0,1004.0,Sandstone,
1RD0002AL,1004.0,1009.0,Shale,
1RD0002AL,1009.0,1010.0,Sandstone,
1RD0002AL,1010.0,1012.0,Shale,
1RD0002AL,1012.0,1015.0,Sandstone,
1RD0002AL,1015.0,1017.0,Shale,
1RD0002AL,1017.0,1018.0,Carbonate,
1RD0002AL,1018.0,1019.0,Shale,
1RD0002AL,1019.0,1020.0,Sandstone,
1RD0002AL,1020.0,1022.0,Shale,
1RD0002AL,1022.0,1023.0,Sandstone,
1RD0002AL,1023.0,1025.0,Shale,
1RD0002AL,1025.0,1027.0,Carbonate,
1RD0002AL,1027.0,1033.0,Shale,
1RD0002AL,1033.0,1034.0,Sandstone,
1RD0002AL,1034.0,1035.0,Shale,
1RD0002AL,1035.0,1037.0,Sandstone,
1RD0002AL,1037.0,1040.0,Shale,
1RD0002AL,1040.0,1049.0,Sandstone,
1RD0002AL,1049.0,1052.0,Shale,
1RD0002AL,1052.0,1054.0,Sandstone,
1RD0002AL,1054.0,1056.0,Shale,
1RD0002AL,1056.0,1058.0,Sandstone,
1RD0002AL,1058.0,1062.0,Shale,
1RD0002AL,1062.0,1063.0,Sandstone,
1RD0002AL,1063.0,1065.0,Shale,
1RD0002AL,1065.0,1067.0,Sandstone,
1RD0002AL,1067.0,1069.0,Shale,
1RD0002AL,1069.0,1071.0,Carbonate,
1RD0002AL,1071.0,1072.0,Shale,
1RD0002AL,1072.0,1074.0,Carbonate,
1RD0002AL,1074.0,1079.0,Sandstone,
1RD0002AL,1079.0,1083.0,Carbonate,
1RD0002AL,1083.0,1085.0,Sandstone,
1RD0002AL,1085.0,1089.0,Carbonate,
1RD0002AL,1089.0,1092.0,Shale,
1RD0002AL,1092.0,1093.0,Carbonate,
1RD0002AL,1093.0,1094.0,Shale,
1RD0002AL,1094.0,1095.0,Sandstone,
1RD0002AL,1095.0,1098.0,Shale,
1RD0002AL,1098.0,1099.0,Sandstone,
1RD0002AL,1099.0,1100.0,Shale,
1RD0002AL,1100.0,1101.0,Sandstone,
1RD0002AL,1101.0,1103.0,Shale,
1RD0002AL,1103.0,1104.0,Sandstone,
1RD0002AL,1104.0,1107.0,Shale,
1RD0002AL,1107.0,1110.0,Sandstone,
1RD0002AL,1110.0,1111.0,Shale,
1RD0002AL,1111.0,1112.0,Sandstone,
1RD0002AL,1112.0,1113.0,Shale,
1RD0002AL,1113.0,1115.0,Sandstone,
1RD0002AL,1115.0,1117.0,Shale,
1RD0002AL,1117.0,1121.0,Sandstone,
1RD0002AL,1121.0,1123.0,Shale,
1RD0002AL,1123.0,1128.0,Sandstone,
1RD0002AL,1128.0,1129.0,Shale,
1RD0002AL,1129.0,1134.0,Sandstone,
1RD0002AL,1134.0,1136.0,Shale,
1RD0002AL,1136.0,1137.0,Sandstone,
1RD0002AL,1137.0,1139.0,Shale,
1RD0002AL,1139.0,1141.0,Sandstone,
1RD0002AL,1141.0,1150.0,Shale,
1RD0002AL,1150.0,1151.0,Sandstone,
1RD0002AL,1151.0,1152.0,Shale,
1RD0002AL,1152.0,1155.0,Sandstone,
1RD0002AL,1155.0,1157.0,Shale,
1RD0002AL,1157.0,1158.0,Sandstone,
1RD0002AL,1158.0,1162.0,Shale,
1RD0002AL,1162.0,1165.0,Sandstone,
1RD0002AL,1165.0,1167.0,Shale,
1RD0002AL,1167.0,1169.0,Sandstone,
1RD0002AL,1169.0,1171.0,Shale,
1RD0002AL,1171.0,1175.0,Sandstone,
1RD0002AL,1175.0,1178.0,Shale,
1RD0002AL,1178.0,1181.0,Sandstone,
1RD0002AL,1181.0,1184.0,Shale,
1RD0002AL,1184.0,1188.0,Sandstone,
1RD0002AL,1188.0,1191.0,Shale,
1RD0002AL,1191.0,1194.0,Sandstone,
1RD0002AL,1194.0,1200.0,Shale,
1RD0002AL,1200.0,1203.0,Sandstone,
1RD0002AL,1203.0,1207.0,Shale,
1RD0002AL,1207.0,1213.0,Sandstone,
1RD0002AL,1213.0,1214.0,Shale,
1RD0002AL,1214.0,1218.0,Sandstone,
1RD0002AL,1218.0,1221.0,Shale,
1RD0002AL,1221.0,1226.0,Sandstone,
1RD0002AL,1226.0,1227.0,Shale,
1RD0002AL,1227.0,1229.0,Sandstone,
1RD0002AL,1229.0,1231.0,Shale,
1RD0002AL,1231.0,1236.0,Sandstone,
1RD0002AL,1236.0,1238.0,Shale,
1RD0002AL,1238.0,1241.0,Sandstone,
1RD0002AL,1241.0,1243.0,Shale,
1RD0002AL,1243.0,1244.0,Sandstone,
1RD0002AL,1244.0,1245.0,Shale,
1RD0002AL,1245.0,1249.0,Sandstone,
1RD0002AL,1249.0,1251.0,Shale,
1RD0002AL,1251.0,1254.0,Sandstone,
1RD0002AL,1254.0,1255.0,Shale,
1RD0002AL,1255.0,1260.0,Sandstone,
1RD0002AL,1260.0,1262.0,Shale,
1RD0002AL,1262.0,1263.0,Sandstone,
1RD0002AL,1263.0,1264.0,Shale,
1RD0002AL,1264.0,1267.0,Sandstone,
1RD0002AL,1267.0,1268.0,Shale,
1RD0002AL,1268.0,1269.0,Sandstone,
1RD0002AL,1269.0,1270.0,Shale,
1RD0002AL,1270.0,1272.0,Sandstone,
1RD0002AL,1272.0,1273.0,Shale,
1RD0002AL,1273.0,1275.0,Sandstone,
1RD0002AL,1275.0,1279.0,Shale,
1RD0002AL,1279.0,1281.0,Sandstone,
1RD0002AL,1281.0,1287.0,Carbonate,
1RD0002AL,1287.0,1291.0,Sandstone,
1RD0002AL,1291.0,1298.0,Shale,
1RD0002AL,1298.0,1300.0,Carbonate,
1RD0002AL,1300.0,1302.0,Shale,
1RD0002AL,1302.0,1305.0,Carbonate,
1RD0002AL,1305.0,1308.0,Shale,
1RD0002AL,1308.0,1310.0,Carbonate,
1RD0002AL,1310.0,1312.0,Shale,
1RD0002AL,1312.0,1315.0,Carbonate,
1RD0002AL,1315.0,1318.0,Shale,
1RD0002AL,1318.0,1325.0,Sandstone,
1RD0002AL,1325.0,1330.0,Shale,
1RD0002AL,1330.0,1332.0,Carbonate,
1RD0002AL,1332.0,1335.0,Shale,
1RD0002AL,1335.0,1336.0,Carbonate,
1RD0002AL,1336.0,1338.0,Shale,
1RD0002AL,1338.0,1339.0,Carbonate,
1RD0002AL,1339.0,1343.0,Shale,
1RD0002AL,1343.0,1344.0,Sandstone,
1RD0002AL,1344.0,1347.0,Shale,
1RD0002AL,1347.0,1352.0,Sandstone,
1RD0002AL,1352.0,1356.0,Shale,
1RD0002AL,1356.0,1359.0,Sandstone,
1RD0002AL,1359.0,1362.0,Shale,
1RD0002AL,1362.0,1365.0,Sandstone,
1RD0002AL,1365.0,1368.0,Shale,
1RD0002AL,1368.0,1378.0,Sandstone,
1RD0002AL,1378.0,1380.0,Shale,
1RD0002AL,1380.0,1382.0,Carbonate,
1RD0002AL,1382.0,1384.0,Shale,
1RD0002AL,1384.0,1386.0,Carbonate,
1RD0002AL,1386.0,1387.0,Shale,
1RD0002AL,1387.0,1389.0,Sandstone,
1RD0002AL,1389.0,1391.0,Shale,
1RD0002AL,1391.0,1399.0,Sandstone,
1RD0002AL,1399.0,1402.0,Shale,
1RD0002AL,1402.0,1410.0,Sandstone,
1RD0002AL,1410.0,1412.0,Shale,
1RD0002AL,1412.0,1415.0,Sandstone,
1RD0002AL,1415.0,1427.0,Shale,
1RD0002AL,1427.0,1448.0,Sandstone,
1RD0002AL,1448.0,1450.0,Shale,
1RD0002AL,1450.0,1452.0,Sandstone,
1RD0002AL,1452.0,1456.0,Shale,
1RD0002AL,1456.0,1459.0,Sandstone,
1RD0002AL,1459.0,1461.0,Shale,
1RD0002AL,1461.0,1471.0,Halite,Cycle 1
1RD0002AL,1471.0,1474.0,Shale,
1RD0002AL,1474.0,1490.0,Sandstone,
1RD0002AL,1490.0,1499.0,Shale,
1RD0002AL,1499.0,1503.0,Sandstone,
1RD0002AL,1503.0,1504.0,Siltstone,
1RD0002AL,1504.0,1508.0,Sandstone,
1RD0002AL,1508.0,1511.0,Shale,
1RD0002AL,1511.0,1516.0,Sandstone,
1RD0002AL,1516.0,1522.0,Shale,
1RD0002AL,1522.0,1524.0,Sandstone,
1RD0002AL,1524.0,1526.0,Shale,
1RD0002AL,1526.0,1528.0,Sandstone,
1RD0002AL,1528.0,1553.0,Shale,
1RD0002AL,1553.0,1559.0,Sandstone,
1RD0002AL,1559.0,1562.0,Shale,
1RD0002AL,1562.0,1567.0,Sandstone,
1RD0002AL,1567.0,1570.0,Shale,
1RD0002AL,1570.0,1572.0,Carbonate,
1RD0002AL,1572.0,1581.0,Shale,
1RD0002AL,1581.0,1584.0,Sandstone,
1RD0002AL,1584.0,1588.0,Shale,
1RD0002AL,1588.0,1593.0,Sandstone,
1RD0002AL,1593.0,1595.0,Shale,
1RD0002AL,1595.0,1598.0,Sandstone,
1RD0002AL,1598.0,1601.0,Shale,
1RD0002AL,1601.0,1607.0,Sandstone,
1RD0002AL,1607.0,1608.0,Shale,
1RD0002AL,1608.0,1611.0,Sandstone,
1RD0002AL,1611.0,1615.0,Shale,
1RD0002AL,1615.0,1619.0,Sandstone,
1RD0002AL,1619.0,1625.0,Shale,
1RD0002AL,1625.0,1630.0,Sandstone,
1RD0002AL,1630.0,1642.0,Shale,
1RD0002AL,1642.0,1644.0,Sandstone,
1RD0002AL,1644.0,1647.0,Shale,
1RD0002AL,1647.0,1652.0,Sandstone,
1RD0002AL,1652.0,1654.0,Carbonate,
1RD0002AL,1654.0,1659.0,Sandstone,
1RD0002AL,1659.0,1660.0,Shale,
1RD0002AL,1660.0,1662.0,Sandstone,
1RD0002AL,1662.0,1667.0,Shale,
1RD0002AL,1667.0,1671.0,Sandstone,
1RD0002AL,1671.0,1676.0,Shale,
1RD0002AL,1676.0,1677.0,Carbonate,
1RD0002AL,1677.0,1699.0,Shale,
1RD0002AL,1699.0,1708.0,Sandstone,
1RD0002AL,1708.0,1710.0,Shale,
1RD0002AL,1710.0,1716.0,Sandstone,
1RD0002AL,1716.0,1719.0,Shale,
1RD0002AL,1719.0,1721.0,Sandstone,
1RD0002AL,1721.0,1723.0,Shale,
1RD0002AL,1723.0,1730.0,Sandstone,
1RD0002AL,1730.0,1732.0,Shale,
1RD0002AL,1732.0,1735.0,Sandstone,
1RD0002AL,1735.0,1737.0,Shale,
1RD0002AL,1737.0,1739.0,Carbonate,
1RD0002AL,1739.0,1746.0,Shale,
1RD0002AL,1746.0,1757.0,Sandstone,
1RD0002AL,1757.0,1771.0,Shale,
1RD0002AL,1771.0,1790.0,Sandstone,
1RD0002AL,1790.0,1792.0,Shale,
1RD0002AL,1792.0,1794.0,Sandstone,
1RD0002AL,1794.0,1801.0,Shale,
1RD0002AL,1801.0,1804.0,Sandstone,
1RD0002AL,1804.0,1814.0,Shale,
1RD0002AL,1814.0,1821.0,Sandstone,
1RD0002AL,1821.0,1840.0,Shale,
1RD0002AL,1840.0,1842.0,Carbonate,
1RD0002AL,1842.0,1843.0,Shale,
1RD0002AL,1843.0,1846.0,Sandstone,
1RD0002AL,1846.0,1856.0,Shale,
1RD0002AL,1856.0,1861.0,Sandstone,
1RD0002AL,1861.0,1864.0,Shale,
1RD0002AL,1864.0,1866.0,Sandstone,
1RD0002AL,1866.0,1876.0,Shale,
1RD0002AL,1876.0,1881.0,Sandstone,
1RD0002AL,1881.0,1883.0,Carbonate,
1RD0002AL,1883.0,1887.0,Shale,
1RD0002AL,1887.0,1891.0,Sandstone,
1RD0002AL,1891.0,1893.0,Shale,
1RD0002AL,1893.0,1926.0,Sandstone,
1RD0002AL,1926.0,1933.0,Shale,
1RD0002AL,1933.0,1936.0,Carbonate,
1RD0002AL,1936.0,1950.0,Shale,
1RD0002AL,1950.0,1963.0,Sandstone,
1RD0002AL,1963.0,1964.0,Shale,
1RD0002AL,1964.0,1973.0,Sandstone,
1RD0002AL,1973.0,1977.0,Shale,
1RD0002AL,1977.0,1981.0,Sandstone,
1RD0002AL,1981.0,1986.0,Shale,
1RD0002AL,1986.0,1989.0,Sandstone,
1RD0002AL,1989.0,1991.0,Shale,
1RD0002AL,1991.0,1994.0,Sandstone,
1RD0002AL,1994.0,2008.0,Shale,
1RD0002AL,2008.0,2010.0,Sandstone,
1RD0002AL,2010.0,2012.0,Shale,
1RD0002AL,2012.0,2014.0,Sandstone,
1RD0002AL,2014.0,2050.0,Shale,
1RD0002AL,2050.0,2053.0,Sandstone,
1RD0002AL,2053.0,2054.0,Shale,
1RD0002AL,2054.0,2056.0,Sandstone,
1RD0002AL,2056.0,2057.0,Shale,
1RD0002AL,2057.0,2068.0,Sandstone,
1RD0002AL,2068.0,2070.0,Shale,
1RD0002AL,2070.0,2072.0,Sandstone,
1RD0002AL,2072.0,2151.0,Shale,
1RD0002AL,2151.0,2155.0,Sandstone,
1RD0002AL,2155.0,2159.0,Shale,
1RD0002AL,2159.0,2161.0,Sandstone,
1RD0002AL,2161.0,2164.0,Shale,
1RD0002AL,2164.0,2176.0,Sandstone,
1RD0002AL,2176.0,2181.0,Shale,
1RD0002AL,2181.0,2184.0,Sandstone,
1RD0002AL,2184.0,2186.0,Shale,
1RD0002AL,2186.0,2192.0,Sandstone,
1RD0002AL,2192.0,2196.0,Shale,
1RD0002AL,2196.0,2228.0,Sandstone,
1RD0002AL,2228.0,2248.0,Shale,
1RD0002AL,2248.0,2251.0,Sandstone,
1RD0002AL,2251.0,2252.0,Shale,
1RD0002AL,2252.0,2254.0,Sandstone,
1RD0002AL,2254.0,2256.0,Shale,
1RD0002AL,2256.0,2258.0,Sandstone,
1RD0002AL,2258.0,2271.0,Shale,
1RD0002AL,2271.0,2274.0,Sandstone,
1RD0002AL,2274.0,2281.0,Shale,
1RD0002AL,2281.0,2283.0,Sandstone,
1RD0002AL,2283.0,2287.0,Shale,
1RD0002AL,2287.0,2291.0,Sandstone,
1RD0002AL,2291.0,2309.0,Shale,
1RD0002AL,2309.0,2311.0,Sandstone,
1RD0002AL,2311.0,2313.0,Shale,
1RD0002AL,2313.0,2319.0,Sandstone,
1RD0002AL,2319.0,2348.0,Shale,
1RD0002AL,2348.0,2351.0,Sandstone,
1RD0002AL,2351.0,2354.0,Shale,
1RD0002AL,2354.0,2359.0,Sandstone,
1RD0002AL,2359.0,2363.0,Shale,
1RD0002AL,2363.0,2365.0,Sandstone,
1RD0002AL,2365.0,2367.0,Shale,
1RD0002AL,2367.0,2377.0,Sandstone,
1RD0002AL,2377.0,2381.0,Shale,
1RD0002AL,2381.0,2386.0,Sandstone,
1RD0002AL,2386.0,2390.0,Shale,
1RD0002AL,2390.0,2392.0,Sandstone,
1RD0002AL,2392.0,2399.0,Shale,
1RD0002AL,2399.0,2401.0,Carbonate,
1RD0002AL,2401.0,2402.0,Sandstone,
1RD0002AL,2402.0,2406.0,Shale,
1RD0002AL,2406.0,2408.0,Sandstone,
1RD0002AL,2408.0,2413.0,Shale,
1RD0002AL,2413.0,2419.0,Sandstone,
1RD0002AL,2419.0,2422.0,Shale,
1RD0002AL,2422.0,2425.0,Sandstone,
1RD0002AL,2425.0,2426.0,Shale,
1RD0002AL,2426.0,2427.0,Sandstone,
1RD0002AL,2427.0,2431.0,Shale,
1RD0002AL,2431.0,2434.0,Sandstone,
1RD0002AL,2434.0,2439.0,Shale,
1RD0002AL,2439.0,2441.0,Carbonate,
1RD0002AL,2441.0,2446.0,Shale,
1RD0002AL,2446.0,2447.0,Sandstone,
1RD0002AL,2447.0,2454.0,Shale,
1RD0002AL,2454.0,2455.0,Sandstone,
1RD0002AL,2455.0,2459.0,Shale,
1RD0002AL,2459.0,2461.0,Sandstone,
1RD0002AL,2461.0,2463.0,Shale,
1RD0002AL,2463.0,2465.0,Sandstone,
1RD0002AL,2465.0,2468.0,Shale,
1RD0002AL,2468.0,2470.0,Sandstone,
1RD0002AL,2470.0,2472.0,Shale,
1RD0002AL,2472.0,2475.0,Sandstone,
1RD0002AL,2475.0,2479.0,Shale,
1RD0002AL,2479.0,2481.0,Sandstone,
1RD0002AL,2481.0,2487.0,Shale,
1RD0002AL,2487.0,2493.0,Sandstone,
1RD0002AL,2493.0,2496.0,Shale,
1RD0002AL,2496.0,2498.0,Sandstone,
1RD0002AL,2498.0,2501.0,Shale,
1RD0002AL,2501.0,2503.0,Sandstone,
1RD0002AL,2503.0,2505.0,Shale,
1RD0002AL,2505.0,2506.0,Sandstone,
1RD0002AL,2506.0,2512.0,Shale,
1RD0002AL,2512.0,2517.0,Sandstone,
1RD0002AL,2517.0,2521.0,Shale,
1RD0002AL,2521.0,2523.0,Sandstone,
1RD0002AL,2523.0,2526.0,Shale,
1RD0002AL,2526.0,2527.0,Sandstone,
1RD0002AL,2527.0,2528.0,Shale,
1RD0002AL,2528.0,2529.0,Sandstone,
1RD0002AL,2529.0,2532.0,Shale,
1RD0002AL,2532.0,2534.0,Sandstone,
1RD0002AL,2534.0,2539.0,Shale,
1RD0002AL,2539.0,2542.0,Sandstone,
1RD0002AL,2542.0,2544.0,Shale,
1RD0002AL,2544.0,2546.0,Sandstone,
1RD0002AL,2546.0,2550.0,Shale,
1RD0002AL,2550.0,2553.0,Sandstone,
1RD0002AL,2553.0,2554.0,Shale,
1RD0002AL,2554.0,2556.0,Sandstone,
1RD0002AL,2556.0,2559.0,Shale,
1RD0002AL,2559.0,2561.0,Sandstone,
1RD0002AL,2561.0,2565.0,Shale,
1RD0002AL,2565.0,2566.0,Sandstone,
1RD0002AL,2566.0,2569.0,Shale,
1RD0002AL,2569.0,2576.0,Sandstone,
1RD0002AL,2576.0,2578.0,Shale,
1RD0002AL,2578.0,2580.0,Sandstone,
1RD0002AL,2580.0,2585.0,Shale,
1RD0002AL,2585.0,2589.0,Sandstone,
1RD0002AL,2589.0,2591.0,Shale,
1RD0002AL,2591.0,2594.0,Sandstone,
1RD0002AL,2594.0,2600.0,Shale,
1RD0002AL,2600.0,2602.0,Sandstone,
1RD0002AL,2602.0,2604.0,Shale,
1RD0002AL,2604.0,2606.0,Sandstone,
1RD0002AL,2606.0,2613.0,Shale,
1RD0002AL,2613.0,2615.0,Sandstone,
1RD0002AL,2615.0,2618.0,Shale,
1RD0002AL,2618.0,2627.0,Sandstone,
1RD0002AL,2627.0,2638.0,Shale,
1RD0002AL,2638.0,2645.0,Sandstone,
1RD0002AL,2645.0,2654.0,Shale,
1RD0002AL,2654.0,2658.0,Sandstone,
1RD0002AL,2658.0,2670.0,Shale,
1RD0002AL,2670.0,2674.0,Sandstone,
1RD0002AL,2674.0,2687.0,Shale,
1RD0002AL,2687.0,2689.0,Sandstone,
1RD0002AL,2689.0,2691.0,Shale,
1RD0002AL,2691.0,2694.0,Sandstone,
1RD0002AL,2694.0,2698.0,Shale,
1RD0002AL,2698.0,2705.0,Sandstone,
1RD0002AL,2705.0,2724.0,Shale,
1RD0002AL,2724.0,2730.0,Sandstone,
1RD0002AL,2730.0,2733.0,Shale,
1RD0002AL,2733.0,2740.0,Sandstone,
1RD0002AL,2740.0,2743.0,Shale,
1RD0002AL,2743.0,2757.0,Sandstone,
1RD0002AL,2757.0,2761.0,Shale,
1RD0002AL,2761.0,2765.0,Sandstone,
1RD0002AL,2765.0,2766.0,Shale,
1RD0002AL,2766.0,2771.0,Sandstone,
1RD0002AL,2771.0,2776.0,Shale,
1RD0002AL,2776.0,2778.0,Sandstone,
1RD0002AL,2778.0,2779.0,Shale,
1RD0002AL,2779.0,2781.0,Sandstone,
1RD0002AL,2781.0,2783.0,Shale,
1RD0002AL,2783.0,2784.0,Sandstone,
1RD0002AL,2784.0,2787.0,Shale,
1RD0002AL,2787.0,2788.0,Sandstone,
1RD0002AL,2788.0,2794.0,Shale,
1RD0002AL,2794.0,2796.0,Sandstone,
1RD0002AL,2796.0,2801.0,Shale,
1RD0002AL,2801.0,2803.0,Sandstone,
1RD0002AL,2803.0,2813.0,Shale,
1RD0002AL,2813.0,2816.0,Sandstone,
1RD0002AL,2816.0,2821.0,Shale,
1RD0002AL,2821.0,2823.0,Sandstone,
1RD0002AL,2823.0,2825.0,Shale,
1RD0002AL,2825.0,2827.0,Sandstone,
1RD0002AL,2827.0,2829.0,Shale,
1RD0002AL,2829.0,2835.0,Sandstone,
1RD0002AL,2835.0,2839.0,Shale,
1RD0002AL,2839.0,2841.0,Sandstone,
1RD0002AL,2841.0,2843.0,Shale,
1RD0002AL,2843.0,2852.0,Sandstone,
1RD0002AL,2852.0,2854.0,Shale,
1RD0002AL,2854.0,2856.0,Sandstone,
1RD0002AL,2856.0,2862.0,Shale,
1RD0002AL,2862.0,2864.0,Sandstone,
1RD0002AL,2864.0,2868.0,Shale,
1RD0002AL,2868.0,2870.0,Sandstone,
1RD0002AL,2870.0,2872.0,Shale,
1RD0002AL,2872.0,2874.0,Sandstone,
1RD0002AL,2874.0,2877.0,Shale,
1RD0002AL,2877.0,2883.0,Sandstone,
1RD0002AL,2883.0,2885.0,Shale,
1RD0002AL,2885.0,2889.0,Sandstone,
1RD0002AL,2889.0,2892.0,Shale,
1RD0002AL,2892.0,2901.0,Sandstone,
1RD0002AL,2901.0,2930.0,Shale,
1RD0002AL,2930.0,2932.0,Sandstone,
1RD0002AL,2932.0,2936.0,Shale,
1RD0002AL,2936.0,2941.0,Sandstone,
1RD0002AL,2941.0,2944.0,Shale,
1RD0002AL,2944.0,2947.0,Sandstone,
1RD0002AL,2947.0,2949.0,Shale,
1RD0002AL,2949.0,2951.0,Sandstone,
1RD0002AL,2951.0,2956.0,Shale,
1RD0002AL,2956.0,2958.0,Sandstone,
1RD0002AL,2958.0,2961.0,Shale,
1RD0002AL,2961.0,2964.0,Sandstone,
1RD0002AL,2964.0,2969.0,Shale,
1RD0002AL,2969.0,2972.0,Sandstone,
1RD0002AL,2972.0,2984.0,Shale,
1RD0002AL,2984.0,2986.0,Sandstone,
1RD0002AL,2986.0,2989.0,Shale,
1RD0002AL,2989.0,2999.0,Sandstone,
1RD0002AL,2999.0,3009.0,Shale,
1RD0002AL,3009.0,3011.0,Sandstone,
1RD0002AL,3011.0,3016.0,Shale,
1RD0002AL,3016.0,3025.0,Sandstone,
1RD0002AL,3025.0,3049.0,Shale,
1RD0002AL,3049.0,3058.0,Sandstone,
1RD0002AL,3058.0,3065.0,Shale,
1RD0002AL,3065.0,3067.0,Sandstone,
1RD0002AL,3067.0,3073.0,Shale,
1RD0002AL,3073.0,3099.0,Sandstone,
1RD0002AL,3099.0,3116.0,Shale,
1RD0002AL,3116.0,3124.0,Sandstone,
1RD0002AL,3124.0,3126.0,Shale,
1RD0002AL,3126.0,3130.0,Sandstone,
1RD0002AL,3130.0,3132.0,Shale,
1RD0002AL,3132.0,3135.0,Sandstone,
1RD0002AL,3135.0,3154.0,Shale,
1RD0002AL,3154.0,3164.0,Sandstone,
1RD0002AL,3164.0,3186.0,Shale,
1RD0002AL,3186.0,3189.0,Sandstone,
1RD0002AL,3189.0,3191.0,Shale,
1RD0002AL,3191.0,3195.0,Sandstone,
1RD0002AL,3195.0,3206.0,Shale,
1RD0002AL,3206.0,3210.0,Sandstone,
1RD0002AL,3210.0,3216.0,Shale,
1RD0002AL,3216.0,3219.0,Sandstone,
1RD0002AL,3219.0,3223.0,Shale,
1RD0002AL,3223.0,3226.0,Sandstone,
1RD0002AL,3226.0,3233.0,Shale,
1RD0002AL,3233.0,3238.0,Sandstone,
1RD0002AL,3238.0,3243.0,Shale,
1RD0002AL,3243.0,3246.0,Sandstone,
1RD0002AL,3246.0,3261.0,Shale,
1RD0002AL,3261.0,3264.0,Sandstone,
1RD0002AL,3264.0,3267.0,Shale,
1RD0002AL,3267.0,3277.0,Sandstone,
1RD0002AL,3277.0,3295.0,Shale,
1RD0002AL,3295.0,3298.0,Sandstone,
1RD0002AL,3298.0,3318.0,Shale,
1RD0002AL,3318.0,3321.0,Sandstone,
1RD0002AL,3321.0,3323.0,Shale,
1RD0002AL,3323.0,3327.0,Sandstone,
1RD0002AL,3327.0,3335.0,Shale,
1RD0002AL,3335.0,3338.0,Sandstone,
1RD0002AL,3338.0,3340.0,Shale,
1RD0002AL,3340.0,3350.0,Sandstone,
1RD0002AL,3350.0,3359.0,Shale,
1RD0002AL,3359.0,3367.0,Sandstone,
1RD0002AL,3367.0,3396.0,Shale,
1RD0002AL,3396.0,3400.0,Sandstone,
1RD0002AL,3400.0,3408.0,Shale,
1RD0002AL,3408.0,3421.0,Sandstone,
1RD0002AL,3421.0,3439.0,Shale,
1RD0002AL,3439.0,3441.0,Sandstone,
1RD0002AL,3441.0,3444.0,Shale,
1RD0002AL,3444.0,3446.0,Sandstone,
1RD0002AL,3446.0,3458.0,Shale,
1RD0002AL,3458.0,3468.0,Sandstone,
1RD0002AL,3468.0,3476.0,Shale,
1RD0002AL,3476.0,3478.0,Sandstone,
1RD0002AL,3478.0,3488.0,Shale,
1RD0002AL,3488.0,3518.0,Sandstone,
1RD0002AL,3518.0,3526.0,Shale,
1RD0002AL,3526.0,3536.0,Sandstone,
1RD0002AL,3536.0,3538.0,Shale,
1RD0002AL,3538.0,3544.0,Sandstone,
1RD0002AL,3544.0,3579.0,Shale,
1RD0002AL,3579.0,3582.0,Sandstone,
1RD0002AL,3582.0,3587.0,Shale,
1RD0002AL,3587.0,3595.0,Sandstone,
1RD0002AL,3595.0,3601.0,Shale,
1RD0002AL,3601.0,3604.0,Sandstone,
1RD0002AL,3604.0,3610.0,Shale,
1RD0002AL,3610.0,3616.0,Sandstone,
1RD0002AL,3616.0,3620.0,Shale,
1RD0002AL,3620.0,3622.0,Sandstone,
1RD0002AL,3622.0,3624.0,Shale,
1RD0002AL,3624.0,3629.0,Sandstone,
1RD0002AL,3629.0,3642.0,Shale,
1RD0002AL,3642.0,3644.0,Sandstone,
1RD0002AL,3644.0,3646.0,Shale,
1RD0002AL,3646.0,3648.0,Sandstone,
1RD0002AL,3648.0,3650.0,Shale,
1RD0002AL,3650.0,3659.0,Sandstone,
1RD0002AL,3659.0,3666.0,Shale,
1RD0002AL,3666.0,3693.0,Sandstone,
1RD0002AL,3693.0,3713.0,Shale,
1RD0002AL,3713.0,3717.0,Sandstone,
1RD0002AL,3717.0,3719.0,Shale,
1RD0002AL,3719.0,3722.0,Sandstone,
1RD0002AL,3722.0,3728.0,Shale,
1RD0002AL,3728.0,3741.0,Sandstone,
1RD0002AL,3741.0,3744.0,Shale,
1RD0002AL,3744.0,3753.0,Sandstone,
1RD0002AL,3753.0,3755.0,Shale,
1RD0002AL,3755.0,3771.0,Sandstone,
1RD0002AL,3771.0,3774.0,Shale,
1RD0002AL,3774.0,3791.0,Sandstone,
1RD0002AL,3791.0,3793.0,Shale,
1RD0002AL,3793.0,3803.0,Sandstone,
1RD0002AL,3803.0,3809.0,Shale,
1RD0002AL,3809.0,3814.0,Sandstone,
1RD0002AL,3814.0,3816.0,Shale,
1RD0002AL,3816.0,3824.0,Sandstone,
1RD0002AL,3824.0,3832.0,Shale,
1RD0002AL,3832.0,3834.0,Sandstone,
1RD0002AL,3834.0,3836.0,Shale,
1RD0002AL,3836.0,3838.0,Sandstone,
1RD0002AL,3838.0,3843.0,Shale,
1RD0002AL,3843.0,3846.0,Sandstone,
1RD0002AL,3846.0,3848.0,Shale,
1RD0002AL,3848.0,3850.0,Sandstone,
1RD0002AL,3850.0,3856.0,Shale,
1RD0002AL,3856.0,3872.0,Sandstone,
1RD0002AL,3872.0,3881.0,Shale,
1RD0002AL,3881.0,3897.0,Sandstone,
1RD0002AL,3897.0,3906.0,Shale,
1RD0002AL,3906.0,3908.0,Sandstone,
1RD0002AL,3908.0,3911.0,Shale,
1RD0002AL,3911.0,3913.0,Sandstone,
1RD0002AL,3913.0,3915.0,Shale,
1RD0002AL,3915.0,3918.0,Sandstone,
1RD0002AL,3918.0,3921.0,Shale,
1RD0002AL,3921.0,3931.0,Sandstone,
1RD0002AL,3931.0,3934.0,Shale,
1RD0002AL,3934.0,3936.0,Sandstone,
1RD0002AL,3936.0,3938.0,Shale,
1RD0002AL,3938.0,3957.0,Sandstone,
1RD0002AL,3957.0,3960.0,Shale,
1RD0002AL,3960.0,3971.0,Sandstone,
1RD0002AL,3971.0,3973.0,Shale,
1RD0002AL,3973.0,3992.0,Sandstone,
1RD0002AL,3992.0,3998.0,Shale,
1RD0002AL,3998.0,4025.0,Sandstone,
1RD0002AL,4025.0,4032.0,Shale,
1RD0002AL,4032.0,4042.0,Sandstone,
1RD0002AL,4042.0,4044.0,Shale,
1RD0002AL,4044.0,4046.0,Sandstone,
1RD0002AL,4046.0,4048.0,Shale,
1RD0002AL,4048.0,4061.0,Sandstone,
1RD0002AL,4061.0,4063.0,Shale,
1RD0002AL,4063.0,4068.0,Sandstone,
1RD0002AL,4068.0,4071.0,Shale,
1RD0002AL,4071.0,4091.0,Sandstone,
1RD0003AL,20.0,33.0,Sand,
1RD0003AL,33.0,37.0,Clay,
1RD0003AL,37.0,53.0,Sand,
1RD0003AL,53.0,55.0,Clay,
1RD0003AL,55.0,56.0,Sand,
1RD0003AL,56.0,58.0,Clay,
1RD0003AL,58.0,77.0,Sand,
1RD0003AL,77.0,79.0,Carbonate,
1RD0003AL,79.0,84.0,Carbonate,
1RD0003AL,84.0,86.0,Carbonate,
1RD0003AL,86.0,88.0,Sand,
1RD0003AL,88.0,90.0,Carbonate,
1RD0003AL,90.0,92.0,Carbonate,
1RD0003AL,92.0,95.0,Carbonate,
1RD0003AL,95.0,99.0,Sandstone,
1RD0003AL,99.0,102.0,Carbonate,
1RD0003AL,102.0,104.0,Sandstone,
1RD0003AL,104.0,106.0,Carbonate,
1RD0003AL,106.0,107.0,Sandstone,
1RD0003AL,107.0,111.0,Carbonate,
1RD0003AL,111.0,113.0,Carbonate,
1RD0003AL,113.0,116.0,Carbonate,
1RD0003AL,116.0,122.0,Sandstone,
1RD0003AL,122.0,124.0,Carbonate,
1RD0003AL,124.0,127.0,Sandstone,
1RD0003AL,127.0,131.0,Carbonate,
1RD0003AL,131.0,134.0,Sandstone,
1RD0003AL,134.0,136.0,Carbonate,
1RD0003AL,136.0,138.0,Sandstone,
1RD0003AL,138.0,140.0,Carbonate,
1RD0003AL,140.0,155.0,Sandstone,
1RD0003AL,155.0,158.0,Carbonate,
1RD0003AL,158.0,161.0,Carbonate,
1RD0003AL,161.0,165.0,Carbonate,
1RD0003AL,165.0,169.0,Sandstone,
1RD0003AL,169.0,172.0,Carbonate,
1RD0003AL,172.0,178.0,Carbonate,
1RD0003AL,178.0,182.0,Sandstone,
1RD0003AL,182.0,184.0,Carbonate,
1RD0003AL,184.0,187.0,Sandstone,
1RD0003AL,187.0,189.0,Carbonate,
1RD0003AL,189.0,192.0,Sandstone,
1RD0003AL,192.0,194.0,Carbonate,
1RD0003AL,194.0,198.0,Carbonate,
1RD0003AL,198.0,200.0,Carbonate,
1RD0003AL,200.0,202.0,Conglomerate,
1RD0003AL,202.0,204.0,Shale,
1RD0003AL,204.0,217.0,Conglomerate,
1RD0003AL,217.0,219.0,Shale,
1RD0003AL,219.0,249.0,Conglomerate,
1RD0003AL,249.0,251.0,Shale,
1RD0003AL,251.0,260.0,Conglomerate,
1RD0003AL,260.0,266.0,Shale,
1RD0003AL,266.0,274.0,Conglomerate,
1RD0003AL,274.0,277.0,Shale,
1RD0003AL,277.0,279.0,Sandstone,
1RD0003AL,279.0,281.0,Conglomerate,
1RD0003AL,281.0,290.0,Sandstone,
1RD0003AL,290.0,292.0,Conglomerate,
1RD0003AL,292.0,294.0,Shale,
1RD0003AL,294.0,299.0,Conglomerate,
1RD0003AL,299.0,301.0,Sandstone,
1RD0003AL,301.0,304.0,Conglomerate,
1RD0003AL,304.0,309.0,Sandstone,
1RD0003AL,309.0,311.0,Conglomerate,
1RD0003AL,311.0,314.0,Shale,
1RD0003AL,314.0,318.0,Conglomerate,
1RD0003AL,318.0,320.0,Sandstone,
1RD0003AL,320.0,328.0,Conglomerate,
1RD0003AL,328.0,331.0,Sandstone,
1RD0003AL,331.0,333.0,Conglomerate,
1RD0003AL,333.0,336.0,Shale,
1RD0003AL,336.0,347.0,Sandstone,
1RD0003AL,347.0,349.0,Shale,
1RD0003AL,349.0,353.0,Sandstone,
1RD0003AL,353.0,356.0,Shale,
1RD0003AL,356.0,360.0,Sandstone,
1RD0003AL,360.0,365.0,Shale,
1RD0003AL,365.0,369.0,Sandstone,
1RD0003AL,369.0,374.0,Shale,
1RD0003AL,374.0,376.0,Sandstone,
1RD0003AL,376.0,383.0,Shale,
1RD0003AL,383.0,407.0,Sandstone,
1RD0003AL,407.0,412.0,Shale,
1RD0003AL,412.0,420.0,Sandstone,
1RD0003AL,420.0,439.0,Conglomerate,
1RD0003AL,439.0,443.0,Sandstone,
1RD0003AL,443.0,447.0,Shale,
1RD0003AL,447.0,451.0,Sandstone,
1RD0003AL,451.0,453.0,Shale,
1RD0003AL,453.0,457.0,Sandstone,
1RD0003AL,457.0,459.0,Shale,
1RD0003AL,459.0,472.0,Sandstone,
1RD0003AL,472.0,475.0,Shale,
1RD0003AL,475.0,483.0,Sandstone,
1RD0003AL,483.0,500.0,Shale,
1RD0003AL,500.0,503.0,Conglomerate,
1RD0003AL,503.0,508.0,Shale,
1RD0003AL,508.0,514.0,Conglomerate,
1RD0003AL,514.0,516.0,Shale,
1RD0003AL,516.0,521.0,Conglomerate,
1RD0003AL,521.0,523.0,Shale,
1RD0003AL,523.0,529.0,Conglomerate,
1RD0003AL,529.0,550.0,Sandstone,
1RD0003AL,550.0,552.0,Conglomerate,
1RD0003AL,552.0,558.0,Shale,
1RD0003AL,558.0,562.0,Sandstone,
1RD0003AL,562.0,565.0,Conglomerate,
1RD0003AL,565.0,568.0,Sandstone,
1RD0003AL,568.0,570.0,Shale,
1RD0003AL,570.0,572.0,Sandstone,
1RD0003AL,572.0,603.0,Conglomerate,
1RD0003AL,603.0,605.0,Shale,
1RD0003AL,605.0,611.0,Sandstone,
1RD0003AL,611.0,623.0,Conglomerate,
1RD0003AL,623.0,626.0,Shale,
1RD0003AL,626.0,651.0,Conglomerate,
1RD0003AL,651.0,653.0,Shale,
1RD0003AL,653.0,656.0,Sandstone,
1RD0003AL,656.0,658.0,Shale,
1RD0003AL,658.0,661.0,Sandstone,
1RD0003AL,661.0,663.0,Shale,
1RD0003AL,663.0,673.0,Conglomerate,
1RD0003AL,673.0,675.0,Shale,
1RD0003AL,675.0,753.0,Conglomerate,
1RD0003AL,753.0,758.0,Shale,
1RD0003AL,758.0,849.0,Conglomerate,
1RD0003AL,849.0,854.0,Shale,
1RD0003AL,854.0,948.0,Conglomerate,
1RD0003AL,948.0,962.0,Conglomerate,
1RD0003AL,962.0,964.0,Shale,
1RD0003AL,964.0,968.0,Conglomerate,
1RD0003AL,968.0,981.0,Shale,
1RD0003AL,981.0,997.0,Sandstone,
1RD0003AL,997.0,999.0,Carbonate,
1RD0003AL,999.0,1001.0,Sandstone,
1RD0003AL,1001.0,1009.0,Conglomerate,
1RD0003AL,1009.0,1015.0,Shale,
1RD0003AL,1015.0,1023.0,Sandstone,
1RD0003AL,1023.0,1026.0,Carbonate,
1RD0003AL,1026.0,1028.0,Sandstone,
1RD0003AL,1028.0,1030.0,Conglomerate,
1RD0003AL,1030.0,1034.0,Shale,
1RD0003AL,1034.0,1069.0,Conglomerate,
1RD0003AL,1069.0,1072.0,Shale,
1RD0003AL,1072.0,1082.0,Sandstone,
1RD0003AL,1082.0,1112.0,Conglomerate,
1RD0003AL,1112.0,1114.0,Sandstone,
1RD0003AL,1114.0,1121.0,Conglomerate,
1RD0003AL,1121.0,1123.0,Shale,
1RD0003AL,1123.0,1131.0,Conglomerate,
1RD0003AL,1131.0,1133.0,Shale,
1RD0003AL,1133.0,1135.0,Sandstone,
1RD0003AL,1135.0,1149.0,Conglomerate,
1RD0003AL,1149.0,1152.0,Carbonate,
1RD0003AL,1152.0,1157.0,Shale,
1RD0003AL,1157.0,1169.0,Sandstone,
1RD0003AL,1169.0,1199.0,Shale,
1RD0003AL,1199.0,1202.0,Carbonate,
1RD0003AL,1202.0,1210.0,Shale,
1RD0003AL,1210.0,1254.0,Conglomerate,
1RD0003AL,1254.0,1258.0,Shale,
1RD0003AL,1258.0,1262.0,Sandstone,
1RD0003AL,1262.0,1264.0,Shale,
1RD0003AL,1264.0,1269.0,Sandstone,
1RD0003AL,1269.0,1271.0,Shale,
1RD0003AL,1271.0,1273.0,Sandstone,
1RD0003AL,1273.0,1276.0,Shale,
1RD0003AL,1276.0,1278.0,Carbonate,
1RD0003AL,1278.0,1281.0,Shale,
1RD0003AL,1281.0,1284.0,Sandstone,
1RD0003AL,1284.0,1285.0,Shale,
1RD0003AL,1285.0,1287.0,Sandstone,
1RD0003AL,1287.0,1289.0,Shale,
1RD0003AL,1289.0,1308.0,Sandstone,
1RD0003AL,1308.0,1312.0,Shale,
1RD0003AL,1312.0,1322.0,Sandstone,
1RD0003AL,1322.0,1330.0,Shale,
1RD0003AL,1330.0,1332.0,Sandstone,
1RD0003AL,1332.0,1337.0,Shale,
1RD0003AL,1337.0,1343.0,Sandstone,
1RD0003AL,1343.0,1346.0,Shale,
1RD0003AL,1346.0,1349.0,Sandstone,
1RD0003AL,1349.0,1353.0,Shale,
1RD0003AL,1353.0,1362.0,Sandstone,
1RD0003AL,1362.0,1364.0,Carbonate,
1RD0003AL,1364.0,1372.0,Sandstone,
1RD0003AL,1372.0,1374.0,Carbonate,
1RD0003AL,1374.0,1379.0,Sandstone,
1RD0003AL,1379.0,1381.0,Carbonate,
1RD0003AL,1381.0,1387.0,Sandstone,
1RD0003AL,1387.0,1396.0,Shale,
1RD0003AL,1396.0,1402.0,Sandstone,
1RD0003AL,1402.0,1404.0,Shale,
1RD0003AL,1404.0,1411.0,Carbonate,
1RD0003AL,1411.0,1415.0,Shale,
1RD0003AL,1415.0,1419.0,Carbonate,
1RD0003AL,1419.0,1424.0,Shale,
1RD0003AL,1424.0,1428.0,Halite,Cycle 1
1RD0003AL,1428.0,1430.0,Sandstone,Cycle 1
1RD0003AL,1430.0,1431.0,Shale,Cycle 1
1RD0003AL,1431.0,1433.0,Halite,Cycle 1
1RD0003AL,1433.0,1435.0,Shale,Cycle 1
1RD0003AL,1435.0,1440.0,Halite,Cycle 1
1RD0003AL,1440.0,1443.0,Shale,Cycle 1
1RD0003AL,1443.0,1445.0,Halite,Cycle 1
1RD0003AL,1445.0,1447.0,Sandstone,Cycle 1
1RD0003AL,1447.0,1450.0,Shale,Cycle 1
1RD0003AL,1450.0,1464.0,Halite,Cycle 1
1RD0003AL,1464.0,1466.0,Shale,Cycle 1
1RD0003AL,1466.0,1471.0,Sandstone,Cycle 1
1RD0003AL,1471.0,1479.0,Halite,Cycle 1
1RD0003AL,1479.0,1486.0,Shale,Cycle 1
1RD0003AL,1486.0,1489.0,Sandstone,Cycle 1
1RD0003AL,1489.0,1497.0,Shale,Cycle 1
1RD0003AL,1497.0,1499.0,Sandstone,Cycle 1
1RD0003AL,1499.0,1502.0,Shale,Cycle 1
1RD0003AL,1502.0,1512.0,Halite,Cycle 1
1RD0003AL,1512.0,1515.0,Sandstone,Cycle 1
1RD0003AL,1515.0,1519.0,Shale,Cycle 1
1RD0003AL,1519.0,1522.0,Sandstone,Cycle 1
1RD0003AL,1522.0,1523.0,Shale,Cycle 1
1RD0003AL,1523.0,1529.0,Sandstone,Cycle 1
1RD0003AL,1529.0,1539.0,Shale,Cycle 1
1RD0003AL,1539.0,1542.0,Sandstone,Cycle 1
1RD0003AL,1542.0,1544.0,Shale,Cycle 1
1RD0003AL,1544.0,1547.0,Halite,Cycle 1
1RD0003AL,1547.0,1550.0,Sandstone,Cycle 1
1RD0003AL,1550.0,1552.0,Carbonate,Cycle 1
1RD0003AL,1552.0,1557.0,Shale,Cycle 1
1RD0003AL,1557.0,1560.0,Sandstone,Cycle 1
1RD0003AL,1560.0,1561.0,Shale,Cycle 1
1RD0003AL,1561.0,1563.0,Sandstone,Cycle 1
1RD0003AL,1563.0,1566.0,Shale,Cycle 1
1RD0003AL,1566.0,1568.0,Sandstone,Cycle 1
1RD0003AL,1568.0,1572.0,Shale,Cycle 1
1RD0003AL,1572.0,1596.0,Halite,Cycle 1
1RD0003AL,1596.0,1598.0,Shale,Cycle 1
1RD0003AL,1598.0,1600.0,Halite,Cycle 1
1RD0003AL,1600.0,1602.0,Shale,Cycle 1
1RD0003AL,1602.0,1604.0,Halite,Cycle 1
1RD0003AL,1604.0,1606.0,Shale,Cycle 1
1RD0003AL,1606.0,1610.0,Sandstone,Cycle 1
1RD0003AL,1610.0,1614.0,Shale,Cycle 1
1RD0003AL,1614.0,1620.0,Halite,Cycle 1
1RD0003AL,1620.0,1628.0,Sandstone,Cycle 1
1RD0003AL,1628.0,1638.0,Shale,Cycle 1
1RD0003AL,1638.0,1642.0,Sandstone,Cycle 1
1RD0003AL,1642.0,1645.0,Shale,Cycle 1
1RD0003AL,1645.0,1659.0,Sandstone,Cycle 1
1RD0003AL,1659.0,1663.0,Shale,Cycle 1
1RD0003AL,1663.0,1667.0,Sandstone,Cycle 1
1RD0003AL,1667.0,1670.0,Shale,Cycle 1
1RD0003AL,1670.0,1673.0,Halite,Cycle 1
1RD0003AL,1673.0,1675.0,Shale,Cycle 1
1RD0003AL,1675.0,1678.0,Halite,Cycle 1
1RD0003AL,1678.0,1683.0,Sandstone,Cycle 1
1RD0003AL,1683.0,1685.0,Carbonate,Cycle 1
1RD0003AL,1685.0,1688.0,Halite,Cycle 1
1RD0003AL,1688.0,1697.0,Sandstone,Cycle 1
1RD0003AL,1697.0,1710.0,Halite,Cycle 1
1RD0003AL,1710.0,1713.0,Shale,Cycle 1
1RD0003AL,1713.0,1715.0,Sandstone,Cycle 1
1RD0003AL,1715.0,1719.0,Shale,Cycle 1
1RD0003AL,1719.0,1721.0,Sandstone,Cycle 1
1RD0003AL,1721.0,1724.0,Halite,Cycle 1
1RD0003AL,1724.0,1728.0,Carbonate,
1RD0003AL,1728.0,1735.0,Shale,
1RD0003AL,1735.0,1737.0,Carbonate,
1RD0003AL,1737.0,1739.0,Sandstone,
1RD0003AL,1739.0,1742.0,Shale,
1RD0003AL,1742.0,1745.0,Carbonate,
1RD0003AL,1745.0,1753.0,Shale,
1RD0003AL,1753.0,1755.0,Sandstone,
1RD0003AL,1755.0,1758.0,Carbonate,
1RD0003AL,1758.0,1769.0,Shale,
1RD0003AL,1769.0,1771.0,Carbonate,
1RD0003AL,1771.0,1778.0,Shale,
1RD0003AL,1778.0,1781.0,Sandstone,
1RD0003AL,1781.0,1782.0,Shale,
1RD0003AL,1782.0,1784.0,Sandstone,
1RD0003AL,1784.0,1786.0,Shale,
1RD0003AL,1786.0,1788.0,Sandstone,
1RD0003AL,1788.0,1790.0,Shale,
1RD0003AL,1790.0,1792.0,Sandstone,
1RD0003AL,1792.0,1804.0,Shale,
2PAST0001AL,26.0,31.0,Conglomerate,
2PAST0001AL,31.0,34.0,Shale,
2PAST0001AL,34.0,77.5,Conglomerate,
2PAST0001AL,77.5,81.0,Shale,
2PAST0001AL,81.0,89.0,Conglomerate,
2PAST0001AL,89.0,91.0,Shale,
2PAST0001AL,91.0,106.0,Sandstone,
2PAST0001AL,106.0,110.0,Siltstone,
2PAST0001AL,110.0,115.0,Sandstone,
2PAST0001AL,115.0,117.0,Shale,
2PAST0001AL,117.0,119.0,Sandstone,
2PAST0001AL,119.0,121.0,Siltstone,
2PAST0001AL,121.0,165.0,Sandstone,
2PAST0001AL,165.0,169.0,Shale,
2PAST0001AL,169.0,176.0,Siltstone,
2PAST0001AL,176.0,190.0,Sandstone,
2PAST0001AL,190.0,195.0,Shale,
2PAST0001AL,195.0,207.0,Sandstone,
2PAST0001AL,207.0,209.0,Shale,
2PAST0001AL,209.0,218.0,Sandstone,
2PAST0001AL,218.0,221.0,Siltstone,
2PAST0001AL,221.0,224.0,Shale,
2PAST0001AL,224.0,231.0,Siltstone,
2PAST0001AL,231.0,233.0,Shale,
2PAST0001AL,233.0,240.0,Sandstone,
2PAST0001AL,240.0,243.0,Shale,
2PAST0001AL,243.0,258.0,Sandstone,
2PAST0001AL,258.0,262.0,Shale,
2PAST0001AL,262.0,264.0,Sandstone,
2PAST0001AL,264.0,266.0,Shale,
2PAST0001AL,266.0,274.0,Sandstone,
2PAST0001AL,274.0,275.0,Shale,
2PAST0001AL,275.0,280.0,Siltstone,
2PAST0001AL,280.0,286.0,Sandstone,
2PAST0001AL,286.0,288.5,Shale,
2PAST0001AL,288.5,296.0,Sandstone,
2PAST0001AL,296.0,300.0,Siltstone,
2PAST0001AL,300.0,302.0,Shale,
2PAST0001AL,302.0,306.0,Sandstone,
2PAST0001AL,306.0,308.0,Shale,
2PAST0001AL,308.0,316.0,Sandstone,
2PAST0001AL,316.0,318.0,Shale,
2PAST0001AL,318.0,334.5,Sandstone,
2PAST0001AL,334.5,337.5,Shale,
2PAST0001AL,337.5,342.0,Sandstone,
2PAST0001AL,342.0,345.0,Shale,
2PAST0001AL,345.0,349.0,Siltstone,
2PAST0001AL,349.0,352.0,Shale,
2PAST0001AL,352.0,355.0,Sandstone,
2PAST0001AL,355.0,357.5,Shale,
2PAST0001AL,357.5,363.0,Sandstone,
2PAST0001AL,363.0,365.0,Shale,
2PAST0001AL,365.0,380.0,Sandstone,
2PAST0001AL,380.0,381.5,Shale,
2PAST0001AL,381.5,386.0,Sandstone,
2PAST0001AL,386.0,388.0,Shale,
2PAST0001AL,388.0,404.0,Sandstone,
2PAST0001AL,404.0,407.0,Shale,
2PAST0001AL,407.0,426.0,Sandstone,
2PAST0001AL,426.0,429.0,Shale,
2PAST0001AL,429.0,444.0,Sandstone,
2PAST0001AL,444.0,449.0,Shale,
2PAST0001AL,449.0,456.5,Sandstone,
2PAST0001AL,456.5,461.0,Shale,
2PAST0001AL,461.0,465.0,Sandstone,
2PAST0001AL,465.0,466.5,Shale,
2PAST0001AL,466.5,469.0,Sandstone,
2PAST0001AL,469.0,471.0,Shale,
2PAST0001AL,471.0,500.0,Sandstone,
2PAST0001AL,500.0,502.0,Shale,
2PAST0001AL,502.0,508.0,Sandstone,
2PAST0001AL,508.0,509.5,Carbonate,
2PAST0001AL,509.5,514.5,Sandstone,
2PAST0001AL,514.5,521.5,Shale,
2PAST0001AL,521.5,528.0,Sandstone,
2PAST0001AL,528.0,530.0,Shale,
2PAST0001AL,530.0,535.5,Sandstone,
2PAST0001AL,535.5,537.0,Carbonate,
2PAST0001AL,537.0,539.0,Shale,
2PAST0001AL,539.0,541.0,Carbonate,
2PAST0001AL,541.0,548.0,Sandstone,
2PAST0001AL,548.0,549.5,Shale,
2PAST0001AL,549.5,552.0,Sandstone,
2PAST0001AL,552.0,554.0,Shale,
2PAST0001AL,554.0,564.0,Sandstone,
2PAST0001AL,564.0,566.0,Shale,
2PAST0001AL,566.0,574.0,Sandstone,
2PAST0001AL,574.0,575.0,Carbonate,
2PAST0001AL,575.0,578.0,Shale,
2PAST0001AL,578.0,579.0,Sandstone,
2PAST0001AL,579.0,581.0,Carbonate,
2PAST0001AL,581.0,583.0,Shale,
2PAST0001AL,583.0,584.5,Carbonate,
2PAST0001AL,584.5,586.5,Shale,
2PAST0001AL,586.5,589.0,Sandstone,
2PAST0001AL,589.0,595.0,Shale,
2PAST0001AL,595.0,604.5,Sandstone,
2PAST0001AL,604.5,605.5,Shale,
2PAST0001AL,605.5,609.0,Sandstone,
2PAST0001AL,609.0,610.0,Shale,
2PAST0001AL,610.0,620.0,Sandstone,
2PAST0001AL,620.0,621.5,Carbonate,
2PAST0001AL,621.5,623.0,Shale,
2PAST0001AL,623.0,626.0,Sandstone,
2PAST0001AL,626.0,628.0,Shale,
2PAST0001AL,628.0,637.5,Sandstone,
2PAST0001AL,637.5,639.5,Shale,
2PAST0001AL,639.5,651.0,Sandstone,
2PAST0001AL,651.0,653.5,Shale,
2PAST0001AL,653.5,655.0,Carbonate,
2PAST0001AL,655.0,669.0,Sandstone,
2PAST0001AL,669.0,671.0,Shale,
2PAST0001AL,671.0,679.0,Sandstone,
2PAST0001AL,679.0,683.0,Shale,
2PAST0001AL,683.0,685.5,Carbonate,
2PAST0001AL,685.5,688.5,Shale,
2PAST0001AL,688.5,690.0,Siltstone,
2PAST0001AL,690.0,692.0,Carbonate,
2PAST0001AL,692.0,694.5,Siltstone,
2PAST0001AL,694.5,704.5,Sandstone,
2PAST0001AL,704.5,709.0,Shale,
2PAST0001AL,709.0,717.0,Sandstone,
2PAST0001AL,717.0,722.0,Conglomerate,
2PAST0001AL,722.0,724.0,Shale,
2PAST0001AL,724.0,727.0,Sandstone,
2PAST0001AL,727.0,729.5,Shale,
2PAST0001AL,729.5,734.5,Conglomerate,
2PAST0001AL,734.5,736.0,Carbonate,
2PAST0001AL,736.0,739.0,Shale,
2PAST0001AL,739.0,741.0,Carbonate,
2PAST0001AL,741.0,743.0,Sandstone,
2PAST0001AL,743.0,744.0,Carbonate,
2PAST0001AL,744.0,746.0,Shale,
2PAST0001AL,746.0,748.5,Sandstone,
2PAST0001AL,748.5,750.0,Shale,
2PAST0001AL,750.0,751.5,Carbonate,
2PAST0001AL,751.5,761.0,Sandstone,
2PAST0001AL,761.0,763.0,Shale,
2PAST0001AL,763.0,765.0,Sandstone,
2PAST0001AL,765.0,771.0,Shale,
2PAST0001AL,771.0,773.0,Sandstone,
2PAST0001AL,773.0,776.0,Shale,
2PAST0001AL,776.0,781.0,Sandstone,
2PAST0001AL,781.0,783.0,Shale,
2PAST0001AL,783.0,786.5,Sandstone,
2PAST0001AL,786.5,790.0,Shale,
2PAST0001AL,790.0,792.0,Sandstone,
2PAST0001AL,792.0,793.5,Carbonate,
2PAST0001AL,793.5,795.5,Shale,
2PAST0001AL,795.5,800.0,Sandstone,
2PAST0001AL,800.0,803.0,Shale,
2PAST0001AL,803.0,806.0,Conglomerate,
2PAST0001AL,806.0,808.0,Shale,
2PAST0001AL,808.0,810.0,Carbonate,
2PAST0001AL,810.0,818.5,Sandstone,
2PAST0001AL,818.5,820.0,Shale,
2PAST0001AL,820.0,823.0,Sandstone,
2PAST0001AL,823.0,824.5,Shale,
2PAST0001AL,824.5,829.0,Sandstone,
2PAST0001AL,829.0,831.0,Shale,
2PAST0001AL,831.0,836.0,Sandstone,
2PAST0001AL,836.0,841.5,Shale,
2PAST0001AL,841.5,846.5,Sandstone,
2PAST0001AL,846.5,849.0,Shale,
2PAST0001AL,849.0,858.0,Sandstone,
2PAST0001AL,858.0,861.0,Shale,
2PAST0001AL,861.0,864.0,Sandstone,
2PAST0001AL,864.0,866.0,Shale,
2PAST0001AL,866.0,872.0,Sandstone,
2PAST0001AL,872.0,874.5,Shale,
2PAST0001AL,874.5,876.0,Carbonate,
2PAST0001AL,876.0,880.0,Shale,
2PAST0001AL,880.0,881.0,Sandstone,
2PAST0001AL,881.0,883.0,Carbonate,
2PAST0001AL,883.0,885.0,Shale,
2PAST0001AL,885.0,892.0,Sandstone,
2PAST0001AL,892.0,895.0,Shale,
2PAST0001AL,895.0,899.0,Sandstone,
2PAST0001AL,899.0,902.0,Shale,
2PAST0001AL,902.0,903.5,Carbonate,
2PAST0001AL,903.5,906.0,Shale,
2PAST0001AL,906.0,908.0,Carbonate,
2PAST0001AL,908.0,916.0,Shale,
2PAST0001AL,916.0,924.0,Sandstone,
2PAST0001AL,924.0,929.0,Shale,
2PAST0001AL,929.0,940.0,Sandstone,
2PAST0001AL,940.0,942.0,Shale,
2PAST0001AL,942.0,946.0,Sandstone,
2PAST0001AL,946.0,948.0,Shale,
2PAST0001AL,948.0,952.0,Sandstone,
2PAST0001AL,952.0,954.0,Shale,
2PAST0001AL,954.0,956.0,Sandstone,
2PAST0001AL,956.0,960.5,Shale,
2PAST0001AL,960.5,962.0,Carbonate,
2PAST0001AL,962.0,969.0,Sandstone,
2PAST0001AL,969.0,972.0,Shale,
2PAST0001AL,972.0,978.0,Sandstone,
2PAST0001AL,978.0,980.0,Siltstone,
2PAST0001AL,980.0,988.0,Shale,
2PAST0001AL,988.0,993.0,Sandstone,
2PAST0001AL,993.0,996.0,Shale,
2PAST0001AL,996.0,998.0,Sandstone,
2PAST0001AL,998.0,1001.0,Shale,
2PAST0001AL,1001.0,1003.0,Sandstone,
2PAST0001AL,1003.0,1016.0,Shale,
2PAST0001AL,1016.0,1019.5,Sandstone,
2PAST0001AL,1019.5,1032.0,Shale,
2PAST0001AL,1032.0,1037.0,Sandstone,
2PAST0001AL,1037.0,1039.0,Shale,
2PAST0001AL,1039.0,1042.5,Carbonate,
2PAST0001AL,1042.5,1048.0,Shale,
2PAST0001AL,1048.0,1050.0,Sandstone,
2PAST0001AL,1050.0,1054.0,Shale,
2PAST0001AL,1054.0,1056.5,Sandstone,
2PAST0001AL,1056.5,1059.5,Shale,
2PAST0001AL,1059.5,1061.0,Carbonate,
2PAST0001AL,1061.0,1069.0,Sandstone,
2PAST0001AL,1069.0,1071.0,Shale,
2PAST0001AL,1071.0,1073.5,Sandstone,
2PAST0001AL,1073.5,1079.0,Shale,
2PAST0001AL,1079.0,1080.0,Sandstone,
2PAST0001AL,1080.0,1086.0,Shale,
2PAST0001AL,1086.0,1088.0,Sandstone,
2PAST0001AL,1088.0,1095.0,Shale,
2PAST0001AL,1095.0,1097.0,Sandstone,
2PAST0001AL,1097.0,1103.0,Shale,
2PAST0001AL,1103.0,1105.0,Sandstone,
2PAST0001AL,1105.0,1108.0,Siltstone,
2PAST0001AL,1108.0,1110.0,Carbonate,
2PAST0001AL,1110.0,1111.5,Shale,
2PAST0001AL,1111.5,1113.5,Carbonate,
2PAST0001AL,1113.5,1117.0,Shale,
2PAST0001AL,1117.0,1119.0,Carbonate,
2PAST0001AL,1119.0,1121.0,Siltstone,
2PAST0001AL,1121.0,1128.5,Shale,
2PAST0001AL,1128.5,1139.0,Siltstone,
2PAST0001AL,1139.0,1142.0,Shale,
2PAST0001AL,1142.0,1157.0,Siltstone,
2PAST0001AL,1157.0,1161.0,Shale,
2PAST0001AL,1161.0,1162.5,Carbonate,
2PAST0001AL,1162.5,1168.0,Sandstone,
2PAST0001AL,1168.0,1178.0,Shale,
2PAST0001AL,1178.0,1181.0,Sandstone,
2PAST0001AL,1181.0,1183.5,Shale,
2PAST0001AL,1183.5,1185.5,Sandstone,
2PAST0001AL,1185.5,1194.5,Shale,
2PAST0001AL,1194.5,1196.0,Carbonate,
2PAST0001AL,1196.0,1198.5,Sandstone,
2PAST0001AL,1198.5,1200.0,Shale,
2PAST0001AL,1200.0,1201.0,Carbonate,
2PAST0001AL,1201.0,1206.0,Sandstone,
2PAST0001AL,1206.0,1237.5,Shale,
2PAST0001AL,1237.5,1239.5,Carbonate,
2PAST0001AL,1239.5,1241.0,Shale,
2PAST0001AL,1241.0,1243.0,Sandstone,
2PAST0001AL,1243.0,1245.0,Shale,
2PAST0001AL,1245.0,1247.0,Sandstone,
2PAST0001AL,1247.0,1251.0,Shale,
2PAST0001AL,1251.0,1253.0,Sandstone,
2PAST0001AL,1253.0,1256.5,Shale,
2PAST0001AL,1256.5,1261.0,Carbonate,
2PAST0001AL,1261.0,1269.0,Siltstone,
2PAST0001AL,1269.0,1272.0,Shale,
2PAST0001AL,1272.0,1283.0,Sandstone,
2PAST0001AL,1283.0,1287.0,Shale,
2PAST0001AL,1287.0,1290.0,Sandstone,
2PAST0001AL,1290.0,1294.0,Shale,
2PAST0001AL,1294.0,1298.0,Sandstone,
2PAST0001AL,1298.0,1306.0,Shale,
2PAST0001AL,1306.0,1311.0,Conglomerate,
2PAST0001AL,1311.0,1318.5,Shale,
2PAST0001AL,1318.5,1320.5,Conglomerate,
2PAST0001AL,1320.5,1332.0,Shale,
2PAST0001AL,1332.0,1333.0,Carbonate,
2PAST0001AL,1333.0,1345.0,Shale,
2PAST0001AL,1345.0,1351.5,Sandstone,
2PAST0001AL,1351.5,1353.0,Shale,
2PAST0001AL,1353.0,1355.0,Sandstone,
2PAST0001AL,1355.0,1356.0,Shale,
2PAST0001AL,1356.0,1367.0,Sandstone,
2PAST0001AL,1367.0,1373.0,Shale,
2PAST0001AL,1373.0,1376.0,Sandstone,
2PAST0001AL,1376.0,1383.0,Shale,
2PAST0001AL,1383.0,1386.0,Sandstone,
2PAST0001AL,1386.0,1389.0,Shale,
2PAST0001AL,1389.0,1395.0,Sandstone,
2PAST0001AL,1395.0,1397.0,Shale,
2PAST0001AL,1397.0,1399.0,Carbonate,
2PAST0001AL,1399.0,1431.0,Sandstone,
2PAST0001AL,1431.0,1436.0,Shale,
2PAST0001AL,1436.0,1439.0,Sandstone,
2PAST0001AL,1439.0,1450.0,Shale,
2PAST0001AL,1450.0,1451.0,Carbonate,
2PAST0001AL,1451.0,1453.5,Shale,
2PAST0001AL,1453.5,1462.0,Sandstone,
2PAST0001AL,1462.0,1468.0,Shale,
2PAST0001AL,1468.0,1475.0,Sandstone,
2PAST0001AL,1475.0,1482.0,Shale,
2PAST0001AL,1482.0,1485.0,Conglomerate,
2PAST0001AL,1485.0,1489.0,Shale,
2PAST0001AL,1489.0,1494.0,Carbonate,
2PAST0001AL,1494.0,1506.0,Shale,
2PAST0001AL,1506.0,1510.0,Conglomerate,
2PAST0001AL,1510.0,1511.5,Shale,
2PAST0001AL,1511.5,1538.0,Conglomerate,
2PAST0001AL,1538.0,1543.0,Siltstone,
2PAST0001AL,1543.0,1546.0,Conglomerate,
2PAST0001AL,1546.0,1565.5,Shale,
2PAST0001AL,1565.5,1567.5,Sandstone,
2PAST0001AL,1567.5,1572.0,Shale,
2PAST0001AL,1572.0,1575.0,Sandstone,
2PAST0001AL,1575.0,1579.0,Shale,
2PAST0001AL,1579.0,1598.0,Sandstone,
2PAST0001AL,1598.0,1601.0,Shale,
2PAST0001AL,1601.0,1606.0,Sandstone,
2PAST0001AL,1606.0,1614.0,Shale,
2PAST0001AL,1614.0,1616.0,Sandstone,
2PAST0001AL,1616.0,1622.0,Siltstone,
2PAST0001AL,1622.0,1624.0,Shale,
2PAST0001AL,1624.0,1627.0,Sandstone,
2PAST0001AL,1627.0,1631.0,Shale,
2PAST0001AL,1631.0,1633.0,Sandstone,
2PAST0001AL,1633.0,1635.0,Shale,
2PAST0001AL,1635.0,1639.0,Sandstone,
2PAST0001AL,1639.0,1642.0,Shale,
2PAST0001AL,1642.0,1646.0,Carbonate,
2PAST0001AL,1646.0,1651.0,Shale,
2PAST0001AL,1651.0,1654.0,Sandstone,
2PAST0001AL,1654.0,1659.0,Siltstone,
2PAST0001AL,1659.0,1661.0,Sandstone,
2PAST0001AL,1661.0,1669.5,Shale,
2PAST0001AL,1669.5,1673.0,Sandstone,
2PAST0001AL,1673.0,1682.0,Siltstone,
2PAST0001AL,1682.0,1684.0,Sandstone,
2PAST0001AL,1684.0,1688.0,Shale,
2PAST0001AL,1688.0,1692.0,Sandstone,
2PAST0001AL,1692.0,1699.0,Shale,
2PAST0001AL,1699.0,1705.0,Sandstone,
2PAST0001AL,1705.0,1706.0,Shale,
2PAST0001AL,1706.0,1716.0,Sandstone,
2PAST0001AL,1716.0,1720.5,Shale,
2PAST0001AL,1720.5,1726.0,Sandstone,
2PAST0001AL,1726.0,1729.0,Siltstone,
2PAST0001AL,1729.0,1733.5,Sandstone,
2PAST0001AL,1733.5,1744.5,Shale,
2PAST0001AL,1744.5,1746.0,Carbonate,
2PAST0001AL,1746.0,1756.0,Shale,
2PAST0001AL,1756.0,1759.5,Sandstone,
2PAST0001AL,1759.5,1771.0,Shale,
2PAST0001AL,1771.0,1810.0,Sandstone,
2PEST0001AL,1.5,19.5,Sand,
2PEST0001AL,19.5,21.5,Mudstone,
2PEST0001AL,21.5,36.5,Sand,
2PEST0001AL,36.5,40.5,Mudstone,
2PEST0001AL,40.5,72.5,Sandstone,
2PEST0001AL,72.5,75.5,Shale,
2PEST0001AL,75.5,79.5,Sandstone,
2PEST0001AL,79.5,82.5,Shale,
2PEST0001AL,82.5,87.5,Sandstone,
2PEST0001AL,87.5,96.5,Shale,
2PEST0001AL,96.5,105.5,Sandstone,
2PEST0001AL,105.5,119.5,Carbonate,
2PEST0001AL,119.5,120.5,Sandstone,
2PEST0001AL,120.5,123.5,Carbonate,
2PEST0001AL,123.5,126.5,Sandstone,
2PEST0001AL,126.5,138.5,Carbonate,
2PEST0001AL,138.5,141.5,Sandstone,
2PEST0001AL,141.5,145.5,Carbonate,
2PEST0001AL,145.5,157.5,Carbonate,
2PEST0001AL,157.5,158.5,Sandstone,
2PEST0001AL,158.5,161.5,Shale,
2PEST0001AL,161.5,171.5,Carbonate,
2PEST0001AL,171.5,175.5,Sandstone,
2PEST0001AL,175.5,180.5,Shale,
2PEST0001AL,180.5,199.5,Sandstone,
2PEST0001AL,199.5,202.5,Carbonate,
2PEST0001AL,202.5,207.5,Sandstone,
2PEST0001AL,207.5,209.5,Shale,
2PEST0001AL,209.5,213.5,Sandstone,
2PEST0001AL,213.5,216.5,Shale,
2PEST0001AL,216.5,220.5,Sandstone,
2PEST0001AL,220.5,226.5,Carbonate,
2PEST0001AL,226.5,227.5,Shale,
2PEST0001AL,227.5,245.5,Sandstone,
2PEST0001AL,245.5,247.5,Shale,
2PEST0001AL,247.5,269.5,Sandstone,
2PEST0001AL,269.5,271.5,Shale,
2PEST0001AL,271.5,275.5,Conglomerate,
2PEST0001AL,275.5,282.5,Shale,
2PEST0001AL,282.5,341.5,Conglomerate,
2PEST0001AL,341.5,347.5,Sandstone,
2PEST0001AL,347.5,355.5,Shale,
2PEST0001AL,355.5,389.5,Conglomerate,
2PEST0001AL,389.5,392.5,Shale,
2PEST0001AL,392.5,397.5,Conglomerate,
2PEST0001AL,397.5,399.5,Shale,
2PEST0001AL,399.5,403.5,Conglomerate,
2PEST0001AL,403.5,406.5,Shale,
2PEST0001AL,406.5,418.5,Conglomerate,
2PEST0001AL,418.5,429.5,Shale,
2PEST0001AL,429.5,434.5,Sandstone,
2PEST0001AL,434.5,436.5,Shale,
2PEST0001AL,436.5,438.5,Conglomerate,
2PEST0001AL,438.5,441.5,Shale,
2PEST0001AL,441.5,444.5,Sandstone,
2PEST0001AL,444.5,448.5,Shale,
2PEST0001AL,448.5,463.5,Conglomerate,
2PEST0001AL,463.5,467.5,Shale,
2PEST0001AL,467.5,477.5,Conglomerate,
2PEST0001AL,477.5,481.5,Shale,
2PEST0001AL,481.5,491.5,Conglomerate,
2PEST0001AL,491.5,493.5,Shale,
2PEST0001AL,493.5,503.5,Conglomerate,
2PEST0001AL,503.5,508.5,Shale,
2PEST0001AL,508.5,523.5,Conglomerate,
2PEST0001AL,523.5,533.5,Shale,
2PEST0001AL,533.5,538.5,Carbonate,
2PEST0001AL,538.5,541.5,Sandstone,
2PEST0001AL,541.5,544.5,Shale,
2PEST0001AL,544.5,567.5,Conglomerate,
2PEST0001AL,567.5,570.5,Shale,
2PEST0001AL,570.5,573.5,Sandstone,
2PEST0001AL,573.5,574.5,Shale,
2PEST0001AL,574.5,576.5,Sandstone,
2PEST0001AL,576.5,578.5,Shale,
2PEST0001AL,578.5,588.5,Sandstone,
2PEST0001AL,588.5,594.5,Conglomerate,
2PEST0001AL,594.5,598.5,Shale,
2PEST0001AL,598.5,613.5,Conglomerate,
2PEST0001AL,613.5,617.5,Shale,
2PEST0001AL,617.5,620.5,Sandstone,
2PEST0001AL,620.5,621.5,Shale,
2PEST0001AL,621.5,623.5,Sandstone,
2PEST0001AL,623.5,628.5,Shale,
2PEST0001AL,628.5,630.5,Carbonate,
2PEST0001AL,630.5,634.5,Shale,
2PEST0001AL,634.5,635.5,Carbonate,
2PEST0001AL,635.5,637.5,Shale,
2PEST0001AL,637.5,644.5,Sandstone,
2PEST0001AL,644.5,648.5,Shale,
2PEST0001AL,648.5,651.5,Conglomerate,
2PEST0001AL,651.5,655.5,Sandstone,
2PEST0001AL,655.5,658.5,Shale,
2PEST0001AL,658.5,666.5,Conglomerate,
2PEST0001AL,666.5,669.5,Carbonate,
2PEST0001AL,669.5,672.5,Shale,
2PEST0001AL,672.5,676.5,Sandstone,
2PEST0001AL,676.5,678.5,Shale,
2PEST0001AL,678.5,680.5,Carbonate,
2PEST0001AL,680.5,681.5,Shale,
2PEST0001AL,681.5,685.5,Sandstone,
2PEST0001AL,685.5,688.5,Shale,
2PEST0001AL,688.5,690.5,Carbonate,
2PEST0001AL,690.5,692.5,Shale,
2PEST0001AL,692.5,694.5,Carbonate,
2PEST0001AL,694.5,697.5,Siltstone,
2PEST0001AL,697.5,699.5,Carbonate,
2PEST0001AL,699.5,701.5,Shale,
2PEST0001AL,701.5,703.5,Carbonate,
2PEST0001AL,703.5,706.5,Shale,
2PEST0001AL,706.5,707.5,Sandstone,
2PEST0001AL,707.5,709.5,Shale,
2PEST0001AL,709.5,715.5,Sandstone,
2PEST0001AL,715.5,717.5,Carbonate,
2PEST0001AL,717.5,720.5,Shale,
2PEST0001AL,720.5,722.5,Carbonate,
2PEST0001AL,722.5,730.5,Shale,
2PEST0001AL,730.5,732.5,Carbonate,
2PEST0001AL,732.5,737.5,Shale,
2PEST0001AL,737.5,739.5,Carbonate,
2PEST0001AL,739.5,748.5,Shale,
2PEST0001AL,748.5,753.5,Carbonate,
2PEST0001AL,753.5,757.5,Shale,
2PEST0001AL,757.5,766.5,Carbonate,
2PEST0001AL,766.5,768.5,Shale,
2PEST0001AL,768.5,771.5,Carbonate,
2PEST0001AL,771.5,775.5,Sandstone,
2PEST0001AL,775.5,780.5,Shale,
2PEST0001AL,780.5,782.5,Carbonate,
2PEST0001AL,782.5,783.5,Shale,
2PEST0001AL,783.5,787.5,Sandstone,
2PEST0001AL,787.5,790.5,Shale,
2PEST0001AL,790.5,792.5,Carbonate,
2PEST0001AL,792.5,793.5,Sandstone,
2PEST0001AL,793.5,794.5,Carbonate,
2PEST0001AL,794.5,795.5,Shale,
2PEST0001AL,795.5,797.5,Sandstone,
2PEST0001AL,797.5,799.5,Carbonate,
2PEST0001AL,799.5,803.5,Shale,
2PEST0001AL,803.5,806.5,Carbonate,
2PEST0001AL,806.5,807.5,Shale,
2PEST0001AL,807.5,809.5,Sandstone,
2PEST0001AL,809.5,812.5,Shale,
2PEST0001AL,812.5,819.5,Carbonate,
2PEST0001AL,819.5,823.5,Sandstone,
2PEST0001AL,823.5,828.5,Shale,
2PEST0001AL,828.5,831.5,Carbonate,
2PEST0001AL,831.5,834.5,Carbonate,
2PEST0001AL,834.5,835.5,Sandstone,
2PEST0001AL,835.5,837.5,Shale,
2PEST0001AL,837.5,839.5,Carbonate,
2PEST0001AL,839.5,840.5,Shale,
2PEST0001AL,840.5,842.5,Sandstone,
2PEST0001AL,842.5,844.5,Shale,
2PEST0001AL,844.5,847.5,Sandstone,
2PEST0001AL,847.5,851.5,Shale,
2PEST0001AL,851.5,853.5,Sandstone,
2PEST0001AL,853.5,857.5,Shale,
2PEST0001AL,857.5,859.5,Carbonate,
2PEST0001AL,859.5,869.5,Carbonate,
2PEST0001AL,869.5,872.5,Sandstone,
2PEST0001AL,872.5,884.5,Carbonate,
2PEST0001AL,884.5,886.5,Shale,
2PEST0001AL,886.5,888.5,Sandstone,
2PEST0001AL,888.5,892.5,Carbonate,
2PEST0001AL,892.5,903.5,Carbonate,
2PEST0001AL,903.5,906.5,Sandstone,
2PEST0001AL,906.5,908.5,Shale,
2PEST0001AL,908.5,913.5,Sandstone,
2PEST0001AL,913.5,916.5,Shale,
2PEST0001AL,916.5,922.5,Sandstone,
2PEST0001AL,922.5,927.5,Shale,
2PEST0001AL,927.5,932.5,Sandstone,
2PEST0001AL,932.5,936.5,Shale,
2PEST0001AL,936.5,940.5,Sandstone,
2PEST0001AL,940.5,945.5,Carbonate,
2PEST0001AL,945.5,949.5,Shale,
2PEST0001AL,949.5,953.5,Sandstone,
2PEST0001AL,953.5,956.5,Shale,
2PEST0001AL,956.5,961.5,Sandstone,
2PEST0001AL,961.5,963.5,Shale,
2PEST0001AL,963.5,967.5,Sandstone,
2PEST0001AL,967.5,975.5,Carbonate,
2PEST0001AL,975.5,976.5,Shale,
2PEST0001AL,976.5,981.5,Carbonate,
2PEST0001AL,981.5,983.5,Shale,
2PEST0001AL,983.5,987.5,Sandstone,
2PEST0001AL,987.5,997.5,Shale,
2PEST0001AL,997.5,999.5,Sandstone,
2PEST0001AL,999.5,1003.5,Shale,
2PEST0001AL,1003.5,1006.5,Sandstone,
2PEST0001AL,1006.5,1010.5,Shale,
2PEST0001AL,1010.5,1017.5,Sandstone,
2PEST0001AL,1017.5,1021.5,Shale,
2PEST0001AL,1021.5,1029.5,Sandstone,
2PEST0001AL,1029.5,1038.5,Shale,
2PEST0001AL,1038.5,1042.5,Carbonate,
2PEST0001AL,1042.5,1073.5,Shale,
2PEST0001AL,1073.5,1081.5,Carbonate,
2PEST0001AL,1081.5,1089.5,Shale,
2PEST0001AL,1089.5,1096.5,Sandstone,
2PEST0001AL,1096.5,1099.5,Shale,
2PEST0001AL,1099.5,1106.5,Sandstone,
2PEST0001AL,1106.5,1107.5,Shale,
2PEST0001AL,1107.5,1116.5,Sandstone,
2PEST0001AL,1116.5,1118.5,Shale,
2PEST0001AL,1118.5,1123.5,Sandstone,
2PEST0001AL,1123.5,1131.5,Shale,
2PEST0001AL,1131.5,1145.5,Sandstone,
2PEST0001AL,1145.5,1151.5,Shale,
2PEST0001AL,1151.5,1154.5,Sandstone,
2PEST0001AL,1154.5,1157.5,Shale,
2PEST0001AL,1157.5,1160.5,Sandstone,
2PEST0001AL,1160.5,1163.5,Shale,
2PEST0001AL,1163.5,1164.5,Sandstone,
2PEST0001AL,1164.5,1167.5,Carbonate,
2PEST0001AL,1167.5,1170.5,Shale,
2PEST0001AL,1170.5,1176.5,Sandstone,
2PEST0001AL,1176.5,1178.5,Shale,
2PEST0001AL,1178.5,1181.5,Sandstone,
2PEST0001AL,1181.5,1186.5,Shale,
2PEST0001AL,1186.5,1192.5,Sandstone,
2PEST0001AL,1192.5,1195.5,Shale,
2PEST0001AL,1195.5,1201.5,Carbonate,
2PEST0001AL,1201.5,1224.5,Shale,
2PEST0001AL,1224.5,1227.5,Sandstone,
2PEST0001AL,1227.5,1231.5,Shale,
2PEST0001AL,1231.5,1236.5,Sandstone,
2PEST0001AL,1236.5,1238.5,Shale,
2PEST0001AL,1238.5,1241.5,Sandstone,
2PEST0001AL,1241.5,1246.5,Shale,
2PEST0001AL,1246.5,1257.5,Sandstone,
2PEST0001AL,1257.5,1260.5,Shale,
2PEST0001AL,1260.5,1261.5,Sandstone,
2PEST0001AL,1261.5,1263.5,Shale,
2PEST0001AL,1263.5,1266.5,Carbonate,
2PEST0001AL,1266.5,1282.5,Shale,
2PEST0001AL,1282.5,1285.5,Sandstone,
2PEST0001AL,1285.5,1287.5,Carbonate,
2PEST0001AL,1287.5,1290.5,Shale,
2PEST0001AL,1290.5,1292.5,Carbonate,
2PEST0001AL,1292.5,1295.5,Shale,
2PEST0001AL,1295.5,1297.5,Sandstone,
2PEST0001AL,1297.5,1300.5,Shale,
2PEST0001AL,1300.5,1309.5,Sandstone,
2PEST0001AL,1309.5,1321.5,Shale,
2PEST0001AL,1321.5,1322.5,Sandstone,
2PEST0001AL,1322.5,1326.5,Shale,
2PEST0001AL,1326.5,1331.5,Carbonate,
2PEST0001AL,1331.5,1336.5,Shale,
2PEST0001AL,1336.5,1341.5,Carbonate,
2PEST0001AL,1341.5,1344.5,Shale,
2PEST0001AL,1344.5,1347.5,Sandstone,
2PEST0001AL,1347.5,1350.5,Shale,
2PEST0001AL,1350.5,1354.5,Sandstone,
2PEST0001AL,1354.5,1356.5,Shale,
2PEST0001AL,1356.5,1361.5,Sandstone,
2PEST0001AL,1361.5,1366.5,Shale,
2PEST0001AL,1366.5,1369.5,Sandstone,
2PEST0001AL,1369.5,1374.5,Shale,
2PEST0001AL,1374.5,1380.5,Sandstone,
2PEST0001AL,1380.5,1382.5,Shale,
2PEST0001AL,1382.5,1386.5,Sandstone,
2PEST0001AL,1386.5,1388.5,Shale,
2PEST0001AL,1388.5,1390.5,Sandstone,
2PEST0001AL,1390.5,1393.5,Shale,
2PEST0001AL,1393.5,1404.5,Sandstone,
2PEST0001AL,1404.5,1420.5,Shale,
2PEST0001AL,1420.5,1426.5,Sandstone,
2PEST0001AL,1426.5,1428.5,Shale,
2PEST0001AL,1428.5,1437.5,Sandstone,
2PEST0001AL,1437.5,1442.5,Shale,
2PEST0001AL,1442.5,1451.5,Sandstone,
2PEST0001AL,1451.5,1461.5,Shale,
2PEST0001AL,1461.5,1473.5,Sandstone,
2PEST0001AL,1473.5,1476.5,Shale,
2PEST0001AL,1476.5,1479.5,Carbonate,
2PEST0001AL,1479.5,1482.5,Shale,
2PEST0001AL,1482.5,1486.5,Sandstone,
2PEST0001AL,1486.5,1489.5,Shale,
2PEST0001AL,1489.5,1496.5,Sandstone,
2PEST0001AL,1496.5,1499.5,Shale,
2PEST0001AL,1499.5,1501.5,Sandstone,
2PEST0001AL,1501.5,1503.5,Shale,
2PEST0001AL,1503.5,1506.5,Sandstone,
2PEST0001AL,1506.5,1509.5,Shale,
2PEST0001AL,1509.5,1512.5,Sandstone,
2PEST0001AL,1512.5,1513.5,Shale,
2PEST0001AL,1513.5,1519.5,Sandstone,
2PEST0001AL,1519.5,1525.5,Shale,
2PEST0001AL,1525.5,1529.5,Halite,Cycle 1
2PEST0001AL,1529.5,1534.5,Shale,Cycle 1
2PEST0001AL,1534.5,1536.5,Sandstone,Cycle 1
2PEST0001AL,1536.5,1538.5,Shale,Cycle 1
2PEST0001AL,1538.5,1540.5,Sandstone,Cycle 1
2PEST0001AL,1540.5,1542.5,Shale,Cycle 1
2PEST0001AL,1542.5,1543.5,Sandstone,Cycle 1
2PEST0001AL,1543.5,1545.5,Shale,Cycle 1
2PEST0001AL,1545.5,1551.5,Carbonate,Cycle 1
2PEST0001AL,1551.5,1554.5,Shale,Cycle 1
2PEST0001AL,1554.5,1557.5,Sandstone,Cycle 1
2PEST0001AL,1557.5,1559.5,Shale,Cycle 1
2PEST0001AL,1559.5,1568.5,Sandstone,Cycle 1
2PEST0001AL,1568.5,1570.5,Shale,Cycle 1
2PEST0001AL,1570.5,1571.5,Sandstone,Cycle 1
2PEST0001AL,1571.5,1573.5,Shale,Cycle 1
2PEST0001AL,1573.5,1576.5,Halite,Cycle 1
2PEST0001AL,1576.5,1581.5,Shale,Cycle 1
2PEST0001AL,1581.5,1590.5,Sandstone,Cycle 1
2PEST0001AL,1590.5,1597.5,Shale,Cycle 1
2PEST0001AL,1597.5,1604.5,Halite,Cycle 1
2PEST0001AL,1604.5,1618.5,Shale,Cycle 1
2PEST0001AL,1618.5,1635.5,Sandstone,Cycle 1
2PEST0001AL,1635.5,1641.5,Shale,Cycle 1
2PEST0001AL,1641.5,1644.5,Sandstone,Cycle 1
2PEST0001AL,1644.5,1646.5,Shale,Cycle 1
2PEST0001AL,1646.5,1654.5,Halite,Cycle 1
2PEST0001AL,1654.5,1657.5,Shale,Cycle 1
2PEST0001AL,1657.5,1663.5,Halite,Cycle 1
2PEST0001AL,1663.5,1667.5,Shale,Cycle 1
2PEST0001AL,1667.5,1669.5,Halite,Cycle 1
2PEST0001AL,1669.5,1671.5,Shale,Cycle 1
2PEST0001AL,1671.5,1672.5,Carbonate,Cycle 1
2PEST0001AL,1672.5,1674.5,Shale,Cycle 1
2PEST0001AL,1674.5,1687.5,Halite,Cycle 1
2PEST0001AL,1687.5,1689.5,Shale,Cycle 1
2PEST0001AL,1689.5,1692.5,Sandstone,Cycle 1
2PEST0001AL,1692.5,1694.5,Shale,Cycle 1
2PEST0001AL,1694.5,1700.5,Sandstone,Cycle 1
2PEST0001AL,1700.5,1703.5,Shale,Cycle 1
2PEST0001AL,1703.5,1706.5,Halite,Cycle 1
2PEST0001AL,1706.5,1707.5,Shale,
2PEST0001AL,1707.5,1708.5,Sandstone,
2PEST0001AL,1708.5,1711.5,Shale,
2PEST0001AL,1711.5,1712.5,Sandstone,
2PEST0001AL,1712.5,1716.5,Shale,
2PEST0001AL,1716.5,1718.5,Carbonate,
2PEST0001AL,1718.5,1720.5,Shale,
2PEST0001AL,1720.5,1725.5,Sandstone,
2PEST0001AL,1725.5,1739.5,Shale,
2PEST0001AL,1739.5,1743.5,Sandstone,
2PEST0001AL,1743.5,1765.5,Shale,
2PEST0001AL,1765.5,1768.5,Sandstone,
2PEST0001AL,1768.5,1770.5,Shale,
2PEST0001AL,1770.5,1780.5,Sandstone,
2PEST0001AL,1780.5,1783.5,Shale,
2PEST0001AL,1783.5,1788.5,Sandstone,
2PEST0001AL,1788.5,1791.5,Shale,
2PEST0001AL,1791.5,1794.5,Sandstone,
2PEST0001AL,1794.5,1796.5,Shale,
2PEST0001AL,1796.5,1802.5,Sandstone,
2PEST0001AL,1802.5,1804.5,Shale,
2PEST0001AL,1804.5,1810.5,Sandstone,
2PEST0001AL,1810.5,1816.5,Shale,
2RDST0001AL,0.0,17.0,Sand,
2RDST0001AL,17.0,22.0,Clay,
2RDST0001AL,22.0,26.0,Shale,
2RDST0001AL,26.0,28.0,Carbonate,
2RDST0001AL,28.0,30.0,Shale,
2RDST0001AL,30.0,32.0,Sandstone,
2RDST0001AL,32.0,34.0,Shale,
2RDST0001AL,34.0,37.0,Sandstone,
2RDST0001AL,37.0,39.0,Shale,
2RDST0001AL,39.0,48.0,Sandstone,
2RDST0001AL,48.0,50.0,Shale,
2RDST0001AL,50.0,70.0,Sandstone,
2RDST0001AL,70.0,76.0,Carbonate,
2RDST0001AL,76.0,78.0,Shale,
2RDST0001AL,78.0,86.0,Sandstone,
2RDST0001AL,86.0,88.0,Shale,
2RDST0001AL,88.0,93.0,Carbonate,
2RDST0001AL,93.0,96.0,Sandstone,
2RDST0001AL,96.0,99.0,Shale,
2RDST0001AL,99.0,101.0,Sandstone,
2RDST0001AL,101.0,103.0,Shale,
2RDST0001AL,103.0,110.0,Carbonate,
2RDST0001AL,110.0,112.0,Sandstone,
2RDST0001AL,112.0,117.0,Shale,
2RDST0001AL,117.0,124.0,Sandstone,
2RDST0001AL,124.0,134.0,Shale,
2RDST0001AL,134.0,136.0,Carbonate,
2RDST0001AL,136.0,139.0,Shale,
2RDST0001AL,139.0,141.0,Sandstone,
2RDST0001AL,141.0,151.0,Shale,
2RDST0001AL,151.0,154.0,Sandstone,
2RDST0001AL,154.0,156.0,Shale,
2RDST0001AL,156.0,157.0,Sandstone,
2RDST0001AL,157.0,160.0,Shale,
2RDST0001AL,160.0,176.0,Sandstone,
2RDST0001AL,176.0,178.0,Shale,
2RDST0001AL,178.0,180.0,Sandstone,
2RDST0001AL,180.0,181.0,Shale,
2RDST0001AL,181.0,193.0,Sandstone,
2RDST0001AL,193.0,196.0,Shale,
2RDST0001AL,196.0,216.0,Sandstone,
2RDST0001AL,216.0,217.0,Shale,
2RDST0001AL,217.0,236.0,Sandstone,
2RDST0001AL,236.0,238.0,Carbonate,
2RDST0001AL,238.0,244.0,Shale,
2RDST0001AL,244.0,248.0,Carbonate,
2RDST0001AL,248.0,251.0,Shale,
2RDST0001AL,251.0,253.0,Sandstone,
2RDST0001AL,253.0,261.0,Carbonate,
2RDST0001AL,261.0,266.0,Shale,
2RDST0001AL,266.0,272.0,Carbonate,
2RDST0001AL,272.0,277.0,Sandstone,
2RDST0001AL,277.0,286.0,Carbonate,
2RDST0001AL,286.0,297.0,Sandstone,
2RDST0001AL,297.0,300.0,Shale,
2RDST0001AL,300.0,301.0,Sandstone,
2RDST0001AL,301.0,304.0,Shale,
2RDST0001AL,304.0,306.0,Sandstone,
2RDST0001AL,306.0,307.0,Shale,
2RDST0001AL,307.0,312.0,Sandstone,
2RDST0001AL,312.0,319.0,Shale,
2RDST0001AL,319.0,321.0,Carbonate,
2RDST0001AL,321.0,324.0,Shale,
2RDST0001AL,324.0,326.0,Carbonate,
2RDST0001AL,326.0,327.0,Shale,
2RDST0001AL,327.0,336.0,Sandstone,
2RDST0001AL,336.0,340.0,Shale,
2RDST0001AL,340.0,354.0,Sandstone,
2RDST0001AL,354.0,356.0,Carbonate,
2RDST0001AL,356.0,368.0,Sandstone,
2RDST0001AL,368.0,371.0,Carbonate,
2RDST0001AL,371.0,380.0,Shale,
2RDST0001AL,380.0,382.0,Sandstone,
2RDST0001AL,382.0,387.0,Shale,
2RDST0001AL,387.0,398.0,Sandstone,
2RDST0001AL,398.0,401.0,Shale,
2RDST0001AL,401.0,417.0,Sandstone,
2RDST0001AL,417.0,425.0,Shale,
2RDST0001AL,425.0,440.0,Sandstone,
2RDST0001AL,440.0,442.0,Carbonate,
2RDST0001AL,442.0,456.0,Sandstone,
2RDST0001AL,456.0,458.0,Carbonate,
2RDST0001AL,458.0,461.0,Shale,
2RDST0001AL,461.0,466.0,Sandstone,
2RDST0001AL,466.0,467.0,Shale,
2RDST0001AL,467.0,476.0,Sandstone,
2RDST0001AL,476.0,482.0,Shale,
2RDST0001AL,482.0,483.0,Carbonate,
2RDST0001AL,483.0,491.0,Shale,
2RDST0001AL,491.0,500.0,Carbonate,
2RDST0001AL,500.0,501.0,Shale,
2RDST0001AL,501.0,504.0,Carbonate,
2RDST0001AL,504.0,514.0,Shale,
2RDST0001AL,514.0,517.0,Carbonate,
2RDST0001AL,517.0,533.0,Shale,
2RDST0001AL,533.0,538.0,Carbonate,
2RDST0001AL,538.0,549.0,Shale,
2RDST0001AL,549.0,552.0,Carbonate,
2RDST0001AL,552.0,554.0,Shale,
2RDST0001AL,554.0,556.0,Sandstone,
2RDST0001AL,556.0,559.0,Shale,
2RDST0001AL,559.0,561.0,Carbonate,
2RDST0001AL,561.0,566.0,Shale,
2RDST0001AL,566.0,569.0,Sandstone,
2RDST0001AL,569.0,587.0,Shale,
2RDST0001AL,587.0,596.0,Carbonate,
2RDST0001AL,596.0,598.0,Shale,
2RDST0001AL,598.0,600.0,Carbonate,
2RDST0001AL,600.0,603.0,Shale,
2RDST0001AL,603.0,604.0,Carbonate,
2RDST0001AL,604.0,609.0,Shale,
2RDST0001AL,609.0,612.0,Sandstone,
2RDST0001AL,612.0,616.0,Shale,
2RDST0001AL,616.0,618.0,Sandstone,
2RDST0001AL,618.0,632.0,Shale,
2RDST0001AL,632.0,633.0,Carbonate,
2RDST0001AL,633.0,640.0,Shale,
2RDST0001AL,640.0,642.0,Carbonate,
2RDST0001AL,642.0,646.0,Shale,
2RDST0001AL,646.0,648.0,Sandstone,
2RDST0001AL,648.0,668.0,Shale,
2RDST0001AL,668.0,669.0,Carbonate,
2RDST0001AL,669.0,682.0,Shale,
2RDST0001AL,682.0,683.0,Carbonate,
2RDST0001AL,683.0,688.0,Shale,
2RDST0001AL,688.0,690.0,Sandstone,
2RDST0001AL,690.0,722.0,Shale,
2RDST0001AL,722.0,724.0,Sandstone,
2RDST0001AL,724.0,726.0,Shale,
2RDST0001AL,726.0,728.0,Carbonate,
2RDST0001AL,728.0,737.0,Shale,
2RDST0001AL,737.0,742.0,Carbonate,
2RDST0001AL,742.0,751.0,Shale,
2RDST0001AL,751.0,753.0,Sandstone,
2RDST0001AL,753.0,762.0,Shale,
2RDST0001AL,762.0,769.0,Sandstone,
2RDST0001AL,769.0,773.0,Shale,
2RDST0001AL,773.0,776.0,Carbonate,
2RDST0001AL,776.0,780.0,Shale,
2RDST0001AL,780.0,782.0,Sandstone,
2RDST0001AL,782.0,784.0,Shale,
2RDST0001AL,784.0,786.0,Carbonate,
2RDST0001AL,786.0,803.0,Shale,
2RDST0001AL,803.0,806.0,Sandstone,
2RDST0001AL,806.0,830.0,Shale,
2RDST0001AL,830.0,831.0,Sandstone,
2RDST0001AL,831.0,839.0,Shale,
2RDST0001AL,839.0,841.0,Sandstone,
2RDST0001AL,841.0,843.0,Shale,
2RDST0001AL,843.0,845.0,Carbonate,
2RDST0001AL,845.0,847.0,Shale,
2RDST0001AL,847.0,851.0,Carbonate,
2RDST0001AL,851.0,856.0,Sandstone,
2RDST0001AL,856.0,858.0,Shale,
2RDST0001AL,858.0,861.0,Sandstone,
2RDST0001AL,861.0,864.0,Shale,
2RDST0001AL,864.0,867.0,Carbonate,
2RDST0001AL,867.0,874.0,Sandstone,
2RDST0001AL,874.0,876.0,Shale,
2RDST0001AL,876.0,877.0,Carbonate,
2RDST0001AL,877.0,880.0,Shale,
2RDST0001AL,880.0,881.0,Carbonate,
2RDST0001AL,881.0,883.0,Shale,
2RDST0001AL,883.0,885.0,Carbonate,
2RDST0001AL,885.0,903.0,Shale,
2RDST0001AL,903.0,906.0,Carbonate,
2RDST0001AL,906.0,913.0,Sandstone,
2RDST0001AL,913.0,915.0,Shale,
2RDST0001AL,915.0,917.0,Carbonate,
2RDST0001AL,917.0,920.0,Shale,
2RDST0001AL,920.0,922.0,Sandstone,
2RDST0001AL,922.0,925.0,Shale,
2RDST0001AL,925.0,927.0,Sandstone,
2RDST0001AL,927.0,928.0,Shale,
2RDST0001AL,928.0,934.0,Sandstone,
2RDST0001AL,934.0,936.0,Shale,
2RDST0001AL,936.0,938.0,Carbonate,
2RDST0001AL,938.0,943.0,Shale,
2RDST0001AL,943.0,946.0,Carbonate,
2RDST0001AL,946.0,949.0,Shale,
2RDST0001AL,949.0,952.0,Sandstone,
2RDST0001AL,952.0,954.0,Shale,
2RDST0001AL,954.0,957.0,Carbonate,
2RDST0001AL,957.0,961.0,Shale,
2RDST0001AL,961.0,966.0,Sandstone,
2RDST0001AL,966.0,967.0,Shale,
2RDST0001AL,967.0,977.0,Sandstone,
2RDST0001AL,977.0,984.0,Shale,
2RDST0001AL,984.0,987.0,Sandstone,
2RDST0001AL,987.0,991.0,Shale,
2RDST0001AL,991.0,994.0,Sandstone,
2RDST0001AL,994.0,996.0,Shale,
2RDST0001AL,996.0,1001.0,Sandstone,
2RDST0001AL,1001.0,1006.0,Shale,
2RDST0001AL,1006.0,1008.0,Sandstone,
2RDST0001AL,1008.0,1014.0,Shale,
2RDST0001AL,1014.0,1016.0,Carbonate,
2RDST0001AL,1016.0,1025.0,Shale,
2RDST0001AL,1025.0,1027.0,Sandstone,
2RDST0001AL,1027.0,1032.0,Shale,
2RDST0001AL,1032.0,1033.0,Carbonate,
2RDST0001AL,1033.0,1040.0,Shale,
2RDST0001AL,1040.0,1042.0,Sandstone,
2RDST0001AL,1042.0,1043.0,Carbonate,
2RDST0001AL,1043.0,1046.0,Sandstone,
2RDST0001AL,1046.0,1049.0,Shale,
2RDST0001AL,1049.0,1051.0,Carbonate,
2RDST0001AL,1051.0,1054.0,Shale,
2RDST0001AL,1054.0,1068.0,Sandstone,
2RDST0001AL,1068.0,1071.0,Shale,
2RDST0001AL,1071.0,1087.0,Sandstone,
2RDST0001AL,1087.0,1093.0,Shale,
2RDST0001AL,1093.0,1096.0,Sandstone,
2RDST0001AL,1096.0,1100.0,Shale,
2RDST0001AL,1100.0,1103.0,Siltstone,
2RDST0001AL,1103.0,1120.0,Shale,
2RDST0001AL,1120.0,1122.0,Carbonate,
2RDST0001AL,1122.0,1123.0,Shale,
2RDST0001AL,1123.0,1126.0,Sandstone,
2RDST0001AL,1126.0,1136.0,Shale,
2RDST0001AL,1136.0,1141.0,Sandstone,
2RDST0001AL,1141.0,1143.0,Shale,
2RDST0001AL,1143.0,1149.0,Sandstone,
2RDST0001AL,1149.0,1151.0,Shale,
2RDST0001AL,1151.0,1156.0,Sandstone,
2RDST0001AL,1156.0,1158.0,Shale,
2RDST0001AL,1158.0,1163.0,Sandstone,
2RDST0001AL,1163.0,1170.0,Shale,
2RDST0001AL,1170.0,1172.0,Siltstone,
2RDST0001AL,1172.0,1179.0,Shale,
2RDST0001AL,1179.0,1182.0,Sandstone,
2RDST0001AL,1182.0,1184.0,Shale,
2RDST0001AL,1184.0,1189.0,Sandstone,
2RDST0001AL,1189.0,1190.0,Shale,
2RDST0001AL,1190.0,1192.0,Sandstone,
2RDST0001AL,1192.0,1199.0,Shale,
2RDST0001AL,1199.0,1202.0,Carbonate,
2RDST0001AL,1202.0,1205.0,Sandstone,
2RDST0001AL,1205.0,1207.0,Shale,
2RDST0001AL,1207.0,1209.0,Sandstone,
2RDST0001AL,1209.0,1211.0,Shale,
2RDST0001AL,1211.0,1213.0,Sandstone,
2RDST0001AL,1213.0,1214.0,Shale,
2RDST0001AL,1214.0,1216.0,Sandstone,
2RDST0001AL,1216.0,1221.0,Shale,
2RDST0001AL,1221.0,1224.0,Sandstone,
2RDST0001AL,1224.0,1227.0,Shale,
2RDST0001AL,1227.0,1229.0,Siltstone,
2RDST0001AL,1229.0,1239.0,Shale,
2RDST0001AL,1239.0,1240.0,Sandstone,
2RDST0001AL,1240.0,1242.0,Shale,
2RDST0001AL,1242.0,1251.0,Sandstone,
2RDST0001AL,1251.0,1256.0,Shale,
2RDST0001AL,1256.0,1260.0,Sandstone,
2RDST0001AL,1260.0,1271.0,Shale,
2RDST0001AL,1271.0,1276.0,Sandstone,
2RDST0001AL,1276.0,1285.0,Shale,
2RDST0001AL,1285.0,1296.0,Sandstone,
2RDST0001AL,1296.0,1299.0,Shale,
2RDST0001AL,1299.0,1302.0,Sandstone,
2RDST0001AL,1302.0,1304.0,Shale,
2RDST0001AL,1304.0,1306.0,Sandstone,
2RDST0001AL,1306.0,1314.0,Shale,
2RDST0001AL,1314.0,1317.0,Siltstone,
2RDST0001AL,1317.0,1327.0,Sandstone,
2RDST0001AL,1327.0,1330.0,Shale,
2RDST0001AL,1330.0,1337.0,Sandstone,
2RDST0001AL,1337.0,1346.0,Shale,
2RDST0001AL,1346.0,1348.0,Carbonate,
2RDST0001AL,1348.0,1352.0,Shale,
2RDST0001AL,1352.0,1355.0,Carbonate,
2RDST0001AL,1355.0,1359.0,Shale,
2RDST0001AL,1359.0,1361.0,Carbonate,
2RDST0001AL,1361.0,1363.0,Shale,
2RDST0001AL,1363.0,1365.0,Sandstone,
2RDST0001AL,1365.0,1371.0,Shale,
2RDST0001AL,1371.0,1374.0,Sandstone,
2RDST0001AL,1374.0,1376.0,Shale,
2RDST0001AL,1376.0,1384.0,Sandstone,
2RDST0001AL,1384.0,1389.0,Shale,
2RDST0001AL,1389.0,1395.0,Sandstone,
2RDST0001AL,1395.0,1398.0,Shale,
2RDST0001AL,1398.0,1411.0,Sandstone,
2RDST0001AL,1411.0,1425.0,Shale,
2RDST0001AL,1425.0,1427.0,Carbonate,
2RDST0001AL,1427.0,1432.0,Sandstone,
2RDST0001AL,1432.0,1437.0,Siltstone,
2RDST0001AL,1437.0,1444.0,Sandstone,
2RDST0001AL,1444.0,1447.0,Shale,
2RDST0001AL,1447.0,1450.0,Sandstone,
2RDST0001AL,1450.0,1452.0,Shale,
2RDST0001AL,1452.0,1454.0,Sandstone,
2RDST0001AL,1454.0,1456.0,Shale,
2RDST0001AL,1456.0,1458.0,Siltstone,
2RDST0001AL,1458.0,1460.0,Shale,
2RDST0001AL,1460.0,1462.0,Carbonate,
2RDST0001AL,1462.0,1464.0,Sandstone,
2RDST0001AL,1464.0,1466.0,Shale,
2RDST0001AL,1466.0,1473.0,Sandstone,
2RDST0001AL,1473.0,1487.0,Shale,
2RDST0001AL,1487.0,1492.0,Sandstone,
2RDST0001AL,1492.0,1493.0,Shale,
2RDST0001AL,1493.0,1494.0,Sandstone,
2RDST0001AL,1494.0,1496.0,Shale,
2RDST0001AL,1496.0,1498.0,Sandstone,
2RDST0001AL,1498.0,1508.0,Shale,
2RDST0001AL,1508.0,1521.0,Sandstone,
2RDST0001AL,1521.0,1526.0,Shale,
2RDST0001AL,1526.0,1532.0,Sandstone,
2RDST0001AL,1532.0,1533.0,Shale,
2RDST0001AL,1533.0,1535.0,Sandstone,
2RDST0001AL,1535.0,1538.0,Shale,
2RDST0001AL,1538.0,1547.0,Sandstone,
2RDST0001AL,1547.0,1554.0,Shale,
2RDST0001AL,1554.0,1560.0,Sandstone,
2RDST0001AL,1560.0,1561.0,Shale,
2RDST0001AL,1561.0,1563.0,Sandstone,
2RDST0001AL,1563.0,1565.0,Shale,
2RDST0001AL,1565.0,1566.0,Sandstone,
2RDST0001AL,1566.0,1570.0,Shale,
2RDST0001AL,1570.0,1589.0,Sandstone,
2RDST0001AL,1589.0,1591.0,Shale,
2RDST0001AL,1591.0,1598.0,Sandstone,
2RDST0001AL,1598.0,1599.0,Shale,
2RDST0001AL,1599.0,1601.0,Sandstone,
2RDST0001AL,1601.0,1602.0,Shale,
2RDST0001AL,1602.0,1604.0,Sandstone,
2RDST0001AL,1604.0,1605.0,Shale,
2RDST0001AL,1605.0,1608.0,Sandstone,
2RDST0001AL,1608.0,1612.0,Shale,
2RDST0001AL,1612.0,1614.0,Sandstone,
2RDST0001AL,1614.0,1617.0,Shale,
2RDST0001AL,1617.0,1620.0,Carbonate,
2RDST0001AL,1620.0,1624.0,Shale,
2RDST0001AL,1624.0,1627.0,Sandstone,
2RDST0001AL,1627.0,1631.0,Carbonate,
2RDST0001AL,1631.0,1637.0,Sandstone,
2RDST0001AL,1637.0,1649.0,Shale,
2RDST0001AL,1649.0,1650.0,Sandstone,
2RDST0001AL,1650.0,1663.0,Shale,
2RDST0001AL,1663.0,1667.0,Sandstone,
2RDST0001AL,1667.0,1681.0,Shale,
2RDST0001AL,1681.0,1684.0,Sandstone,
2RDST0001AL,1684.0,1701.0,Shale,
2RDST0001AL,1701.0,1706.0,Sandstone,
2RDST0001AL,1706.0,1713.0,Shale,
2RDST0001AL,1713.0,1722.0,Sandstone,
2RDST0001AL,1722.0,1737.0,Shale,
2RDST0001AL,1737.0,1738.0,Carbonate,
2RDST0001AL,1738.0,1741.0,Shale,
2RDST0001AL,1741.0,1743.0,Sandstone,
2RDST0001AL,1743.0,1745.0,Shale,
2RDST0001AL,1745.0,1750.0,Carbonate,
2RDST0001AL,1750.0,1752.0,Shale,
2RDST0001AL,1752.0,1760.0,Sandstone,
2RDST0001AL,1760.0,1765.0,Shale,
2RDST0001AL,1765.0,1769.0,Sandstone,
2RDST0001AL,1769.0,1774.0,Shale,
2RDST0001AL,1774.0,1779.0,Sandstone,
2RDST0001AL,1779.0,1782.0,Shale,
2RDST0001AL,1782.0,1793.0,Sandstone,
2RDST0001AL,1793.0,1800.0,Carbonate,
2RDST0001AL,1800.0,1803.0,Carbonate,
2RDST0001AL,1803.0,1806.0,Shale,
2RDST0001AL,1806.0,1808.0,Sandstone,
2RDST0001AL,1808.0,1816.0,Shale,
1FGT0001AL,0.0,12.0,Sand,
1FGT0001AL,12.0,27.0,Sandstone,
1FGT0001AL,27.0,59.0,Shale,
1FGT0001AL,59.0,87.0,Sandstone,
1FGT0001AL,87.0,92.0,Shale,
1FGT0001AL,92.0,99.0,Sandstone,
1FGT0001AL,99.0,105.0,Shale,
1FGT0001AL,105.0,110.0,Sandstone,
1FGT0001AL,110.0,113.0,Shale,
1FGT0001AL,113.0,116.0,Sandstone,
1FGT0001AL,116.0,119.0,Shale,
1FGT0001AL,119.0,126.0,Sandstone,
1FGT0001AL,126.0,128.0,Shale,
1FGT0001AL,128.0,139.0,Conglomerate,
1FGT0001AL,139.0,159.0,Shale,
1FGT0001AL,159.0,169.0,Conglomerate,
1FGT0001AL,169.0,190.0,Shale,
1FGT0001AL,190.0,222.0,Conglomerate,
1FGT0001AL,222.0,226.0,Shale,
1FGT0001AL,226.0,231.0,Conglomerate,
1FGT0001AL,231.0,233.0,Shale,
1FGT0001AL,233.0,245.0,Conglomerate,
1FGT0001AL,245.0,248.0,Shale,
1FGT0001AL,248.0,262.0,Conglomerate,
1FGT0001AL,262.0,269.0,Shale,
1FGT0001AL,269.0,306.0,Conglomerate,
1FGT0001AL,306.0,319.0,Shale,
1FGT0001AL,319.0,340.0,Conglomerate,
1FGT0001AL,340.0,363.0,Shale,
1FGT0001AL,363.0,368.0,Conglomerate,
1FGT0001AL,368.0,371.0,Shale,
1FGT0001AL,371.0,374.0,Conglomerate,
1FGT0001AL,374.0,377.0,Shale,
1FGT0001AL,377.0,394.0,Conglomerate,
1FGT0001AL,394.0,397.0,Shale,
1FGT0001AL,397.0,405.0,Conglomerate,
1FGT0001AL,405.0,407.0,Shale,
1FGT0001AL,407.0,412.0,Conglomerate,
1FGT0001AL,412.0,415.0,Shale,
1FGT0001AL,415.0,419.0,Conglomerate,
1FGT0001AL,419.0,439.0,Shale,
1FGT0001AL,439.0,449.0,Conglomerate,
1FGT0001AL,449.0,452.0,Shale,
1FGT0001AL,452.0,464.0,Conglomerate,
1FGT0001AL,464.0,466.0,Shale,
1FGT0001AL,466.0,473.0,Conglomerate,
1FGT0001AL,473.0,474.0,Shale,
1FGT0001AL,474.0,482.0,Conglomerate,
1FGT0001AL,482.0,484.0,Shale,
1FGT0001AL,484.0,487.0,Conglomerate,
1FGT0001AL,487.0,488.0,Shale,
1FGT0001AL,488.0,492.0,Conglomerate,
1FGT0001AL,492.0,502.0,Shale,
1FGT0001AL,502.0,507.0,Conglomerate,
1FGT0001AL,507.0,520.0,Shale,
1FGT0001AL,520.0,527.0,Conglomerate,
1FGT0001AL,527.0,528.0,Shale,
1FGT0001AL,528.0,537.0,Conglomerate,
1FGT0001AL,537.0,542.0,Shale,
1FGT0001AL,542.0,545.0,Conglomerate,
1FGT0001AL,545.0,546.0,Shale,
1FGT0001AL,546.0,558.0,Conglomerate,
1FGT0001AL,558.0,559.0,Shale,
1FGT0001AL,559.0,564.0,Conglomerate,
1FGT0001AL,564.0,567.0,Shale,
1FGT0001AL,567.0,568.0,Conglomerate,
1FGT0001AL,568.0,572.0,Shale,
1FGT0001AL,572.0,579.0,Conglomerate,
1FGT0001AL,579.0,587.0,Shale,
1FGT0001AL,587.0,588.0,Conglomerate,
1FGT0001AL,588.0,590.0,Shale,
1FGT0001AL,590.0,595.0,Conglomerate,
1FGT0001AL,595.0,596.0,Shale,
1FGT0001AL,596.0,604.0,Sandstone,
1FGT0001AL,604.0,608.0,Shale,
1FGT0001AL,608.0,611.0,Sandstone,
1FGT0001AL,611.0,620.0,Shale,
1FGT0001AL,620.0,627.0,Conglomerate,
1FGT0001AL,627.0,629.0,Shale,
1FGT0001AL,629.0,632.0,Sandstone,
1FGT0001AL,632.0,633.0,Carbonate,
1FGT0001AL,633.0,635.0,Shale,
1FGT0001AL,635.0,637.0,Carbonate,
1FGT0001AL,637.0,639.0,Sandstone,
1FGT0001AL,639.0,645.0,Shale,
1FGT0001AL,645.0,649.0,Conglomerate,
1FGT0001AL,649.0,652.0,Shale,
1FGT0001AL,652.0,657.0,Conglomerate,
1FGT0001AL,657.0,659.0,Shale,
1FGT0001AL,659.0,671.0,Conglomerate,
1FGT0001AL,671.0,673.0,Shale,
1FGT0001AL,673.0,675.0,Conglomerate,
1FGT0001AL,675.0,681.0,Shale,
1FGT0001AL,681.0,686.0,Conglomerate,
1FGT0001AL,686.0,688.0,Shale,
1FGT0001AL,688.0,691.0,Conglomerate,
1FGT0001AL,691.0,708.0,Shale,
1FGT0001AL,708.0,744.0,Conglomerate,
1FGT0001AL,744.0,747.0,Shale,
1FGT0001AL,747.0,752.0,Conglomerate,
1FGT0001AL,752.0,754.0,Shale,
1FGT0001AL,754.0,759.0,Conglomerate,
1FGT0001AL,759.0,762.0,Shale,
1FGT0001AL,762.0,768.0,Conglomerate,
1FGT0001AL,768.0,772.0,Shale,
1FGT0001AL,772.0,782.0,Carbonate,
1FGT0001AL,782.0,806.0,Conglomerate,
1FGT0001AL,806.0,809.0,Shale,
1FGT0001AL,809.0,828.0,Conglomerate,
1FGT0001AL,828.0,830.0,Shale,
1FGT0001AL,830.0,839.0,Conglomerate,
1FGT0001AL,839.0,847.0,Shale,
1FGT0001AL,847.0,856.0,Conglomerate,
1FGT0001AL,856.0,877.0,Shale,
1FGT0001AL,877.0,882.0,Conglomerate,
1FGT0001AL,882.0,885.0,Shale,
1FGT0001AL,885.0,889.0,Conglomerate,
1FGT0001AL,889.0,893.0,Shale,
1FGT0001AL,893.0,895.0,Conglomerate,
1FGT0001AL,895.0,902.0,Shale,
1FGT0001AL,902.0,917.0,Conglomerate,
1FGT0001AL,917.0,919.0,Shale,
1FGT0001AL,919.0,929.0,Conglomerate,
1FGT0001AL,929.0,946.0,Shale,
1FGT0001AL,946.0,955.0,Conglomerate,
1FGT0001AL,955.0,977.0,Shale,
1FGT0001AL,977.0,991.0,Conglomerate,
1FGT0001AL,991.0,999.0,Shale,
1FGT0001AL,999.0,1003.0,Conglomerate,
1FGT0001AL,1003.0,1005.0,Shale,
1FGT0001AL,1005.0,1007.0,Conglomerate,
1FGT0001AL,1007.0,1009.0,Shale,
1FGT0001AL,1009.0,1020.0,Conglomerate,
1FGT0001AL,1020.0,1022.0,Carbonate,
1FGT0001AL,1022.0,1032.0,Shale,
1FGT0001AL,1032.0,1034.0,Conglomerate,
1FGT0001AL,1034.0,1039.0,Shale,
1FGT0001AL,1039.0,1046.0,Conglomerate,
1FGT0001AL,1046.0,1048.0,Shale,
1FGT0001AL,1048.0,1050.0,Conglomerate,
1FGT0001AL,1050.0,1053.0,Shale,
1FGT0001AL,1053.0,1065.0,Conglomerate,
1FGT0001AL,1065.0,1072.0,Shale,
1FGT0001AL,1072.0,1086.0,Sandstone,
1FGT0001AL,1086.0,1088.0,Shale,
1FGT0001AL,1088.0,1099.0,Sandstone,
1FGT0001AL,1099.0,1105.0,Shale,
1FGT0001AL,1105.0,1117.0,Sandstone,
1FGT0001AL,1117.0,1122.0,Shale,
1FGT0001AL,1122.0,1125.0,Sandstone,
1FGT0001AL,1125.0,1140.0,Shale,
1FGT0001AL,1140.0,1150.0,Sandstone,
1FGT0001AL,1150.0,1153.0,Shale,
1FGT0001AL,1153.0,1160.0,Sandstone,
1FGT0001AL,1160.0,1162.0,Carbonate,
1FGT0001AL,1162.0,1167.0,Sandstone,
1FGT0001AL,1167.0,1174.0,Shale,
1FGT0001AL,1174.0,1187.0,Sandstone,
1FGT0001AL,1187.0,1192.0,Shale,
1FGT0001AL,1192.0,1202.0,Sandstone,
1FGT0001AL,1202.0,1207.0,Shale,
1FGT0001AL,1207.0,1213.0,Sandstone,
1FGT0001AL,1213.0,1218.0,Shale,
1FGT0001AL,1218.0,1222.0,Sandstone,
1FGT0001AL,1222.0,1224.0,Shale,
1FGT0001AL,1224.0,1227.0,Sandstone,
1FGT0001AL,1227.0,1234.0,Shale,
1FGT0001AL,1234.0,1244.0,Sandstone,
1FGT0001AL,1244.0,1247.0,Shale,
1FGT0001AL,1247.0,1249.0,Carbonate,
1FGT0001AL,1249.0,1252.0,Shale,
1FGT0001AL,1252.0,1255.0,Sandstone,
1FGT0001AL,1255.0,1258.0,Shale,
1FGT0001AL,1258.0,1274.0,Sandstone,
1FGT0001AL,1274.0,1279.0,Shale,
1FGT0001AL,1279.0,1281.0,Sandstone,
1FGT0001AL,1281.0,1282.0,Shale,
1FGT0001AL,1282.0,1295.0,Sandstone,
1FGT0001AL,1295.0,1297.0,Carbonate,
1FGT0001AL,1297.0,1314.0,Shale,
1FGT0001AL,1314.0,1316.0,Carbonate,
1FGT0001AL,1316.0,1318.0,Shale,
1FGT0001AL,1318.0,1322.0,Sandstone,
1FGT0001AL,1322.0,1325.0,Shale,
1FGT0001AL,1325.0,1327.0,Sandstone,
1FGT0001AL,1327.0,1334.0,Shale,
1FGT0001AL,1334.0,1350.0,Sandstone,
1FGT0001AL,1350.0,1353.0,Shale,
1FGT0001AL,1353.0,1355.0,Sandstone,
1FGT0001AL,1355.0,1361.0,Shale,
1FGT0001AL,1361.0,1363.0,Carbonate,
1FGT0001AL,1363.0,1366.0,Shale,
1FGT0001AL,1366.0,1368.0,Sandstone,
1FGT0001AL,1368.0,1377.0,Shale,
1FGT0001AL,1377.0,1382.0,Sandstone,
1FGT0001AL,1382.0,1384.0,Shale,
1FGT0001AL,1384.0,1388.0,Sandstone,
1FGT0001AL,1388.0,1395.0,Shale,
1FGT0001AL,1395.0,1397.0,Sandstone,
1FGT0001AL,1397.0,1398.0,Shale,
1FGT0001AL,1398.0,1401.0,Sandstone,
1FGT0001AL,1401.0,1403.0,Shale,
1FGT0001AL,1403.0,1407.0,Sandstone,
1FGT0001AL,1407.0,1409.0,Carbonate,
1FGT0001AL,1409.0,1419.0,Sandstone,
1FGT0001AL,1419.0,1425.0,Shale,
1FGT0001AL,1425.0,1439.0,Sandstone,
1FGT0001AL,1439.0,1457.0,Shale,
1FGT0001AL,1457.0,1464.0,Sandstone,
1FGT0001AL,1464.0,1467.0,Shale,
1FGT0001AL,1467.0,1469.0,Carbonate,
1FGT0001AL,1469.0,1480.0,Sandstone,
1FGT0001AL,1480.0,1483.0,Carbonate,
1FGT0001AL,1483.0,1497.0,Sandstone,
1FGT0001AL,1497.0,1502.0,Shale,
1FGT0001AL,1502.0,1515.0,Sandstone,
1FGT0001AL,1515.0,1519.0,Shale,
1FGT0001AL,1519.0,1526.0,Sandstone,
1FGT0001AL,1526.0,1528.0,Shale,
1FGT0001AL,1528.0,1539.0,Sandstone,
1FGT0001AL,1539.0,1542.0,Shale,
1FGT0001AL,1542.0,1545.0,Sandstone,
1FGT0001AL,1545.0,1547.0,Shale,
1FGT0001AL,1547.0,1554.0,Sandstone,
1FGT0001AL,1554.0,1556.0,Shale,
1FGT0001AL,1556.0,1558.0,Carbonate,
1FGT0001AL,1558.0,1562.0,Sandstone,
1FGT0001AL,1562.0,1567.0,Shale,
1FGT0001AL,1567.0,1571.0,Sandstone,
1FGT0001AL,1571.0,1573.0,Shale,
1FGT0001AL,1573.0,1579.0,Sandstone,
1FGT0001AL,1579.0,1582.0,Shale,
1FGT0001AL,1582.0,1594.0,Sandstone,
1FGT0001AL,1594.0,1597.0,Shale,
1FGT0001AL,1597.0,1609.0,Sandstone,
1FGT0001AL,1609.0,1613.0,Shale,
1FGT0001AL,1613.0,1616.0,Sandstone,
1FGT0001AL,1616.0,1619.0,Shale,
1FGT0001AL,1619.0,1622.0,Sandstone,
1FGT0001AL,1622.0,1625.0,Shale,
1FGT0001AL,1625.0,1629.0,Carbonate,
1FGT0001AL,1629.0,1659.0,Halite,Cycle 3
1FGT0001AL,1659.0,1665.0,Shale,Cycle 3
1FGT0001AL,1665.0,1667.0,Siltstone,Cycle 3
1FGT0001AL,1667.0,1672.0,Shale,Cycle 3
1FGT0001AL,1672.0,1691.0,Halite,Cycle 3
1FGT0001AL,1691.0,1695.0,Shale,Cycle 3
1FGT0001AL,1695.0,1701.0,Carbonate,Cycle 3
1FGT0001AL,1701.0,1715.0,Halite,Cycle 3
1FGT0001AL,1715.0,1736.0,Shale,Cycle 3
1FGT0001AL,1736.0,1740.0,Halite,Cycle 3
1FGT0001AL,1740.0,1747.0,Shale,Cycle 3
1FGT0001AL,1747.0,1760.0,Halite,Cycle 3
1FGT0001AL,1760.0,1764.0,Shale,Cycle 3
1FGT0001AL,1764.0,1767.0,Halite,Cycle 3
1FGT0001AL,1767.0,1769.0,Shale,Cycle 3
1FGT0001AL,1769.0,1772.0,Halite,Cycle 3
1FGT0001AL,1772.0,1774.0,Shale,Cycle 3
1FGT0001AL,1774.0,1777.0,Halite,Cycle 3
1FGT0001AL,1777.0,1780.0,Shale,Cycle 3
1FGT0001AL,1780.0,1784.0,Sandstone,Cycle 3
1FGT0001AL,1784.0,1787.0,Shale,Cycle 3
1FGT0001AL,1787.0,1793.0,Halite,Cycle 3
1FGT0001AL,1793.0,1794.0,Shale,Cycle 3
1FGT0001AL,1794.0,1796.0,Halite,Cycle 3
1FGT0001AL,1796.0,1804.0,Shale,
1FGT0001AL,1804.0,1806.0,Sandstone,
1FGT0001AL,1806.0,1807.0,Shale,
1FGT0001AL,1807.0,1831.0,Sandstone,
1FGT0001AL,1831.0,1837.0,Shale,
1FGT0001AL,1837.0,1844.0,Halite,
1FGT0001AL,1844.0,1856.0,Shale,
1FGT0001AL,1856.0,1858.0,Halite,
1FGT0001AL,1858.0,1865.0,Sandstone,
1FGT0001AL,1865.0,1867.0,Shale,
1FGT0001AL,1867.0,1871.0,Sandstone,
1FGT0001AL,1871.0,1875.0,Shale,
1FGT0001AL,1875.0,1894.0,Sandstone,
1FGT0001AL,1894.0,1895.0,Shale,
1FGT0001AL,1895.0,1898.0,Sandstone,
1FGT0001AL,1898.0,1899.0,Shale,
1FGT0001AL,1899.0,1910.0,Sandstone,
1FGT0001AL,1910.0,1913.0,Shale,
1FGT0001AL,1913.0,1915.0,Sandstone,
1FGT0001AL,1915.0,1917.0,Shale,
1FGT0001AL,1917.0,1920.0,Sandstone,
1FGT0001AL,1920.0,1924.0,Shale,
1FGT0001AL,1924.0,1926.0,Carbonate,
1FGT0001AL,1926.0,1929.0,Shale,
1FGT0001AL,1929.0,1937.0,Sandstone,
1FGT0001AL,1937.0,1940.0,Carbonate,
1FGT0001AL,1940.0,1957.0,Shale,
1FGT0001AL,1957.0,1989.0,Sandstone,
1FGT0001AL,1989.0,1991.0,Shale,
1FGT0001AL,1991.0,1992.0,Sandstone,
1FGT0001AL,1992.0,1995.0,Shale,
1FGT0001AL,1995.0,1996.0,Sandstone,
1FGT0001AL,1996.0,1997.0,Shale,
1FGT0001AL,1997.0,1999.0,Sandstone,
1FGT0001AL,1999.0,2005.0,Shale,
1FGT0001AL,2005.0,2007.0,Sandstone,
1FGT0001AL,2007.0,2013.0,Shale,
1FGT0001AL,2013.0,2019.0,Sandstone,
1FGT0001AL,2019.0,2020.0,Shale,
1FGT0001AL,2020.0,2023.0,Sandstone,
1FGT0001AL,2023.0,2032.0,Shale,
1FGT0001AL,2032.0,2037.0,Sandstone,
1FGT0001AL,2037.0,2038.0,Shale,
1FGT0001AL,2038.0,2039.0,Sandstone,
1FGT0001AL,2039.0,2040.0,Shale,
1FGT0001AL,2040.0,2042.0,Sandstone,
1FGT0001AL,2042.0,2044.0,Shale,
1FGT0001AL,2044.0,2049.0,Sandstone,
1FGT0001AL,2049.0,2050.0,Shale,
1FGT0001AL,2050.0,2053.0,Sandstone,
1FGT0001AL,2053.0,2056.0,Shale,
1FGT0001AL,2056.0,2064.0,Sandstone,
1FGT0001AL,2064.0,2066.0,Shale,
1FGT0001AL,2066.0,2068.0,Sandstone,
1FGT0001AL,2068.0,2069.0,Shale,
1FGT0001AL,2069.0,2072.0,Sandstone,
1FGT0001AL,2072.0,2075.0,Shale,
1FGT0001AL,2075.0,2077.0,Sandstone,
1FGT0001AL,2077.0,2082.0,Shale,
1FGT0001AL,2082.0,2086.0,Sandstone,
1FGT0001AL,2086.0,2087.0,Shale,
1FGT0001AL,2087.0,2090.0,Sandstone,
1FGT0001AL,2090.0,2097.0,Shale,
1FGT0001AL,2097.0,2102.0,Sandstone,
1FGT0001AL,2102.0,2108.0,Shale,
1FGT0001AL,2108.0,2126.0,Sandstone,
1FGT0001AL,2126.0,2142.0,Shale,
1FGT0001AL,2142.0,2146.0,Carbonate,
1FGT0001AL,2146.0,2158.0,Sandstone,
1FGT0001AL,2158.0,2161.0,Shale,
1FGT0001AL,2161.0,2169.0,Sandstone,
1FGT0001AL,2169.0,2184.0,Shale,
1FGT0001AL,2184.0,2202.0,Halite,Cycle 2
1FGT0001AL,2202.0,2212.0,Shale,Cycle 2
1FGT0001AL,2212.0,2216.0,Carbonate,Cycle 2
1FGT0001AL,2216.0,2232.0,Shale,Cycle 2
1FGT0001AL,2232.0,2236.0,Halite,Cycle 2
1FGT0001AL,2236.0,2237.0,Shale,Cycle 2
1FGT0001AL,2237.0,2238.0,Halite,Cycle 2
1FGT0001AL,2238.0,2239.0,Shale,Cycle 2
1FGT0001AL,2239.0,2252.0,Halite,Cycle 2
1FGT0001AL,2252.0,2255.0,Shale,
1FGT0001AL,2255.0,2260.0,Siltstone,
1FGT0001AL,2260.0,2265.0,Shale,
1FGT0001AL,2265.0,2267.0,Siltstone,
1FGT0001AL,2267.0,2271.0,Shale,
1FGT0001AL,2271.0,2273.0,Siltstone,
1FGT0001AL,2273.0,2277.0,Shale,
1FGT0001AL,2277.0,2279.0,Siltstone,
1FGT0001AL,2279.0,2282.0,Shale,
1FGT0001AL,2282.0,2289.0,Siltstone,
1FGT0001AL,2289.0,2290.0,Shale,
1FGT0001AL,2290.0,2292.0,Siltstone,
1FGT0001AL,2292.0,2293.0,Shale,
1FGT0001AL,2293.0,2294.0,Siltstone,
1FGT0001AL,2294.0,2320.0,Shale,
1FGT0001AL,2320.0,2322.0,Siltstone,
1FGT0001AL,2322.0,2323.0,Shale,
1FGT0001AL,2323.0,2324.0,Siltstone,
1FGT0001AL,2324.0,2353.0,Shale,
1FGT0001AL,2353.0,2357.0,Sandstone,
1FGT0001AL,2357.0,2362.0,Shale,
1FGT0001AL,2362.0,2372.0,Sandstone,
1FGT0001AL,2372.0,2376.0,Shale,
1FGT0001AL,2376.0,2384.0,Sandstone,
1FGT0001AL,2384.0,2386.0,Shale,
1FGT0001AL,2386.0,2387.0,Siltstone,
1FGT0001AL,2387.0,2390.0,Shale,
1FGT0001AL,2390.0,2393.0,Siltstone,
1FGT0001AL,2393.0,2396.0,Shale,
1FGT0001AL,2396.0,2400.0,Siltstone,
1FGT0001AL,2400.0,2405.0,Shale,
1FGT0001AL,2405.0,2416.0,Sandstone,
1FGT0001AL,2416.0,2419.0,Carbonate,
1FGT0001AL,2419.0,2420.0,Shale,
1FGT0001AL,2420.0,2430.0,Sandstone,
1FGT0001AL,2430.0,2434.0,Shale,
1FGT0001AL,2434.0,2436.0,Siltstone,
1FGT0001AL,2436.0,2438.0,Shale,
1FGT0001AL,2438.0,2442.0,Siltstone,
1FGT0001AL,2442.0,2444.0,Shale,
1FGT0001AL,2444.0,2445.0,Siltstone,
1FGT0001AL,2445.0,2447.0,Shale,
1FGT0001AL,2447.0,2455.0,Halite,
1FGT0001AL,2455.0,2460.0,Shale,
1FGT0001AL,2460.0,2467.0,Siltstone,
1FGT0001AL,2467.0,2469.0,Shale,
1FGT0001AL,2469.0,2471.0,Siltstone,
1FGT0001AL,2471.0,2474.0,Shale,
1FGT0001AL,2474.0,2524.0,Sandstone,
1FGT0001AL,2524.0,2527.0,Shale,
1FGT0001AL,2527.0,2528.0,Siltstone,
1FGT0001AL,2528.0,2539.0,Shale,
1FGT0001AL,2539.0,2540.0,Siltstone,
1FGT0001AL,2540.0,2545.0,Shale,
1FGT0001AL,2545.0,2548.0,Siltstone,
1FGT0001AL,2548.0,2550.0,Shale,
1FGT0001AL,2550.0,2552.0,Siltstone,
1FGT0001AL,2552.0,2555.0,Shale,
1FGT0001AL,2555.0,2567.0,Siltstone,
1FGT0001AL,2567.0,2568.0,Shale,
1FGT0001AL,2568.0,2577.0,Sandstone,
1FGT0001AL,2577.0,2583.0,Shale,
1FGT0001AL,2583.0,2587.0,Sandstone,
1FGT0001AL,2587.0,2592.0,Shale,
1FGT0001AL,2592.0,2595.0,Siltstone,
1FGT0001AL,2595.0,2612.0,Shale,
1FGT0001AL,2612.0,2621.0,Sandstone,
1FGT0001AL,2621.0,2623.0,Siltstone,
1FGT0001AL,2623.0,2626.0,Shale,
1FGT0001AL,2626.0,2629.0,Sandstone,
1FGT0001AL,2629.0,2633.0,Shale,
1FGT0001AL,2633.0,2640.0,Sandstone,
1FGT0001AL,2640.0,2641.0,Shale,
1FGT0001AL,2641.0,2657.0,Sandstone,
1FGT0001AL,2657.0,2663.0,Shale,
1FGT0001AL,2663.0,2667.0,Sandstone,
1FGT0001AL,2667.0,2670.0,Siltstone,
1FGT0001AL,2670.0,2677.0,Shale,
1FGT0001AL,2677.0,2687.0,Halite,Cycle 1
1FGT0001AL,2687.0,2702.0,Sandstone,Cycle 1
1FGT0001AL,2702.0,2703.0,Shale,Cycle 1
1FGT0001AL,2703.0,2704.0,Siltstone,Cycle 1
1FGT0001AL,2704.0,2707.0,Shale,Cycle 1
1FGT0001AL,2707.0,2709.0,Siltstone,Cycle 1
1FGT0001AL,2709.0,2711.0,Shale,Cycle 1
1FGT0001AL,2711.0,2714.0,Sandstone,Cycle 1
1FGT0001AL,2714.0,2715.0,Shale,Cycle 1
1FGT0001AL,2715.0,2718.0,Sandstone,Cycle 1
1FGT0001AL,2718.0,2722.0,Shale,Cycle 1
1FGT0001AL,2722.0,2727.0,Sandstone,Cycle 1
1FGT0001AL,2727.0,2733.0,Halite,Cycle 1
1FGT0001AL,2733.0,2737.0,Shale,Cycle 1
1FGT0001AL,2737.0,2738.0,Carbonate,Cycle 1
1FGT0001AL,2738.0,2747.0,Shale,Cycle 1
1FGT0001AL,2747.0,2750.0,Sandstone,Cycle 1
1FGT0001AL,2750.0,2756.0,Shale,Cycle 1
1FGT0001AL,2756.0,2759.0,Sandstone,Cycle 1
1FGT0001AL,2759.0,2762.0,Shale,Cycle 1
1FGT0001AL,2762.0,2766.0,Sandstone,Cycle 1
1FGT0001AL,2766.0,2775.0,Shale,Cycle 1
1FGT0001AL,2775.0,2785.0,Sandstone,Cycle 1
1FGT0001AL,2785.0,2788.0,Shale,Cycle 1
1FGT0001AL,2788.0,2792.0,Sandstone,Cycle 1
1FGT0001AL,2792.0,2794.0,Shale,Cycle 1
1FGT0001AL,2794.0,2803.0,Sandstone,Cycle 1
1FGT0001AL,2803.0,2812.0,Shale,Cycle 1
1FGT0001AL,2812.0,2827.0,Halite,Cycle 1
1FGT0001AL,2827.0,2844.0,Shale,Cycle 1
1FGT0001AL,2844.0,2850.0,Halite,Cycle 1
1FGT0001AL,2850.0,2852.0,Shale,Cycle 1
1FGT0001AL,2852.0,2859.0,Halite,Cycle 1
1FGT0001AL,2859.0,2865.0,Shale,
1FGT0001AL,2865.0,2869.0,Sandstone,
1FGT0001AL,2869.0,2874.0,Shale,
1FGT0001AL,2874.0,2885.0,Sandstone,
1FGT0001AL,2885.0,2892.0,Shale,
1FGT0001AL,2892.0,2895.0,Sandstone,
1FGT0001AL,2895.0,2904.0,Shale,
1FGT0001AL,2904.0,2919.0,Sandstone,
1FGT0001AL,2919.0,2939.0,Shale,
1FGT0001AL,2939.0,2948.0,Sandstone,
1FGT0001AL,2948.0,2949.0,Shale,
1FGT0001AL,2949.0,2952.0,Sandstone,
1FGT0001AL,2952.0,2954.0,Shale,
1FGT0001AL,2954.0,2957.0,Sandstone,
1FGT0001AL,2957.0,2959.0,Shale,
1FGT0001AL,2959.0,2962.0,Sandstone,
1FGT0001AL,2962.0,2964.0,Shale,
1FGT0001AL,2964.0,2965.0,Siltstone,
1FGT0001AL,2965.0,2986.0,Shale,
1FGT0001AL,2986.0,2999.0,Sandstone,
1FGT0001AL,2999.0,3028.0,Shale,
1FGT0001AL,3028.0,3030.0,Sandstone,
1FGT0001AL,3030.0,3034.0,Shale,
1FGT0001AL,3034.0,3041.0,Sandstone,
1FGT0001AL,3041.0,3046.0,Shale,
1FGT0001AL,3046.0,3050.0,Sandstone,
1FGT0001AL,3050.0,3052.0,Shale,
1FGT0001AL,3052.0,3056.0,Sandstone,
1FGT0001AL,3056.0,3061.0,Shale,
1FGT0001AL,3061.0,3065.0,Siltstone,
1FGT0001AL,3065.0,3067.0,Shale,
1FGT0001AL,3067.0,3069.0,Sandstone,
1FGT0001AL,3069.0,3072.0,Shale,
1FGT0001AL,3072.0,3074.0,Siltstone,
1FGT0001AL,3074.0,3076.0,Shale,
1FGT0001AL,3076.0,3078.0,Siltstone,
1FGT0001AL,3078.0,3079.0,Shale,
1FGT0001AL,3079.0,3080.0,Sandstone,
1FGT0001AL,3080.0,3081.0,Shale,
1FGT0001AL,3081.0,3125.0,Sandstone,
1FGT0001AL,3125.0,3142.0,Shale,
1FGT0001AL,3142.0,3144.0,Siltstone,
1FGT0001AL,3144.0,3148.0,Shale,
1FGT0001AL,3148.0,3149.0,Siltstone,
1FGT0001AL,3149.0,3150.0,Shale,
1FGT0001AL,3150.0,3152.0,Siltstone,
1FGT0001AL,3152.0,3153.0,Shale,
1FGT0001AL,3153.0,3157.0,Sandstone,
1FGT0001AL,3157.0,3187.0,Shale,
1FGT0001AL,3187.0,3189.0,Siltstone,
1FGT0001AL,3189.0,3192.0,Shale,
1FGT0001AL,3192.0,3194.0,Siltstone,
1FGT0001AL,3194.0,3195.0,Shale,
1FGT0001AL,3195.0,3196.0,Siltstone,
1FGT0001AL,3196.0,3197.0,Shale,
1FGT0001AL,3197.0,3206.0,Siltstone,
1FGT0001AL,3206.0,3208.0,Shale,
1FGT0001AL,3208.0,3210.0,Siltstone,
1FGT0001AL,3210.0,3216.0,Shale,
1FGT0001AL,3216.0,3220.0,Siltstone,
1FGT0001AL,3220.0,3223.0,Shale,
1FGT0001AL,3223.0,3237.0,Sandstone,
1FGT0001AL,3237.0,3244.0,Shale,
1FGT0001AL,3244.0,3246.0,Siltstone,
1FGT0001AL,3246.0,3258.0,Shale,
1FGT0001AL,3258.0,3265.0,Sandstone,
1FGT0001AL,3265.0,3267.0,Shale,
1FGT0001AL,3267.0,3302.0,Sandstone,
1FGT0001AL,3302.0,3303.0,Shale,
1FGT0001AL,3303.0,3308.0,Sandstone,
1FGT0001AL,3308.0,3309.0,Shale,
1FGT0001AL,3309.0,3312.0,Sandstone,
1FGT0001AL,3312.0,3314.0,Shale,
1FGT0001AL,3314.0,3324.0,Sandstone,
1FGT0001AL,3324.0,3337.0,Shale,
1FGT0001AL,3337.0,3344.0,Sandstone,
1FGT0001AL,3344.0,3347.0,Shale,
1FGT0001AL,3347.0,3349.0,Siltstone,
1FGT0001AL,3349.0,3351.0,Shale,
1FGT0001AL,3351.0,3353.0,Siltstone,
1FGT0001AL,3353.0,3356.0,Shale,
1FGT0001AL,3356.0,3357.0,Siltstone,
1FGT0001AL,3357.0,3368.0,Sandstone,
1FGT0001AL,3368.0,3373.0,Shale,
1FGT0001AL,3373.0,3383.0,Sandstone,
1FGT0001AL,3383.0,3384.0,Shale,
1FGT0001AL,3384.0,3393.0,Sandstone,
1FGT0001AL,3393.0,3394.0,Shale,
1FGT0001AL,3394.0,3397.0,Sandstone,
1FGT0001AL,3397.0,3402.0,Shale,
1FGT0001AL,3402.0,3429.0,Sandstone,
1FGT0001AL,3429.0,3430.0,Shale,
1FGT0001AL,3430.0,3442.0,Sandstone,
1FGT0001AL,3442.0,3444.0,Shale,
1FGT0001AL,3444.0,3447.0,Sandstone,
1FGT0001AL,3447.0,3451.0,Shale,
1FGT0001AL,3451.0,3453.0,Siltstone,
1FGT0001AL,3453.0,3458.0,Shale,
1FGT0001AL,3458.0,3460.0,Siltstone,
1FGT0001AL,3460.0,3466.0,Shale,
1FGT0001AL,3466.0,3476.0,Sandstone,
1FGT0001AL,3476.0,3478.0,Shale,
1FGT0001AL,3478.0,3480.0,Siltstone,
1FGT0001AL,3480.0,3491.0,Shale,
1FGT0001AL,3491.0,3494.0,Siltstone,
1FGT0001AL,3494.0,3497.0,Shale,
1FGT0001AL,3497.0,3510.0,Sandstone,
1FGT0001AL,3510.0,3515.0,Shale,
1FGT0001AL,3515.0,3516.0,Siltstone,
1FGT0001AL,3516.0,3529.0,Shale,
1FGT0001AL,3529.0,3535.0,Sandstone,
1FGT0001AL,3535.0,3537.0,Shale,
1FGT0001AL,3537.0,3539.0,Siltstone,
1FGT0001AL,3539.0,3549.0,Shale,
1FGT0001AL,3549.0,3589.0,Sandstone,
1FGT0001AL,3589.0,3591.0,Shale,
1FGT0001AL,3591.0,3601.0,Sandstone,
1FGT0001AL,3601.0,3604.0,Shale,
1FGT0001AL,3604.0,3620.0,Sandstone,
1FGT0001AL,3620.0,3621.0,Shale,
1FGT0001AL,3621.0,3625.0,Sandstone,
1FGT0001AL,3625.0,3630.0,Shale,
1FGT0001AL,3630.0,3637.0,Sandstone,
1FGT0001AL,3637.0,3638.0,Shale,
1FGT0001AL,3638.0,3640.0,Siltstone,
1FGT0001AL,3640.0,3642.0,Shale,
1FGT0001AL,3642.0,3644.0,Siltstone,
1FGT0001AL,3644.0,3646.0,Shale,
1FGT0001AL,3646.0,3647.0,Siltstone,
1FGT0001AL,3647.0,3662.0,Shale,
1FGT0001AL,3662.0,3666.0,Siltstone,
1FGT0001AL,3666.0,3670.0,Shale,
1FGT0001AL,3670.0,3680.0,Sandstone,
1FGT0001AL,3680.0,3686.0,Shale,
1FGT0001AL,3686.0,3688.0,Siltstone,
1FGT0001AL,3688.0,3690.0,Shale,
1FGT0001AL,3690.0,3695.0,Siltstone,
1FGT0001AL,3695.0,3696.0,Shale,
1FGT0001AL,3696.0,3697.0,Siltstone,
1FGT0001AL,3697.0,3699.0,Shale,
1FGT0001AL,3699.0,3704.0,Siltstone,
1FGT0001AL,3704.0,3707.0,Shale,
1FGT0001AL,3707.0,3718.0,Sandstone,
1FGT0001AL,3718.0,3725.0,Shale,
1FGT0001AL,3725.0,3730.0,Sandstone,
1FGT0001AL,3730.0,3733.0,Shale,
1FGT0001AL,3733.0,3738.0,Siltstone,
1FGT0001AL,3738.0,3740.0,Shale,
1FGT0001AL,3740.0,3744.0,Siltstone,
1FGT0001AL,3744.0,3747.0,Shale,
1FGT0001AL,3747.0,3749.0,Siltstone,
1FGT0001AL,3749.0,3750.0,Shale,
1FGT0001AL,3750.0,3751.0,Siltstone,
1FGT0001AL,3751.0,3752.0,Shale,
1FGT0001AL,3752.0,3753.0,Siltstone,
1FGT0001AL,3753.0,3755.0,Shale,
1FGT0001AL,3755.0,3775.0,Sandstone,
1FGT0001AL,3775.0,3777.0,Shale,
1FGT0001AL,3777.0,3782.0,Sandstone,
1FGT0001AL,3782.0,3784.0,Shale,
1FGT0001AL,3784.0,3809.0,Sandstone,
1FGT0001AL,3809.0,3814.0,Siltstone,
1FGT0001AL,3814.0,3819.0,Shale,
1FGT0001AL,3819.0,3822.0,Sandstone,
1FGT0001AL,3822.0,3825.0,Shale,
1FGT0001AL,3825.0,3829.0,Siltstone,
1FGT0001AL,3829.0,3835.0,Shale,
1FGT0001AL,3835.0,3838.0,Sandstone,
1FGT0001AL,3838.0,3841.0,Shale,
1FGT0001AL,3841.0,3844.0,Sandstone,
1FGT0001AL,3844.0,3856.0,Shale,
1FGT0001AL,3856.0,3862.0,Siltstone,
1FGT0001AL,3862.0,3867.0,Shale,
1FGT0001AL,3867.0,3872.0,Sandstone,
1FGT0001AL,3872.0,3884.0,Shale,
1FGT0001AL,3884.0,3892.0,Sandstone,
1FGT0001AL,3892.0,3898.0,Shale,
1FGT0001AL,3898.0,3905.0,Siltstone,
1FGT0001AL,3905.0,3906.0,Shale,
1FGT0001AL,3906.0,3908.0,Siltstone,
1FGT0001AL,3908.0,3910.0,Shale,
1FGT0001AL,3910.0,3921.0,Sandstone,
1FGT0001AL,3921.0,3923.0,Shale,
1FGT0001AL,3923.0,3924.0,Siltstone,
1FGT0001AL,3924.0,3926.0,Shale,
1FGT0001AL,3926.0,3927.0,Siltstone,
1FGT0001AL,3927.0,3930.0,Shale,
1FGT0001AL,3930.0,3934.0,Siltstone,
1FGT0001AL,3934.0,3938.0,Sandstone,
1FGT0001AL,3938.0,3940.0,Shale,
1FGT0001AL,3940.0,3945.0,Sandstone,
1FGT0001AL,3945.0,3948.0,Shale,
1FGT0001AL,3948.0,3949.0,Siltstone,
1FGT0001AL,3949.0,3951.0,Shale,
1FGT0001AL,3951.0,3954.0,Siltstone,
1FGT0001AL,3954.0,3957.0,Shale,
1FGT0001AL,3957.0,3971.0,Siltstone,
1FGT0001AL,3971.0,3979.0,Shale,
1FGT0001AL,3979.0,3996.0,Sandstone,
1FGT0001AL,3996.0,3998.0,Shale,
1FGT0001AL,3998.0,4014.0,Sandstone,
1FGT0001AL,4014.0,4015.0,Shale,
1FGT0001AL,4015.0,4016.0,Siltstone,
1FGT0001AL,4016.0,4024.0,Shale,
1FGT0001AL,4024.0,4031.0,Siltstone,
1FGT0001AL,4031.0,4034.0,Shale,
1FGT0001AL,4034.0,4037.0,Siltstone,
1FGT0001AL,4037.0,4043.0,Shale,
1FGT0001AL,4043.0,4047.0,Siltstone,
1FGT0001AL,4047.0,4052.0,Shale,
1FGT0001AL,4052.0,4064.0,Sandstone,
1FGT0001AL,4064.0,4066.0,Shale,
1FGT0001AL,4066.0,4092.0,Sandstone,
1FGT0001AL,4092.0,4097.0,Shale,
1FGT0001AL,4097.0,4098.0,Siltstone,
1FGT0001AL,4098.0,4100.0,Shale,
1FGT0001AL,4100.0,4104.0,Sandstone,
1FGT0001AL,4104.0,4106.0,Shale,
1FGT0001AL,4106.0,4108.0,Siltstone,
1FGT0001AL,4108.0,4128.0,Shale,
1FGT0001AL,4128.0,4130.0,Siltstone,
1FGT0001AL,4130.0,4132.0,Shale,
1FGT0001AL,4132.0,4136.0,Siltstone,
1FGT0001AL,4136.0,4142.0,Shale,
1FGT0001AL,4142.0,4144.0,Siltstone,
1FGT0001AL,4144.0,4146.0,Shale,
1FGT0001AL,4146.0,4148.0,Siltstone,
1FGT0001AL,4148.0,4159.0,Shale,
1FGT0001AL,4159.0,4161.0,Sandstone,
1FGT0001AL,4161.0,4185.0,Shale,
1FGT0001AL,4185.0,4188.0,Siltstone,
1FGT0001AL,4188.0,4190.0,Shale,
1FGT0001AL,4190.0,4192.0,Siltstone,
1FGT0001AL,4192.0,4199.0,Shale,
1FGT0001AL,4199.0,4201.0,Sandstone,
1FGT0001AL,4201.0,4202.0,Siltstone,
1FGT0001AL,4202.0,4203.0,Sandstone,
1FGT0001AL,4203.0,4205.0,Shale,
1FGT0001AL,4205.0,4210.0,Siltstone,
1FGT0001AL,4210.0,4216.0,Shale,
1FGT0001AL,4216.0,4217.0,Siltstone,
1FGT0001AL,4217.0,4219.0,Shale,
1FGT0001AL,4219.0,4221.0,Sandstone,
1FGT0001AL,4221.0,4228.0,Shale,
1FGT0001AL,4228.0,4229.0,Siltstone,
1FGT0001AL,4229.0,4232.0,Shale,
1FGT0001AL,4232.0,4236.0,Siltstone,
1FGT0001AL,4236.0,4238.0,Shale,
1FGT0001AL,4238.0,4240.0,Siltstone,
1FGT0001AL,4240.0,4242.0,Shale,
1FGT0001AL,4242.0,4246.0,Siltstone,
1FGT0001AL,4246.0,4248.0,Shale,
1FGT0001AL,4248.0,4249.0,Siltstone,
1FGT0001AL,4249.0,4252.0,Sandstone,
1FGT0001AL,4252.0,4254.0,Shale,
1FGT0001AL,4254.0,4257.0,Sandstone,
1FGT0001AL,4257.0,4259.0,Shale,
1FGT0001AL,4259.0,4262.0,Siltstone,
1FGT0001AL,4262.0,4267.0,Shale,
1FGT0001AL,4267.0,4269.0,Siltstone,
1FGT0001AL,4269.0,4270.0,Shale,
1FGT0001AL,4270.0,4271.0,Sandstone,
1FGT0001AL,4271.0,4274.0,Shale,
1FGT0001AL,4274.0,4277.0,Sandstone,
1FGT0001AL,4277.0,4282.0,Shale,
1FGT0001AL,4282.0,4284.0,Sandstone,
1FGT0001AL,4284.0,4286.0,Shale,
1FGT0001AL,4286.0,4288.0,Sandstone,
1FGT0001AL,4288.0,4298.0,Shale,
1FGT0001AL,4298.0,4300.0,Sandstone,
1FGT0001AL,4300.0,4304.0,Shale,
1FGT0001AL,4304.0,4306.0,Siltstone,
1FGT0001AL,4306.0,4312.0,Shale,
1FGT0001AL,4312.0,4314.0,Sandstone,
1FGT0001AL,4314.0,4327.0,Shale,
1FGT0001AL,4327.0,4329.0,Siltstone,
1FGT0001AL,4329.0,4333.0,Shale,
1FGT0001AL,4333.0,4336.0,Sandstone,
1FGT0001AL,4336.0,4348.0,Shale,
1FGT0001AL,4348.0,4353.0,Sandstone,
1FGT0001AL,4353.0,4355.0,Shale,
1FGT0001AL,4355.0,4380.0,Sandstone,
1FGT0002AL,0.0,4.0,Sand,
1FGT0002AL,4.0,7.0,Clay,
1FGT0002AL,7.0,12.0,Sand,
1FGT0002AL,12.0,17.0,Clay,
1FGT0002AL,17.0,23.0,Sand,
1FGT0002AL,23.0,26.0,Clay,
1FGT0002AL,26.0,73.0,Sand,
1FGT0002AL,73.0,75.0,Clay,
1FGT0002AL,75.0,78.0,Sand,
1FGT0002AL,78.0,85.0,Clay,
1FGT0002AL,85.0,118.0,Sandstone,
1FGT0002AL,118.0,131.0,Conglomerate,
1FGT0002AL,131.0,134.0,Shale,
1FGT0002AL,134.0,143.0,Conglomerate,
1FGT0002AL,143.0,147.0,Shale,
1FGT0002AL,147.0,191.0,Conglomerate,
1FGT0002AL,191.0,196.0,Shale,
1FGT0002AL,196.0,221.0,Conglomerate,
1FGT0002AL,221.0,229.0,Carbonate,
1FGT0002AL,229.0,235.0,Conglomerate,
1FGT0002AL,235.0,238.0,Shale,
1FGT0002AL,238.0,275.0,Conglomerate,
1FGT0002AL,275.0,278.0,Shale,
1FGT0002AL,278.0,288.0,Conglomerate,
1FGT0002AL,288.0,291.0,Carbonate,
1FGT0002AL,291.0,296.0,Shale,
1FGT0002AL,296.0,303.0,Carbonate,
1FGT0002AL,303.0,305.0,Shale,
1FGT0002AL,305.0,309.0,Conglomerate,
1FGT0002AL,309.0,315.0,Shale,
1FGT0002AL,315.0,414.0,Conglomerate,
1FGT0002AL,414.0,417.0,Shale,
1FGT0002AL,417.0,439.0,Conglomerate,
1FGT0002AL,439.0,442.0,Shale,
1FGT0002AL,442.0,468.0,Conglomerate,
1FGT0002AL,468.0,471.0,Shale,
1FGT0002AL,471.0,510.0,Conglomerate,
1FGT0002AL,510.0,513.0,Shale,
1FGT0002AL,513.0,523.0,Conglomerate,
1FGT0002AL,523.0,529.0,Shale,
1FGT0002AL,529.0,531.0,Conglomerate,
1FGT0002AL,531.0,533.0,Shale,
1FGT0002AL,533.0,536.0,Conglomerate,
1FGT0002AL,536.0,541.0,Shale,
1FGT0002AL,541.0,549.0,Conglomerate,
1FGT0002AL,549.0,551.0,Shale,
1FGT0002AL,551.0,636.0,Conglomerate,
1FGT0002AL,636.0,639.0,Shale,
1FGT0002AL,639.0,647.0,Conglomerate,
1FGT0002AL,647.0,649.0,Carbonate,
1FGT0002AL,649.0,651.0,Shale,
1FGT0002AL,651.0,653.0,Conglomerate,
1FGT0002AL,653.0,663.0,Shale,
1FGT0002AL,663.0,666.0,Carbonate,
1FGT0002AL,666.0,676.0,Shale,
1FGT0002AL,676.0,727.0,Conglomerate,
1FGT0002AL,727.0,735.0,Shale,
1FGT0002AL,735.0,750.0,Conglomerate,
1FGT0002AL,750.0,754.0,Shale,
1FGT0002AL,754.0,786.0,Conglomerate,
1FGT0002AL,786.0,787.0,Shale,
1FGT0002AL,787.0,789.0,Conglomerate,
1FGT0002AL,789.0,792.0,Shale,
1FGT0002AL,792.0,831.0,Conglomerate,
1FGT0002AL,831.0,832.0,Shale,
1FGT0002AL,832.0,841.0,Conglomerate,
1FGT0002AL,841.0,842.0,Shale,
1FGT0002AL,842.0,843.0,Conglomerate,
1FGT0002AL,843.0,847.0,Shale,
1FGT0002AL,847.0,851.0,Conglomerate,
1FGT0002AL,851.0,861.0,Shale,
1FGT0002AL,861.0,903.0,Conglomerate,
1FGT0002AL,903.0,910.0,Shale,
1FGT0002AL,910.0,918.0,Conglomerate,
1FGT0002AL,918.0,920.0,Shale,
1FGT0002AL,920.0,930.0,Conglomerate,
1FGT0002AL,930.0,934.0,Shale,
1FGT0002AL,934.0,997.0,Conglomerate,
1FGT0002AL,997.0,999.0,Shale,
1FGT0002AL,999.0,1014.0,Conglomerate,
1FGT0002AL,1014.0,1021.0,Shale,
1FGT0002AL,1021.0,1054.0,Conglomerate,
1FGT0002AL,1054.0,1085.0,Sandstone,
1FGT0002AL,1085.0,1089.0,Shale,
1FGT0002AL,1089.0,1109.0,Sandstone,
1FGT0002AL,1109.0,1113.0,Shale,
1FGT0002AL,1113.0,1126.0,Sandstone,
1FGT0002AL,1126.0,1128.0,Shale,
1FGT0002AL,1128.0,1142.0,Sandstone,
1FGT0002AL,1142.0,1145.0,Shale,
1FGT0002AL,1145.0,1148.0,Sandstone,
1FGT0002AL,1148.0,1151.0,Shale,
1FGT0002AL,1151.0,1153.0,Sandstone,
1FGT0002AL,1153.0,1155.0,Shale,
1FGT0002AL,1155.0,1174.0,Sandstone,
1FGT0002AL,1174.0,1176.0,Shale,
1FGT0002AL,1176.0,1210.0,Sandstone,
1FGT0002AL,1210.0,1212.0,Shale,
1FGT0002AL,1212.0,1219.0,Sandstone,
1FGT0002AL,1219.0,1223.0,Shale,
1FGT0002AL,1223.0,1230.0,Sandstone,
1FGT0002AL,1230.0,1235.0,Shale,
1FGT0002AL,1235.0,1239.0,Sandstone,
1FGT0002AL,1239.0,1250.0,Shale,
1FGT0002AL,1250.0,1297.0,Sandstone,
1FGT0002AL,1297.0,1299.0,Shale,
1FGT0002AL,1299.0,1360.0,Sandstone,
1FGT0002AL,1360.0,1361.0,Shale,
1FGT0002AL,1361.0,1369.0,Sandstone,
1FGT0002AL,1369.0,1372.0,Shale,
1FGT0002AL,1372.0,1373.0,Sandstone,
1FGT0002AL,1373.0,1375.0,Shale,
1FGT0002AL,1375.0,1410.0,Sandstone,
1FGT0002AL,1410.0,1417.0,Shale,
1FGT0002AL,1417.0,1419.0,Sandstone,
1FGT0002AL,1419.0,1421.0,Shale,
1FGT0002AL,1421.0,1425.0,Sandstone,
1FGT0002AL,1425.0,1428.0,Shale,
1FGT0002AL,1428.0,1437.0,Sandstone,
1FGT0002AL,1437.0,1438.0,Shale,
1FGT0002AL,1438.0,1443.0,Sandstone,
1FGT0002AL,1443.0,1445.0,Shale,
1FGT0002AL,1445.0,1450.0,Sandstone,
1FGT0002AL,1450.0,1454.0,Shale,
1FGT0002AL,1454.0,1504.0,Sandstone,
1FGT0002AL,1504.0,1508.0,Shale,
1FGT0002AL,1508.0,1521.0,Sandstone,
1FGT0002AL,1521.0,1527.0,Shale,
1FGT0002AL,1527.0,1546.0,Sandstone,
1FGT0002AL,1546.0,1551.0,Shale,
1FGT0002AL,1551.0,1555.0,Sandstone,
1FGT0002AL,1555.0,1560.0,Shale,
1FGT0002AL,1560.0,1568.0,Sandstone,
1FGT0002AL,1568.0,1570.0,Shale,
1FGT0002AL,1570.0,1571.0,Sandstone,
1FGT0002AL,1571.0,1573.0,Shale,
1FGT0002AL,1573.0,1597.0,Sandstone,
1FGT0002AL,1597.0,1598.0,Shale,
1FGT0002AL,1598.0,1639.0,Sandstone,
1FGT0002AL,1639.0,1642.0,Shale,
1FGT0002AL,1642.0,1656.0,Sandstone,
1FGT0002AL,1656.0,1659.0,Shale,
1FGT0002AL,1659.0,1664.0,Sandstone,
1FGT0002AL,1664.0,1667.0,Shale,
1FGT0002AL,1667.0,1689.0,Sandstone,
1FGT0002AL,1689.0,1694.0,Shale,
1FGT0002AL,1694.0,1706.0,Sandstone,
1FGT0002AL,1706.0,1707.0,Shale,
1FGT0002AL,1707.0,1715.0,Sandstone,
1FGT0002AL,1715.0,1717.0,Shale,
1FGT0002AL,1717.0,1732.0,Sandstone,
1FGT0002AL,1732.0,1737.0,Shale,
1FGT0002AL,1737.0,1739.0,Sandstone,
1FGT0002AL,1739.0,1741.0,Shale,
1FGT0002AL,1741.0,1744.0,Sandstone,
1FGT0002AL,1744.0,1745.0,Shale,
1FGT0002AL,1745.0,1751.0,Sandstone,
1FGT0002AL,1751.0,1754.0,Shale,
1FGT0002AL,1754.0,1776.0,Sandstone,
1FGT0002AL,1776.0,1781.0,Shale,
1FGT0002AL,1781.0,1789.0,Sandstone,
1FGT0002AL,1789.0,1790.0,Shale,
1FGT0002AL,1790.0,1791.0,Sandstone,
1FGT0002AL,1791.0,1792.0,Shale,
1FGT0002AL,1792.0,1795.0,Sandstone,
1FGT0002AL,1795.0,1796.0,Shale,
1FGT0002AL,1796.0,1801.0,Sandstone,
1FGT0002AL,1801.0,1804.0,Shale,
1FGT0002AL,1804.0,1806.0,Sandstone,
1FGT0002AL,1806.0,1807.0,Shale,
1FGT0002AL,1807.0,1811.0,Carbonate,
1FGT0002AL,1811.0,1813.0,Shale,
1FGT0002AL,1813.0,1817.0,Sandstone,
1FGT0002AL,1817.0,1819.0,Shale,
1FGT0002AL,1819.0,1826.0,Sandstone,
1FGT0002AL,1826.0,1829.0,Shale,
1FGT0002AL,1829.0,1832.0,Sandstone,
1FGT0002AL,1832.0,1834.0,Shale,
1FGT0002AL,1834.0,1847.0,Sandstone,
1FGT0002AL,1847.0,1852.0,Shale,
1FGT0002AL,1852.0,1856.0,Sandstone,
1FGT0002AL,1856.0,1858.0,Shale,
1FGT0002AL,1858.0,1868.0,Sandstone,
1FGT0002AL,1868.0,1870.0,Shale,
1FGT0002AL,1870.0,1890.0,Sandstone,
1FGT0002AL,1890.0,1892.0,Shale,
1FGT0002AL,1892.0,1902.0,Sandstone,
1FGT0002AL,1902.0,1904.0,Shale,
1FGT0002AL,1904.0,1907.0,Sandstone,
1FGT0002AL,1907.0,1908.0,Shale,
1FGT0002AL,1908.0,1909.0,Sandstone,
1FGT0002AL,1909.0,1910.0,Shale,
1FGT0002AL,1910.0,1914.0,Sandstone,
1FGT0002AL,1914.0,1916.0,Shale,
1FGT0002AL,1916.0,1917.0,Sandstone,
1FGT0002AL,1917.0,1920.0,Shale,
1FGT0002AL,1920.0,1937.0,Sandstone,
1FGT0002AL,1937.0,1939.0,Shale,
1FGT0002AL,1939.0,1948.0,Sandstone,
1FGT0002AL,1948.0,1950.0,Shale,
1FGT0002AL,1950.0,1952.0,Sandstone,
1FGT0002AL,1952.0,1954.0,Shale,
1FGT0002AL,1954.0,1964.0,Sandstone,
1FGT0002AL,1964.0,1967.0,Shale,
1FGT0002AL,1967.0,1971.0,Sandstone,
1FGT0002AL,1971.0,1972.0,Shale,
1FGT0002AL,1972.0,1975.0,Sandstone,
1FGT0002AL,1975.0,1981.0,Shale,
1FGT0002AL,1981.0,1984.0,Sandstone,
1FGT0002AL,1984.0,1987.0,Shale,
1FGT0002AL,1987.0,1993.0,Sandstone,
1FGT0002AL,1993.0,1995.0,Shale,
1FGT0002AL,1995.0,1998.0,Sandstone,
1FGT0002AL,1998.0,2001.0,Shale,
1FGT0002AL,2001.0,2007.0,Sandstone,
1FGT0002AL,2007.0,2009.0,Shale,
1FGT0002AL,2009.0,2010.0,Sandstone,
1FGT0002AL,2010.0,2011.0,Shale,
1FGT0002AL,2011.0,2013.0,Sandstone,
1FGT0002AL,2013.0,2014.0,Shale,
1FGT0002AL,2014.0,2019.0,Sandstone,
1FGT0002AL,2019.0,2023.0,Shale,
1FGT0002AL,2023.0,2030.0,Sandstone,
1FGT0002AL,2030.0,2032.0,Shale,
1FGT0002AL,2032.0,2035.0,Sandstone,
1FGT0002AL,2035.0,2037.0,Shale,
1FGT0002AL,2037.0,2042.0,Sandstone,
1FGT0002AL,2042.0,2044.0,Shale,
1FGT0002AL,2044.0,2063.0,Sandstone,
1FGT0002AL,2063.0,2068.0,Shale,
1FGT0002AL,2068.0,2072.0,Sandstone,
1FGT0002AL,2072.0,2074.0,Shale,
1FGT0002AL,2074.0,2083.0,Sandstone,
1FGT0002AL,2083.0,2085.0,Shale,
1FGT0002AL,2085.0,2096.0,Sandstone,
1FGT0002AL,2096.0,2098.0,Shale,
1FGT0002AL,2098.0,2101.0,Sandstone,
1FGT0002AL,2101.0,2102.0,Shale,
1FGT0002AL,2102.0,2107.0,Sandstone,
1FGT0002AL,2107.0,2111.0,Shale,
1FGT0002AL,2111.0,2126.0,Sandstone,
1FGT0002AL,2126.0,2128.0,Shale,
1FGT0002AL,2128.0,2131.0,Sandstone,
1FGT0002AL,2131.0,2134.0,Shale,
1FGT0002AL,2134.0,2152.0,Sandstone,
1FGT0002AL,2152.0,2157.0,Shale,
1FGT0002AL,2157.0,2159.0,Sandstone,
1FGT0002AL,2159.0,2162.0,Shale,
1FGT0002AL,2162.0,2172.0,Sandstone,
1FGT0002AL,2172.0,2175.0,Shale,
1FGT0002AL,2175.0,2177.0,Sandstone,
1FGT0002AL,2177.0,2181.0,Shale,
1FGT0002AL,2181.0,2197.0,Sandstone,
1FGT0002AL,2197.0,2198.0,Shale,
1FGT0002AL,2198.0,2201.0,Sandstone,
1FGT0002AL,2201.0,2203.0,Shale,
1FGT0002AL,2203.0,2212.0,Sandstone,
1FGT0002AL,2212.0,2216.0,Shale,
1FGT0002AL,2216.0,2218.0,Sandstone,
1FGT0002AL,2218.0,2220.0,Shale,
1FGT0002AL,2220.0,2226.0,Sandstone,
1FGT0002AL,2226.0,2227.0,Shale,
1FGT0002AL,2227.0,2239.0,Sandstone,
1FGT0002AL,2239.0,2242.0,Shale,
1FGT0002AL,2242.0,2246.0,Sandstone,
1FGT0002AL,2246.0,2248.0,Shale,
1FGT0002AL,2248.0,2257.0,Sandstone,
1FGT0002AL,2257.0,2258.0,Shale,
1FGT0002AL,2258.0,2262.0,Sandstone,
1FGT0002AL,2262.0,2270.0,Shale,
1FGT0002AL,2270.0,2273.0,Carbonate,
1FGT0002AL,2273.0,2276.0,Shale,
1FGT0002AL,2276.0,2278.0,Sandstone,
1FGT0002AL,2278.0,2279.0,Shale,
1FGT0002AL,2279.0,2283.0,Sandstone,
1FGT0002AL,2283.0,2288.0,Shale,
1FGT0002AL,2288.0,2291.0,Sandstone,
1FGT0002AL,2291.0,2293.0,Shale,
1FGT0002AL,2293.0,2300.0,Sandstone,
1FGT0002AL,2300.0,2302.0,Shale,
1FGT0002AL,2302.0,2314.0,Sandstone,
1FGT0002AL,2314.0,2317.0,Shale,
1FGT0002AL,2317.0,2324.0,Sandstone,
1FGT0002AL,2324.0,2326.0,Shale,
1FGT0002AL,2326.0,2344.0,Sandstone,
1FGT0002AL,2344.0,2345.0,Shale,
1FGT0002AL,2345.0,2348.0,Sandstone,
1FGT0002AL,2348.0,2349.0,Shale,
1FGT0002AL,2349.0,2363.0,Sandstone,
1FGT0002AL,2363.0,2364.0,Shale,
1FGT0002AL,2364.0,2367.0,Sandstone,
1FGT0002AL,2367.0,2372.0,Shale,
1FGT0002AL,2372.0,2379.0,Sandstone,
1FGT0002AL,2379.0,2382.0,Shale,
1FGT0002AL,2382.0,2397.0,Sandstone,
1FGT0002AL,2397.0,2402.0,Shale,
1FGT0002AL,2402.0,2408.0,Sandstone,
1FGT0002AL,2408.0,2410.0,Shale,
1FGT0002AL,2410.0,2415.0,Sandstone,
1FGT0002AL,2415.0,2418.0,Shale,
1FGT0002AL,2418.0,2437.0,Sandstone,
1FGT0002AL,2437.0,2439.0,Shale,
1FGT0002AL,2439.0,2440.0,Sandstone,
1FGT0002AL,2440.0,2442.0,Shale,
1FGT0002AL,2442.0,2443.0,Sandstone,
1FGT0002AL,2443.0,2445.0,Shale,
1FGT0002AL,2445.0,2446.0,Sandstone,
1FGT0002AL,2446.0,2447.0,Shale,
1FGT0002AL,2447.0,2451.0,Sandstone,
1FGT0002AL,2451.0,2453.0,Shale,
1FGT0002AL,2453.0,2458.0,Sandstone,
1FGT0002AL,2458.0,2463.0,Shale,
1FGT0002AL,2463.0,2481.0,Sandstone,
1FGT0002AL,2481.0,2483.0,Shale,
1FGT0002AL,2483.0,2485.0,Sandstone,
1FGT0002AL,2485.0,2486.0,Shale,
1FGT0002AL,2486.0,2490.0,Sandstone,
1FGT0002AL,2490.0,2492.0,Shale,
1FGT0002AL,2492.0,2497.0,Sandstone,
1FGT0002AL,2497.0,2507.0,Shale,
1FGT0002AL,2507.0,2508.0,Sandstone,
1FGT0002AL,2508.0,2509.0,Shale,
1FGT0002AL,2509.0,2517.0,Sandstone,
1FGT0002AL,2517.0,2520.0,Shale,
1FGT0002AL,2520.0,2522.0,Sandstone,
1FGT0002AL,2522.0,2524.0,Shale,
1FGT0002AL,2524.0,2526.0,Sandstone,
1FGT0002AL,2526.0,2527.0,Shale,
1FGT0002AL,2527.0,2532.0,Sandstone,
1FGT0002AL,2532.0,2533.0,Shale,
1FGT0002AL,2533.0,2544.0,Sandstone,
1FGT0002AL,2544.0,2548.0,Shale,
1FGT0002AL,2548.0,2553.0,Sandstone,
1FGT0002AL,2553.0,2556.0,Shale,
1FGT0002AL,2556.0,2557.0,Sandstone,
1FGT0002AL,2557.0,2558.0,Shale,
1FGT0002AL,2558.0,2559.0,Sandstone,
1FGT0002AL,2559.0,2560.0,Shale,
1FGT0002AL,2560.0,2564.0,Sandstone,
1FGT0002AL,2564.0,2566.0,Shale,
1FGT0002AL,2566.0,2576.0,Sandstone,
1FGT0002AL,2576.0,2577.0,Shale,
1FGT0002AL,2577.0,2578.0,Sandstone,
1FGT0002AL,2578.0,2579.0,Shale,
1FGT0002AL,2579.0,2583.0,Sandstone,
1FGT0002AL,2583.0,2584.0,Shale,
1FGT0002AL,2584.0,2593.0,Sandstone,
1FGT0002AL,2593.0,2594.0,Shale,
1FGT0002AL,2594.0,2599.0,Sandstone,
1FGT0002AL,2599.0,2600.0,Shale,
1FGT0002AL,2600.0,2602.0,Sandstone,
1FGT0002AL,2602.0,2603.0,Shale,
1FGT0002AL,2603.0,2604.0,Sandstone,
1FGT0002AL,2604.0,2605.0,Shale,
1FGT0002AL,2605.0,2607.0,Sandstone,
1FGT0002AL,2607.0,2608.0,Shale,
1FGT0002AL,2608.0,2617.0,Sandstone,
1FGT0002AL,2617.0,2618.0,Shale,
1FGT0002AL,2618.0,2620.0,Sandstone,
1FGT0002AL,2620.0,2621.0,Shale,
1FGT0002AL,2621.0,2637.0,Sandstone,
1FGT0002AL,2637.0,2638.0,Shale,
1FGT0002AL,2638.0,2644.0,Sandstone,
1FGT0002AL,2644.0,2645.0,Shale,
1FGT0002AL,2645.0,2649.0,Sandstone,
1FGT0002AL,2649.0,2650.0,Shale,
1FGT0002AL,2650.0,2656.0,Sandstone,
1FGT0002AL,2656.0,2658.0,Shale,
1FGT0002AL,2658.0,2670.0,Sandstone,
1FGT0002AL,2670.0,2671.0,Shale,
1FGT0002AL,2671.0,2683.0,Sandstone,
1FGT0002AL,2683.0,2684.0,Shale,
1FGT0002AL,2684.0,2692.0,Sandstone,
1FGT0002AL,2692.0,2694.0,Shale,
1FGT0002AL,2694.0,2708.0,Sandstone,
1FGT0002AL,2708.0,2711.0,Shale,
1FGT0002AL,2711.0,2720.0,Sandstone,
1FGT0002AL,2720.0,2722.0,Shale,
1FGT0002AL,2722.0,2724.0,Sandstone,
1FGT0002AL,2724.0,2726.0,Shale,
1FGT0002AL,2726.0,2770.0,Sandstone,
1FGT0002AL,2770.0,2773.0,Shale,
1FGT0002AL,2773.0,2777.0,Sandstone,
1FGT0002AL,2777.0,2778.0,Shale,
1FGT0002AL,2778.0,2782.0,Sandstone,
1FGT0002AL,2782.0,2786.0,Shale,
1FGT0002AL,2786.0,2787.0,Sandstone,
1FGT0002AL,2787.0,2791.0,Shale,
1FGT0002AL,2791.0,2792.0,Sandstone,
1FGT0002AL,2792.0,2793.0,Shale,
1FGT0002AL,2793.0,2794.0,Sandstone,
1FGT0002AL,2794.0,2795.0,Shale,
1FGT0002AL,2795.0,2797.0,Sandstone,
1FGT0002AL,2797.0,2800.0,Shale,
1FGT0002AL,2800.0,2806.0,Sandstone,
1FGT0002AL,2806.0,2808.0,Shale,
1FGT0002AL,2808.0,2842.0,Sandstone,
1FGT0002AL,2842.0,2843.0,Shale,
1FGT0002AL,2843.0,2857.0,Sandstone,
1FGT0002AL,2857.0,2860.0,Shale,
1FGT0002AL,2860.0,2861.0,Sandstone,
1FGT0002AL,2861.0,2863.0,Shale,
1FGT0002AL,2863.0,2866.0,Sandstone,
1FGT0002AL,2866.0,2869.0,Shale,
1FGT0002AL,2869.0,2876.0,Sandstone,
1FGT0002AL,2876.0,2878.0,Shale,
1FGT0002AL,2878.0,2879.0,Sandstone,
1FGT0002AL,2879.0,2880.0,Shale,
1FGT0002AL,2880.0,2884.0,Sandstone,
1FGT0002AL,2884.0,2885.0,Shale,
1FGT0002AL,2885.0,2887.0,Sandstone,
1FGT0002AL,2887.0,2888.0,Shale,
1FGT0002AL,2888.0,2918.0,Sandstone,
1FGT0002AL,2918.0,2923.0,Shale,
1FGT0002AL,2923.0,2928.0,Sandstone,
1FGT0002AL,2928.0,2930.0,Shale,
1FGT0002AL,2930.0,2950.0,Sandstone,
1FGT0002AL,2950.0,2952.0,Shale,
1FGT0002AL,2952.0,2967.0,Sandstone,
1FGT0002AL,2967.0,2971.0,Shale,
1FGT0002AL,2971.0,2974.0,Sandstone,
1FGT0002AL,2974.0,2975.0,Shale,
1FGT0002AL,2975.0,2977.0,Sandstone,
1FGT0002AL,2977.0,2979.0,Shale,
1FGT0002AL,2979.0,2988.0,Sandstone,
1FGT0002AL,2988.0,2990.0,Shale,
1FGT0002AL,2990.0,2992.0,Sandstone,
1FGT0002AL,2992.0,2993.0,Shale,
1FGT0002AL,2993.0,2995.0,Sandstone,
1FGT0002AL,2995.0,2997.0,Shale,
1FGT0002AL,2997.0,2999.0,Sandstone,
1FGT0002AL,2999.0,3003.0,Shale,
1FGT0002AL,3003.0,3006.0,Siltstone,
1FGT0002AL,3006.0,3010.0,Shale,
1FGT0002AL,3010.0,3012.0,Sandstone,
1FGT0002AL,3012.0,3014.0,Shale,
1FGT0002AL,3014.0,3016.0,Sandstone,
1FGT0002AL,3016.0,3017.0,Shale,
1FGT0002AL,3017.0,3019.0,Sandstone,
1FGT0002AL,3019.0,3024.0,Shale,
1FGT0002AL,3024.0,3025.0,Sandstone,
1FGT0002AL,3025.0,3026.0,Shale,
1FGT0002AL,3026.0,3027.0,Siltstone,
1FGT0002AL,3027.0,3029.0,Shale,
1FGT0002AL,3029.0,3032.0,Siltstone,
1FGT0002AL,3032.0,3042.0,Shale,
1FGT0002AL,3042.0,3043.0,Sandstone,
1FGT0002AL,3043.0,3044.0,Shale,
1FGT0002AL,3044.0,3050.0,Sandstone,
1FGT0002AL,3050.0,3052.0,Shale,
1FGT0002AL,3052.0,3054.0,Sandstone,
1FGT0002AL,3054.0,3057.0,Shale,
1FGT0002AL,3057.0,3062.0,Siltstone,
1FGT0002AL,3062.0,3063.0,Shale,
1FGT0002AL,3063.0,3064.0,Siltstone,
1FGT0002AL,3064.0,3068.0,Shale,
1FGT0002AL,3068.0,3073.0,Sandstone,
1FGT0002AL,3073.0,3075.0,Shale,
1FGT0002AL,3075.0,3076.0,Siltstone,
1FGT0002AL,3076.0,3078.0,Shale,
1FGT0002AL,3078.0,3082.0,Siltstone,
1FGT0002AL,3082.0,3092.0,Shale,
1FGT0002AL,3092.0,3094.0,Sandstone,
1FGT0002AL,3094.0,3096.0,Shale,
1FGT0002AL,3096.0,3099.0,Sandstone,
1FGT0002AL,3099.0,3100.0,Shale,
1FGT0002AL,3100.0,3136.0,Sandstone,
1FGT0002AL,3136.0,3137.0,Shale,
1FGT0002AL,3137.0,3142.0,Sandstone,
1FGT0002AL,3142.0,3144.0,Shale,
1FGT0002AL,3144.0,3165.0,Sandstone,
1FGT0002AL,3165.0,3172.0,Siltstone,
1FGT0002AL,3172.0,3188.0,Shale,
1FGT0002AL,3188.0,3190.0,Siltstone,
1FGT0002AL,3190.0,3192.0,Sandstone,
1FGT0002AL,3192.0,3194.0,Shale,
1FGT0002AL,3194.0,3195.0,Siltstone,
1FGT0002AL,3195.0,3196.0,Shale,
1FGT0002AL,3196.0,3197.0,Siltstone,
1FGT0002AL,3197.0,3198.0,Shale,
1FGT0002AL,3198.0,3204.0,Sandstone,
1FGT0002AL,3204.0,3205.0,Shale,
1FGT0002AL,3205.0,3208.0,Sandstone,
1FGT0002AL,3208.0,3211.0,Shale,
1FGT0002AL,3211.0,3217.0,Sandstone,
1FGT0002AL,3217.0,3218.0,Shale,
1FGT0002AL,3218.0,3224.0,Sandstone,
1FGT0002AL,3224.0,3225.0,Shale,
1FGT0002AL,3225.0,3227.0,Sandstone,
1FGT0002AL,3227.0,3229.0,Shale,
1FGT0002AL,3229.0,3231.0,Sandstone,
1FGT0002AL,3231.0,3233.0,Shale,
1FGT0002AL,3233.0,3237.0,Sandstone,
1FGT0002AL,3237.0,3245.0,Shale,
1FGT0002AL,3245.0,3266.0,Sandstone,
1FGT0002AL,3266.0,3270.0,Shale,
1FGT0002AL,3270.0,3273.0,Sandstone,
1FGT0002AL,3273.0,3275.0,Shale,
1FGT0002AL,3275.0,3278.0,Siltstone,
1FGT0002AL,3278.0,3279.0,Sandstone,
1FGT0002AL,3279.0,3280.0,Shale,
1FGT0002AL,3280.0,3293.0,Sandstone,
1FGT0002AL,3293.0,3296.0,Shale,
1FGT0002AL,3296.0,3303.0,Sandstone,
1FGT0002AL,3303.0,3304.0,Shale,
1FGT0002AL,3304.0,3307.0,Sandstone,
1FGT0002AL,3307.0,3309.0,Shale,
1FGT0002AL,3309.0,3330.0,Sandstone,
1FGT0002AL,3330.0,3331.0,Shale,
1FGT0002AL,3331.0,3342.0,Sandstone,
1FGT0002AL,3342.0,3349.0,Shale,
1FGT0002AL,3349.0,3350.0,Sandstone,
1FGT0002AL,3350.0,3352.0,Shale,
1FGT0002AL,3352.0,3354.0,Sandstone,
1FGT0002AL,3354.0,3361.0,Shale,
1FGT0002AL,3361.0,3372.0,Sandstone,
1FGT0002AL,3372.0,3373.0,Shale,
1FGT0002AL,3373.0,3375.0,Sandstone,
1FGT0002AL,3375.0,3376.0,Shale,
1FGT0002AL,3376.0,3378.0,Sandstone,
1FGT0002AL,3378.0,3383.0,Siltstone,
1FGT0002AL,3383.0,3385.0,Shale,
1FGT0002AL,3385.0,3386.0,Sandstone,
1FGT0002AL,3386.0,3392.0,Siltstone,
1FGT0002AL,3392.0,3412.0,Sandstone,
1FGT0002AL,3412.0,3413.0,Shale,
1FGT0002AL,3413.0,3415.0,Sandstone,
1FGT0002AL,3415.0,3417.0,Shale,
1FGT0002AL,3417.0,3429.0,Sandstone,
1FGT0002AL,3429.0,3434.0,Shale,
1FGT0002AL,3434.0,3439.0,Sandstone,
1FGT0002AL,3439.0,3440.0,Shale,
1FGT0002AL,3440.0,3454.0,Sandstone,
1FGT0002AL,3454.0,3460.0,Shale,
1FGT0002AL,3460.0,3462.0,Sandstone,
1FGT0002AL,3462.0,3470.0,Shale,
1FGT0002AL,3470.0,3472.0,Sandstone,
1FGT0002AL,3472.0,3473.0,Shale,
1FGT0002AL,3473.0,3476.0,Sandstone,
1FGT0002AL,3476.0,3481.0,Shale,
1FGT0002AL,3481.0,3491.0,Sandstone,
1FGT0002AL,3491.0,3492.0,Shale,
1FGT0002AL,3492.0,3494.0,Sandstone,
1FGT0002AL,3494.0,3496.0,Shale,
1FGT0002AL,3496.0,3498.0,Sandstone,
1FGT0002AL,3498.0,3499.0,Shale,
1FGT0002AL,3499.0,3536.0,Sandstone,
1FGT0002AL,3536.0,3537.0,Shale,
1FGT0002AL,3537.0,3570.0,Sandstone,
1FGT0002AL,3570.0,3576.0,Shale,
1FGT0002AL,3576.0,3592.0,Sandstone,
1FGT0002AL,3592.0,3595.0,Shale,
1FGT0002AL,3595.0,3692.0,Sandstone,
1FGT0002AL,3692.0,3694.0,Shale,
1FGT0002AL,3694.0,3700.0,Sandstone,
1FGT0002AL,3700.0,3702.0,Shale,
1FGT0002AL,3702.0,3707.0,Sandstone,
1FGT0002AL,3707.0,3708.0,Shale,
1FGT0002AL,3708.0,3725.0,Sandstone,
1FGT0002AL,3725.0,3733.0,Shale,
1FGT0002AL,3733.0,3740.0,Sandstone,
1FGT0002AL,3740.0,3741.0,Shale,
1FGT0002AL,3741.0,3747.0,Sandstone,
1FGT0002AL,3747.0,3749.0,Shale,
1FGT0002AL,3749.0,3750.0,Sandstone,
1FGT0002AL,3750.0,3753.0,Shale,
1FGT0002AL,3753.0,3761.0,Sandstone,
1FGT0002AL,3761.0,3762.0,Shale,
1FGT0002AL,3762.0,3768.0,Sandstone,
1FGT0002AL,3768.0,3769.0,Shale,
1FGT0002AL,3769.0,3791.0,Sandstone,
1FGT0002AL,3791.0,3792.0,Shale,
1FGT0002AL,3792.0,3817.0,Sandstone,
3FGT0003AL,0.0,43.0,Sand,
3FGT0003AL,43.0,46.0,Carbonate,
3FGT0003AL,46.0,118.0,Conglomerate,
3FGT0003AL,118.0,137.0,Sandstone,
3FGT0003AL,137.0,156.0,Shale,
3FGT0003AL,156.0,208.0,Sandstone,
3FGT0003AL,208.0,215.0,Shale,
3FGT0003AL,215.0,380.0,Conglomerate,
3FGT0003AL,380.0,388.0,Shale,
3FGT0003AL,388.0,442.0,Conglomerate,
3FGT0003AL,442.0,444.0,Shale,
3FGT0003AL,444.0,495.0,Conglomerate,
3FGT0003AL,495.0,499.0,Shale,
3FGT0003AL,499.0,528.0,Conglomerate,
3FGT0003AL,528.0,532.0,Shale,
3FGT0003AL,532.0,580.0,Conglomerate,
3FGT0003AL,580.0,587.0,Shale,
3FGT0003AL,587.0,604.0,Sandstone,
3FGT0003AL,604.0,608.0,Shale,
3FGT0003AL,608.0,633.0,Sandstone,
3FGT0003AL,633.0,639.0,Shale,
3FGT0003AL,639.0,657.0,Sandstone,
3FGT0003AL,657.0,660.0,Shale,
3FGT0003AL,660.0,667.0,Carbonate,
3FGT0003AL,667.0,671.0,Shale,
3FGT0003AL,671.0,705.0,Conglomerate,
3FGT0003AL,705.0,711.0,Shale,
3FGT0003AL,711.0,771.0,Conglomerate,
3FGT0003AL,771.0,777.0,Shale,
3FGT0003AL,777.0,779.0,Conglomerate,
3FGT0003AL,779.0,786.0,Shale,
3FGT0003AL,786.0,804.0,Conglomerate,
3FGT0003AL,804.0,808.0,Shale,
3FGT0003AL,808.0,829.0,Conglomerate,
3FGT0003AL,829.0,833.0,Shale,
3FGT0003AL,833.0,836.0,Sandstone,
3FGT0003AL,836.0,837.0,Shale,
3FGT0003AL,837.0,839.0,Carbonate,
3FGT0003AL,839.0,861.0,Conglomerate,
3FGT0003AL,861.0,864.0,Shale,
3FGT0003AL,864.0,884.0,Conglomerate,
3FGT0003AL,884.0,888.0,Shale,
3FGT0003AL,888.0,906.0,Conglomerate,
3FGT0003AL,906.0,911.0,Shale,
3FGT0003AL,911.0,914.0,Conglomerate,
3FGT0003AL,914.0,918.0,Shale,
3FGT0003AL,918.0,919.0,Conglomerate,
3FGT0003AL,919.0,924.0,Shale,
3FGT0003AL,924.0,928.0,Sandstone,
3FGT0003AL,928.0,930.0,Shale,
3FGT0003AL,930.0,944.0,Conglomerate,
3FGT0003AL,944.0,947.0,Shale,
3FGT0003AL,947.0,974.0,Conglomerate,
3FGT0003AL,974.0,981.0,Shale,
3FGT0003AL,981.0,988.0,Conglomerate,
3FGT0003AL,988.0,991.0,Shale,
3FGT0003AL,991.0,995.0,Sandstone,
3FGT0003AL,995.0,999.0,Shale,
3FGT0003AL,999.0,1002.0,Sandstone,
3FGT0003AL,1002.0,1004.0,Shale,
3FGT0003AL,1004.0,1022.0,Sandstone,
3FGT0003AL,1022.0,1028.0,Shale,
3FGT0003AL,1028.0,1042.0,Conglomerate,
3FGT0003AL,1042.0,1045.0,Shale,
3FGT0003AL,1045.0,1053.0,Conglomerate,
3FGT0003AL,1053.0,1056.0,Carbonate,
3FGT0003AL,1056.0,1087.0,Conglomerate,
3FGT0003AL,1087.0,1091.0,Shale,
3FGT0003AL,1091.0,1123.0,Conglomerate,
3FGT0003AL,1123.0,1127.0,Carbonate,
3FGT0003AL,1127.0,1139.0,Conglomerate,
3FGT0003AL,1139.0,1147.0,Shale,
3FGT0003AL,1147.0,1152.0,Sandstone,
3FGT0003AL,1152.0,1157.0,Shale,
3FGT0003AL,1157.0,1161.0,Sandstone,
3FGT0003AL,1161.0,1166.0,Shale,
3FGT0003AL,1166.0,1179.0,Sandstone,
3FGT0003AL,1179.0,1182.0,Shale,
3FGT0003AL,1182.0,1195.0,Sandstone,
3FGT0003AL,1195.0,1199.0,Shale,
3FGT0003AL,1199.0,1229.0,Sandstone,
3FGT0003AL,1229.0,1232.0,Carbonate,
3FGT0003AL,1232.0,1244.0,Sandstone,
3FGT0003AL,1244.0,1247.0,Shale,
3FGT0003AL,1247.0,1266.0,Sandstone,
3FGT0003AL,1266.0,1269.0,Shale,
3FGT0003AL,1269.0,1274.0,Halite,Cycle 4
3FGT0003AL,1274.0,1277.0,Carbonate,Cycle 4
3FGT0003AL,1277.0,1279.0,Halite,Cycle 4
3FGT0003AL,1279.0,1281.0,Shale,Cycle 4
3FGT0003AL,1281.0,1288.0,Halite,Cycle 4
3FGT0003AL,1288.0,1294.0,Shale,Cycle 4
3FGT0003AL,1294.0,1313.0,Halite,Cycle 4
3FGT0003AL,1313.0,1316.0,Carbonate,Cycle 4
3FGT0003AL,1316.0,1333.0,Shale,Cycle 4
3FGT0003AL,1333.0,1363.0,Halite,Cycle 4
3FGT0003AL,1363.0,1368.0,Carbonate,Cycle 4
3FGT0003AL,1368.0,1370.0,Sandstone,Cycle 4
3FGT0003AL,1370.0,1373.0,Shale,Cycle 4
3FGT0003AL,1373.0,1377.0,Halite,Cycle 4
3FGT0003AL,1377.0,1378.0,Shale,Cycle 4
3FGT0003AL,1378.0,1382.0,Sandstone,Cycle 4
3FGT0003AL,1382.0,1384.0,Shale,Cycle 4
3FGT0003AL,1384.0,1389.0,Sandstone,Cycle 4
3FGT0003AL,1389.0,1403.0,Shale,Cycle 4
3FGT0003AL,1403.0,1422.0,Halite,Cycle 4
3FGT0003AL,1422.0,1425.0,Carbonate,Cycle 4
3FGT0003AL,1425.0,1437.0,Halite,Cycle 4
3FGT0003AL,1437.0,1439.0,Shale,Cycle 4
3FGT0003AL,1439.0,1443.0,Halite,Cycle 4
3FGT0003AL,1443.0,1447.0,Carbonate,Cycle 4
3FGT0003AL,1447.0,1451.0,Shale,Cycle 4
3FGT0003AL,1451.0,1465.0,Halite,Cycle 4
3FGT0003AL,1465.0,1472.0,Sandstone,
3FGT0003AL,1472.0,1476.0,Shale,
3FGT0003AL,1476.0,1484.0,Sandstone,
3FGT0003AL,1484.0,1493.0,Shale,
3FGT0003AL,1493.0,1513.0,Sandstone,
3FGT0003AL,1513.0,1517.0,Shale,
3FGT0003AL,1517.0,1523.0,Sandstone,
3FGT0003AL,1523.0,1527.0,Shale,
3FGT0003AL,1527.0,1536.0,Sandstone,
3FGT0003AL,1536.0,1542.0,Shale,
3FGT0003AL,1542.0,1553.0,Sandstone,
3FGT0003AL,1553.0,1561.0,Shale,
3FGT0003AL,1561.0,1563.0,Carbonate,
3FGT0003AL,1563.0,1573.0,Shale,
3FGT0003AL,1573.0,1577.0,Sandstone,
3FGT0003AL,1577.0,1583.0,Shale,
3FGT0003AL,1583.0,1587.0,Carbonate,
3FGT0003AL,1587.0,1592.0,Shale,
3FGT0003AL,1592.0,1608.0,Sandstone,
3FGT0003AL,1608.0,1610.0,Shale,
3FGT0003AL,1610.0,1613.0,Carbonate,
3FGT0003AL,1613.0,1617.0,Shale,
3FGT0003AL,1617.0,1653.0,Halite,
3FGT0003AL,1653.0,1656.0,Carbonate,
3FGT0003AL,1656.0,1659.0,Shale,
3FGT0003AL,1659.0,1662.0,Halite,
3FGT0003AL,1662.0,1664.0,Shale,
3FGT0003AL,1664.0,1669.0,Sandstone,
3FGT0003AL,1669.0,1671.0,Shale,
3FGT0003AL,1671.0,1673.0,Sandstone,
3FGT0003AL,1673.0,1676.0,Shale,
3FGT0003AL,1676.0,1686.0,Sandstone,
3FGT0003AL,1686.0,1700.0,Shale,
3FGT0003AL,1700.0,1705.0,Sandstone,
3FGT0003AL,1705.0,1716.0,Shale,
3FGT0003AL,1716.0,1720.0,Sandstone,
3FGT0003AL,1720.0,1723.0,Shale,
3FGT0003AL,1723.0,1725.0,Sandstone,
3FGT0003AL,1725.0,1729.0,Shale,
3FGT0003AL,1729.0,1740.0,Sandstone,
3FGT0003AL,1740.0,1743.0,Shale,
3FGT0003AL,1743.0,1756.0,Sandstone,
3FGT0003AL,1756.0,1762.0,Shale,
3FGT0003AL,1762.0,1769.0,Sandstone,
3FGT0003AL,1769.0,1771.0,Shale,
3FGT0003AL,1771.0,1775.0,Sandstone,
3FGT0003AL,1775.0,1784.0,Shale,
3FGT0003AL,1784.0,1797.0,Sandstone,
3FGT0003AL,1797.0,1800.0,Carbonate,
3FGT0003AL,1800.0,1830.0,Sandstone,
3FGT0003AL,1830.0,1836.0,Shale,
3FGT0003AL,1836.0,1854.0,Sandstone,
3FGT0003AL,1854.0,1862.0,Shale,
3FGT0003AL,1862.0,1871.0,Sandstone,
3FGT0003AL,1871.0,1874.0,Shale,
3FGT0003AL,1874.0,1876.0,Sandstone,
3FGT0003AL,1876.0,1888.0,Shale,
3FGT0003AL,1888.0,1893.0,Sandstone,
3FGT0003AL,1893.0,1896.0,Shale,
3FGT0003AL,1896.0,1899.0,Sandstone,
3FGT0003AL,1899.0,1901.0,Shale,
3FGT0003AL,1901.0,1904.0,Sandstone,
3FGT0003AL,1904.0,1907.0,Shale,
3FGT0003AL,1907.0,1915.0,Sandstone,
3FGT0003AL,1915.0,1923.0,Shale,
3FGT0003AL,1923.0,1925.0,Halite,Cycle 3
3FGT0003AL,1925.0,1927.0,Shale,Cycle 3
3FGT0003AL,1927.0,1931.0,Halite,Cycle 3
3FGT0003AL,1931.0,1935.0,Carbonate,Cycle 3
3FGT0003AL,1935.0,1938.0,Halite,Cycle 3
3FGT0003AL,1938.0,1942.0,Carbonate,Cycle 3
3FGT0003AL,1942.0,1947.0,Shale,Cycle 3
3FGT0003AL,1947.0,1957.0,Carbonate,Cycle 3
3FGT0003AL,1957.0,1961.0,Shale,Cycle 3
3FGT0003AL,1961.0,1968.0,Halite,Cycle 3
3FGT0003AL,1968.0,1971.0,Shale,Cycle 3
3FGT0003AL,1971.0,1973.0,Halite,Cycle 3
3FGT0003AL,1973.0,1975.0,Shale,Cycle 3
3FGT0003AL,1975.0,1982.0,Halite,Cycle 3
3FGT0003AL,1982.0,1984.0,Shale,Cycle 3
3FGT0003AL,1984.0,1997.0,Halite,Cycle 3
3FGT0003AL,1997.0,1999.0,Shale,Cycle 3
3FGT0003AL,1999.0,2012.0,Halite,Cycle 3
3FGT0003AL,2012.0,2014.0,Shale,Cycle 3
3FGT0003AL,2014.0,2020.0,Halite,Cycle 3
3FGT0003AL,2020.0,2021.0,Shale,Cycle 3
3FGT0003AL,2021.0,2023.0,Halite,Cycle 3
3FGT0003AL,2023.0,2024.0,Shale,Cycle 3
3FGT0003AL,2024.0,2030.0,Halite,Cycle 3
3FGT0003AL,2030.0,2039.0,Shale,Cycle 3
3FGT0003AL,2039.0,2048.0,Halite,Cycle 3
3FGT0003AL,2048.0,2050.0,Shale,Cycle 3
3FGT0003AL,2050.0,2054.0,Halite,Cycle 3
3FGT0003AL,2054.0,2056.0,Shale,Cycle 3
3FGT0003AL,2056.0,2065.0,Halite,Cycle 3
3FGT0003AL,2065.0,2068.0,Carbonate,Cycle 3
3FGT0003AL,2068.0,2088.0,Shale,Cycle 3
3FGT0003AL,2088.0,2090.0,Halite,Cycle 3
3FGT0003AL,2090.0,2092.0,Shale,Cycle 3
3FGT0003AL,2092.0,2099.0,Halite,Cycle 3
3FGT0003AL,2099.0,2107.0,Shale,Cycle 3
3FGT0003AL,2107.0,2109.0,Halite,Cycle 3
3FGT0003AL,2109.0,2118.0,Shale,Cycle 3
3FGT0003AL,2118.0,2123.0,Halite,Cycle 3
3FGT0003AL,2123.0,2128.0,Shale,Cycle 3
3FGT0003AL,2128.0,2134.0,Sandstone,Cycle 3
3FGT0003AL,2134.0,2138.0,Shale,Cycle 3
3FGT0003AL,2138.0,2143.0,Sandstone,Cycle 3
3FGT0003AL,2143.0,2149.0,Halite,Cycle 3
3FGT0003AL,2149.0,2154.0,Shale,
3FGT0003AL,2154.0,2165.0,Sandstone,
3FGT0003AL,2165.0,2168.0,Shale,
3FGT0003AL,2168.0,2170.0,Sandstone,
3FGT0003AL,2170.0,2173.0,Shale,
3FGT0003AL,2173.0,2188.0,Sandstone,
3FGT0003AL,2188.0,2200.0,Shale,
3FGT0003AL,2200.0,2208.0,Sandstone,
3FGT0003AL,2208.0,2212.0,Shale,
3FGT0003AL,2212.0,2215.0,Sandstone,
3FGT0003AL,2215.0,2219.0,Shale,
3FGT0003AL,2219.0,2221.0,Sandstone,
3FGT0003AL,2221.0,2229.0,Shale,
3FGT0003AL,2229.0,2233.0,Sandstone,
3FGT0003AL,2233.0,2240.0,Shale,
3FGT0003AL,2240.0,2283.0,Halite,Cycle 2
3FGT0003AL,2283.0,2298.0,Shale,Cycle 2
3FGT0003AL,2298.0,2300.0,Halite,Cycle 2
3FGT0003AL,2300.0,2303.0,Shale,Cycle 2
3FGT0003AL,2303.0,2305.0,Halite,Cycle 2
3FGT0003AL,2305.0,2338.0,Shale,
3FGT0003AL,2338.0,2340.0,Sandstone,
3FGT0003AL,2340.0,2342.0,Shale,
3FGT0003AL,2342.0,2345.0,Halite,
3FGT0003AL,2345.0,2374.0,Shale,
3FGT0003AL,2374.0,2377.0,Sandstone,
3FGT0003AL,2377.0,2379.0,Shale,
3FGT0003AL,2379.0,2381.0,Sandstone,
3FGT0003AL,2381.0,2383.0,Shale,
3FGT0003AL,2383.0,2388.0,Sandstone,
3FGT0003AL,2388.0,2394.0,Shale,
3FGT0003AL,2394.0,2402.0,Sandstone,
3FGT0003AL,2402.0,2430.0,Shale,
3FGT0003AL,2430.0,2441.0,Sandstone,
3FGT0003AL,2441.0,2462.0,Shale,
3FGT0003AL,2462.0,2469.0,Halite,
3FGT0003AL,2469.0,2474.0,Shale,
3FGT0003AL,2474.0,2476.0,Halite,
3FGT0003AL,2476.0,2484.0,Shale,
3FGT0003AL,2484.0,2514.0,Sandstone,
3FGT0003AL,2514.0,2544.0,Shale,
3FGT0003AL,2544.0,2547.0,Sandstone,
3FGT0003AL,2547.0,2549.0,Shale,
3FGT0003AL,2549.0,2551.0,Siltstone,
3FGT0003AL,2551.0,2553.0,Shale,
3FGT0003AL,2553.0,2561.0,Sandstone,
3FGT0003AL,2561.0,2564.0,Shale,
3FGT0003AL,2564.0,2567.0,Sandstone,
3FGT0003AL,2567.0,2569.0,Shale,
3FGT0003AL,2569.0,2583.0,Sandstone,
3FGT0003AL,2583.0,2609.0,Shale,
3FGT0003AL,2609.0,2617.0,Sandstone,
3FGT0003AL,2617.0,2623.0,Shale,
3FGT0003AL,2623.0,2631.0,Sandstone,
3FGT0003AL,2631.0,2635.0,Shale,
3FGT0003AL,2635.0,2650.0,Sandstone,
3FGT0003AL,2650.0,2663.0,Shale,
3FGT0003AL,2663.0,2683.0,Sandstone,
3FGT0003AL,2683.0,2692.0,Shale,
3FGT0003AL,2692.0,2697.0,Sandstone,
3FGT0003AL,2697.0,2705.0,Shale,Cycle 1
3FGT0003AL,2705.0,2709.0,Halite,Cycle 1
3FGT0003AL,2709.0,2718.0,Shale,Cycle 1
3FGT0003AL,2718.0,2724.0,Sandstone,Cycle 1
3FGT0003AL,2724.0,2729.0,Shale,Cycle 1
3FGT0003AL,2729.0,2735.0,Halite,Cycle 1
3FGT0003AL,2735.0,2743.0,Shale,Cycle 1
3FGT0003AL,2743.0,2754.0,Sandstone,Cycle 1
3FGT0003AL,2754.0,2760.0,Shale,Cycle 1
3FGT0003AL,2760.0,2768.0,Sandstone,Cycle 1
3FGT0003AL,2768.0,2773.0,Siltstone,Cycle 1
3FGT0003AL,2773.0,2782.0,Shale,Cycle 1
3FGT0003AL,2782.0,2798.0,Halite,Cycle 1
3FGT0003AL,2798.0,2816.0,Shale,Cycle 1
3FGT0003AL,2816.0,2818.0,Halite,Cycle 1
3FGT0003AL,2818.0,2822.0,Sandstone,Cycle 1
3FGT0003AL,2822.0,2825.0,Halite,Cycle 1
3FGT0003AL,2825.0,2832.0,Shale,Cycle 1
3FGT0003AL,2832.0,2836.0,Halite,Cycle 1
3FGT0003AL,2836.0,2839.0,Shale,Cycle 1
3FGT0003AL,2839.0,2843.0,Halite,Cycle 1
3FGT0003AL,2843.0,2849.0,Shale,Cycle 1
3FGT0003AL,2849.0,2857.0,Halite,Cycle 1
3FGT0003AL,2857.0,2860.0,Shale,Cycle 1
3FGT0003AL,2860.0,2863.0,Sandstone,Cycle 1
3FGT0003AL,2863.0,2878.0,Shale,Cycle 1
3FGT0003AL,2878.0,2888.0,Sandstone,Cycle 1
3FGT0003AL,2888.0,2902.0,Shale,Cycle 1
3FGT0003AL,2902.0,2916.0,Halite,Cycle 1
3FGT0003AL,2916.0,2931.0,Shale,
3FGT0003AL,2931.0,2971.0,Sandstone,
3FGT0003AL,2971.0,2976.0,Shale,
3FGT0003AL,2976.0,2981.0,Sandstone,
3FGT0003AL,2981.0,3001.0,Shale,
3FGT0003AL,3001.0,3024.0,Siltstone,
3FGT0003AL,3024.0,3033.0,Shale,
3FGT0003AL,3033.0,3037.0,Sandstone,
3FGT0003AL,3037.0,3043.0,Shale,
3FGT0003AL,3043.0,3089.0,Sandstone,
3FGT0003AL,3089.0,3118.0,Shale,
3FGT0003AL,3118.0,3135.0,Siltstone,
3FGT0003AL,3135.0,3138.0,Shale,
3FGT0003AL,3138.0,3145.0,Sandstone,
3FGT0003AL,3145.0,3150.0,Shale,
3FGT0003AL,3150.0,3156.0,Sandstone,
3FGT0003AL,3156.0,3171.0,Shale,
3FGT0003AL,3171.0,3239.0,Sandstone,
3FGT0003AL,3239.0,3263.0,Shale,
3FGT0003AL,3263.0,3273.0,Sandstone,
3FGT0003AL,3273.0,3275.0,Shale,
3FGT0003AL,3275.0,3277.0,Sandstone,
3FGT0003AL,3277.0,3285.0,Shale,
3FGT0003AL,3285.0,3291.0,Sandstone,
3FGT0003AL,3291.0,3313.0,Shale,
3FGT0003AL,3313.0,3337.0,Sandstone,
3FGT0003AL,3337.0,3348.0,Shale,
3FGT0003AL,3348.0,3352.0,Sandstone,
3FGT0003AL,3352.0,3354.0,Shale,
3FGT0003AL,3354.0,3359.0,Sandstone,
3FGT0003AL,3359.0,3393.0,Shale,
3FGT0003AL,3393.0,3413.0,Sandstone,
3FGT0003AL,3413.0,3459.0,Shale,
3FGT0003AL,3459.0,3462.0,Sandstone,
3FGT0003AL,3462.0,3464.0,Shale,
3FGT0003AL,3464.0,3468.0,Sandstone,
3FGT0003AL,3468.0,3476.0,Shale,
3FGT0003AL,3476.0,3480.0,Sandstone,
3FGT0003AL,3480.0,3484.0,Shale,
3FGT0003AL,3484.0,3497.0,Sandstone,
3FGT0004AL,0.0,10.0,Sand,
3FGT0004AL,10.0,46.0,Clay,
3FGT0004AL,46.0,52.0,Carbonate,
3FGT0004AL,52.0,80.0,Sandstone,
3FGT0004AL,80.0,82.0,Carbonate,
3FGT0004AL,82.0,206.0,Conglomerate,
3FGT0004AL,206.0,211.0,Shale,
3FGT0004AL,211.0,219.0,Conglomerate,
3FGT0004AL,219.0,223.0,Shale,
3FGT0004AL,223.0,231.0,Carbonate,
3FGT0004AL,231.0,235.0,Shale,
3FGT0004AL,235.0,289.0,Conglomerate,
3FGT0004AL,289.0,298.0,Shale,
3FGT0004AL,298.0,306.0,Carbonate,
3FGT0004AL,306.0,308.0,Shale,
3FGT0004AL,308.0,347.0,Conglomerate,
3FGT0004AL,347.0,351.0,Shale,
3FGT0004AL,351.0,361.0,Conglomerate,
3FGT0004AL,361.0,367.0,Shale,
3FGT0004AL,367.0,388.0,Conglomerate,
3FGT0004AL,388.0,394.0,Shale,
3FGT0004AL,394.0,423.0,Conglomerate,
3FGT0004AL,423.0,428.0,Shale,
3FGT0004AL,428.0,444.0,Conglomerate,
3FGT0004AL,444.0,452.0,Shale,
3FGT0004AL,452.0,457.0,Carbonate,
3FGT0004AL,457.0,464.0,Shale,
3FGT0004AL,464.0,523.0,Conglomerate,
3FGT0004AL,523.0,528.0,Shale,
3FGT0004AL,528.0,532.0,Conglomerate,
3FGT0004AL,532.0,534.0,Shale,
3FGT0004AL,534.0,539.0,Conglomerate,
3FGT0004AL,539.0,543.0,Shale,
3FGT0004AL,543.0,550.0,Conglomerate,
3FGT0004AL,550.0,557.0,Shale,
3FGT0004AL,557.0,588.0,Conglomerate,
3FGT0004AL,588.0,590.0,Shale,
3FGT0004AL,590.0,620.0,Conglomerate,
3FGT0004AL,620.0,630.0,Shale,
3FGT0004AL,630.0,635.0,Conglomerate,
3FGT0004AL,635.0,644.0,Shale,
3FGT0004AL,644.0,659.0,Conglomerate,
3FGT0004AL,659.0,663.0,Shale,
3FGT0004AL,663.0,672.0,Conglomerate,
3FGT0004AL,672.0,676.0,Shale,
3FGT0004AL,676.0,693.0,Conglomerate,
3FGT0004AL,693.0,697.0,Shale,
3FGT0004AL,697.0,710.0,Conglomerate,
3FGT0004AL,710.0,717.0,Shale,
3FGT0004AL,717.0,725.0,Conglomerate,
3FGT0004AL,725.0,733.0,Carbonate,
3FGT0004AL,733.0,743.0,Shale,
3FGT0004AL,743.0,753.0,Carbonate,
3FGT0004AL,753.0,770.0,Conglomerate,
3FGT0004AL,770.0,776.0,Carbonate,
3FGT0004AL,776.0,786.0,Shale,
3FGT0004AL,786.0,814.0,Conglomerate,
3FGT0004AL,814.0,818.0,Shale,
3FGT0004AL,818.0,846.0,Conglomerate,
3FGT0004AL,846.0,850.0,Shale,
3FGT0004AL,850.0,857.0,Conglomerate,
3FGT0004AL,857.0,859.0,Shale,
3FGT0004AL,859.0,872.0,Conglomerate,
3FGT0004AL,872.0,877.0,Shale,
3FGT0004AL,877.0,882.0,Conglomerate,
3FGT0004AL,882.0,888.0,Shale,
3FGT0004AL,888.0,903.0,Conglomerate,
3FGT0004AL,903.0,911.0,Shale,
3FGT0004AL,911.0,938.0,Conglomerate,
3FGT0004AL,938.0,948.0,Shale,
3FGT0004AL,948.0,972.0,Conglomerate,
3FGT0004AL,972.0,978.0,Shale,
3FGT0004AL,978.0,992.0,Sandstone,
3FGT0004AL,992.0,1006.0,Carbonate,
3FGT0004AL,1006.0,1017.0,Sandstone,
3FGT0004AL,1017.0,1027.0,Shale,
3FGT0004AL,1027.0,1065.0,Sandstone,
3FGT0004AL,1065.0,1076.0,Shale,
3FGT0004AL,1076.0,1095.0,Sandstone,
3FGT0004AL,1095.0,1096.0,Carbonate,
3FGT0004AL,1096.0,1110.0,Sandstone,
3FGT0004AL,1110.0,1114.0,Shale,
3FGT0004AL,1114.0,1126.0,Sandstone,
3FGT0004AL,1126.0,1130.0,Shale,
3FGT0004AL,1130.0,1137.0,Sandstone,
3FGT0004AL,1137.0,1149.0,Sandstone,
3FGT0004AL,1149.0,1155.0,Shale,
3FGT0004AL,1155.0,1170.0,Sandstone,
3FGT0004AL,1170.0,1173.0,Carbonate,
3FGT0004AL,1173.0,1176.0,Shale,
3FGT0004AL,1176.0,1183.0,Sandstone,
3FGT0004AL,1183.0,1190.0,Shale,
3FGT0004AL,1190.0,1205.0,Sandstone,
3FGT0004AL,1205.0,1209.0,Shale,
3FGT0004AL,1209.0,1215.0,Sandstone,
3FGT0004AL,1215.0,1217.0,Shale,
3FGT0004AL,1217.0,1235.0,Sandstone,
3FGT0004AL,1235.0,1240.0,Shale,
3FGT0004AL,1240.0,1245.0,Sandstone,
3FGT0004AL,1245.0,1250.0,Shale,
3FGT0004AL,1250.0,1260.0,Sandstone,
3FGT0004AL,1260.0,1267.0,Shale,
3FGT0004AL,1267.0,1272.0,Sandstone,
3FGT0004AL,1272.0,1286.0,Shale,
3FGT0004AL,1286.0,1306.0,Sandstone,
3FGT0004AL,1306.0,1309.0,Shale,
3FGT0004AL,1309.0,1311.0,Sandstone,
3FGT0004AL,1311.0,1314.0,Shale,
3FGT0004AL,1314.0,1332.0,Sandstone,
3FGT0004AL,1332.0,1334.0,Carbonate,
3FGT0004AL,1334.0,1341.0,Sandstone,
3FGT0004AL,1341.0,1344.0,Shale,
3FGT0004AL,1344.0,1345.0,Carbonate,
3FGT0004AL,1345.0,1351.0,Sandstone,
3FGT0004AL,1351.0,1361.0,Shale,
3FGT0004AL,1361.0,1390.0,Sandstone,
3FGT0004AL,1390.0,1394.0,Shale,
3FGT0004AL,1394.0,1401.0,Sandstone,
3FGT0004AL,1401.0,1407.0,Shale,
3FGT0004AL,1407.0,1427.0,Sandstone,
3FGT0004AL,1427.0,1428.0,Shale,
3FGT0004AL,1428.0,1439.0,Sandstone,
3FGT0004AL,1439.0,1458.0,Shale,
3FGT0004AL,1458.0,1465.0,Sandstone,
3FGT0004AL,1465.0,1468.0,Shale,
3FGT0004AL,1468.0,1488.0,Sandstone,
3FGT0004AL,1488.0,1489.0,Carbonate,
3FGT0004AL,1489.0,1495.0,Sandstone,
3FGT0004AL,1495.0,1506.0,Shale,
3FGT0004AL,1506.0,1511.0,Sandstone,
3FGT0004AL,1511.0,1513.0,Shale,
3FGT0004AL,1513.0,1533.0,Sandstone,
3FGT0004AL,1533.0,1541.0,Shale,
3FGT0004AL,1541.0,1560.0,Sandstone,
3FGT0004AL,1560.0,1565.0,Shale,
3FGT0004AL,1565.0,1571.0,Sandstone,
3FGT0004AL,1571.0,1574.0,Shale,
3FGT0004AL,1574.0,1586.0,Sandstone,
3FGT0004AL,1586.0,1588.0,Shale,
3FGT0004AL,1588.0,1596.0,Sandstone,
3FGT0004AL,1596.0,1601.0,Shale,
3FGT0004AL,1601.0,1608.0,Carbonate,
3FGT0004AL,1608.0,1613.0,Halite,Cycle 3
3FGT0004AL,1613.0,1615.0,Shale,Cycle 3
3FGT0004AL,1615.0,1623.0,Halite,Cycle 3
3FGT0004AL,1623.0,1629.0,Shale,Cycle 3
3FGT0004AL,1629.0,1635.0,Sandstone,Cycle 3
3FGT0004AL,1635.0,1642.0,Halite,Cycle 3
3FGT0004AL,1642.0,1648.0,Shale,Cycle 3
3FGT0004AL,1648.0,1652.0,Carbonate,Cycle 3
3FGT0004AL,1652.0,1656.0,Shale,Cycle 3
3FGT0004AL,1656.0,1659.0,Halite,Cycle 3
3FGT0004AL,1659.0,1662.0,Sandstone,Cycle 3
3FGT0004AL,1662.0,1671.0,Halite,Cycle 3
3FGT0004AL,1671.0,1675.0,Shale,Cycle 3
3FGT0004AL,1675.0,1685.0,Sandstone,Cycle 3
3FGT0004AL,1685.0,1692.0,Halite,Cycle 3
3FGT0004AL,1692.0,1694.0,Sandstone,Cycle 3
3FGT0004AL,1694.0,1701.0,Shale,Cycle 3
3FGT0004AL,1701.0,1709.0,Sandstone,Cycle 3
3FGT0004AL,1709.0,1713.0,Shale,Cycle 3
3FGT0004AL,1713.0,1714.0,Halite,Cycle 3
3FGT0004AL,1714.0,1718.0,Sandstone,Cycle 3
3FGT0004AL,1718.0,1722.0,Shale,Cycle 3
3FGT0004AL,1722.0,1724.0,Halite,Cycle 3
3FGT0004AL,1724.0,1727.0,Shale,Cycle 3
3FGT0004AL,1727.0,1735.0,Halite,Cycle 3
3FGT0004AL,1735.0,1746.0,Shale,Cycle 3
3FGT0004AL,1746.0,1768.0,Halite,Cycle 3
3FGT0004AL,1768.0,1770.0,Shale,Cycle 3
3FGT0004AL,1770.0,1772.0,Halite,Cycle 3
3FGT0004AL,1772.0,1773.0,Shale,Cycle 3
3FGT0004AL,1773.0,1779.0,Halite,Cycle 3
3FGT0004AL,1779.0,1781.0,Shale,Cycle 3
3FGT0004AL,1781.0,1783.0,Halite,Cycle 3
3FGT0004AL,1783.0,1786.0,Shale,Cycle 3
3FGT0004AL,1786.0,1799.0,Halite,Cycle 3
3FGT0004AL,1799.0,1804.0,Sandstone,Cycle 3
3FGT0004AL,1804.0,1807.0,Shale,Cycle 3
3FGT0004AL,1807.0,1810.0,Sandstone,Cycle 3
3FGT0004AL,1810.0,1838.0,Halite,Cycle 3
3FGT0004AL,1838.0,1841.0,Carbonate,
3FGT0004AL,1841.0,1847.0,Shale,
3FGT0004AL,1847.0,1855.0,Sandstone,
3FGT0004AL,1855.0,1858.0,Shale,
3FGT0004AL,1858.0,1861.0,Sandstone,
3FGT0004AL,1861.0,1868.0,Shale,
3FGT0004AL,1868.0,1873.0,Sandstone,
3FGT0004AL,1873.0,1875.0,Shale,
3FGT0004AL,1875.0,1877.0,Sandstone,
3FGT0004AL,1877.0,1878.0,Shale,
3FGT0004AL,1878.0,1883.0,Sandstone,
3FGT0004AL,1883.0,1888.0,Shale,
3FGT0004AL,1888.0,1894.0,Sandstone,
3FGT0004AL,1894.0,1926.0,Shale,
3FGT0004AL,1926.0,1928.0,Carbonate,
3FGT0004AL,1928.0,1929.0,Shale,
3FGT0004AL,1929.0,1931.0,Carbonate,
3FGT0004AL,1931.0,1937.0,Sandstone,
3FGT0004AL,1937.0,1940.0,Shale,
3FGT0004AL,1940.0,1942.0,Carbonate,
3FGT0004AL,1942.0,1947.0,Shale,
3FGT0004AL,1947.0,1958.0,Sandstone,
3FGT0004AL,1958.0,1970.0,Shale,
3FGT0004AL,1970.0,1972.0,Sandstone,
3FGT0004AL,1972.0,1976.0,Shale,
3FGT0004AL,1976.0,1981.0,Sandstone,
3FGT0004AL,1981.0,1982.0,Shale,
3FGT0004AL,1982.0,1984.0,Sandstone,
3FGT0004AL,1984.0,1989.0,Shale,
3FGT0004AL,1989.0,1994.0,Sandstone,
3FGT0004AL,1994.0,1997.0,Shale,
3FGT0004AL,1997.0,2003.0,Sandstone,
3FGT0004AL,2003.0,2007.0,Siltstone,
3FGT0004AL,2007.0,2021.0,Shale,
3FGT0004AL,2021.0,2030.0,Sandstone,
3FGT0004AL,2030.0,2032.0,Carbonate,
3FGT0004AL,2032.0,2036.0,Siltstone,
3FGT0004AL,2036.0,2039.0,Shale,
3FGT0004AL,2039.0,2052.0,Sandstone,
3FGT0004AL,2052.0,2057.0,Shale,
3FGT0004AL,2057.0,2062.0,Sandstone,
3FGT0004AL,2062.0,2073.0,Shale,
3FGT0004AL,2073.0,2075.0,Sandstone,
3FGT0004AL,2075.0,2077.0,Shale,
3FGT0004AL,2077.0,2081.0,Sandstone,
3FGT0004AL,2081.0,2085.0,Shale,
3FGT0004AL,2085.0,2105.0,Sandstone,
3FGT0004AL,2105.0,2107.0,Shale,
3FGT0004AL,2107.0,2108.0,Sandstone,
3FGT0004AL,2108.0,2115.0,Shale,
3FGT0004AL,2115.0,2123.0,Sandstone,
3FGT0004AL,2123.0,2126.0,Shale,
3FGT0004AL,2126.0,2133.0,Sandstone,
3FGT0004AL,2133.0,2140.0,Shale,
3FGT0004AL,2140.0,2141.0,Carbonate,
3FGT0004AL,2141.0,2147.0,Sandstone,
3FGT0004AL,2147.0,2154.0,Shale,
3FGT0004AL,2154.0,2158.0,Sandstone,
3FGT0004AL,2158.0,2162.0,Shale,
3FGT0004AL,2162.0,2171.0,Sandstone,
3FGT0004AL,2171.0,2175.0,Shale,
3FGT0004AL,2175.0,2179.0,Sandstone,
3FGT0004AL,2179.0,2190.0,Shale,
3FGT0004AL,2190.0,2191.0,Carbonate,
3FGT0004AL,2191.0,2195.0,Sandstone,
3FGT0004AL,2195.0,2203.0,Shale,
3FGT0004AL,2203.0,2205.0,Halite,
3FGT0004AL,2205.0,2208.0,Shale,
3FGT0004AL,2208.0,2210.0,Halite,
3FGT0004AL,2210.0,2212.0,Shale,
3FGT0004AL,2212.0,2218.0,Halite,Cycle 2
3FGT0004AL,2218.0,2219.0,Shale,Cycle 2
3FGT0004AL,2219.0,2239.0,Halite,Cycle 2
3FGT0004AL,2239.0,2246.0,Shale,Cycle 2
3FGT0004AL,2246.0,2251.0,Sandstone,Cycle 2
3FGT0004AL,2251.0,2256.0,Shale,Cycle 2
3FGT0004AL,2256.0,2264.0,Siltstone,Cycle 2
3FGT0004AL,2264.0,2267.0,Halite,Cycle 2
3FGT0004AL,2267.0,2271.0,Shale,Cycle 2
3FGT0004AL,2271.0,2277.0,Halite,Cycle 2
3FGT0004AL,2277.0,2278.0,Shale,Cycle 2
3FGT0004AL,2278.0,2292.0,Halite,Cycle 2
3FGT0004AL,2292.0,2294.0,Shale,Cycle 2
3FGT0004AL,2294.0,2296.0,Sandstone,Cycle 2
3FGT0004AL,2296.0,2303.0,Shale,
3FGT0004AL,2303.0,2305.0,Sandstone,
3FGT0004AL,2305.0,2313.0,Shale,
3FGT0004AL,2313.0,2315.0,Sandstone,
3FGT0004AL,2315.0,2321.0,Shale,
3FGT0004AL,2321.0,2324.0,Siltstone,
3FGT0004AL,2324.0,2355.0,Shale,
3FGT0004AL,2355.0,2361.0,Sandstone,
3FGT0004AL,2361.0,2365.0,Shale,
3FGT0004AL,2365.0,2374.0,Sandstone,
3FGT0004AL,2374.0,2379.0,Shale,
3FGT0004AL,2379.0,2385.0,Sandstone,
3FGT0004AL,2385.0,2391.0,Shale,
3FGT0004AL,2391.0,2393.0,Sandstone,
3FGT0004AL,2393.0,2405.0,Shale,
3FGT0004AL,2405.0,2418.0,Sandstone,
3FGT0004AL,2418.0,2420.0,Carbonate,
3FGT0004AL,2420.0,2421.0,Sandstone,
3FGT0004AL,2421.0,2423.0,Carbonate,
3FGT0004AL,2423.0,2427.0,Sandstone,
3FGT0004AL,2427.0,2440.0,Shale,
3FGT0004AL,2440.0,2445.0,Sandstone,
3FGT0004AL,2445.0,2447.0,Carbonate,
3FGT0004AL,2447.0,2450.0,Sandstone,
3FGT0004AL,2450.0,2452.0,Shale,
3FGT0004AL,2452.0,2458.0,Sandstone,
3FGT0004AL,2458.0,2489.0,Shale,
3FGT0004AL,2489.0,2502.0,Sandstone,
3FGT0004AL,2502.0,2506.0,Shale,
3FGT0004AL,2506.0,2517.0,Sandstone,
3FGT0004AL,2517.0,2519.0,Shale,
3FGT0004AL,2519.0,2525.0,Sandstone,
3FGT0004AL,2525.0,2527.0,Shale,
3FGT0004AL,2527.0,2542.0,Sandstone,
3FGT0004AL,2542.0,2555.0,Shale,
3FGT0004AL,2555.0,2561.0,Halite,Cycle 1
3FGT0004AL,2561.0,2563.0,Sandstone,Cycle 1
3FGT0004AL,2563.0,2566.0,Halite,Cycle 1
3FGT0004AL,2566.0,2567.0,Sandstone,Cycle 1
3FGT0004AL,2567.0,2569.0,Halite,Cycle 1
3FGT0004AL,2569.0,2576.0,Shale,Cycle 1
3FGT0004AL,2576.0,2578.0,Halite,Cycle 1
3FGT0004AL,2578.0,2584.0,Sandstone,Cycle 1
3FGT0004AL,2584.0,2587.0,Halite,Cycle 1
3FGT0004AL,2587.0,2592.0,Shale,Cycle 1
3FGT0004AL,2592.0,2594.0,Halite,Cycle 1
3FGT0004AL,2594.0,2597.0,Shale,Cycle 1
3FGT0004AL,2597.0,2603.0,Halite,Cycle 1
3FGT0004AL,2603.0,2605.0,Sandstone,Cycle 1
3FGT0004AL,2605.0,2613.0,Shale,Cycle 1
3FGT0004AL,2613.0,2618.0,Sandstone,Cycle 1
3FGT0004AL,2618.0,2623.0,Shale,Cycle 1
3FGT0004AL,2623.0,2627.0,Halite,Cycle 1
3FGT0004AL,2627.0,2637.0,Sandstone,Cycle 1
3FGT0004AL,2637.0,2639.0,Halite,Cycle 1
3FGT0004AL,2639.0,2646.0,Shale,Cycle 1
3FGT0004AL,2646.0,2648.0,Halite,Cycle 1
3FGT0004AL,2648.0,2650.0,Sandstone,Cycle 1
3FGT0004AL,2650.0,2654.0,Anhydrite,Cycle 1
3FGT0004AL,2654.0,2664.0,Shale,Cycle 1
3FGT0004AL,2664.0,2668.0,Siltstone,Cycle 1
3FGT0004AL,2668.0,2673.0,Shale,Cycle 1
3FGT0004AL,2673.0,2676.0,Sandstone,Cycle 1
3FGT0004AL,2676.0,2683.0,Shale,Cycle 1
3FGT0004AL,2683.0,2694.0,Sandstone,Cycle 1
3FGT0004AL,2694.0,2696.0,Shale,Cycle 1
3FGT0004AL,2696.0,2699.0,Sandstone,Cycle 1
3FGT0004AL,2699.0,2703.0,Shale,Cycle 1
3FGT0004AL,2703.0,2712.0,Sandstone,Cycle 1
3FGT0004AL,2712.0,2738.0,Halite,Cycle 1
3FGT0004AL,2738.0,2740.0,Shale,Cycle 1
3FGT0004AL,2740.0,2741.0,Halite,Cycle 1
3FGT0004AL,2741.0,2749.0,Shale,Cycle 1
3FGT0004AL,2749.0,2751.0,Sandstone,Cycle 1
3FGT0004AL,2751.0,2755.0,Shale,Cycle 1
3FGT0004AL,2755.0,2766.0,Sandstone,Cycle 1
3FGT0004AL,2766.0,2769.0,Halite,Cycle 1
3FGT0004AL,2769.0,2781.0,Sandstone,Cycle 1
3FGT0004AL,2781.0,2786.0,Halite,Cycle 1
3FGT0004AL,2786.0,2788.0,Shale,Cycle 1
3FGT0004AL,2788.0,2792.0,Sandstone,Cycle 1
3FGT0004AL,2792.0,2794.0,Halite,Cycle 1
3FGT0004AL,2794.0,2798.0,Shale,Cycle 1
3FGT0004AL,2798.0,2801.0,Sandstone,Cycle 1
3FGT0004AL,2801.0,2805.0,Shale,Cycle 1
3FGT0004AL,2805.0,2809.0,Sandstone,Cycle 1
3FGT0004AL,2809.0,2812.0,Shale,Cycle 1
3FGT0004AL,2812.0,2818.0,Sandstone,Cycle 1
3FGT0004AL,2818.0,2823.0,Siltstone,Cycle 1
3FGT0004AL,2823.0,2838.0,Sandstone,Cycle 1
3FGT0004AL,2838.0,2851.0,Shale,Cycle 1
3FGT0004AL,2851.0,2869.0,Halite,Cycle 1
3FGT0004AL,2869.0,2878.0,Shale,
3FGT0004AL,2878.0,2881.0,Sandstone,
3FGT0004AL,2881.0,2882.0,Shale,
3FGT0004AL,2882.0,2913.0,Sandstone,
3FGT0004AL,2913.0,2918.0,Siltstone,
3FGT0004AL,2918.0,2939.0,Sandstone,
3FGT0004AL,2939.0,2941.0,Shale,
3FGT0004AL,2941.0,2946.0,Sandstone,
3FGT0004AL,2946.0,2955.0,Shale,
3FGT0004AL,2955.0,2958.0,Siltstone,
3FGT0004AL,2958.0,2971.0,Sandstone,
3FGT0004AL,2971.0,2974.0,Shale,
3FGT0004AL,2974.0,2991.0,Sandstone,
3FGT0004AL,2991.0,2993.0,Shale,
3FGT0004AL,2993.0,2994.0,Sandstone,
3FGT0004AL,2994.0,2997.0,Shale,
3FGT0004AL,2997.0,2999.0,Sandstone,
3FGT0004AL,2999.0,3001.0,Shale,
3FGT0004AL,3001.0,3007.0,Sandstone,
3FGT0004AL,3007.0,3028.0,Shale,
3FGT0004AL,3028.0,3031.0,Siltstone,
3FGT0004AL,3031.0,3038.0,Shale,
3FGT0004AL,3038.0,3043.0,Sandstone,
3FGT0004AL,3043.0,3052.0,Shale,
3FGT0004AL,3052.0,3059.0,Siltstone,
3FGT0004AL,3059.0,3077.0,Shale,
3FGT0004AL,3077.0,3106.0,Sandstone,
3FGT0004AL,3106.0,3107.0,Shale,
3FGT0004AL,3107.0,3138.0,Sandstone,
3FGT0004AL,3138.0,3145.0,Shale,
3FGT0004AL,3145.0,3150.0,Sandstone,
3FGT0004AL,3150.0,3165.0,Shale,
3FGT0004AL,3165.0,3167.0,Sandstone,
3FGT0004AL,3167.0,3169.0,Shale,
3FGT0004AL,3169.0,3173.0,Sandstone,
3FGT0004AL,3173.0,3189.0,Shale,
3FGT0004AL,3189.0,3191.0,Sandstone,
3FGT0004AL,3191.0,3193.0,Shale,
3FGT0004AL,3193.0,3195.0,Sandstone,
3FGT0004AL,3195.0,3199.0,Shale,
3FGT0004AL,3199.0,3202.0,Sandstone,
3FGT0004AL,3202.0,3226.0,Shale,
3FGT0004AL,3226.0,3245.0,Sandstone,
3FGT0004AL,3245.0,3247.0,Shale,
3FGT0004AL,3247.0,3250.0,Sandstone,
3FGT0004AL,3250.0,3251.0,Shale,
3FGT0004AL,3251.0,3254.0,Sandstone,
3FGT0004AL,3254.0,3258.0,Shale,
3FGT0004AL,3258.0,3259.0,Sandstone,
3FGT0004AL,3259.0,3286.0,Shale,
3FGT0004AL,3286.0,3290.0,Siltstone,
3FGT0004AL,3290.0,3293.0,Shale,
3FGT0004AL,3293.0,3295.0,Sandstone,
3FGT0004AL,3295.0,3310.0,Shale,
3FGT0004AL,3310.0,3311.0,Sandstone,
3FGT0004AL,3311.0,3323.0,Shale,
3FGT0004AL,3323.0,3331.0,Siltstone,
3FGT0004AL,3331.0,3333.0,Shale,
3FGT0004AL,3333.0,3346.0,Sandstone,
3FGT0004AL,3346.0,3351.0,Shale,
3FGT0004AL,3351.0,3364.0,Sandstone,
3FGT0004AL,3364.0,3377.0,Shale,
3FGT0004AL,3377.0,3378.0,Sandstone,
3FGT0004AL,3378.0,3382.0,Shale,
3FGT0004AL,3382.0,3384.0,Sandstone,
3FGT0004AL,3384.0,3397.0,Shale,
3FGT0004AL,3397.0,3401.0,Sandstone,
3FGT0004AL,3401.0,3418.0,Shale,
3FGT0004AL,3418.0,3420.0,Sandstone,
3FGT0004AL,3420.0,3422.0,Shale,
3FGT0004AL,3422.0,3429.0,Sandstone,
3FGT0004AL,3429.0,3443.0,Shale,
3FGT0004AL,3443.0,3445.0,Sandstone,
3FGT0004AL,3445.0,3449.0,Shale,
3FGT0004AL,3449.0,3459.0,Sandstone,
3FGT0004AL,3459.0,3462.0,Shale,
3FGT0004AL,3462.0,3463.0,Sandstone,
3FGT0004AL,3463.0,3468.0,Shale,
3FGT0004AL,3468.0,3490.0,Sandstone,
3FGT0004AL,3490.0,3495.0,Siltstone,
3FGT0004AL,3495.0,3505.0,Sandstone,
3FGT0004AL,3505.0,3506.0,Siltstone,
3FGT0004AL,3506.0,3514.0,Sandstone,
3FGT0004AL,3514.0,3517.0,Shale,
3FGT0004AL,3517.0,3519.0,Sandstone,
3FGT0004AL,3519.0,3525.0,Shale,
1CPA0001AL,25.0,45.0,Sand,
1CPA0001AL,45.0,170.0,Sandstone,
1CPA0001AL,170.0,173.0,Clay,
1CPA0001AL,173.0,180.0,Carbonate,
1CPA0001AL,180.0,230.0,Conglomerate,
1CPA0001AL,230.0,235.0,Sandstone,
1CPA0001AL,235.0,242.0,Conglomerate,
1CPA0001AL,242.0,245.0,Shale,
1CPA0001AL,245.0,268.0,Conglomerate,
1CPA0001AL,268.0,271.0,Shale,
1CPA0001AL,271.0,295.0,Conglomerate,
1CPA0001AL,295.0,337.0,Sandstone,
1CPA0001AL,337.0,344.0,Shale,
1CPA0001AL,344.0,391.0,Sandstone,
1CPA0001AL,391.0,394.0,Shale,
1CPA0001AL,394.0,408.0,Sandstone,
1CPA0001AL,408.0,410.0,Shale,
1CPA0001AL,410.0,438.0,Sandstone,
1CPA0001AL,438.0,440.0,Shale,
1CPA0001AL,440.0,451.0,Sandstone,
1CPA0001AL,451.0,458.0,Shale,
1CPA0001AL,458.0,489.0,Sandstone,
1CPA0001AL,489.0,493.0,Shale,
1CPA0001AL,493.0,500.0,Sandstone,
1CPA0001AL,500.0,503.0,Shale,
1CPA0001AL,503.0,515.0,Sandstone,
1CPA0001AL,515.0,518.0,Shale,
1CPA0001AL,518.0,528.0,Sandstone,
1CPA0001AL,528.0,533.0,Shale,
1CPA0001AL,533.0,535.0,Sandstone,
1CPA0001AL,535.0,544.0,Shale,
1CPA0001AL,544.0,558.0,Sandstone,
1CPA0001AL,558.0,563.0,Shale,
1CPA0001AL,563.0,567.0,Sandstone,
1CPA0001AL,567.0,569.0,Shale,
1CPA0001AL,569.0,579.0,Sandstone,
1CPA0001AL,579.0,580.0,Shale,
1CPA0001AL,580.0,583.0,Sandstone,
1CPA0001AL,583.0,585.0,Shale,
1CPA0001AL,585.0,589.0,Sandstone,
1CPA0001AL,589.0,591.0,Shale,
1CPA0001AL,591.0,613.0,Sandstone,
1CPA0001AL,613.0,617.0,Shale,
1CPA0001AL,617.0,638.0,Sandstone,
1CPA0001AL,638.0,645.0,Carbonate,
1CPA0001AL,645.0,647.0,Shale,
1CPA0001AL,647.0,690.0,Sandstone,
1CPA0001AL,690.0,695.0,Carbonate,
1CPA0001AL,695.0,705.0,Sandstone,
1CPA0001AL,705.0,710.0,Shale,
1CPA0001AL,710.0,715.0,Sandstone,
1CPA0001AL,715.0,717.0,Shale,
1CPA0001AL,717.0,745.0,Sandstone,
1CPA0001AL,745.0,749.0,Carbonate,
1CPA0001AL,749.0,755.0,Sandstone,
1CPA0001AL,755.0,760.0,Shale,
1CPA0001AL,760.0,768.0,Sandstone,
1CPA0001AL,768.0,774.0,Carbonate,
1CPA0001AL,774.0,784.0,Shale,
1CPA0001AL,784.0,785.0,Carbonate,
1CPA0001AL,785.0,799.0,Sandstone,
1CPA0001AL,799.0,800.0,Shale,
1CPA0001AL,800.0,813.0,Sandstone,
1CPA0001AL,813.0,818.0,Shale,
1CPA0001AL,818.0,821.0,Sandstone,
1CPA0001AL,821.0,827.0,Carbonate,
1CPA0001AL,827.0,829.0,Carbonate,
1CPA0001AL,829.0,830.0,Shale,
1CPA0001AL,830.0,836.0,Sandstone,
1CPA0001AL,836.0,839.0,Shale,
1CPA0001AL,839.0,840.0,Carbonate,
1CPA0001AL,840.0,844.0,Sandstone,
1CPA0001AL,844.0,848.0,Shale,
1CPA0001AL,848.0,863.0,Sandstone,
1CPA0001AL,863.0,865.0,Carbonate,
1CPA0001AL,865.0,870.0,Sandstone,
1CPA0001AL,870.0,873.0,Carbonate,
1CPA0001AL,873.0,885.0,Sandstone,
1CPA0001AL,885.0,890.0,Shale,
1CPA0001AL,890.0,893.0,Sandstone,
1CPA0001AL,893.0,895.0,Carbonate,
1CPA0001AL,895.0,900.0,Sandstone,
1CPA0001AL,900.0,903.0,Shale,
1CPA0001AL,903.0,908.0,Sandstone,
1CPA0001AL,908.0,911.0,Shale,
1CPA0001AL,911.0,913.0,Carbonate,
1CPA0001AL,913.0,921.0,Shale,
1CPA0001AL,921.0,922.0,Sandstone,
1CPA0001AL,922.0,928.0,Carbonate,
1CPA0001AL,928.0,932.0,Sandstone,
1CPA0001AL,932.0,935.0,Carbonate,
1CPA0001AL,935.0,944.0,Sandstone,
1CPA0001AL,944.0,946.0,Shale,
1CPA0001AL,946.0,947.0,Carbonate,
1CPA0001AL,947.0,950.0,Shale,
1CPA0001AL,950.0,954.0,Sandstone,
1CPA0001AL,954.0,960.0,Shale,
1CPA0001AL,960.0,966.0,Sandstone,
1CPA0001AL,966.0,967.0,Carbonate,
1CPA0001AL,967.0,971.0,Sandstone,
1CPA0001AL,971.0,978.0,Shale,
1CPA0001AL,978.0,980.0,Sandstone,
1CPA0001AL,980.0,985.0,Shale,
1CPA0001AL,985.0,989.0,Sandstone,
1CPA0001AL,989.0,995.0,Shale,
1CPA0001AL,995.0,1000.0,Sandstone,
1CPA0001AL,1000.0,1015.0,Shale,
1CPA0001AL,1015.0,1017.0,Carbonate,
1CPA0001AL,1017.0,1018.0,Carbonate,
1CPA0001AL,1018.0,1020.0,Carbonate,
1CPA0001AL,1020.0,1065.0,Sandstone,
1CPA0001AL,1065.0,1068.0,Carbonate,
1CPA0001AL,1068.0,1112.0,Sandstone,
1CPA0001AL,1112.0,1113.0,Carbonate,
1CPA0001AL,1113.0,1132.0,Sandstone,
1CPA0001AL,1132.0,1135.0,Carbonate,
1CPA0001AL,1135.0,1165.0,Sandstone,
1CPA0001AL,1165.0,1167.0,Shale,
1CPA0001AL,1167.0,1169.0,Carbonate,
1CPA0001AL,1169.0,1172.0,Shale,
1CPA0001AL,1172.0,1206.0,Sandstone,
1CPA0001AL,1206.0,1215.0,Shale,
1CPA0001AL,1215.0,1241.0,Sandstone,
1CPA0001AL,1241.0,1248.0,Shale,
1CPA0001AL,1248.0,1265.0,Sandstone,
1CPA0001AL,1265.0,1278.0,Shale,
1CPA0001AL,1278.0,1279.0,Carbonate,
1CPA0001AL,1279.0,1289.0,Shale,
1CPA0001AL,1289.0,1302.0,Sandstone,
1CPA0001AL,1302.0,1333.0,Shale,
1CPA0001AL,1333.0,1350.0,Sandstone,
1CPA0001AL,1350.0,1366.0,Shale,
1CPA0001AL,1366.0,1396.0,Halite,Cycle 3
1CPA0001AL,1396.0,1409.0,Shale,
1CPA0001AL,1409.0,1411.0,Carbonate,
1CPA0001AL,1411.0,1415.0,Shale,
1CPA0001AL,1415.0,1424.0,Sandstone,
1CPA0001AL,1424.0,1446.0,Shale,
1CPA0001AL,1446.0,1447.0,Carbonate,
1CPA0001AL,1447.0,1451.0,Shale,
1CPA0001AL,1451.0,1452.0,Carbonate,
1CPA0001AL,1452.0,1466.0,Shale,
1CPA0001AL,1466.0,1470.0,Halite,
1CPA0001AL,1470.0,1476.0,Shale,
1CPA0001AL,1476.0,1495.0,Halite,
1CPA0001AL,1495.0,1522.0,Shale,
1CPA0001AL,1522.0,1523.0,Carbonate,
1CPA0001AL,1523.0,1535.0,Shale,
1CPA0001AL,1535.0,1536.0,Carbonate,
1CPA0001AL,1536.0,1556.0,Shale,
1CPA0001AL,1556.0,1557.0,Carbonate,
1CPA0001AL,1557.0,1590.0,Shale,
1CPA0001AL,1590.0,1633.0,Sandstone,
1MPE0003AL,0.0,45.0,Sandstone,
1MPE0003AL,45.0,48.0,Mudstone,
1MPE0003AL,48.0,85.0,Sandstone,
1MPE0003AL,85.0,113.0,Carbonate,
1MPE0003AL,113.0,125.0,Sandstone,
1MPE0003AL,125.0,137.0,Shale,
1MPE0003AL,137.0,164.0,Sandstone,
1MPE0003AL,164.0,228.0,Conglomerate,
1MPE0003AL,228.0,256.0,Sandstone,
1MPE0003AL,256.0,261.0,Conglomerate,
1MPE0003AL,261.0,287.0,Shale,
1MPE0003AL,287.0,317.0,Sandstone,
1MPE0003AL,317.0,342.0,Conglomerate,
1MPE0003AL,342.0,349.0,Shale,
1MPE0003AL,349.0,372.0,Sandstone,
1MPE0003AL,372.0,380.0,Shale,
1MPE0003AL,380.0,399.0,Sandstone,
1MPE0003AL,399.0,403.0,Shale,
1MPE0003AL,403.0,417.0,Conglomerate,
1MPE0003AL,417.0,420.0,Shale,
1MPE0003AL,420.0,425.0,Sandstone,
1MPE0003AL,425.0,434.0,Conglomerate,
1MPE0003AL,434.0,440.0,Shale,
1MPE0003AL,440.0,465.0,Sandstone,
1MPE0003AL,465.0,467.0,Shale,
1MPE0003AL,467.0,471.0,Conglomerate,
1MPE0003AL,471.0,474.0,Carbonate,
1MPE0003AL,474.0,480.0,Shale,
1MPE0003AL,480.0,503.0,Conglomerate,
1MPE0003AL,503.0,505.0,Shale,
1MPE0003AL,505.0,511.0,Conglomerate,
1MPE0003AL,511.0,514.0,Sandstone,
1MPE0003AL,514.0,536.0,Conglomerate,
1MPE0003AL,536.0,539.0,Shale,
1MPE0003AL,539.0,551.0,Conglomerate,
1MPE0003AL,551.0,555.0,Shale,
1MPE0003AL,555.0,559.0,Conglomerate,
1MPE0003AL,559.0,567.0,Shale,
1MPE0003AL,567.0,572.0,Carbonate,
1MPE0003AL,572.0,583.0,Shale,
1MPE0003AL,583.0,613.0,Sandstone,
1MPE0003AL,613.0,616.0,Shale,
1MPE0003AL,616.0,635.0,Sandstone,
1MPE0003AL,635.0,640.0,Shale,
1MPE0003AL,640.0,648.0,Sandstone,
1MPE0003AL,648.0,653.0,Shale,
1MPE0003AL,653.0,668.0,Sandstone,
1MPE0003AL,668.0,672.0,Shale,
1MPE0003AL,672.0,680.0,Sandstone,
1MPE0003AL,680.0,683.0,Carbonate,
1MPE0003AL,683.0,686.0,Sandstone,
1MPE0003AL,686.0,689.0,Carbonate,
1MPE0003AL,689.0,691.0,Shale,
1MPE0003AL,691.0,694.0,Carbonate,
1MPE0003AL,694.0,708.0,Sandstone,
1MPE0003AL,708.0,710.0,Carbonate,
1MPE0003AL,710.0,715.0,Sandstone,
1MPE0003AL,715.0,720.0,Carbonate,
1MPE0003AL,720.0,733.0,Sandstone,
1MPE0003AL,733.0,736.0,Shale,
1MPE0003AL,736.0,764.0,Sandstone,
1MPE0003AL,764.0,769.0,Shale,
1MPE0003AL,769.0,774.0,Carbonate,
1MPE0003AL,774.0,777.0,Sandstone,
1MPE0003AL,777.0,781.0,Carbonate,
1MPE0003AL,781.0,792.0,Sandstone,
1MPE0003AL,792.0,794.0,Carbonate,
1MPE0003AL,794.0,825.0,Sandstone,
1MPE0003AL,825.0,828.0,Carbonate,
1MPE0003AL,828.0,838.0,Sandstone,
1MPE0003AL,838.0,844.0,Shale,
1MPE0003AL,844.0,851.0,Carbonate,
1MPE0003AL,851.0,861.0,Shale,
1MPE0003AL,861.0,866.0,Carbonate,
1MPE0003AL,866.0,890.0,Sandstone,
1MPE0003AL,890.0,893.0,Carbonate,
1MPE0003AL,893.0,898.0,Shale,
1MPE0003AL,898.0,900.0,Carbonate,
1MPE0003AL,900.0,908.0,Shale,
1MPE0003AL,908.0,909.0,Sandstone,
1MPE0003AL,909.0,914.0,Shale,
1MPE0003AL,914.0,917.0,Sandstone,
1MPE0003AL,917.0,919.0,Shale,
1MPE0003AL,919.0,922.0,Carbonate,
1MPE0003AL,922.0,933.0,Shale,
1MPE0003AL,933.0,937.0,Carbonate,
1MPE0003AL,937.0,941.0,Sandstone,
1MPE0003AL,941.0,951.0,Shale,
1MPE0003AL,951.0,954.0,Sandstone,
1MPE0003AL,954.0,963.0,Carbonate,
1MPE0003AL,963.0,974.0,Shale,
1MPE0003AL,974.0,976.0,Carbonate,
1MPE0003AL,976.0,979.0,Sandstone,
1MPE0003AL,979.0,1002.0,Shale,
1MPE0003AL,1002.0,1005.0,Carbonate,
1MPE0003AL,1005.0,1014.0,Sandstone,
1MPE0003AL,1014.0,1023.0,Carbonate,
1MPE0003AL,1023.0,1032.0,Sandstone,
1MPE0003AL,1032.0,1036.0,Carbonate,
1MPE0003AL,1036.0,1038.0,Shale,
1MPE0003AL,1038.0,1039.0,Carbonate,
1MPE0003AL,1039.0,1044.0,Sandstone,
1MPE0003AL,1044.0,1049.0,Carbonate,
1MPE0003AL,1049.0,1054.0,Sandstone,
1MPE0003AL,1054.0,1058.0,Shale,
1MPE0003AL,1058.0,1064.0,Sandstone,
1MPE0003AL,1064.0,1066.0,Carbonate,
1MPE0003AL,1066.0,1094.0,Sandstone,
1MPE0003AL,1094.0,1104.0,Carbonate,
1MPE0003AL,1104.0,1130.0,Shale,
1MPE0003AL,1130.0,1133.0,Carbonate,
1MPE0003AL,1133.0,1138.0,Sandstone,
1MPE0003AL,1138.0,1140.0,Shale,
1MPE0003AL,1140.0,1144.0,Sandstone,
1MPE0003AL,1144.0,1188.0,Shale,
1MPE0003AL,1188.0,1190.0,Carbonate,
1MPE0003AL,1190.0,1192.0,Shale,
1MPE0003AL,1192.0,1195.0,Carbonate,
1MPE0003AL,1195.0,1204.0,Sandstone,
1MPE0003AL,1204.0,1206.0,Carbonate,
1MPE0003AL,1206.0,1239.0,Shale,
1MPE0003AL,1239.0,1242.0,Carbonate,
1MPE0003AL,1242.0,1254.0,Shale,
1MPE0003AL,1254.0,1262.0,Sandstone,
1MPE0003AL,1262.0,1268.0,Shale,
1MPE0003AL,1268.0,1274.0,Carbonate,
1MPE0003AL,1274.0,1276.0,Sandstone,
1MPE0003AL,1276.0,1281.0,Shale,
1MPE0003AL,1281.0,1291.0,Sandstone,
1MPE0003AL,1291.0,1296.0,Shale,
1MPE0003AL,1296.0,1299.0,Carbonate,
1MPE0003AL,1299.0,1312.0,Shale,
1MPE0003AL,1312.0,1315.0,Carbonate,
1MPE0003AL,1315.0,1320.0,Shale,
1MPE0003AL,1320.0,1328.0,Sandstone,
1MPE0003AL,1328.0,1374.0,Shale,
1MPE0003AL,1374.0,1379.0,Sandstone,
1MPE0003AL,1379.0,1382.0,Shale,
1MPE0003AL,1382.0,1386.0,Sandstone,
1MPE0003AL,1386.0,1389.0,Carbonate,
1MPE0003AL,1389.0,1400.0,Sandstone,
1MPE0003AL,1400.0,1412.0,Shale,
1MPE0003AL,1412.0,1414.0,Sandstone,
1MPE0003AL,1414.0,1423.0,Shale,
1MPE0003AL,1423.0,1425.0,Halite,Cycle 2
1MPE0003AL,1425.0,1426.0,Sandstone,Cycle 2
1MPE0003AL,1426.0,1427.5,Halite,Cycle 2
1MPE0003AL,1427.5,1428.5,Sandstone,Cycle 2
1MPE0003AL,1428.5,1448.0,Halite,Cycle 2
1MPE0003AL,1448.0,1450.0,Carbonate,
1MPE0003AL,1450.0,1455.0,Shale,
1MPE0003AL,1455.0,1458.0,Sandstone,
1MPE0003AL,1458.0,1460.0,Shale,
1MPE0003AL,1460.0,1463.0,Sandstone,
1MPE0003AL,1463.0,1466.0,Shale,
1MPE0003AL,1466.0,1474.0,Sandstone,
1MPE0003AL,1474.0,1476.0,Shale,
1MPE0003AL,1476.0,1490.0,Sandstone,
1MPE0003AL,1490.0,1495.0,Shale,
1MPE0003AL,1495.0,1514.0,Sandstone,
1MPE0003AL,1514.0,1517.0,Shale,
1MPE0003AL,1517.0,1519.0,Sandstone,
1MPE0003AL,1519.0,1535.0,Shale,
1MPE0003AL,1535.0,1539.0,Sandstone,
1MPE0003AL,1539.0,1544.0,Shale,
1MPE0003AL,1544.0,1548.0,Sandstone,
1MPE0003AL,1548.0,1551.0,Shale,
1MPE0003AL,1551.0,1560.0,Halite,Cycle 1
1MPE0003AL,1560.0,1567.0,Shale,Cycle 1
1MPE0003AL,1567.0,1570.0,Halite,Cycle 1
1MPE0003AL,1570.0,1579.0,Shale,Cycle 1
1MPE0003AL,1579.0,1581.0,Halite,Cycle 1
1MPE0003AL,1581.0,1594.0,Shale,Cycle 1
1MPE0003AL,1594.0,1604.0,Halite,Cycle 1
1MPE0003AL,1604.0,1606.0,Shale,Cycle 1
1MPE0003AL,1606.0,1608.0,Halite,Cycle 1
1MPE0003AL,1608.0,1630.0,Shale,Cycle 1
1MPE0003AL,1630.0,1633.0,Halite,Cycle 1
1MPE0003AL,1633.0,1637.0,Shale,Cycle 1
1MPE0003AL,1637.0,1638.0,Halite,Cycle 1
1MPE0003AL,1638.0,1641.0,Shale,Cycle 1
1MPE0003AL,1641.0,1646.0,Halite,Cycle 1
1MPE0003AL,1646.0,1648.0,Shale,Cycle 1
1MPE0003AL,1648.0,1649.0,Halite,Cycle 1
1MPE0003AL,1649.0,1650.0,Shale,Cycle 1
1MPE0003AL,1650.0,1651.0,Halite,Cycle 1
1MPE0003AL,1651.0,1657.0,Shale,Cycle 1
1MPE0003AL,1657.0,1658.0,Halite,Cycle 1
1MPE0003AL,1658.0,1659.0,Shale,Cycle 1
