v 220987.4515769585 8960291.575836362 -872.2411635731601
v 221427.4238373298 8960023.563406592 -873.3073827210499
v 221557.1166240134 8959999.850433679 -855.0711989851739
v 221498.8830724728 8959949.311470957 -896.9261321796539
v 221065.7716006423 8959784.652403262 -1172.426040848067
v 221116.1442565502 8959820.112187294 -1120.782311670611
v 221154.2056024123 8959756.297249898 -1147.638810975771
v 221068.0040654205 8959874.726515008 -1107.316128193365
v 220990.1508493737 8959857.567269981 -1158.622730625637
v 220979.6012520801 8959760.95729191 -1232.918223768445
v 221116.1442565502 8959716.447573401 -1195.297441405216
v 221053.3550717909 8959680.228681995 -1253.684752714494
v 220865.4828533825 8959687.629458334 -1342.107042330059
v 220977.2522433134 8959664.671169503 -1303.457555939009
v 220944.9390369838 8959613.215337606 -1356.118503397303
v 220927.156099066 8959721.089142129 -1289.028881947546
v 220878.9700411023 8959787.449360432 -1263.705408425576
v 220799.2064254391 8959758.000537727 -1318.228107612239
v 220786.2268131408 8959664.076642497 -1389.071762080162
v 220856.3256456793 8959593.410073791 -1412.943729651937
v 220680.0322744341 8959417.267041728 -1518.86062537825
v 220740.0079074894 8959492.703520456 -1482.749007093587
v 220797.8304391182 8959408.425808543 -1502.624269711213
v 220607.6483666268 8959497.620954098 -1499.827129914872
v 220548.2639473729 8959407.030249311 -1541.591701400218
v 220627.6052581428 8959340.650869768 -1554.040209501033
v 220736.7695959514 8959330.019844323 -1541.091242130066
v 220493.2963944906 8959240.207703218 -1608.908670144777
v 220550.7335040487 8959315.024237802 -1573.920969274494
v 220614.4070746856 8959225.487523779 -1596.903113815906
v 220418.8032293748 8959318.985072765 -1590.472394448471
v 220359.5173562305 8959229.134136494 -1630.018062866889
v 220423.1876791081 8959180.818167413 -1639.656625372406
v 220470.4462727505 8959126.276274361 -1651.948476386921
v 220547.892729522 8959152.447532708 -1632.487823351381
v 219919.0548658339 8958784.879616417 -1805.092132710404
v 219793.1541749067 8958784.82811355 -1806.152202294933
v 219856.2500481826 8958873.121305604 -1778.335934945607
v 219856.2232066554 8958737.557958856 -1820.025519513058
v 219919.5739398857 8958688.611135785 -1832.613874322429
v 219982.2153116448 8958734.886758683 -1817.354319340708
v 220050.9373007323 8958794.570639681 -1795.033544026898
v 219983.1164268276 8958869.037966751 -1775.34926565371
v 219541.7033746454 8958532.169309514 -1878.509049450582
v 219415.8953213126 8958527.549975891 -1875.382044895561
v 219477.9359132956 8958613.609808464 -1851.619831909874
v 219604.1207078529 8958612.770796772 -1855.452488917061
v 219667.2571909682 8958533.28196523 -1879.082687725137
v 219478.5408722552 8958441.424943494 -1904.159501640181
v 219604.3290370246 8958441.820402954 -1905.847510880019
v 219223.3746166078 8958167.045360966 -1961.26513557254
v 219104.0301058594 8958160.353718027 -1951.711558587111
v 219162.4105252011 8958258.166776001 -1930.999239362398
v 219288.865764336 8958256.254553672 -1943.218183032942
v 219346.9070118301 8958171.046806077 -1970.568501112429
v 219163.7392047958 8958072.519907214 -1981.71910797493
v 219290.2292957172 8958084.07000478 -1990.004070914575
v 218975.8223536031 8958264.122897297 -1907.377229079473
v 219037.8628586727 8958339.760938881 -1893.228259426955
v 218725.7735838343 8957981.884496944 -1956.927973021496
v 218655.4238088646 8957901.954613769 -1970.392203461768
v 218656.0636540989 8957635.018316066 -2052.234913651949
v 218537.4765489277 8957625.694885528 -2035.843202517894
v 218594.30964742 8957711.257820964 -2018.95300808906
v 218726.4614095872 8957714.760942636 -2037.634536769935
v 218597.3243983058 8957536.264309715 -2075.625254670693
v 218708.0147610706 8957557.870237757 -2085.970010961314
v 218786.1926722401 8957625.56508274 -2074.740420031607
v 219101.6789395828 8957997.01495597 -1997.074443678704
v 218974.9712597388 8957982.592011617 -1988.158413190648
v 219039.4536909682 8958085.654780295 -1965.745375249765
v 219037.2745242237 8957943.729006711 -2006.185157322112
v 219099.7067527953 8957901.29161476 -2025.16531417423
v 219177.4267259809 8957970.147576841 -2012.578326558553
v 218845.3964035555 8957722.330969753 -2051.132875713591
v 218783.8087709498 8957800.327352606 -2019.384357513743
v 218916.7881303262 8957802.347932538 -2034.910934195402
v 218897.9553266485 8957645.710761022 -2083.373753969356
v 218974.9819948365 8957715.403119182 -2070.158669311192
v 218858.3473415877 8956826.490949214 -2395.861472191348
v 218899.3943862015 8956753.83940262 -2436.72546342857
v 218783.1653120745 8956744.161651077 -2409.3273783602
v 218848.2863667395 8956691.506733485 -2446.670448562619
v 218921.3443264912 8956648.286930969 -2484.129008181701
v 218971.2380444846 8956732.071510315 -2465.986550142851
v 218970.1372863876 8956831.899297312 -2425.707365205757
v 218218.325841792 8957231.646754095 -2095.911751033122
v 218152.2462786425 8957177.982196201 -2111.593979281494
v 218150.8795038581 8957275.101060361 -2052.692364888881
v 218278.3827285835 8957284.43745349 -2064.294769863408
v 218287.4952634362 8957183.424933705 -2133.742911128191
v 218213.5517525215 8957099.820609584 -2156.783137868157
v 218016.8057383431 8957008.951232161 -2147.048142633967
v 217906.6051537942 8957003.796954701 -2126.196809177514
v 217963.7967022835 8957087.291931855 -2105.752612014795
v 218094.2322119653 8957090.575330766 -2133.80419747081
v 217968.4842595265 8956925.11312905 -2166.477227459213
v 218043.4076810008 8956900.452759745 -2190.269135606408
v 218092.3337368025 8956959.653476987 -2180.277961180251
v 218143.1209173091 8957021.068290338 -2169.868855066341
v 218405.6526645582 8957185.696287258 -2146.357586193627
v 218355.3582064832 8957260.496449312 -2109.148161246718
v 218470.2903717141 8957273.820623493 -2138.132492179476
v 218331.5289696186 8957109.76201061 -2170.293096128739
v 218404.6364089171 8957087.934024598 -2196.706485712753
v 218470.310051771 8957145.422990659 -2187.867731225549
v 218518.227136916 8957203.068907164 -2177.748656046788
v 218466.4772598995 8957009.975130472 -2248.797712594013
v 218546.7320574173 8956989.697391979 -2280.424582953427
v 218467.3770940898 8956909.484801497 -2286.11200463543
v 218596.9127645199 8956915.534162836 -2315.262450025761
v 218664.550788346 8957001.442331938 -2300.314242918454
v 218596.3021567605 8957049.706591403 -2270.33107559679
v 218532.1163418949 8957099.383567633 -2231.297083809196
v 218519.4429675214 8957468.609246913 -2085.210064409709
v 218399.7035043683 8957454.025880596 -2058.583421650234
v 218470.2385141507 8957541.664249735 -2049.382047848467
v 218470.310051771 8957408.470517855 -2094.55577116563
v 218536.3432208805 8957359.773492511 -2126.645201163888
v 218594.3109604001 8957443.875448439 -2107.540499790938
v 218336.8950735007 8957364.906152688 -2061.206058075032
v 218291.3190064078 8957437.444587719 -2020.301917669443
v 218419.7029145842 8957346.248791549 -2103.903344621448
v 219033.8762544681 8956552.325880617 -2550.49205325594
v 218963.5146174905 8956574.665399272 -2523.231246625851
v 219033.1202672556 8956654.265740985 -2514.53305985762
v 219099.2254665627 8956742.72615852 -2497.536727109249
v 219051.9501339057 8956811.197977729 -2456.517374743376
v 219166.617671648 8956826.316719165 -2478.945409160483
v 219115.0953045321 8956632.188467393 -2544.566594966937
v 219163.2666292132 8956690.429712387 -2534.68329927885
v 219228.8487328759 8956747.584154809 -2526.145686173139
v 218783.7849688428 8957008.509974964 -2317.788057594393
v 218735.3412212687 8957080.786950439 -2282.960247533124
v 218852.8129998292 8957092.115153296 -2299.3379298351
v 218723.2003174247 8956913.856653154 -2338.029234316566
v 218834.6516397104 8956934.277355626 -2352.36399933019
v 218912.9151894247 8957000.807664281 -2346.27971352565
v 217651.3613693393 8956695.187306607 -2183.081406242814
v 217601.241126544 8956634.568882678 -2193.343709423241
v 217589.1671384771 8956735.922495149 -2159.777235666587
v 217527.3984549949 8956659.731126541 -2172.663869933532
v 217701.0618867513 8956755.433393534 -2173.040347388481
v 217719.7526420757 8956644.301623425 -2210.793677586006
v 217652.2439842001 8956559.41827284 -2226.11077674359
v 217389.2863222429 8956385.369412862 -2233.357870436348
v 217277.4452021374 8956378.585461276 -2215.789154357891
v 217465.2028821716 8956464.853066696 -2222.953974731984
v 217337.6118448805 8956289.214908997 -2254.1598890676
v 217446.8415575247 8956312.950159926 -2268.258694832818
v 217527.6088499912 8956391.439101571 -2258.4656274132
v 220233.3976716612 8958974.996491047 -1723.327849163182
v 220122.560306575 8958982.968504719 -1729.37462973427
v 220169.9859904628 8959064.835044328 -1699.592119918032
v 220171.2034691291 8958927.86806914 -1743.066014356192
v 220234.8019160653 8958882.252683729 -1753.09256371783
v 220297.1955741186 8958920.246818908 -1735.444764122931
v 220359.7965718377 8958962.194088524 -1717.16935777682
v 220296.5072848158 8959055.337063083 -1692.452814424747
v 221618.9513111393 8958260.047361232 -1881.651065119098
v 221052.5411291574 8958349.297573589 -1895.747827295585
v 220926.4255848902 8958351.701433085 -1904.937027949216
v 220990.7956164114 8958428.190053105 -1866.190236863208
v 220990.1521515607 8958303.846299967 -1920.853091507617
v 221047.5473364358 8958250.074506298 -1940.762704195669
v 221116.1442565502 8958296.747483684 -1913.754275224262
v 221177.6900283143 8958351.597401164 -1883.211284241923
v 221111.5996524117 8958429.062648222 -1854.291817985377
v 220233.7827838364 8958707.216584668 -1811.150025965921
v 220107.6472372124 8958709.228275435 -1818.14033001379
v 220170.4006883352 8958794.467060514 -1786.57599026774
v 220171.2034691291 8958658.688356802 -1830.245789273574
v 220234.678902202 8958615.113530798 -1842.304994933914
v 220297.1955741186 8958653.567957247 -1825.125389717915
v 220359.9613669314 8958694.176324902 -1808.000046276322
v 220293.1567450138 8958786.726717843 -1780.490634013287
v 221053.1482040555 8958116.332202025 -2000.608609007237
v 220990.8212324211 8958069.701985076 -2025.753637006567
v 220989.8915401817 8958158.171998009 -1986.161342363234
v 221117.1025486261 8958067.901549302 -2018.588625162663
v 221115.1670631607 8958172.455509216 -1970.851607293242
v 221052.6098328916 8957992.356684379 -2057.193055139883
v 220234.7020726339 8957816.797579961 -2148.727136107508
v 220108.7202075246 8957814.330944948 -2145.455644534473
v 220171.124654642 8957903.675154872 -2110.29382954018
v 220297.2047944947 8957903.082560081 -2113.475844521577
v 220360.5271117173 8957818.166932931 -2150.685328846665
v 220171.2034691291 8957754.513820525 -2173.329458392951
v 220233.9961753886 8957710.869914632 -2194.506900382389
v 220297.1955741186 8957757.08330627 -2175.89894413703
v 220989.945373417 8957811.550409641 -2142.542591766011
v 220863.860663508 8957814.37468631 -2146.349586103727
v 220927.7834282297 8957890.213081339 -2109.741101653861
v 221053.9997971557 8957888.833176862 -2104.250299533964
v 221114.8580778476 8957808.207565717 -2137.852762485161
v 220927.156099066 8957752.785113681 -2171.600751548585
v 220975.5352291645 8957704.504742559 -2191.738802345984
v 221052.6395779603 8957729.241865369 -2176.972061320076
v 221621.1886066132 8957800.553634174 -2107.008672956763
v 220927.156099066 8957134.468082953 -2444.182438961287
v 220864.6473805706 8957088.176099189 -2465.678363817948
v 220870.2936894574 8957189.503545087 -2422.839634178588
v 220990.7727808892 8957087.122775832 -2461.664556827677
v 220989.6521446347 8957194.065963056 -2416.717367495326
v 220927.0808390637 8957008.323346099 -2496.423065081291
v 221615.2196009032 8957181.164900629 -2390.019895918519
v 221556.8457437617 8957089.510703165 -2432.488272806003
v 221620.1126765082 8957047.45627797 -2446.260505792102
v 220171.2034691291 8957138.674395144 -2448.388751151042
v 220108.0273801574 8957088.98582416 -2468.345880573725
v 220102.5027145328 8957188.662921581 -2423.716232976227
v 220234.1760823517 8957089.696023382 -2471.212733478853
v 220234.427785119 8957178.242220286 -2432.385618763183
v 220171.6030930273 8957013.446811415 -2502.850388411224
v 219920.1977843068 8956212.239694949 -2765.106777168735
v 219798.9296174664 8956199.629608739 -2760.084027897011
v 219856.1477351678 8956296.31782195 -2743.535485765691
v 219982.2398079457 8956295.600397717 -2749.257283559397
v 220039.580949943 8956212.146073157 -2770.295175206924
v 219856.7233258892 8956114.272921674 -2779.510100772438
v 219982.8389707315 8956113.345981803 -2787.711248248
v 221038.2572292617 8956366.409778886 -2724.143578152868
v 221115.8654346543 8956393.996146463 -2712.869954630634
v 221116.3514629923 8956296.887267284 -2743.278119915364
v 220990.3163545105 8956296.276675539 -2746.755374128978
v 221052.7208397208 8956215.586609736 -2769.123377065124
v 219982.2153116448 8955985.160019696 -2809.402196543047
v 219918.5331784482 8955926.181531087 -2813.798409750936
v 219920.2259422114 8956023.477538772 -2799.181606344743
v 220030.2564207356 8956045.668608248 -2801.970397067026
v 220045.0124132165 8955939.818573555 -2821.418756083526
v 219981.9985598834 8955849.717464007 -2830.913364344765
v 217207.449187531 8956298.919576429 -2230.569838384124
v 217089.0101158 8956288.840250237 -2212.270143283504
v 217148.4380915004 8956201.367832322 -2250.570383161907
v 217259.5302637581 8956221.565512307 -2263.592475615788
v 217527.9040157959 8956124.845937701 -2350.257992478454
v 217389.6900701467 8956117.816608509 -2323.328600070688
v 217464.970743637 8956198.014078962 -2311.72341668001
v 217462.3732118551 8956066.377684578 -2356.080630540151
v 217524.2024206696 8956030.902087405 -2380.605221411159
v 217601.0224002314 8956100.584542125 -2372.387669101503
v 217583.7385602322 8956209.502661144 -2332.256568355522
v 217140.4398509676 8955312.958769046 -2438.999762459011
v 217025.3256396741 8955314.582635673 -2403.902834712113
v 217073.8644103379 8955409.12843623 -2413.226775556324
v 217075.0328465656 8955224.8618629 -2419.254408122687
v 217176.4565764268 8955224.824874876 -2453.414235253499
v 217207.556993611 8955314.771652941 -2460.932740707725
v 217181.1573085593 8955403.004618505 -2446.76639611874
v 215797.6297068903 8955775.751744293 -1884.639958179049
v 215715.767879489 8955735.56945225 -1850.719741981
v 215774.3681299812 8955831.083527517 -1835.289999199434
v 215864.9189956135 8955862.84822588 -1882.492664169196
v 215749.2589018852 8955686.391614955 -1904.287641179217
v 215823.0220442624 8955670.10594273 -1964.486888710976
v 215885.7886869126 8955756.549076181 -1958.447924306171
v 216079.0479706666 8955758.842271704 -2045.304286455863
v 216126.0618442881 8955689.027237751 -2086.762406997199
v 216015.3358826185 8955674.909095228 -2050.573655965884
v 216061.5050808508 8955601.171339408 -2090.203559051567
v 216148.8979370202 8955577.65109271 -2126.734509757609
v 216189.696933723 8955777.098583242 -2084.840145968083
v 216210.050848376 8955667.686558802 -2127.504183514002
v 216770.4945706687 8955225.412076892 -2337.319448667648
v 216647.5163499582 8955227.71025341 -2314.632346407254
v 216697.7506357442 8955313.932541937 -2324.265648425833
v 216704.8358970505 8955137.12821126 -2316.536143922905
v 216834.1827166959 8955136.753689295 -2343.759018557905
v 216866.4031033697 8955224.824874876 -2357.356831027561
v 216834.4799354704 8955314.029507618 -2351.775398519651
v 216469.0170615132 8955291.875114759 -2273.676826289395
v 216391.3853658927 8955213.924334183 -2277.031703615369
v 216392.1204455009 8955312.792037781 -2258.126786939252
v 216515.8741872807 8955225.753479224 -2284.070442592288
v 216454.9154141651 8955137.850721842 -2287.581943946255
v 216078.1050914425 8955489.783388609 -2135.322390858417
v 216013.464004476 8955540.868590489 -2097.841151894136
v 215961.6479113246 8955479.16935304 -2109.42093612893
v 216009.7236350234 8955416.501816874 -2157.118165637596
v 216089.2126796099 8955389.721351624 -2195.928596577359
v 216139.4561094655 8955443.729691122 -2178.881996154377
v 216192.8096619407 8955504.989998929 -2164.68898645169
v 216338.6951717824 8955577.68309913 -2213.537638472747
v 216392.8580356686 8955490.758593626 -2253.760378642282
v 216274.9528405711 8955494.849778531 -2201.705111722559
v 216319.538998026 8955405.541260432 -2232.04046338919
v 216445.7556689551 8955403.109848078 -2266.359017137269
v 216485.6239701553 8955492.094490318 -2272.230742789877
v 216455.8235686336 8955578.759496678 -2252.03826956097
v 216573.6803235626 8955761.430975292 -2233.289234044443
v 216451.6281861507 8955764.762248177 -2194.936354498883
v 216528.2638258699 8955834.152508728 -2197.627411695646
v 216504.2432410438 8955674.551336011 -2239.202179583023
v 216643.2873305919 8955847.559827305 -2226.896767364279
v 216629.2211337953 8955688.892158791 -2265.951354925799
v 216694.4691911014 8955774.847952578 -2259.632461151619
v 217771.8413131485 8956032.648039935 -2421.215394080012
v 217652.0072311526 8956025.797362022 -2404.840488058512
v 217713.5763698638 8956119.316791561 -2384.511746487528
v 217839.7291334454 8956116.957596013 -2406.16513423654
v 217716.2302124632 8955947.205004305 -2441.046138488255
v 217790.64665165 8955922.27353308 -2460.446702831277
v 217840.3495268236 8955980.905721594 -2448.788411184552
v 217890.9114654176 8956041.910715237 -2438.288025527648
v 216953.8715580794 8956117.126964733 -2230.622807589411
v 216830.3892762545 8956119.955951171 -2199.103511110272
v 216891.9444892174 8956195.811616719 -2193.784807685319
v 216882.996658339 8956030.489054222 -2236.730316192782
v 217020.853007281 8956197.80920665 -2224.58223986335
v 217008.2696094397 8956043.605588941 -2262.789033649331
v 217086.8994499058 8956124.638242379 -2259.275413850085
v 217337.9424352868 8955491.278074589 -2492.84289891945
v 217393.0733477831 8955400.72709229 -2525.791473494772
v 217280.4528291689 8955403.645000609 -2480.773195082831
v 217325.954727418 8955320.701906022 -2505.040888996921
v 217426.0954839926 8955313.914746691 -2545.820865548174
v 217459.2667392404 8955404.83814083 -2552.762054608503
v 217449.6534368658 8955510.117984951 -2530.528383725507
v 217718.5357895659 8955576.3963624 -2573.678664273948
v 217778.0021740088 8955489.981492819 -2603.909972862321
v 217650.0564227386 8955496.039835373 -2585.55440123211
v 217715.306502287 8955401.170449601 -2611.440859418045
v 217826.0844673553 8955421.623960447 -2622.399465117258
v 217904.396519122 8955488.497162025 -2619.858001869418
v 217835.5174596345 8955586.183389917 -2586.97246374883
v 217961.3504553292 8955853.568667933 -2510.238513350076
v 217841.3336953091 8955847.596986247 -2493.747609945121
v 217902.4168792299 8955941.49106426 -2471.058020665702
v 218028.9771941851 8955938.746004025 -2495.17592026874
v 217889.9927271254 8955774.552025909 -2528.588115608306
v 217964.4989365813 8955749.798135374 -2547.736908899608
v 218029.3376843078 8955803.883728547 -2539.036033580428
v 218079.6589463432 8955864.047277916 -2528.034571704524
v 219416.3575698663 8956290.920499742 -2702.091573365758
v 219280.2622693971 8956297.191516764 -2678.234944423245
v 219352.0308797421 8956383.79997305 -2673.07199086532
v 219353.7279906996 8956201.575727604 -2709.011225333154
v 219428.8751996898 8956186.229188558 -2723.933994565989
v 219478.2468916869 8956251.697344743 -2719.58003433363
v 219526.1315702988 8956313.122255679 -2713.285783347136
v 219478.8791902328 8956380.856482835 -2691.278195255242
v 219725.8091318886 8956121.762626437 -2767.583442626686
v 219614.6733881901 8956112.444520703 -2758.795875099493
v 219667.0064850216 8956206.134598941 -2748.814857951355
v 219667.5949018315 8956025.491376484 -2776.334111151069
v 219793.9912315926 8956024.490789941 -2788.412788312657
v 219590.7034984257 8955777.483602948 -2799.047608623535
v 219668.7135329699 8955859.396354076 -2798.386928297559
v 219666.0777314552 8955761.34689882 -2810.795894615975
v 219541.9519577292 8955846.705195885 -2785.08279050805
v 219604.7627254977 8955935.970064275 -2781.677934612303
v 218545.3542330801 8955397.062178053 -2669.606081818905
v 218596.5381183564 8955313.55353244 -2679.810986988352
v 218472.1995392965 8955308.190279001 -2671.787858339854
v 218533.5468028163 8955224.146761568 -2683.121414515153
v 218660.2628901272 8955223.291636696 -2697.084756153785
v 218723.4264510675 8955312.66093361 -2697.585894750251
v 218659.6311459643 8955402.682004545 -2681.010729625885
v 218282.2756178932 8955666.294576092 -2614.774340854819
v 218151.2054090182 8955675.150435256 -2593.563693294444
v 218219.8673279893 8955756.285114821 -2582.039310177783
v 218203.6467516713 8955599.114341155 -2622.295629961636
v 218280.1629449383 8955570.810482468 -2637.430974228439
v 218344.3179467815 8955628.01942696 -2630.441347434652
v 218392.8940545493 8955688.508031858 -2622.232961919588
v 218344.91063366 8955757.398848113 -2600.394643482377
v 218093.0509514386 8955577.070939448 -2616.143886873936
v 218091.500074912 8955481.441769741 -2637.612662836793
v 218029.3376843078 8955531.122210259 -2622.634002548695
v 217981.674771706 8955472.155014753 -2631.072344465921
v 218028.8461047238 8955404.72393092 -2644.686863330346
v 218155.0480373371 8955404.151295334 -2652.673479199185
v 218217.7997710429 8955494.468997357 -2645.024142852297
v 218155.3297892973 8955539.151468083 -2630.66326037265
v 217779.5182197622 8954064.36381471 -2618.210212157073
v 217642.2517605077 8954070.673329912 -2588.125717206992
v 217704.5077803726 8954155.298729757 -2592.650354003149
v 217716.1838040358 8953974.674371194 -2616.21170996927
v 217790.9666234533 8953958.115589365 -2633.993174189578
v 217848.7185123678 8954069.102503506 -2633.699904201324
v 217828.4195714155 8954174.534052324 -2619.26542655791
v 216897.8277106425 8954867.983811919 -2349.690925741411
v 216763.8974547117 8954870.642956518 -2318.361654774627
v 216821.3502282927 8954957.621046901 -2328.315044719229
v 216833.5632585264 8954777.721076105 -2340.750102821386
v 216926.5035639463 8954779.375515806 -2361.451816389314
v 216965.6607045559 8954868.687859334 -2370.31416528691
v 216928.4505423649 8954957.555259435 -2358.698373104064
v 215776.1483190972 8955115.100174408 -2185.867540266861
v 215713.0031668149 8955025.791473329 -2185.859569942075
v 215695.7870604293 8955136.485019855 -2142.881197058053
v 215633.5412752454 8955047.213972509 -2141.598155663498
v 215831.6209650214 8955043.888503509 -2221.800570049769
v 215766.5946011044 8954955.635066129 -2223.11634300536
v 216139.4561094655 8955181.756427677 -2273.268219965687
v 216092.0251956539 8955113.541200913 -2272.130434790564
v 216078.0975051611 8955222.564608185 -2255.96541645299
v 216014.9853555179 8955133.885460425 -2255.13727452939
v 216186.8532035974 8955245.912436554 -2270.394615504517
v 216201.6033835927 8955137.588564347 -2283.347316062654
v 216138.4215099926 8955048.096413121 -2284.936100462022
v 216642.9485340652 8955046.221017543 -2297.730960706164
v 216517.56148234 8955047.139991645 -2292.920000889496
v 216579.7898661621 8955135.546866976 -2296.290089816153
v 216580.4155147777 8954957.982700001 -2295.766129466055
v 216705.9312979155 8954957.58845976 -2301.640968658216
v 216765.2247067741 8955044.424192877 -2318.356073993663
v 215894.0480749208 8955132.781303179 -2221.666625203447
v 215951.8168830227 8955044.850250579 -2250.941930380059
v 215888.8093884211 8954955.189318245 -2252.937036149539
v 215997.9945547773 8954979.361314587 -2270.929956070721
v 216045.53896018 8955046.645131249 -2270.975829795752
v 217029.5361629706 8954774.521547804 -2397.323709649505
v 217086.5703910765 8954688.545192771 -2429.575268578297
v 216969.4229724463 8954691.688506424 -2387.892131860975
v 217008.304252569 8954606.463477282 -2416.961633489812
v 217099.0733159425 8954579.110267844 -2451.675315581581
v 217159.7963141185 8954671.295100456 -2457.984860626177
v 217140.6407713219 8954777.461893801 -2440.003328279918
v 217262.2140273085 8954511.500524608 -2507.19952733221
v 217145.9740970228 8954513.337372763 -2475.715830370943
v 217221.2423676397 8954595.492014701 -2486.571519438255
v 217200.8467698897 8954427.930163655 -2500.938043532323
v 217337.759829815 8954422.241308345 -2530.785286281709
v 217390.767082844 8954511.142998278 -2534.204618780452
v 217337.766000782 8954600.497810308 -2517.184999523449
v 217587.8489384826 8954156.071322661 -2569.364983711966
v 217660.9014288379 8954238.951627012 -2579.110263351904
v 217461.3210371134 8954334.020185802 -2547.592519153911
v 217369.2641034625 8954333.926156735 -2537.102702848215
v 217413.6831764562 8954401.288105354 -2541.6465960097
v 217408.5570187517 8954245.382622581 -2542.961518522528
v 217524.5136629642 8954245.025886791 -2555.707308595697
v 217587.7266117462 8954333.895995479 -2565.244403433249
v 217524.4464208886 8954423.044673588 -2556.613538308345
v 216328.4442669497 8954023.347467074 -2451.207336573315
v 216264.4029765854 8953966.554388005 -2457.425323332217
v 216266.0862829651 8954063.206435885 -2439.258163129944
v 216392.4453399443 8954078.250712434 -2445.218490996126
v 216390.8892925594 8953980.426605837 -2464.801442732256
v 216328.1034401068 8953890.039194386 -2477.630536486489
v 214138.0889799873 8954680.946029032 -882.3618283632586
v 214202.3639475662 8954768.62979958 -881.3798717575037
v 214417.7882030825 8954706.545166688 -1174.443236210508
v 214355.7490523356 8954704.553263124 -1082.508785396148
v 214412.5159226679 8954800.374254845 -1088.148423061825
v 214355.081275281 8954615.350580731 -1172.938240962133
v 214459.9407646949 8954779.375515806 -1179.247136480153
v 214412.5447892316 8954620.591828568 -1267.661945788446
v 214458.5627394398 8954711.999033872 -1247.258205396475
v 214523.2837776004 8954762.068789368 -1318.630653836081
v 214577.3194849332 8954769.55155826 -1415.405680365374
v 214520.6215226071 8954675.33937869 -1410.22013480392
v 214476.0267314004 8954676.774006836 -1321.80094248604
v 214767.2989661868 8954858.875997117 -1594.515786504299
v 214837.5853628166 8954853.970620302 -1679.112920845989
v 214776.1218331477 8954763.763650671 -1678.012663790561
v 214706.2145804765 8954768.487176683 -1593.246386468624
v 213351.4022169744 8953633.80644788 -901.8712711465716
v 213405.671049776 8953729.095442394 -907.5990152740424
v 213099.4831789207 8953097.62418223 -900.2598181563937
v 213157.5213446151 8953191.608179815 -904.0196242036557
v 215066.8738268936 8954865.737645954 -1882.563670378155
v 214977.5473817361 8954886.667741243 -1797.921088357957
v 215043.5263349402 8954973.906093566 -1795.963002995311
v 214992.8212150472 8954787.503110331 -1877.907742171658
v 215130.6550224802 8954956.740402253 -1876.525250521975
v 215071.4180766277 8954774.242374824 -1947.434981871234
v 215149.557460589 8954857.644145187 -1950.5256279463
v 214913.0656274228 8954791.377847502 -1806.071152110412
v 214830.359605118 8954759.68924813 -1742.565891413362
v 214898.7754040284 8954841.276771361 -1756.546494654805
v 214850.5698293432 8954710.272658551 -1799.77079264444
v 214927.3884502837 8954700.417758137 -1879.621356831407
v 215570.5633684421 8955668.779933156 -1790.652032543795
v 215658.2696816504 8955656.402863681 -1859.182090259683
v 215588.8455562743 8955571.198039573 -1862.462802381895
v 215683.9977902787 8955600.126213565 -1910.315388918877
v 215317.7255929639 8954868.253818689 -2056.170723501027
v 215242.8165298832 8954888.109700996 -2000.403141895682
v 215308.0051356126 8954974.427285856 -1994.530116418836
v 215251.2588167601 8954778.886901729 -2065.643408937396
v 215381.8655684854 8954954.015153166 -2046.485752999585
v 215329.771133678 8954767.530488111 -2113.211036267319
v 215395.8003283953 8954852.790391762 -2105.091557236038
v 215702.0779682513 8954867.185825586 -2224.18052834699
v 215586.279840554 8954850.271982033 -2189.553925316227
v 215650.3083607953 8954937.243059404 -2185.97500098079
v 215634.5051032855 8954776.971355231 -2226.771598169492
v 215763.2886993585 8954776.098435013 -2259.584849429699
v 215826.0338044881 8954865.675837561 -2256.287903424363
v 215202.3755864759 8954600.367500728 -2122.901291312552
v 215246.1543948431 8954527.687899243 -2169.800117130629
v 215138.5423333888 8954510.332762662 -2123.077319087543
v 215184.2983359073 8954438.492447332 -2168.082342680454
v 215254.9275499666 8954425.933400251 -2198.888710277351
v 215310.5174314851 8954614.673679266 -2165.76281781672
v 215318.1405297601 8954516.301976293 -2197.976587974779
v 215436.2044448227 8954781.605380859 -2154.025087510784
v 215521.4251229815 8954763.315925058 -2194.316289515553
v 215456.9367188496 8954676.18066889 -2198.381409084905
v 215569.9487281532 8954691.161481526 -2229.727455019341
v 215503.750771889 8954869.602600645 -2147.691709843149
v 215123.2638086046 8954338.843988892 -2152.250176054846
v 215018.3144349974 8954311.930642076 -2098.077477598848
v 215091.8219815557 8954414.332014747 -2122.154336936965
v 215069.8116724936 8954245.357755186 -2137.154002152427
v 215162.2540442249 8954244.836284922 -2183.781260168469
v 215201.5096965174 8954336.93357297 -2191.084050253091
v 214694.5934154406 8954064.514131306 -1950.360722934109
v 214742.9250330826 8953995.653271211 -1993.079790228326
v 214645.1271947993 8953981.448110815 -1937.052278699991
v 214682.6767328418 8953893.063336521 -1976.294583778471
v 214771.6925994869 8953891.192315346 -2027.362275972764
v 214784.921227122 8954066.656541293 -2004.691473131621
v 214820.8796380031 8953974.960433856 -2041.206986349712
v 214309.3076561674 8953707.881643651 -1784.885165217403
v 214237.454494302 8953730.306777403 -1729.85761322968
v 214279.2750905963 8953799.386925852 -1739.794507213406
v 214253.94053403 8953619.001579706 -1769.712142273565
v 214360.9377552286 8953803.671655038 -1795.789240188217
v 214343.6516379823 8953621.207182223 -1826.932064429454
v 214386.232800399 8953692.293118153 -1837.799142967593
v 215570.4391574656 8954958.037903922 -2141.727576218678
v 215461.3024182135 8954938.244302323 -2097.911524013135
v 215525.0276531598 8955025.176474486 -2094.72260464756
v 214871.8144122257 8954062.382533479 -2055.6630088578
v 214827.1394013765 8954137.984855074 -2016.314272303245
v 214925.1874017827 8954153.066693515 -2070.773608424816
v 214912.2739943776 8953977.566669479 -2091.857077915038
v 214953.6329693446 8954047.811132412 -2103.611117524484
v 213864.5838140849 8953266.988016132 -1617.8583512762
v 213757.956224315 8953246.948589398 -1568.25289451925
v 213819.8424932377 8953337.56151012 -1571.345414407065
v 213802.5546401866 8953177.444096651 -1616.088237054009
v 213917.1750469649 8953358.540083284 -1618.970007193275
v 213881.9629229106 8953160.616017913 -1662.907855311244
v 213961.3060026222 8953255.621208798 -1674.671831954919
v 213741.1972077925 8953088.086812904 -1613.158396169295
v 213649.9280511437 8953086.66795134 -1560.747164078319
v 213695.8702560155 8953155.709400661 -1564.816524183889
v 213681.2912481778 8952996.650421312 -1604.78453686761
v 213758.577607778 8952976.296657179 -1653.081680634982
v 213819.7323820424 8953069.763824161 -1660.062936450397
v 213422.2491702797 8952820.631003227 -1437.226299593034
v 213357.8697260329 8952848.437909026 -1351.584821792975
v 213424.4292982502 8952913.667882796 -1341.70556118261
v 213318.7331723453 8952805.802344102 -1406.8474527726
v 213477.6052985827 8952914.936397053 -1444.42422912769
v 213367.6297996968 8952775.598352054 -1470.727836994074
v 213431.847116493 8952721.947643045 -1483.818870744745
v 213519.7345643426 8952806.033843789 -1489.613182082628
v 213136.01446445 8952552.128720455 -1354.360578433228
v 213080.5425570045 8952552.128720455 -1296.901390340084
v 213128.0648898985 8952630.544409499 -1328.429632565774
v 213114.3353720448 8952461.991013234 -1343.769083491544
v 213201.2303357394 8952629.549295725 -1405.261825769784
v 213190.6019467929 8952465.242311692 -1417.31469326582
v 213227.6815885817 8952558.04783345 -1440.382017764728
v 212926.5204761863 8952373.833788248 -1159.14609140288
v 212849.9132977182 8952379.554773316 -1084.093462232499
v 212894.0125096837 8952463.03884864 -1115.245353981044
v 212887.8362473921 8952270.543300375 -1133.852247019839
v 212951.5998783385 8952463.03884864 -1174.001496329661
v 212958.6965616888 8952284.859105013 -1201.948033994288
v 213002.73618791 8952376.571595952 -1237.059583132211
v 212424.4861614027 8951754.947516538 -882.3685896141164
v 212479.3663584215 8951838.12830694 -900.8053275321929
v 212029.5765406564 8950517.720818754 -903.3027850374119
v 212025.6930492227 8950592.151540546 -869.2918807786375
v 211989.2096465928 8950419.595662769 -882.282426327904
v 212049.1955906999 8950415.65182038 -980.8868067757635
v 212083.1469446851 8950592.151540546 -960.8449396599499
v 212087.3522276807 8950523.265805634 -997.6572426429921
v 213313.005157681 8951833.569960959 -1865.524602105091
v 213386.1123183211 8951826.740289699 -1948.576138848776
v 213322.544468185 8951738.273917513 -1948.970640337355
v 213249.8961687107 8951744.650385506 -1865.58812018608
v 212101.4489364967 8950408.016406845 -1077.831124980831
v 212060.4455943977 8950310.047559559 -1055.713181890033
v 212133.6185938097 8950503.061668733 -1087.927256224613
v 212119.9186463882 8950325.43656932 -1152.085148158849
v 212158.0466138523 8950426.380733512 -1169.257834466824
v 212227.2164785448 8950318.97247966 -1345.191272297328
v 212174.3770034893 8950326.416337879 -1247.860264367819
v 212213.5649433877 8950433.691151857 -1264.838249964479
v 212186.4038827507 8950220.769420151 -1322.901204911574
v 212259.3704656608 8950413.971796919 -1355.213834661032
v 212246.4086881524 8950236.116506875 -1419.130747707442
v 212284.0683804326 8950337.045834472 -1436.193801878484
v 212538.4992562814 8950060.632571962 -1883.940056257415
v 212466.1889207613 8950070.223516185 -1803.086094391625
v 212527.5989580657 8950146.702181477 -1853.067048176495
v 212498.6778873439 8949973.347397977 -1860.613910307568
v 212570.8625814661 8949955.608702591 -1938.191435720313
v 212611.4672981513 8950057.481712496 -1960.573412051551
v 212582.5956679292 8950146.702181477 -1912.014762397699
v 213257.2573183525 8953074.620958935 -1059.161969376102
v 213235.1143770563 8953175.141871922 -990.14302956239
v 213303.7891818609 8953175.159867741 -1069.78297721812
v 213180.8240566378 8953090.003775148 -976.0827737967375
v 212633.0282573307 8952354.979815286 -876.2415387370179
v 212674.6342817729 8952464.023956239 -887.6883192445987
v 213362.7864591195 8952911.798790587 -1250.647220223545
v 213278.1944861618 8952923.781754082 -1173.052773759258
v 213329.5559910716 8952997.578079525 -1174.430921856768
v 213290.4739845805 8952858.287745165 -1266.122686324677
v 213392.9596978696 8952997.578079525 -1265.819354690277
v 213618.447959742 8952728.450835967 -1605.469359651073
v 213542.8154474685 8952739.307519574 -1521.276523027023
v 213588.5063126568 8952819.398335898 -1558.520747856981
v 213557.8271281268 8952644.65002585 -1591.798132542777
v 213661.9112961776 8952828.816540444 -1620.922004863245
v 213637.8393294516 8952628.263793653 -1681.243048639586
v 213691.4536903664 8952729.798022849 -1681.076134430154
v 213656.9106444668 8952480.733606124 -1797.634051743979
v 213587.1504799226 8952463.03884864 -1738.617928525974
v 213633.9719310203 8952531.07802351 -1740.441572242917
v 213596.9129088349 8952389.702057503 -1795.79532591902
v 213717.4462282723 8952571.452765346 -1799.024748514677
v 213671.9024777721 8952381.335776763 -1877.453566040794
v 213731.6593554549 8952472.572702771 -1879.382099202036
v 213982.125092754 8952383.851676757 -2146.596856657413
v 213919.7036086468 8952394.539185463 -2090.715838636109
v 213983.2980850882 8952482.610753633 -2088.851235732233
v 213917.3160325279 8952295.951103035 -2147.667406169262
v 214047.2275495983 8952471.48462736 -2145.37508649524
v 213998.5712083759 8952286.358198363 -2218.304800902845
v 214062.2025075078 8952376.128102861 -2214.553544217362
v 213793.1694029881 8952562.425114643 -1880.074972271248
v 213808.5963072942 8952463.144948948 -1959.423227512992
v 213745.3535138165 8952375.074253527 -1953.087864774053
v 213871.7466038343 8952552.840814967 -1956.696514170322
v 213829.7713329767 8952359.782987017 -2036.989372758228
v 213893.3889533658 8952448.836476929 -2036.99007381696
v 214004.9809052615 8953350.503743878 -1674.097673324152
v 214050.5974040089 8953280.791537672 -1722.777948446068
v 213973.2495348576 8953191.561827321 -1704.071951304217
v 214065.2566473157 8953174.497509196 -1768.208801230568
v 214096.0393642627 8953353.937566781 -1731.659341063664
v 214128.9478039753 8953269.606980281 -1777.379369062209
v 215583.7796607314 8953338.235488508 -2462.85065628369
v 215507.1351329799 8953268.417264771 -2457.535242569413
v 215512.7396971095 8953363.928628813 -2440.077158073514
v 215641.5866226002 8953262.49402627 -2490.747315353628
v 215575.079209295 8953174.764724303 -2492.840339991107
v 215697.6185663144 8952464.776977586 -2651.028548796642
v 215760.4506063786 8952554.274253748 -2647.035480134629
v 215824.568724859 8952463.359914375 -2672.749410623885
v 215756.9581661429 8952375.773578666 -2674.978109554881
v 214312.9826050571 8952108.089176992 -2495.178141957075
v 214249.5745346232 8952152.024374645 -2450.771552240004
v 214297.3345949752 8952215.511608806 -2446.71586130963
v 214201.5868988795 8952084.715640388 -2451.327583277534
v 214248.4569388243 8952016.651656089 -2495.018092388765
v 214384.0806712426 8952194.338244412 -2486.388597319295
v 214362.3345891045 8952035.507058423 -2531.146924930364
v 214440.1222065872 8952102.718340438 -2529.64920010886
v 214564.469445309 8951839.48741477 -2580.223123552225
v 214627.4616687809 8951928.771059515 -2578.208782863337
v 214678.7948861375 8951843.886412844 -2585.088525932641
v 214628.192678905 8951750.274206633 -2583.575888610981
v 214879.8830191782 8951750.465273075 -2595.825665061178
v 214753.6146105658 8951750.359392263 -2588.462372855902
v 214816.721482731 8951839.463515684 -2591.828650757253
v 214816.6666453171 8951661.243635174 -2590.347093560052
v 214943.2551245401 8951661.177594477 -2601.620646753729
v 215006.6100351312 8951750.329306886 -2609.388346838749
v 214943.1223075981 8951839.474508949 -2601.527918482523
v 215117.6419422923 8951772.054765917 -2624.966678813816
v 215140.2799708977 8951662.430273939 -2632.889943003555
v 215070.4156873692 8951660.609606599 -2620.795765099572
v 215099.4136869222 8951572.140130501 -2629.010432986578
v 215193.4845158993 8951572.92438959 -2649.057101699921
v 215256.8093340751 8951661.734623853 -2656.122384113536
v 215193.2326422737 8951751.1152336 -2639.070476891643
v 214943.6807084206 8951481.343810009 -2610.584295276822
v 214816.795273682 8951482.196802257 -2596.788207098376
v 214879.8937663893 8951571.806660749 -2594.810992200639
v 214880.4753526271 8951391.335930791 -2613.514431026128
v 214130.6510394167 8951034.540876515 -2580.044272231427
v 214187.3693755149 8950947.109331302 -2602.427540943748
v 214067.3159608145 8950945.508518953 -2579.976205143467
v 214124.4841348506 8950858.045502486 -2603.056686273912
v 214236.5330921484 8950877.37908241 -2620.007593848974
v 214314.4328161946 8950959.676188586 -2620.722092114628
v 214250.2102639841 8951036.296839599 -2600.633337278735
v 212992.3984524038 8951213.728337269 -2047.160900385576
v 213059.3669828803 8951211.395136343 -2134.402555378438
v 213007.8511676873 8951111.508565031 -2126.404370471535
v 212941.9158738627 8951113.666524295 -2037.831490209916
v 212782.4886854817 8950964.606953986 -1884.92416580654
v 212719.8359155917 8950964.125280723 -1795.681360643784
v 212784.0189590142 8951037.600899616 -1848.799846247648
v 212737.0712393728 8950859.485927073 -1869.845815554367
v 212804.7405582703 8950862.075230408 -1956.08927848342
v 212845.9865774373 8951037.600899616 -1938.632214052898
v 212846.8179665302 8950963.661613323 -1972.7805637296
v 213466.395869249 8951768.114625668 -2064.785419880248
v 213380.9443042653 8951731.683336588 -2011.600961244568
v 213444.1107543164 8951820.068217972 -2010.654992279664
v 213401.6112465374 8951679.781294795 -2065.630051822805
v 213529.3105102477 8951857.586819727 -2064.981180409317
v 213491.3947341063 8951659.642160092 -2150.979525316545
v 213554.8167463736 8951749.043537639 -2149.867796442261
v 213354.3490673395 8950968.965223845 -2355.572655026168
v 213245.4315318015 8950946.420563176 -2310.600273211757
v 213299.3612806394 8951033.661328891 -2319.048207199643
v 213298.3105763743 8950855.842902593 -2349.48706052666
v 213377.5594499674 8950861.052187935 -2383.889951730507
v 213399.4721896732 8951037.600899616 -2360.394599215925
v 213439.4166492314 8950944.256639611 -2395.39099716487
v 213030.0445971878 8951050.195446359 -2160.044256538231
v 213068.5225649225 8950950.760048814 -2205.065350227653
v 212988.6775409186 8950947.954793004 -2140.596193919774
v 213022.1225330855 8950859.421155989 -2181.328626806801
v 213108.6900239927 8950864.796930678 -2243.779854122688
v 213115.7993523443 8951037.715240963 -2227.126569264982
v 213166.5620623035 8950969.013746738 -2264.832620023174
v 212193.064737875 8948721.264232451 -1750.175712131979
v 212149.144126182 8948796.044339085 -1716.326312344709
v 212230.677126724 8948810.576933712 -1786.625769197765
v 212120.3473345102 8948724.930222074 -1675.570684286525
v 212166.9225249767 8948635.327246213 -1704.888620438862
v 212242.8476096849 8948634.793023167 -1772.277999083002
v 212269.2570806746 8948707.997178502 -1804.87289084062
v 213172.3508045997 8949519.515012577 -2411.779404387955
v 213063.5825100247 8949542.636697056 -2370.401362287848
v 213120.7385833856 8949611.111290574 -2403.172548990432
v 213112.2859334418 8949431.787231602 -2376.522127584171
v 213231.5152453712 8949435.259191446 -2421.636222612388
v 213290.636291824 8949502.502361173 -2445.792647817788
v 213234.5994509628 8949613.573264286 -2439.103314352959
v 212765.4105573293 8949865.175367303 -2113.487583420873
v 212721.5994725271 8949975.996765979 -2065.039754943858
v 212803.5704267395 8949969.643643886 -2132.637574950551
v 212678.6311538337 8949881.139876978 -2041.037977029754
v 212795.4677510677 8949787.742408941 -2147.551674353527
v 212839.7323629269 8949879.432566034 -2171.997663646507
v 212876.6135537414 8949785.140466409 -2214.368563858107
v 212920.6093185382 8949877.301710792 -2237.969091480603
v 212890.1395269163 8949955.006511599 -2204.048844845483
v 212862.8416158079 8949611.898845578 -2228.77058011617
v 212903.9168997864 8949713.08201601 -2247.643080073475
v 212942.7573499728 8949614.16435409 -2291.02911951139
v 212988.4715642983 8949700.828604788 -2318.14889946838
v 214956.3695627761 8950305.217167903 -2811.640616169806
v 214893.4925692991 8950215.632886682 -2810.977831884801
v 214881.1201136184 8950322.597375821 -2796.351459216078
v 214818.1344313493 8950233.858371083 -2795.515775737679
v 215004.5810982446 8950237.012299385 -2829.139595372616
v 214941.4856733783 8950147.836510163 -2827.501090145445
v 213748.3905774836 8949346.881303614 -2527.621220831044
v 213623.2023386737 8949346.6448525 -2492.067315480019
v 213684.6791541573 8949435.994208783 -2521.635056133091
v 213677.438288068 8949259.62766974 -2495.940523657044
v 213796.8919296985 8949236.4310521 -2530.449598665606
v 213816.1764825557 8949342.026615452 -2547.195356674856
v 213759.3529080352 8949454.352372184 -2543.796215762178
v 213840.7160431431 8949166.713591522 -2538.190403651266
v 213879.2964292545 8949075.826472469 -2546.349691271562
v 213811.3299880697 8949078.139122862 -2523.939926764543
v 213858.8861962145 8948966.331460621 -2534.696314020721
v 213932.7364106511 8948987.854668327 -2560.547364259908
v 213994.0074259693 8949078.3965421 -2585.383473874703
v 213945.9925612066 8949173.702597382 -2574.561203366228
v 213368.6083000778 8949257.21364779 -2423.873286140433
v 213256.1470018481 8949261.760742199 -2392.749493562155
v 213305.7298069108 8949346.756833609 -2424.877970269527
v 213318.3290591642 8949172.451663245 -2394.967581017191
v 213431.7108437673 8949167.547120787 -2423.469244577606
v 213480.7339715569 8949236.67653482 -2442.779757316981
v 213416.7725310065 8949325.697852692 -2444.213576141181
v 213105.9534545341 8949161.260787018 -2326.367787294378
v 212996.0785562892 8949163.176456222 -2282.42001287118
v 213047.777391387 8949258.280875174 -2319.159747268576
v 213062.5526742577 8949076.179818664 -2298.066071168218
v 213180.5989021773 8949078.855502129 -2340.174755254568
v 213209.7601994156 8949166.713591522 -2361.418253340756
v 213164.006064451 8949233.984849688 -2358.853113376996
v 212782.552563139 8949079.188483469 -2159.773838037921
v 212681.2679559968 8949076.595785009 -2102.071175951029
v 212735.9307837958 8949166.950124905 -2139.981791260419
v 212745.7985011011 8948985.892572371 -2131.503425042411
v 212835.0953318435 8948988.533847895 -2178.555415893793
v 212870.1851040232 8949076.499324156 -2206.044400157063
v 212825.4012169981 8949166.713591522 -2192.264964583238
v 212090.8849626335 8948616.350113304 -1615.797804017636
v 212026.2151123972 8948618.914416939 -1536.196099286432
v 212055.9579621958 8948717.607664015 -1593.301374881298
v 211989.0086099314 8948719.101906393 -1507.62005455647
v 212663.4275754202 8948967.803267051 -2085.701378836494
v 212605.7087036024 8949078.035387576 -2056.029544248135
v 212565.8722239161 8948987.628279211 -2026.094938605223
v 212611.3052831693 8948899.529209506 -2049.466158697434
v 212701.4522792078 8948899.44397608 -2100.285618005968
v 212355.210742777 8948899.853470601 -1877.17597102491
v 212271.2657886863 8948899.44397608 -1817.762469110817
v 212312.4326519729 8948989.474976178 -1847.118262569856
v 212315.4497664844 8948809.110916767 -1844.6175300208
v 212411.3998126617 8948788.367566617 -1908.839184945282
v 212440.3973083477 8948898.411153646 -1935.489457091116
v 212395.6580839252 8948988.533847895 -1909.114813571356
v 211676.5875134802 8949621.24984359 -880.2426026316964
v 211638.1484831494 8949523.073078778 -874.4371152668746
v 211642.0651332798 8949455.758828886 -909.5301353126063
v 211496.3845525061 8948790.683627373 -876.1020289356952
v 211490.7297427779 8948632.933288831 -878.8565530693088
v 211522.3471616333 8948735.65546664 -913.3898925991484
v 212498.4196228403 8949518.30592916 -1946.20725803313
v 212451.5540777399 8949433.983206963 -1919.155812850269
v 212420.7793004373 8949521.734057667 -1876.080183706218
v 212380.1904700212 8949416.211167339 -1858.384192492711
v 212408.0785575316 8949342.764289774 -1894.73097744534
v 212485.773026549 8949344.926376633 -1959.796030131397
v 212531.7850749065 8949431.899659086 -1986.484092786386
v 211662.1850091674 8949342.111368505 -984.618863808374
v 211599.4953413871 8949342.300382584 -895.1521345657056
v 211704.7201787365 8949456.156730009 -999.0454940561299
v 216455.3044784788 8953261.445778579 -2615.284077145788
v 216328.9547584367 8953263.034316253 -2600.795936830414
v 216379.9731763992 8953357.13561972 -2587.797578160138
v 216377.8367665109 8953193.0347385 -2620.121527007119
v 216452.9635887526 8953164.526502455 -2634.50671714094
v 216517.4324244339 8953221.863626098 -2629.712085551002
v 216565.8876626179 8953282.994722122 -2622.317126568604
v 216517.9424305701 8953351.746867966 -2603.429917770412
v 217090.4110816167 8953346.219404733 -2661.686147259309
v 217147.8060701958 8953263.02875144 -2687.099044126341
v 217021.3129885687 8953264.9603328 -2672.74697254774
v 217085.201046981 8953172.290690936 -2700.939829415779
v 217196.7155956122 8953192.585225996 -2708.860673844985
v 217274.3005236679 8953261.083609603 -2702.427214241006
v 217210.0438197156 8953354.422057014 -2672.916816271277
v 211490.6500332067 8947918.790736604 -880.7178962789881
v 211643.7766716314 8947192.5774942 -1003.205456241386
v 211570.747463612 8947206.736411612 -937.5576770270204
v 211605.6722994077 8947295.316935971 -973.443604702599
v 211614.1537363284 8947116.43497959 -972.7551410324395
v 211681.8710131901 8947294.544536183 -1043.008341666163
v 211705.3172866297 8947117.6465398 -1053.865764683226
v 211726.4173006999 8947207.277411945 -1078.044961335243
v 211596.1448904079 8947830.526588298 -985.6330511967683
v 211526.8969854555 8947830.590211304 -915.8991728929032
v 211573.8209993817 8947919.455386126 -965.9839956833655
v 211593.025626475 8948008.71773904 -988.1382295341159
v 211525.8588145982 8948008.727094641 -918.3209086729257
v 211633.7799871794 8947919.455386126 -1026.595970955516
v 211743.5052229549 8946492.845309416 -1047.355724466255
v 211824.7225671866 8946494.0174371 -1112.921871930976
v 213105.1516101179 8946475.0595349 -1993.775810383328
v 213187.1735516177 8946490.835867055 -2041.617618540645
v 212782.8919124 8947208.936953112 -1894.352846589881
v 212685.812755587 8947226.509699058 -1835.360341532247
v 212732.9796840221 8947297.757005857 -1875.85442009601
v 212743.4706686456 8947121.634249549 -1857.298065100801
v 212833.7965044524 8947117.6465398 -1913.122619763366
v 212869.551585653 8947210.573601441 -1947.76343604754
v 212811.0403970667 8947313.842954133 -1927.287944748075
v 211760.6884760871 8947295.826283427 -1114.389880204113
v 211806.449550988 8947204.478833433 -1148.80352061556
v 211765.9072774917 8947117.6465398 -1107.009380478331
v 211841.4448706172 8947110.34772492 -1172.281662688311
v 211839.6224047522 8947297.265783276 -1185.130108349315
v 211879.8825054086 8947206.736411612 -1213.093682825804
v 212641.5286062428 8947919.455386126 -1917.76087357816
v 212601.1458516028 8947989.584288791 -1904.741810211392
v 212678.4063038623 8948006.3773391 -1956.402264869373
v 212552.5750884861 8947921.92742016 -1859.326070912907
v 212604.6573218486 8947833.79936645 -1878.682212321938
v 212700.4067552119 8947840.451654816 -1941.474963934122
v 212731.4783383477 8947915.250101646 -1973.122935683368
v 213121.9325214078 8948004.972597541 -2194.35184920457
v 213104.5271968853 8947900.273157299 -2173.062934301354
v 213045.9646792262 8948009.535242079 -2158.252690156187
v 212999.2139648638 8947925.027644193 -2123.253054384329
v 213053.1344150695 8947830.12930228 -2137.811273592787
v 213146.3034395414 8947830.365514312 -2183.890048337048
v 213187.6863920222 8947924.806343926 -2215.277522764327
v 213375.4373091166 8947918.391247449 -2298.814118751294
v 213293.7217021933 8947900.686607365 -2261.447536156866
v 213311.6841973179 8948005.265470693 -2280.12738087648
v 213335.8288653241 8947830.365514312 -2272.220108036833
v 213432.7907734984 8947829.550257271 -2315.045110725645
v 213421.6176190616 8948002.580845375 -2326.588682185952
v 213487.6608481787 8947920.936849173 -2346.835697704838
v 213315.1793116454 8947224.531582123 -2194.53794458183
v 213298.0072732487 8947120.280060809 -2173.46643509393
v 213234.0605538576 8947201.617877882 -2150.038262461951
v 213376.9528774283 8947123.537972933 -2213.703920340295
v 213366.6233352405 8947296.18800596 -2227.970884226449
v 213424.1303704491 8947207.527362078 -2246.140098672297
v 213049.6069087746 8947207.929257737 -2051.672452420839
v 212960.7051911228 8947206.736411612 -2000.91624933316
v 212997.4710704327 8947300.751921484 -2034.748264042586
v 213000.5664235311 8947136.464945827 -2014.815419635408
v 213109.3239783046 8947118.857893152 -2073.060813969532
v 213128.5462330857 8947228.736155115 -2097.912915219687
v 213090.0155136866 8947295.826283427 -2085.313452850666
v 214180.1483489718 8947920.04747355 -2615.749941534895
v 214070.0235070354 8947925.802697841 -2575.185984797242
v 214116.8180362412 8948008.66006333 -2595.999765922128
v 214115.6287262148 8947831.763399644 -2587.955061408942
v 214219.3157640366 8947830.365514312 -2626.398646351188
v 214246.5548264331 8947918.638958961 -2640.049147412573
v 214215.4746844929 8948008.545257939 -2631.830753136042
v 214090.212862586 8947206.736411612 -2541.708105082374
v 214053.0668534851 8947297.354469296 -2532.742691984398
v 214132.9521818788 8947295.107760644 -2564.880082634408
v 213988.6596687193 8947209.102863664 -2499.921538244787
v 214063.8919711454 8947118.475986596 -2524.801372529152
v 214129.8379473285 8947115.794354148 -2551.879443192764
v 214189.4234229754 8947206.009649638 -2582.000183325844
v 214115.1058517461 8946496.33164821 -2499.954172161534
v 214215.112685695 8946494.0174371 -2543.252824931647
v 213007.0397582076 8946491.97862855 -1938.530676814612
v 212919.18434552 8946488.461664269 -1885.817250537835
v 213315.2450730065 8946423.405673113 -2104.672134843021
v 213366.1941918978 8946494.484746566 -2139.323654416951
v 213458.7046754398 8946494.0174371 -2187.537342697623
v 214750.6678193063 8947918.951868901 -2817.231178740187
v 214825.9674363316 8948015.256899307 -2843.98759081593
v 214823.6155357166 8947830.182429666 -2840.013037627765
v 212610.9247152343 8947207.02738387 -1782.69324526984
v 212537.4749797102 8947185.72044467 -1729.571403120955
v 212566.1760089469 8947302.784948157 -1766.146053677967
v 212574.5395438079 8947117.6465398 -1745.228098762222
v 212659.5477989579 8947119.567945968 -1802.566229027897
v 212647.6370980837 8947295.826283427 -1820.032289757119
v 212483.9942405656 8946494.520508038 -1605.769025441849
v 212558.9886128489 8946513.111404492 -1659.036597027136
v 212742.3936901228 8946492.210188748 -1776.590655074403
v 212647.6572304542 8946481.777219687 -1714.177349361635
v 217951.3916205835 8953284.308587942 -2802.389427847921
v 217841.5295772619 8953261.663862607 -2787.484957774943
v 217897.8008893151 8953361.072020944 -2775.143486099979
v 217903.3455793183 8953221.434590027 -2807.46279310852
v 217965.3978937569 8953178.105522646 -2829.193983211904
v 218016.7725066899 8953370.49275171 -2796.111055765602
v 218027.9652128252 8953268.007453259 -2821.012062616744
v 216467.5319863698 8952547.803721763 -2756.3196330419
v 216518.0777749974 8952461.350874515 -2779.312815361149
v 216391.3552255225 8952460.797401167 -2761.271650150192
v 216455.3770405185 8952371.682533108 -2786.38524576089
v 216566.874481945 8952391.757831519 -2798.7631244577
v 216644.6900016248 8952459.537004136 -2797.339261226742
v 216576.1783778572 8952557.75850899 -2769.345922272531
v 214183.7271205634 8948720.661915751 -2639.320406270686
v 214260.5799619752 8948809.148558058 -2667.518097468907
v 214303.4109153638 8948714.498681678 -2680.064623755511
v 214256.3080307432 8948631.973826082 -2662.26953748793
v 214823.365058137 8949434.015659384 -2843.614589732783
v 211951.4465493285 8950310.544749165 -879.8327461441627
v 214824.8548426929 8951034.836707199 -2669.317051517294
v 214880.3217045567 8950946.202492561 -2693.903127120675
v 214751.2785647099 8950955.885259306 -2675.045245621406
v 214817.595638058 8950856.434885295 -2702.184102524435
v 214927.5098952694 8950878.877590384 -2713.395797333445
v 214992.9521731415 8950964.779591542 -2706.748441571209
v 214937.3277883987 8951044.380648522 -2682.722383212127
v 215697.0889600348 8951840.991643142 -2731.779310225996
v 215770.0390235451 8951746.216283543 -2757.173038014491
v 215633.8551198817 8951751.990966192 -2728.309707407011
v 215710.5184992864 8951655.364442274 -2755.045341388288
v 214571.1905496508 8953706.516791485 -1946.383248239136
v 214618.0951603804 8953636.634263646 -1988.776625255419
v 214528.6105521104 8953611.123032186 -1941.236156394385
v 214557.3913992663 8953535.228842501 -1977.215868932863
v 214647.1623514654 8953526.179790085 -2032.558977885136
v 214662.8314351696 8953710.297054037 -1999.172769110014
v 214696.0396988105 8953618.335879125 -2038.312774587967
v 213572.1508761614 8953074.30505996 -1505.30544232482
v 213548.1965368013 8953174.238149438 -1439.203284527279
v 213620.3353502909 8953176.001780163 -1504.79813212731
v 213500.4366313803 8953092.086566992 -1418.331563430936
v 212560.189874629 8952105.14038834 -875.4807962604548
v 212609.4962068569 8952193.534544619 -896.0999503270332
v 212118.4594035918 8950938.63468248 -882.2880841038236
v 212156.7899642995 8951036.458572408 -897.0175402219747
v 212658.279132234 8950962.780944649 -1705.547035991113
v 212597.5141413684 8950960.829320986 -1614.76999708897
v 212634.4395357241 8951037.600899616 -1623.146836865063
v 212610.6772644712 8950859.256736023 -1691.772478840958
v 212693.9045649095 8951037.600899616 -1713.875112243069
v 212673.5998499298 8950858.599419981 -1782.89176984922
v 214119.770350321 8953534.120134307 -1703.330324951733
v 214210.2790243318 8953522.88833476 -1764.622023409819
v 214136.7413936596 8953421.381185586 -1741.54159787831
v 214233.0661521096 8953447.725261301 -1797.51961424945
v 214168.0917521608 8953626.161798982 -1710.676148287678
v 214301.3123433987 8953550.775322853 -1816.377009678952
v 214943.5457431558 8954334.638021633 -2048.08131302929
v 214978.8921523052 8954244.836284922 -2086.734647287597
v 214886.9370335283 8954240.639583291 -2031.468470802956
v 215011.3495654245 8954157.093405038 -2118.115576093426
v 214577.6065965221 8953866.452882446 -1919.495232928952
v 214537.8410415135 8953799.386925852 -1908.666263542723
v 214503.4806601554 8953889.818155171 -1869.05446329596
v 214626.3593153282 8953798.638843227 -1960.992623589907
v 214559.6044842586 8953980.238861872 -1883.980196209692
v 214636.2799278678 8954861.954245685 -1418.87727291189
v 214699.2666718811 8954862.282471539 -1508.49318888095
v 214636.849552807 8954772.687073065 -1507.95708812217
v 213581.0995322112 8954050.121916555 -875.2654066985926
v 213518.0883384449 8953960.529224016 -874.9442012950574
v 218470.1320293829 8955492.968024626 -2657.243346253859
v 218407.2269128661 8955403.435040141 -2662.225299412206
v 218658.4168773983 8953978.555816771 -2833.873227940559
v 218721.5431556787 8954067.478941284 -2835.957471122704
v 216773.8876508661 8956020.964742551 -2211.780627723363
v 216833.6693505505 8955934.327377962 -2250.371554314906
v 216714.5132536373 8955935.110870417 -2220.38837176509
v 216771.2161207219 8955844.143913142 -2259.499372916574
v 216845.3925418868 8955831.130421218 -2280.656823860177
v 216911.0000809107 8955916.907782022 -2273.651113183395
v 216956.7034552368 8955403.874299621 -2379.879447323868
v 217031.0078738502 8955492.888772292 -2392.692850261313
v 220297.3917181942 8956387.889556482 -2729.776220231905
v 220360.2348216102 8956286.678587364 -2757.625468844654
v 220234.077604582 8956285.537995912 -2757.17428171865
v 220991.8220728993 8958691.499111617 -1751.648186786542
v 221050.7749576514 8958609.090066308 -1780.42078363631
v 220925.7575505095 8958617.766487107 -1790.79987963413
v 221257.314359055 8959874.061446704 -1018.016757387283
v 221178.8790560871 8959856.217526905 -1063.734074635902
v 221181.0885125603 8959957.912343556 -998.046996277719
v 221305.1324140345 8959821.240969889 -1032.821222451059
v 221243.6743064408 8959779.454642996 -1088.890388451242
v 221371.0450983621 8959859.20384354 -986.6429539976443
v 221290.7994467593 8959937.893476287 -965.8794941819979
v 221621.8379457288 8958513.717474718 -1751.731385577354
v 220868.7124222549 8960314.711241134 -898.5863673425811
v 221053.8190922051 8960215.531374382 -894.4557951979648
v 220941.6100554961 8960230.26515579 -927.7471586813549
v 220786.1466275522 8960288.034711581 -943.8379698497056
v 220861.2910699635 8960212.352542298 -969.5220872669163
v 220990.1521515607 8960177.883316316 -944.0142098082279
v 220939.4446223498 8960132.729561361 -992.8243116043118
v 221051.0516528062 8960112.825785067 -959.246754868369
v 221167.0164953615 8960200.659866543 -860.5552264821479
v 221131.7829391933 8960145.621609028 -906.6413217966606
v 221368.1284665292 8960088.734794272 -854.8656877641904
v 221308.2335315926 8960041.407100469 -899.9962073953434
v 221380.708322203 8959960.202369723 -922.3036093493251
v 221622.7273160239 8959940.834018413 -875.6473314916802
v 221431.1245190239 8959905.540308876 -938.9408178102485
v 221490.39766131 8959845.019802559 -961.2398774925637
v 221571.7945929563 8959872.00948168 -926.1677733602382
v 221234.7333901523 8960126.239148404 -878.2236037262105
v 221227.0349305001 8960018.788734002 -941.7427225354452
v 221555.4669908208 8959770.444474425 -993.6215047159535
v 221445.2932552305 8959782.26587715 -1013.883748617455
v 221620.1126765082 8959823.129213469 -945.6195942180807
v 220911.6660710331 8959841.016098324 -1208.869886788964
v 221164.7198380039 8959662.935035367 -1210.481149464054
v 221131.7951841917 8959610.009999758 -1264.650885413075
v 221045.2914446664 8959584.016549077 -1325.220706032459
v 221242.7626013311 8959679.36494091 -1161.955531017654
v 221101.9669072711 8959928.462789156 -1053.33708048074
v 221001.6608832217 8959955.336223824 -1084.495202872016
v 220914.0167185902 8959930.223830454 -1143.63221983172
v 220864.1600465713 8959893.345410433 -1194.015534807774
v 220800.7356428239 8959857.538755193 -1245.604580921563
v 221116.7405770103 8959504.047255436 -1342.938874225729
v 220990.1521515607 8959542.797029532 -1378.006384793197
v 221039.5971260271 8959484.440501871 -1389.575610612257
v 221233.1474757553 8959583.905507153 -1236.094133808684
v 221179.140309045 8959542.215551257 -1288.335034702312
v 221355.2249489638 8959665.304589793 -1125.906128255249
v 221323.0335559778 8959612.230707671 -1177.490962151969
v 221305.1324140345 8959716.708204977 -1106.468201168675
v 221355.9960962429 8959761.316034848 -1057.233469820574
v 221053.1482040555 8959998.718384631 -1032.11889356592
v 221116.0810223556 8960035.269507131 -978.8297503257404
v 221004.6590376769 8960052.83317934 -1017.659651554373
v 220926.4484734369 8960035.027320785 -1064.376810065459
v 220864.1600465713 8959996.912461543 -1119.402842292535
v 220812.4443919232 8959953.709534412 -1170.179016009975
v 220738.1679415817 8959818.67713096 -1297.526998964641
v 220679.6310446276 8959770.700926077 -1346.016011314583
v 220738.1679415817 8959713.622270919 -1370.651882551962
v 220677.9066011483 8959662.037412895 -1414.634934808558
v 220741.2562323997 8959591.870988265 -1441.409713839141
v 220926.2910740455 8959505.721712738 -1428.932514327107
v 220814.8095545915 8959517.135758337 -1460.732722157715
v 220693.2455338678 8959880.197751867 -1266.306714627677
v 220606.9100392566 8959842.583576087 -1314.275368549914
v 220547.1850378135 8959776.214108381 -1368.668340294008
v 220612.1758365923 8959730.246188423 -1387.275800055395
v 220725.3730390558 8959934.209019709 -1216.784419404692
v 220548.2789462679 8959679.125659918 -1424.929628507171
v 220610.5076324004 8959598.484773429 -1457.583951502851
v 220675.171889087 8959547.466820039 -1471.766047111989
v 220864.1600465713 8959456.479353121 -1469.868452009287
v 220913.960467819 8959395.322818762 -1479.140348790799
v 221001.8713947535 8959412.573020063 -1441.657972315383
v 220533.917727222 8959574.573925562 -1477.289344812548
v 220485.1575680242 8959500.700208392 -1514.051924452417
v 220436.4107377303 8959427.091682047 -1548.270881589468
v 220486.1837316028 8959371.690401284 -1563.259243800628
v 220675.171889087 8959285.451430347 -1566.110144678847
v 220739.5200589595 8959239.396820495 -1573.071230897273
v 220801.1639940765 8959270.091142248 -1550.749856580008
v 220865.4787892581 8959326.779098207 -1517.584354435287
v 220423.9041817336 8959582.764008695 -1484.702322491328
v 220359.1744530381 8959508.355095157 -1522.762330688747
v 220361.2671949572 8959402.162820317 -1565.585189811766
v 220678.9438566047 8959148.138806382 -1615.502252445634
v 220797.2397255184 8959140.260762325 -1599.914707722003
v 220848.572024069 8959215.067654144 -1562.771447456335
v 220932.1011391847 8959237.381525371 -1536.157962826293
v 220993.6279818502 8959316.131894797 -1487.416162892247
v 220486.1837316028 8959624.892165342 -1460.10152060238
v 220293.206736015 8959321.756755384 -1602.447305884659
v 220233.2364740828 8959242.696749151 -1635.94897701862
v 220297.1955741186 8959190.589274978 -1649.427732937169
v 220361.3333366293 8959136.21076731 -1661.284969848224
v 220419.1785294891 8959051.237425629 -1682.588934128325
v 220550.175453542 8959060.707264766 -1664.042428563713
v 220612.1758365923 8959095.22470049 -1643.15303026216
v 220297.1955741186 8959450.136557002 -1552.615527703349
v 220234.58256465 8959404.504182491 -1574.344325655604
v 220170.773189317 8959327.60079008 -1608.117989185084
v 220107.3826677735 8959244.35991268 -1642.178974927731
v 220171.2034691291 8959197.396719748 -1656.235177707869
v 220234.5621448128 8959149.43041884 -1667.323842341464
v 220484.1809641343 8958976.31050941 -1700.538393297249
v 220608.8581172405 8958964.263761597 -1690.817985241913
v 220661.45622904 8959039.566515256 -1657.187844386055
v 220736.6758948834 8959064.554073302 -1637.432543007334
v 219730.0287512131 8958872.765483126 -1777.957431032943
v 219792.9164304472 8958958.131782565 -1750.069584017622
v 219919.3840919838 8958957.747003667 -1748.817603195724
v 219667.2487296128 8958784.951190274 -1804.637198604801
v 219730.2311016658 8958737.974589085 -1820.442149741151
v 219793.2016337722 8958689.047447348 -1834.010627008152
v 219856.2907104769 8958612.506519768 -1855.272459190848
v 219982.4071382582 8958612.817202436 -1853.143860884411
v 220029.6280415851 8958681.485363571 -1831.004649938912
v 220108.5472333831 8958880.663560985 -1762.929531405028
v 220045.9857441591 8958956.103063487 -1743.128744192237
v 219603.4807865352 8958869.418009587 -1774.961988912501
v 219666.4958063987 8958957.438684056 -1747.296452401456
v 219918.9815819532 8959051.517927866 -1716.751650585039
v 219856.2232066554 8959007.636734562 -1733.744807962714
v 219982.2153116448 8959005.162850574 -1731.270923974276
v 219793.1776244702 8959051.296017265 -1717.172926294472
v 219541.3524765482 8958785.543957077 -1799.879337129929
v 219604.2389966764 8958736.370469015 -1818.838029671386
v 219666.8761243613 8958689.105344366 -1833.775904327678
v 219730.2131845841 8958612.499756038 -1856.018563262218
v 219793.1103498001 8958532.905369077 -1879.046606386227
v 219918.9857902622 8958531.73166002 -1878.623723603346
v 220044.8005395571 8958529.362328425 -1877.350698092345
v 220108.5494035285 8958613.782731336 -1848.440794325003
v 220044.895331034 8959052.552867617 -1711.68739218052
v 219730.2311016658 8959006.628777776 -1732.736851177266
v 219478.7992810989 8958710.283596078 -1821.149176346611
v 219415.2508391922 8958661.957951423 -1833.51538389376
v 219351.5725313632 8958615.270013962 -1843.021965725589
v 219556.0688828243 8958683.049346054 -1833.639735021163
v 219294.2989085545 8958518.516964853 -1869.006647869606
v 219352.6876086572 8958427.703409467 -1901.225576430502
v 219541.2429441816 8958392.148561416 -1920.065481143582
v 219477.9894445781 8958347.186126165 -1932.048067288582
v 219604.2299723339 8958346.906731579 -1934.034324896002
v 219667.2350491711 8958392.597793857 -1920.514713583791
v 219730.4098362956 8958441.849865325 -1906.274438858478
v 219353.0244906942 8958707.909249458 -1812.817888917224
v 219289.2587342027 8958653.90484957 -1825.462282041696
v 219416.3500404131 8958796.335455421 -1788.122371164302
v 219168.6815624021 8958515.39333014 -1856.319895098205
v 219226.6203115198 8958429.440970967 -1889.393002230846
v 219289.2587342027 8958381.919164795 -1909.836084521844
v 219351.2544220556 8958333.954148743 -1927.722881365452
v 219415.2508391922 8958389.132400429 -1917.049320156178
v 219414.0615239251 8958246.139376737 -1955.602402402241
v 219541.2778977229 8958253.874555288 -1959.973494531366
v 219667.3476462814 8958256.913918579 -1962.265120355118
v 219730.2672508136 8958346.770680852 -1935.394788532094
v 219793.2271541606 8958393.099630654 -1921.016550381022
v 219856.4369244089 8958441.810717229 -1906.492449718464
v 219164.4041863478 8958352.644016244 -1905.135219649975
v 219100.2705767184 8958297.015366605 -1914.022158145989
v 219050.7687127995 8958237.789044688 -1924.802043546266
v 219241.2649773297 8958325.239751447 -1921.030093053498
v 218973.4297676817 8958168.808019226 -1934.617639768149
v 219226.2626817079 8958027.179773854 -2000.546052651338
v 219288.5750700773 8957991.461365983 -2017.444376949337
v 219352.2547866974 8958035.907689586 -2009.273968382555
v 219400.9296137322 8958092.179707317 -1996.709385574951
v 219478.6672478032 8958161.159209527 -1982.902778268198
v 219097.7814143877 8958434.84054357 -1872.668001682665
v 218917.2050825983 8958070.131803183 -1956.443256225629
v 219224.4772448158 8957889.094427206 -2042.990101958544
v 219346.5460603047 8957901.375972323 -2052.195101928309
v 219414.9032038889 8957989.619011309 -2029.836907399558
v 219477.3671079223 8958065.112686427 -2010.912663993458
v 219541.2429441816 8958115.382323125 -1999.658730107735
v 219604.7111632175 8958159.59037149 -1990.23528044516
v 218911.2824192342 8958209.318803614 -1915.415466968983
v 218861.2962281688 8958149.409833502 -1926.197646192531
v 218597.4296444138 8957803.720514964 -1990.92202287585
v 218706.5712816991 8957827.447334345 -2001.229008399413
v 218786.198205098 8957892.763454895 -1992.236851124673
v 218843.9218421962 8957991.693907943 -1970.447447504772
v 218518.9947874197 8957737.08520535 -1997.960357968965
v 218659.2982092552 8957770.950143095 -2011.586037333678
v 218848.2863667395 8957858.874220371 -2010.420242796412
v 218896.2511794448 8957915.510614358 -1999.224148138064
v 218470.310051771 8957677.283472501 -2007.009238553578
v 218420.2048858691 8957613.932956994 -2014.518128210051
v 218659.2982092552 8957501.112802586 -2098.108184080905
v 218719.4284947178 8957442.619870782 -2130.028176089664
v 218783.5870555593 8957532.753864819 -2106.613234258228
v 218848.2863667395 8957588.453131966 -2096.358641646809
v 218354.4227710147 8957527.287169009 -2020.902299214743
v 218647.0915644342 8957364.884977119 -2146.896593959083
v 218841.88406985 8957458.544969745 -2144.550614965996
v 218787.5773262506 8957371.279523099 -2170.382083851592
v 218915.0240997596 8957537.716049373 -2125.52864222543
v 218972.6008641378 8957620.826585755 -2102.886082754398
v 218972.9788851537 8957888.197287202 -2015.209936090579
v 219039.429273401 8957806.655727493 -2047.789595803567
v 219159.0977494358 8957812.72212377 -2060.618422796341
v 219102.095469007 8957728.20905748 -2082.24243255566
v 219177.7692616463 8957702.978543043 -2101.284361433572
v 219226.2626817079 8957758.119323656 -2087.845089709004
v 219290.5961599602 8957815.52780081 -2075.595501955843
v 219037.2745242237 8957673.764069635 -2092.579707503056
v 219033.7255872361 8957544.360814795 -2141.385278552505
v 218976.2048992886 8957459.405730486 -2166.633635420483
v 219105.5628705093 8957625.412168944 -2120.72593106782
v 218785.2903142447 8956874.021512635 -2361.915612270251
v 218734.816778625 8956813.562909406 -2372.837367655633
v 218908.9423525634 8956910.535775512 -2378.615193981312
v 218664.2682349785 8956734.179269871 -2387.126567232985
v 218723.8417305056 8956645.201658042 -2432.230425789691
v 218799.7722032856 8956632.273660157 -2456.046763159247
v 218848.2571439026 8956561.664377972 -2494.812385037571
v 219036.3702334116 8956919.77834232 -2407.539385439623
v 218661.6305975314 8956837.94265154 -2351.334619118365
v 218988.9390468877 8956989.589565456 -2367.660609057533
v 218596.3021567605 8956780.197357874 -2357.181329324296
v 218548.0595116813 8956721.059074562 -2366.268448966915
v 218597.1186297749 8956645.434435615 -2402.571462654241
v 218647.0732219447 8956576.131709293 -2437.674039037629
v 218719.4084465522 8956552.850808818 -2463.519843758058
v 218774.4769189759 8956474.758084619 -2503.769888887832
v 218897.2165724853 8956489.921844944 -2532.2472867038
v 219100.2705767184 8956868.49731753 -2445.481288979554
v 218972.4950734553 8956476.227650881 -2557.35484799377
v 219165.9108601995 8956925.338389592 -2435.929831738184
v 219104.1117487634 8957004.23975255 -2387.871886000236
v 218079.0703060131 8957198.975058831 -2081.997379475793
v 218215.8157300424 8956997.591499364 -2193.425256647905
v 218281.3218942868 8957053.462535784 -2184.997148164573
v 218029.3376843078 8957142.843078824 -2096.197947575323
v 218159.7497451488 8956912.969327129 -2211.264814314289
v 218272.3377655021 8956919.300830729 -2234.212610321253
v 218346.301810307 8956999.305036716 -2221.07531363777
v 217836.9261854248 8956922.976714792 -2141.975669431662
v 217888.6133766982 8956846.451094344 -2176.999931101303
v 217964.9115852016 8956833.933664015 -2196.023842030019
v 218092.8676526024 8956826.273543166 -2225.901530120173
v 217778.4433164565 8956824.274265723 -2164.334531623404
v 217840.3495268236 8956788.176771197 -2186.980999019586
v 217916.6571368387 8956736.295177925 -2218.054082369715
v 218026.0165574565 8956742.969104663 -2238.775099658166
v 218142.7239552983 8956754.89339222 -2260.614833263589
v 218219.8993282099 8956823.406083534 -2255.399097674081
v 218599.291862443 8957182.676919557 -2210.858230821901
v 218598.9945540894 8957281.712860987 -2168.4829727523
v 218395.2006176655 8956932.18898889 -2259.034253458749
v 218661.5211206414 8957104.244054522 -2260.615221740935
v 218717.7612301525 8957190.64647528 -2233.665988512262
v 218672.1626673877 8957259.132448539 -2194.294226126553
v 218411.4735193533 8956824.034402329 -2300.836497740294
v 218522.2332431232 8956831.069490049 -2324.994290580364
v 218344.3179467815 8956869.6488207 -2268.453048522447
v 218295.947973961 8956810.31998362 -2277.529683016764
v 218344.799565367 8956735.9107449 -2314.339162430465
v 218471.8418078501 8956734.427093476 -2344.767134564751
v 218785.2903142447 8957137.428003049 -2268.962615427653
v 218722.29426175 8957316.328998264 -2180.593995200958
v 219092.4539852721 8956474.302832779 -2590.240903522828
v 219163.5147030134 8956557.488377571 -2581.667297062276
v 219230.8177026958 8956646.32697852 -2566.09743532251
v 218848.2863667395 8956426.506349361 -2538.029551693729
v 218799.8484986376 8956363.776448786 -2543.80114112168
v 218924.3495694114 8956378.739324171 -2572.475020837073
v 219032.8243521332 8956388.616704321 -2598.561375006384
v 219148.1988063988 8956402.611840881 -2624.534034409376
v 219213.9410673117 8956487.628510274 -2616.577106798219
v 219290.5846718498 8956556.398997808 -2611.008330416462
v 219349.5772779371 8956653.852906497 -2586.801221122652
v 219302.4169919087 8956724.629607184 -2550.27460757148
v 219284.6019124085 8956834.014042763 -2500.696977428947
v 219239.4516077735 8956903.026526278 -2461.358539612082
v 219420.3341971053 8956735.573998546 -2565.695083293658
v 219352.2547866974 8956781.264595974 -2536.428311052594
v 219417.0011478791 8956835.838610794 -2523.044944568162
v 219356.2604121447 8956915.313764444 -2477.782177064836
v 219289.2587342027 8956958.722961508 -2446.617061144202
v 219222.832258712 8957010.379611704 -2409.973647593031
v 218971.5350820675 8957099.089765664 -2319.762954318629
v 218850.4936098102 8957192.648240572 -2257.885906474681
v 218925.0968914126 8957169.329741448 -2281.327739916787
v 218788.8497484732 8957271.274031175 -2212.710631050145
v 219037.2745242237 8957046.021351971 -2355.735707979801
v 219102.5425609506 8957102.943087064 -2344.698131053032
v 219041.5692180229 8957182.091169691 -2298.152695610826
v 218974.2784717289 8957224.628702534 -2267.073443099503
v 218907.2785396641 8957277.840118727 -2231.69981082995
v 217775.2184148783 8956730.100159343 -2193.33295356865
v 217524.2365411287 8956565.397642983 -2201.544202957039
v 217583.9477114838 8956476.76481447 -2240.975779371881
v 217702.0933179368 8956486.671632823 -2259.179409963182
v 217778.3667169372 8956557.12752052 -2249.866564285839
v 217838.8394842832 8956653.775508815 -2229.455305954131
v 217462.3732118551 8956602.376482282 -2179.360453730903
v 217413.8586135394 8956543.737330247 -2189.331304607334
v 217601.8972334428 8956366.82422423 -2281.030662957232
v 217651.3613693393 8956425.974401288 -2270.227988180575
v 217719.6159296058 8956377.50248035 -2299.341704884941
v 217774.9499538701 8956462.499253094 -2280.823951316026
v 217840.3495268236 8956518.880917083 -2274.044632161886
v 217889.3127399849 8956578.147495031 -2264.066769998112
v 217968.0045820879 8956644.835083859 -2258.509272474403
v 217334.3778166844 8956196.469762404 -2285.513553617236
v 217399.3771593604 8956255.668583427 -2278.101913946447
v 217524.0722951051 8956298.78571224 -2289.058859489895
v 217210.3890018761 8956161.853604056 -2273.376806390271
v 217277.7456814425 8956110.947201703 -2302.316701069494
v 217651.826080148 8956293.153295189 -2315.789366126489
v 220361.4054501929 8958868.155392196 -1747.773849935207
v 220423.1876791081 8958912.184544913 -1727.382490128889
v 220102.523570738 8959139.232521648 -1679.324170669014
v 220424.5752258613 8958778.574449765 -1773.732933794599
v 220470.558960915 8958859.579298772 -1741.770353184934
v 220548.2977190991 8958886.105491096 -1725.074506741507
v 220029.480349289 8959217.810160263 -1654.40160367001
v 219982.6592021777 8959136.573509462 -1685.183912266788
v 221624.0061526913 8959395.621907108 -1235.658746177019
v 221605.2043391485 8959307.558586534 -1299.864112537232
v 221623.330278962 8959501.355645088 -1162.78603831386
v 221557.1166240134 8959461.071327675 -1207.190811121168
v 221499.3025837485 8959413.358418193 -1257.667822945869
v 221557.1166240134 8959355.470759369 -1279.769986443998
v 221488.4877428754 8959311.564636141 -1328.796994760709
v 221560.7673207928 8959244.49557063 -1351.932305551043
v 221620.1126765082 8959183.703168252 -1375.272010768597
v 221545.1171038952 8959577.890677884 -1128.860533608459
v 221625.3075150634 8959604.68178346 -1090.466960442086
v 221512.3931533441 8959523.364153281 -1177.026550893492
v 221620.1126765082 8958381.165458323 -1819.992506237051
v 221550.5592343182 8958328.521567024 -1854.761221855698
v 221493.3545083454 8958259.891621964 -1895.026489226162
v 221557.1166240134 8958207.875763725 -1913.972427081454
v 221621.3081767448 8958157.917219959 -1932.520808848097
v 221561.4630414918 8958433.278775385 -1800.74058502429
v 221494.1205715187 8958391.032770151 -1829.859818064125
v 221432.1496877929 8958338.049985299 -1863.216092801939
v 221367.0242546498 8958262.793371163 -1906.448235432206
v 221431.1245190239 8958216.294944121 -1922.391607475981
v 221495.7517066183 8958155.789448589 -1945.758520038828
v 221561.7237373902 8958077.644393882 -1977.822513166392
v 221620.1126765082 8958024.879961608 -1998.246240404303
v 220928.6440214587 8958511.941124175 -1835.490404684908
v 220871.3419468345 8958434.285141198 -1873.644753014788
v 221053.1482040555 8958485.027272835 -1834.764448934304
v 221004.8037710566 8958536.30139483 -1817.669218117236
v 220848.6002370081 8958326.544367015 -1921.546264844556
v 220928.0709715126 8958246.549358319 -1950.883376010233
v 221180.2592405021 8958246.599351581 -1931.459062675568
v 221243.5248530447 8958424.803029092 -1842.340009592418
v 221309.7602825768 8958344.500876209 -1873.237600005614
v 221242.1363615397 8958288.95298169 -1905.959773231941
v 221115.2227859866 8958528.067344802 -1809.092043573488
v 221179.140309045 8958475.764031736 -1825.501207835199
v 220737.1902816233 8958440.609188616 -1880.827819562772
v 220802.1464055229 8958514.472168811 -1845.488618591256
v 220801.1639940765 8958375.486798448 -1903.403718175198
v 220739.1333005989 8958333.8029826 -1924.980904759373
v 220801.4724297498 8958251.036293589 -1956.638625756645
v 220863.789400491 8958171.859852251 -1987.543090601074
v 220927.156099066 8958121.672841337 -2005.94924832041
v 221249.1348325023 8958166.689957062 -1962.815202830062
v 221179.140309045 8958110.222582204 -1994.498989187983
v 221290.9714560003 8958239.140941143 -1925.210985590435
v 221353.2505864814 8958416.43237273 -1834.218920899527
v 221240.3661849055 8958529.334251795 -1793.716596706563
v 221305.1324140345 8958465.920450125 -1815.657626223677
v 221175.0622232362 8958607.740432458 -1765.529174468396
v 220864.1600465713 8958560.133533964 -1820.780838250447
v 220170.9033858889 8958525.977305988 -1875.057959730662
v 220301.9657478983 8958522.076460106 -1871.760542170282
v 220361.0301157786 8958601.935599612 -1840.38549066882
v 220423.1876791081 8958648.176476009 -1819.733908481061
v 220491.3368280191 8958703.965375064 -1795.529113969751
v 220108.2868555696 8958441.279379591 -1905.162871248564
v 220234.1718985005 8958440.615907365 -1902.993584099133
v 220423.4759005713 8958518.00803744 -1868.039553566
v 220360.0740390705 8958439.688799571 -1899.75324876443
v 220487.2838243387 8958600.267621126 -1833.874294164008
v 220549.8072707992 8958792.62496772 -1758.624859494786
v 220611.5415984863 8958703.726320205 -1786.224223096139
v 220564.4166928009 8958626.211695487 -1819.317370894597
v 220858.6788780257 8958071.679452015 -2031.906967009144
v 220926.3960612818 8957996.222879875 -2062.211365596673
v 221184.836859486 8957987.870610245 -2050.912814802775
v 220990.1521515607 8957934.938960563 -2086.484982988368
v 221116.1442565502 8957930.173878714 -2081.719901140279
v 221227.82983731 8958060.946262686 -2014.080060886269
v 221304.2191347443 8958084.956404515 -1996.683474170364
v 220737.844186826 8958173.321609255 -1993.064708368478
v 220801.1639940765 8958126.138842946 -2010.415249929387
v 220738.7788587209 8958067.294015924 -2038.800877285055
v 220801.0581524664 8957980.220371064 -2074.762635068979
v 220864.1600465713 8957938.886359703 -2090.432382128982
v 221164.0078603129 8957882.038448954 -2101.273828964333
v 221241.4300245885 8957906.580070268 -2084.82540991107
v 221305.6072922891 8957983.380533259 -2044.419422052503
v 221368.1284665292 8958039.496108627 -2012.862387423006
v 221430.409649317 8958082.534763653 -1987.218663872363
v 221368.7258538943 8958161.370213047 -1954.890418005517
v 221558.0254244416 8957980.644337505 -2025.403229093455
v 221619.3492277127 8957903.01205368 -2057.841830824404
v 221494.1205715187 8958032.348221363 -2005.714500159857
v 221432.3831898715 8957978.490512541 -2036.866773972573
v 221499.5530171798 8957900.221341014 -2068.915102452293
v 221557.1166240134 8957848.397290645 -2089.033184884083
v 220171.5921482001 8957992.97681722 -2073.488751061665
v 220108.2074166343 8957940.977663949 -2092.523686375212
v 220044.9413482314 8957890.364498379 -2110.957992480245
v 220234.1995216238 8957943.47302128 -2095.019043705724
v 219974.4752096567 8957810.340195507 -2140.460301487176
v 220030.0246022429 8957734.998974446 -2175.291936955471
v 220107.7590122943 8957709.755298626 -2190.225242046446
v 220169.5621726125 8957630.520915568 -2227.609268078158
v 220297.3519675865 8957632.785436051 -2230.670913039042
v 220360.1706098067 8957711.557797432 -2197.14060289947
v 220423.2672169558 8957902.878953569 -2114.823313928848
v 220486.2886363511 8957818.527008722 -2151.370690437346
v 220423.1876791081 8957758.418622732 -2177.234260599817
v 220297.483693473 8957993.495127665 -2075.563195740739
v 220360.1916266133 8957944.782689923 -2096.328712348863
v 220045.5411247874 8957980.906961592 -2074.549064136804
v 219982.2153116448 8957937.289300364 -2088.835322787903
v 219918.7115188555 8957888.803306591 -2105.143488905055
v 220234.1324567701 8958070.320722122 -2043.454469859563
v 220107.9471515098 8958068.434520869 -2041.812788895048
v 219855.8986391616 8957805.4770923 -2134.992762562495
v 219920.2244926895 8957728.049960911 -2171.846780894223
v 220044.9642266938 8957627.096970746 -2223.303322937389
v 219982.2153116448 8957685.901504075 -2193.807013756354
v 220108.9479280988 8957549.78820467 -2260.896209728813
v 220234.804692755 8957550.92815836 -2265.317490626177
v 220423.321348863 8957633.983747581 -2232.307901046982
v 220312.9180834688 8957525.633051049 -2278.573190215476
v 220360.1916266133 8957572.588789845 -2258.674043154209
v 220486.3113298518 8957711.841041338 -2198.206759589825
v 220549.3283295998 8957903.087918371 -2114.353700668095
v 220612.0625408964 8957817.958607301 -2150.834965478493
v 220549.1797840975 8957758.581984218 -2177.3976220851
v 220423.3504697507 8957993.632813061 -2076.181539985487
v 220486.1837316028 8957944.930830548 -2096.476852972569
v 220360.2400213018 8958071.046480699 -2044.008357392365
v 220801.6109561971 8957891.305033892 -2114.072946318958
v 220737.9067165279 8957816.544386294 -2149.138665609737
v 220801.1639940765 8957755.683028441 -2174.498666308183
v 220864.7410984871 8957710.519094042 -2192.931727086871
v 220925.7858108083 8957630.102016196 -2227.049939666477
v 221053.4387254762 8957627.219447102 -2223.200460046521
v 221116.1442565502 8957685.676104795 -2193.581614476354
v 221178.624563036 8957727.746029049 -2171.190958925813
v 221242.6639140396 8957804.200526373 -2132.241598485465
v 220738.1679415817 8957941.920304094 -2093.466326518447
v 220675.4020923836 8957903.7255513 -2112.108692877893
v 220675.171889087 8957757.643967835 -2176.459605702719
v 220738.5811568834 8957711.293950576 -2196.001856203976
v 220801.1087663744 8957632.206176115 -2229.934151865589
v 220863.9075845804 8957550.739277506 -2264.61885461384
v 220989.8246951234 8957549.731860362 -2260.726492537821
v 221179.8276594829 8957623.835173707 -2218.552626077696
v 221115.7911240861 8957548.473770525 -2255.852448503902
v 221242.1363615397 8957680.999057904 -2188.904567583838
v 221304.6670020515 8957726.036216658 -2164.540313167046
v 221305.1324140345 8957861.002114488 -2101.638008727236
v 221369.2639198471 8957799.930423986 -2125.919249108016
v 221494.8837937114 8957802.718236711 -2115.640570012764
v 221556.3679160655 8957725.574446511 -2147.522336074306
v 221620.1126765082 8957663.885465272 -2171.790974952934
v 221436.7069123572 8957722.479021221 -2157.502396995354
v 221494.1205715187 8957670.001588462 -2177.907098141972
v 221558.0931804219 8957622.241167136 -2195.793733914904
v 221623.7305375998 8957541.977256157 -2228.417848892141
v 221431.1245190239 8957854.910720512 -2095.546614751917
v 220801.1639940765 8957137.255024506 -2446.969380512994
v 220738.5391804872 8957089.022824582 -2468.89063102337
v 220801.0186405252 8957010.975229342 -2499.419575214891
v 221045.0733474403 8957005.314370967 -2493.095090041898
v 220863.8816468476 8956927.166298144 -2531.105590795616
v 220989.8499486519 8956926.085872136 -2527.011251952967
v 221116.9150388681 8957085.889635902 -2456.948841386603
v 221053.1482040555 8957131.07043031 -2440.784786318292
v 221115.7539028686 8957190.917956926 -2412.873756589926
v 220927.4168889362 8957279.39817651 -2382.359198181086
v 221053.6278896713 8957267.956424881 -2382.5294412506
v 220926.9630463033 8957369.822275909 -2342.924982113204
v 220864.1600465713 8957322.928814622 -2365.373555188212
v 220801.7763882193 8957263.761952188 -2392.871841335664
v 220990.1521515607 8957319.949798645 -2362.39453921172
v 220738.1298778822 8957178.835822146 -2430.966957717311
v 220675.0407945559 8957013.020215878 -2501.786733302365
v 220753.6328406489 8956933.332731875 -2532.18737332601
v 220801.1639940765 8956883.964457845 -2550.038301108832
v 220864.927420728 8956818.02313157 -2573.38711046925
v 220927.156099066 8956880.933085648 -2547.006928912773
v 220990.4140506214 8956832.658436077 -2563.336224284435
v 221053.1482040555 8956877.429403804 -2543.503247067342
v 221115.846610239 8956924.848628188 -2522.327966692353
v 221179.6526997254 8957001.358176269 -2488.787799438625
v 221194.5374437394 8957111.42720595 -2442.916398664551
v 221242.1363615397 8957062.079805659 -2460.884033480968
v 221304.624352747 8957104.727245159 -2440.108951777652
v 221241.9565993946 8957187.303515416 -2408.479665974193
v 221179.7777793425 8957266.643641789 -2377.454234182685
v 221052.9849807252 8957356.247124827 -2344.109584472668
v 221116.1442565502 8957316.309870373 -2358.754610938999
v 220801.0347249599 8957370.681410374 -2346.257445426869
v 220738.1679415817 8957325.156200577 -2367.600941142511
v 220675.5607519266 8957265.449346341 -2394.867406015792
v 220612.1892550383 8957178.189063242 -2433.547610483522
v 220675.171889087 8957139.344786156 -2449.059142163441
v 220612.4461035312 8957089.633401351 -2471.189385003282
v 221619.5502448685 8957281.537737533 -2346.108858924699
v 221557.1166240134 8957237.586906044 -2369.121518423737
v 221494.8188674615 8957178.836990487 -2398.269101340236
v 221430.6775981035 8957103.136892274 -2434.020799563481
v 221494.1205715187 8957052.623017589 -2451.427245410877
v 221557.7725782022 8957000.085648878 -2469.578891761711
v 221619.8148278628 8956920.916408321 -2498.224105069055
v 221493.4519472735 8957283.353454368 -2353.127021830253
v 221416.1438882215 8957258.35619043 -2368.704991555802
v 221361.6742617112 8957183.480581017 -2403.854579812079
v 221552.0848987035 8957361.847678602 -2314.867704851815
v 221368.1284665292 8957057.517730022 -2456.321957843958
v 221431.4845307478 8957011.700916085 -2471.850105327585
v 221493.4232615939 8956925.658100324 -2503.325163491244
v 221572.1810000652 8956844.162463438 -2531.540551623579
v 220170.7968142304 8957264.096228581 -2392.305381258354
v 220045.2113641396 8957135.628649456 -2445.343005463539
v 219981.7904116907 8957087.825418767 -2463.678995781104
v 220045.6122884408 8957011.213121066 -2500.254513291489
v 220297.467703002 8957014.66315479 -2504.117610072846
v 220108.2074166343 8956951.070525993 -2528.054497443014
v 220171.1622443495 8956908.00825252 -2547.108683866259
v 220234.1995216238 8956952.641519863 -2529.625491312229
v 220360.2568199769 8957102.209833011 -2467.238672161873
v 220297.1955741186 8957140.431080645 -2450.145436653383
v 220360.4013000888 8957190.838437289 -2428.809513459341
v 220297.0794453592 8957265.789905973 -2394.791974225467
v 220171.7238988339 8957370.195205819 -2344.49845312156
v 220108.2074166343 8957321.555054186 -2363.999794751674
v 220045.0154830316 8957280.377537504 -2379.780571734566
v 220234.1995216238 8957324.594497357 -2367.039237922346
v 219983.1398481127 8957192.746483151 -2416.394265901861
v 219914.7206902083 8957007.679184796 -2495.866232448121
v 219967.4167038345 8956932.858604986 -2530.770968306027
v 220044.9374456132 8956907.367534542 -2544.465432810467
v 220108.1784750427 8956824.860419828 -2579.752572433246
v 220234.2391712969 8956825.854489721 -2580.89422124131
v 220297.324122233 8956908.254125327 -2548.197501102362
v 220423.2936558332 8957014.945537584 -2504.257400844913
v 220360.1916266133 8956953.085780745 -2530.069752194696
v 220486.3179513656 8957102.117661383 -2467.255269110085
v 220423.1876791081 8957141.043684497 -2450.758040504811
v 220486.291985682 8957190.933576461 -2429.139506069291
v 220423.2542908794 8957266.53503982 -2395.951570265437
v 220297.5944741283 8957371.042428019 -2347.753295827119
v 220360.1916266133 8957326.363069633 -2368.807810199668
v 220045.7888762371 8957368.901769206 -2339.494355777221
v 219982.2153116448 8957317.127523834 -2359.572264400527
v 219918.6728582515 8957267.03366619 -2378.455880665946
v 219856.7599268987 8957188.319370262 -2410.366732590039
v 219919.2192591501 8957131.134126419 -2440.848482427811
v 219855.4047244348 8957086.154885482 -2456.949755665357
v 219729.917111664 8956297.222801642 -2735.520666659975
v 219792.6909440003 8956371.810916647 -2722.081376686046
v 219919.0651701667 8956373.392266126 -2727.627831089558
v 220108.7933655002 8956112.520171203 -2793.599583645881
v 220107.6846321698 8956282.567218294 -2755.862408804169
v 220171.4320870144 8956203.196234897 -2776.125566044244
v 220045.276859517 8956374.375554524 -2731.123752834063
v 219919.6329237516 8956468.036467236 -2700.980813345062
v 219856.2232066554 8956422.579007719 -2712.281953680304
v 219982.2153116448 8956425.989052333 -2715.691998294885
v 219793.6564639787 8956468.957360998 -2695.257463673811
v 219716.0264229817 8956400.089447487 -2709.880842692973
v 219667.2350491711 8956342.481363682 -2721.274181457987
v 219603.1547288311 8956284.180308137 -2728.147765072494
v 219540.4696215973 8956207.195691656 -2736.595368370003
v 219731.1530027168 8955934.802907882 -2795.311747517094
v 219841.4398481866 8955956.94999478 -2802.098997671412
v 220107.9809393507 8956015.016929355 -2812.043331606397
v 220171.2034691291 8956069.267617568 -2804.419922600094
v 220234.6870888024 8956111.831090162 -2797.666106500977
v 220297.3922666065 8956202.8238471 -2778.31813172183
v 220171.344103987 8956387.93376019 -2729.165536841586
v 220045.5548396757 8956467.390466183 -2704.485637101368
v 220108.2074166343 8956427.847153096 -2717.550099056976
v 221053.0917775079 8956468.995680239 -2690.588590664917
v 220990.1521515607 8956418.985530786 -2708.688476748719
v 220927.7022113318 8956372.801861534 -2725.015416856813
v 220864.7129749951 8956281.759149777 -2753.760850570943
v 220933.2374449453 8956211.804529827 -2772.6120531255
v 221178.8036520007 8956212.41889349 -2767.116823328954
v 220990.168796987 8956125.291555697 -2795.867823310626
v 221116.1109380097 8956124.708984772 -2793.929779755652
v 221242.3926713532 8956297.592958253 -2739.361461615107
v 221179.140309045 8956346.941472961 -2725.73429073734
v 221241.8517052511 8956392.911962377 -2709.016630641746
v 221178.4794211207 8956482.860943371 -2681.546644259307
v 221110.3786076245 8956555.21121851 -2659.503508934255
v 220927.1042149973 8956468.340503771 -2694.749859072944
v 220990.8532384582 8956551.736786271 -2664.95666486391
v 220864.1600465713 8956421.6642612 -2711.367207162155
v 220801.6445164974 8956373.555714101 -2727.836362335767
v 220801.2059767471 8956202.605013713 -2777.309567753364
v 220864.2413293673 8956125.750647904 -2797.340319270509
v 220927.156099066 8956074.922489172 -2810.07479420461
v 220990.3404466089 8956030.645497696 -2821.27363102475
v 221053.1482040555 8956073.776325671 -2808.928630702515
v 221116.3613541243 8956030.986917924 -2819.812273693417
v 221179.140309045 8956072.25114903 -2807.403454062548
v 221242.0666896064 8956124.018012535 -2791.577750375588
v 221304.9302613357 8956209.022099281 -2764.818244762188
v 221368.4392776712 8956298.390860654 -2735.046179598979
v 221305.1324140345 8956343.799083205 -2722.591900980797
v 221367.8519941011 8956391.748976916 -2704.849304590069
v 221304.7094621253 8956478.656781973 -2678.193806567951
v 221242.4315319809 8956565.251562759 -2650.8767352059
v 220801.1279617481 8956467.792994801 -2698.407596501512
v 220864.5797071272 8956555.225590255 -2667.881285977715
v 220738.5564132014 8956283.93136397 -2755.397754111958
v 221620.6896350687 8956285.270721674 -2730.322870642662
v 221619.944547963 8956378.217274446 -2699.40663917795
v 221557.3451218699 8956201.599381099 -2759.441536586783
v 221620.0319597542 8956111.912286779 -2785.378721058364
v 221548.3607057139 8956470.096299604 -2671.030248023461
v 221620.8520352606 8956552.030379772 -2638.771335381028
v 221493.8648447169 8956390.516952485 -2700.402247464329
v 221557.1166240134 8956336.863950944 -2715.656768719796
v 221494.4905404373 8956299.278120033 -2730.368858983941
v 219855.6580177411 8955850.256211672 -2819.405410524722
v 219919.0219713641 8955760.026089184 -2838.361798723705
v 220108.148550712 8955849.202537917 -2840.469545722826
v 220171.1433581969 8955939.434042204 -2828.852826609886
v 219793.2271541606 8955892.875919884 -2806.20796854527
v 219744.7907395461 8955828.486983312 -2810.318466433434
v 219792.6477253286 8955760.627397003 -2825.328676598584
v 220234.1512216738 8956016.617743423 -2817.115086942648
v 220297.193322463 8955939.082771769 -2834.501792597678
v 216972.2067925207 8956276.479872003 -2190.304354238943
v 217160.3450913362 8956099.317904377 -2281.613883710735
v 216897.0979480228 8956289.549354639 -2166.231749326746
v 217082.5167420338 8956031.070928905 -2283.380317902915
v 217210.4785967514 8956023.141501067 -2314.781786826865
v 217337.8756582225 8956021.949718567 -2343.720423482686
v 217414.6271620254 8956007.907763228 -2365.133820407752
v 217464.319805515 8955931.356673701 -2401.638476700173
v 217583.3910621607 8955942.484251386 -2421.504374559344
v 217651.3613693393 8956160.572939644 -2361.186013792104
v 217701.5579054489 8956220.058673415 -2349.683125411363
v 217261.5698824322 8955952.414727528 -2347.916721701073
v 217333.6139377761 8955928.684990168 -2372.668489289259
v 217391.3917251995 8955850.411631331 -2412.145134220758
v 217527.9566490774 8955857.788815826 -2440.359866297184
v 217775.18707813 8956195.31160013 -2370.386521993977
v 217600.5886161648 8955834.15328113 -2462.929358672623
v 217651.3613693393 8955893.335432028 -2450.307993433397
v 217778.3858046936 8956289.866459129 -2339.759567159131
v 216903.1462310592 8955314.122462541 -2367.806315958931
v 216956.7042048962 8955224.476163536 -2381.819134704785
v 217030.3202933683 8955134.317459799 -2401.250179298855
v 217140.4762720728 8955136.151768934 -2439.571692641063
v 217223.8656382629 8955470.7322102 -2454.095288720895
v 217149.212107682 8955490.846253786 -2427.645750798952
v 217207.5521865115 8955135.482301047 -2464.081804097982
v 217280.141241485 8955225.251911405 -2490.961967181049
v 216866.5052386919 8955403.004618505 -2357.212389869708
v 216909.9177524258 8955469.822764535 -2362.63597020108
v 216908.9058307149 8955157.471729573 -2364.602042880556
v 216955.7165389521 8955045.704484753 -2371.88899599514
v 217075.7123742679 8955040.660603814 -2412.947083214587
v 217178.1712515038 8955046.645131249 -2450.989318504601
v 217092.9004824045 8955577.07840124 -2398.329991851492
v 217285.0636610574 8955563.821276765 -2460.637281461107
v 217212.7680440817 8955578.708257847 -2434.158071321485
v 217282.2611655121 8955045.619122917 -2489.88489075206
v 217328.3377125894 8955135.83668693 -2509.153094992593
v 217391.4974668141 8955224.854337495 -2533.451172109925
v 216971.6091812042 8955561.740204483 -2367.308554890255
v 215758.2912945646 8955580.533040801 -1969.424968210227
v 215955.1113358247 8955849.246542636 -1947.095399731188
v 215835.2598354107 8955567.002405982 -2019.634232894179
v 215899.6794041504 8955653.941176413 -2015.469975530223
v 215965.8825413077 8955739.847722065 -2007.751146742257
v 215635.4876895075 8955535.946311539 -1914.739129316012
v 215692.8718978455 8955490.597757533 -1977.338861972854
v 215775.5300403127 8955472.85292612 -2034.235971213666
v 216022.9240684209 8955928.93992109 -1945.41572753852
v 216013.464004476 8955800.971152181 -2001.584226328557
v 216063.4645242816 8955865.938670885 -1995.840331797983
v 215872.3712427511 8955503.242905686 -2064.617623688715
v 215943.8277150102 8955582.333409261 -2058.41716948427
v 216144.9028842318 8955847.53556506 -2040.106794077904
v 216273.1051786561 8955757.317433834 -2127.073134210123
v 216255.1564412713 8955596.059403226 -2167.586729846804
v 216317.3339111054 8955685.657087494 -2169.252193001899
v 216253.6740466302 8955864.600414721 -2081.864676694171
v 216128.5378547696 8955952.473169044 -1990.347243432913
v 216210.3711088467 8955936.314552866 -2035.353562900094
v 216338.4081614847 8955846.122790609 -2124.066731733389
v 216381.1886774551 8955773.153993271 -2166.44482218566
v 216201.9017917917 8955396.80049992 -2216.874615522325
v 216395.1492207218 8955665.470736464 -2207.700764790751
v 216318.0588562392 8955951.633240849 -2077.843631860075
v 216579.2442894932 8955314.316354644 -2297.572591474364
v 216770.4593462085 8955402.60892942 -2335.537865029806
v 216888.2246469563 8955048.119160768 -2351.326637046594
v 216653.2094903962 8955397.057457447 -2311.282010455252
v 216707.9245035878 8955491.278863022 -2315.486389899176
v 216833.9359816682 8955490.933622446 -2342.432156357211
v 216515.4014652962 8955403.767034715 -2280.947574294221
v 216579.0201197473 8955493.65684614 -2288.73752605324
v 216328.4442669497 8955265.323082156 -2267.745002631141
v 216265.4720901164 8955213.719351161 -2278.426038473537
v 216328.0626815081 8955137.797887957 -2295.383625646216
v 216391.5891275036 8955046.814031729 -2300.635151978676
v 216265.2043154814 8955310.820332298 -2256.193648173546
v 216265.0903653395 8955047.346082728 -2297.678699652769
v 216328.4374490313 8954957.754985377 -2305.06367733188
v 216454.6272678968 8954957.895768819 -2300.557881258225
v 216135.4490514186 8955318.814611444 -2245.882004195844
v 215897.3062368105 8955402.914573144 -2123.658463256299
v 215937.0730151451 8955330.643878162 -2173.829356349375
v 216024.7544198319 8955312.554285727 -2212.847295286999
v 215812.7830424073 8955417.791318465 -2080.389874509743
v 215822.2569251112 8955309.136126045 -2136.174598829517
v 215887.4718994865 8955267.646260871 -2180.978309531104
v 215956.7969250334 8955222.732725035 -2220.886821220487
v 216533.1100662042 8955558.914841648 -2271.895613062997
v 216642.0309178405 8955583.57330817 -2289.451175126778
v 216580.4284769287 8955623.413892398 -2269.476325616358
v 216458.0287080114 8955855.953385942 -2166.722036348271
v 216593.7410107557 8955919.958004212 -2190.83418428726
v 216504.0757162542 8955941.120394245 -2154.193561408478
v 216704.7216965667 8955673.695170378 -2285.611999397536
v 216766.4972868859 8955749.726271408 -2282.409033687465
v 216659.1015940108 8956005.839865033 -2184.282221822641
v 216571.470694664 8956029.099426804 -2148.457541831332
v 216394.7884977545 8955933.836651187 -2115.804713246911
v 216463.188892686 8956014.98508358 -2114.130352369772
v 216768.9798200204 8955581.454779051 -2316.622969463263
v 216833.6011408979 8955669.784310129 -2315.494534643766
v 216900.9448156658 8955757.334853841 -2312.152814105739
v 217719.1827177508 8955843.886092087 -2478.681375794985
v 217964.0051102114 8956017.008913057 -2459.196056210141
v 217967.559556078 8956111.772366671 -2431.074279312166
v 217907.662060315 8956200.112397769 -2392.427417026943
v 217840.3495268236 8956252.02243649 -2363.545638824059
v 217648.5532418823 8955763.087331939 -2497.761487352539
v 217778.1900646276 8955754.178372599 -2520.880703455387
v 218096.2068197684 8956022.232453521 -2483.078449081925
v 218029.3376843078 8956075.457177071 -2454.249994846426
v 218077.1906092434 8956134.638766032 -2445.757328364165
v 218019.4508360538 8956207.149926336 -2411.953045256047
v 217889.2344751473 8956310.986893607 -2353.376339026972
v 217964.2853578386 8956285.965391997 -2376.163178888644
v 216821.4144783313 8956219.049566645 -2167.946841080591
v 216755.9021182176 8956133.353080969 -2174.898823580585
v 216958.4047918971 8955978.465969495 -2268.168915457839
v 217020.0280913994 8955940.608844258 -2293.333725824169
v 216705.5717747979 8956202.157478869 -2137.145672501083
v 216706.4205819182 8956067.999292677 -2179.522495012097
v 216639.1946567468 8956116.907579858 -2142.859988999754
v 216970.2637455356 8955844.506990414 -2307.131757566208
v 217079.6866964539 8955854.32220502 -2331.524691312693
v 217139.5358872485 8955939.782562487 -2322.507414733597
v 217397.1007582974 8955579.74444446 -2495.546639534633
v 217523.5497705295 8955495.120135896 -2559.827905686623
v 217460.1133018786 8955224.60305565 -2558.340207804761
v 217529.2228685135 8955314.132921219 -2582.302194326364
v 217578.7373193859 8955407.918976158 -2590.724499822942
v 217513.3448648701 8955596.544932315 -2526.882049799688
v 217348.6121785209 8955653.500540216 -2460.445369645721
v 217275.6310730195 8955666.706137303 -2434.64934993825
v 217466.4482876005 8955669.307117946 -2491.046373456864
v 217426.9279365151 8955135.735003062 -2544.643599900884
v 217585.7480197838 8955572.611281285 -2551.994632122646
v 217533.5827709937 8955140.895454884 -2578.496581171057
v 217580.0210369634 8955224.867947942 -2594.075295271072
v 217652.5332301109 8955313.272926118 -2609.679831882104
v 217589.6615089129 8955665.275862409 -2522.077723712229
v 217699.0305897718 8955687.953254052 -2533.870844669619
v 217651.3613693393 8955632.059520261 -2545.391568922232
v 217775.8104057558 8955662.344687166 -2554.202937734959
v 217762.8301612764 8955334.330154743 -2624.560756947373
v 217839.2964001631 8955315.184517827 -2635.604733591842
v 217901.9842295753 8955391.326179035 -2635.249220491067
v 217966.8718791912 8955578.192478348 -2605.387900306769
v 217908.1499385312 8955665.471451042 -2570.368221736606
v 217840.3495268236 8955718.536479469 -2542.77865631538
v 217715.9949976464 8955224.580852825 -2621.90111181124
v 217786.129144346 8955225.011144787 -2632.541621537176
v 217902.6779516035 8955225.063189371 -2647.251515905509
v 217965.8364836143 8955314.700936113 -2648.675046865103
v 218030.3770957082 8955669.599174049 -2583.120898164056
v 218091.5679999996 8955763.121949373 -2560.881743343551
v 218153.1643351791 8955838.756485924 -2548.233354782863
v 218156.5675952353 8955933.655075766 -2521.024686254354
v 218287.0619532009 8955841.541460564 -2569.894442911912
v 218218.325841792 8955897.190244725 -2543.252677943119
v 218266.1421862307 8955956.76300947 -2535.202919881594
v 218205.9456012633 8956029.918919066 -2502.664059881758
v 218153.9484986662 8956120.237888636 -2465.692621534302
v 219420.1947215943 8956466.517761318 -2661.054321040137
v 219364.4926037467 8956098.47798828 -2727.233534654315
v 219477.5029542453 8956117.108721303 -2742.049602981027
v 219605.124313194 8956379.013734285 -2706.086722465674
v 219539.3636526909 8956473.871783769 -2673.855628042621
v 219400.2450908661 8956578.88476292 -2622.53942623767
v 219352.2547866974 8956522.650524408 -2634.17372674125
v 219286.8354586537 8956463.28020265 -2640.511604461188
v 219476.9681154017 8956552.893843606 -2641.86449086931
v 219224.8002475873 8956386.337761 -2647.193902003083
v 219213.0124888747 8956209.947906764 -2681.00472898718
v 219291.5402622794 8956126.818376126 -2710.138819591382
v 219162.0937279217 8956296.014320882 -2653.06502161447
v 219287.4730160863 8956029.052185159 -2723.689600349889
v 219414.5574003648 8956027.593284532 -2745.113483589204
v 219541.3986243535 8956029.146338308 -2762.273520485443
v 219662.2888070327 8956477.944028854 -2683.958567173187
v 219603.877316129 8956565.284186037 -2651.288474668703
v 219100.2705767184 8956338.511906568 -2628.214852530644
v 219052.030312952 8956273.538850319 -2631.463831550828
v 219099.3191079776 8956206.330555085 -2656.714944999168
v 219157.7478659351 8956123.324857322 -2684.333458840034
v 219213.6852052806 8956043.992272545 -2707.841943507157
v 219471.8949573252 8955940.184686212 -2764.433087157047
v 219479.1227440014 8955757.624802897 -2786.805107211133
v 219527.2192440894 8955689.457774492 -2800.802073645494
v 219603.0341933809 8955671.996388281 -2813.661458237101
v 219407.1175814367 8955852.031576144 -2765.398207032155
v 219351.585771022 8955938.326248311 -2746.47665829108
v 219344.5047882802 8955762.935751397 -2765.397456197029
v 219416.2416860676 8955668.64831754 -2787.040548747198
v 219288.5728729332 8955849.186902249 -2746.436844744971
v 219464.1997145771 8955600.774441708 -2801.241814192809
v 219539.9698051879 8955582.78056787 -2814.992540484051
v 219666.6812700354 8955581.969517276 -2832.690116159381
v 219729.663990644 8955671.230961213 -2829.748476634544
v 218608.4740002121 8955486.131484475 -2668.872374593574
v 218344.2731689033 8955314.067812189 -2667.554378432702
v 218402.1971004293 8955231.935481636 -2675.611594191821
v 218470.5985806601 8955134.742093064 -2687.953235434903
v 218597.1489289019 8955133.86783633 -2699.335687704171
v 218708.6838038415 8955154.725500017 -2710.934745541902
v 218771.7691618051 8955244.330986694 -2711.324063397556
v 218834.1457556971 8955334.713166591 -2713.49241823686
v 218786.586125672 8955401.799110966 -2700.036023978882
v 218722.7270625348 8955491.698366242 -2682.695780351527
v 218344.1271202802 8955493.420588555 -2652.592203320982
v 218406.8969036374 8955583.804655446 -2642.642335763013
v 218532.9158736049 8955582.619369596 -2652.050149950148
v 218281.1768987474 8955403.597621245 -2658.95159188501
v 218671.4299363854 8955575.390009005 -2668.153953328232
v 218282.2647982202 8955219.813221587 -2672.28424171937
v 218344.4161513105 8955135.320681194 -2680.711674985559
v 218407.6929984679 8955045.580096152 -2691.676507323052
v 218534.1325765143 8955044.659840502 -2702.662119410125
v 218645.0140797817 8955066.089856008 -2712.34168880887
v 218721.094969824 8955048.419545699 -2725.718519282751
v 218783.9604917457 8955137.470990244 -2725.295394400688
v 218846.9003374391 8955226.382304098 -2726.580091451864
v 218909.9452905758 8955315.268254682 -2729.387459405991
v 218880.9127956138 8955403.004618505 -2715.645288029217
v 218849.7403973361 8955490.735285932 -2703.070293416073
v 218785.8164979928 8955580.649703182 -2684.276052630926
v 218218.2277183601 8955314.189333413 -2663.749120636578
v 218469.0476569934 8955659.117847795 -2635.344448852573
v 218471.4661782639 8955756.17367959 -2617.367120335504
v 218406.2973074535 8955855.228359543 -2586.156604023327
v 218343.0177428334 8955941.730637915 -2553.407439237681
v 218595.5951844045 8955672.24817528 -2647.053990810606
v 218548.6664115587 8955739.214390684 -2630.823684448358
v 218534.3343722471 8955846.048184829 -2608.492543554612
v 218477.7531983333 8955935.145416092 -2579.42238272168
v 218092.1133654398 8955314.410494611 -2657.690959153291
v 218029.0776040388 8955225.010695659 -2658.800953123647
v 218155.248777052 8955224.928713573 -2666.681547296802
v 217901.4280947782 8954156.73769062 -2638.582311237783
v 217778.7352289012 8954244.345392054 -2604.653523521917
v 217727.7639661856 8953869.906333283 -2635.165973189547
v 217839.5121974652 8953889.590377245 -2656.04889412282
v 217902.5233522024 8953978.383268356 -2657.324415885783
v 217977.8543678525 8954060.631951649 -2665.58221139568
v 217873.4201550435 8954244.836284922 -2625.92722347611
v 218035.7270954459 8954158.506914839 -2670.840407952322
v 217965.0201517496 8954245.251523459 -2648.574849995748
v 217911.876675554 8954334.219976967 -2633.239952326553
v 217842.4796046208 8954333.660373598 -2617.444714350895
v 217702.5218412177 8954334.515658829 -2586.73546728089
v 217576.2524829561 8953981.92219867 -2589.00963716567
v 217653.0633478328 8953884.800130695 -2618.860039027451
v 217524.8989828192 8954067.233894045 -2569.059894290698
v 217649.2086544192 8953788.56423879 -2636.15588745938
v 217782.8772978943 8953791.730976708 -2661.211810343135
v 217889.6131581696 8953804.781022692 -2681.699334961564
v 217953.4450527844 8953894.199456314 -2681.44447647504
v 218017.9075519699 8953976.631050015 -2685.30889279784
v 218093.7057818808 8954065.391639505 -2693.666767045887
v 217461.4987832728 8954156.467762232 -2552.471780140241
v 217398.5235203188 8954067.814536134 -2554.157520240481
v 217467.8444008874 8953969.897017373 -2575.335193695128
v 217525.8969860916 8953886.913444262 -2597.386509539008
v 217575.6026262667 8953815.793944698 -2618.062471559363
v 217028.5984903047 8954957.38070151 -2392.892224277256
v 216879.9004257912 8954711.853120686 -2359.836211297283
v 217075.4377258758 8954867.63849837 -2410.079216409814
v 217150.6825502603 8954957.711531194 -2438.784483630324
v 216702.9178223018 8954784.109801274 -2320.503519324123
v 216770.3593793373 8954687.289289124 -2345.189517092303
v 216643.269816555 8954869.005450482 -2304.427959441054
v 216832.4126869077 8954647.222830892 -2362.36372587707
v 216782.9961496281 8954583.55453812 -2368.580970333021
v 216894.2637398294 8954603.32034684 -2385.215358566708
v 217179.2475612012 8954868.46538762 -2449.467186733155
v 216517.5043820546 8954868.949969891 -2304.519374124034
v 216584.1890433166 8954777.083998879 -2315.543669598577
v 216643.6348443803 8954688.562150849 -2332.813605810377
v 216707.7040429026 8954611.813149763 -2353.370538409875
v 215839.8926326462 8955203.609121677 -2184.228414790887
v 215759.5444382718 8955225.276523449 -2141.533506873388
v 215698.4837420023 8955268.161318595 -2092.403495440759
v 215746.9176225247 8955332.97448983 -2088.720815963089
v 215651.0748736428 8955202.952857152 -2094.241298610084
v 215587.8638007394 8955113.89981886 -2094.582216909505
v 215838.4445961598 8954760.412420772 -2277.61877760747
v 215902.614802938 8954847.776351705 -2274.232331814653
v 215950.4679519812 8954913.181151517 -2271.962559247679
v 215575.2217755793 8955225.086908149 -2040.364484756545
v 215639.3477665304 8955314.634147782 -2036.841129199632
v 215511.9922679238 8955135.792970993 -2041.556287457312
v 215448.7706456966 8955046.706633996 -2042.687989528097
v 216075.3698029649 8954959.185646722 -2285.99347698122
v 216202.1314921786 8954958.165978907 -2299.877645554571
v 216012.4866310201 8954870.273771899 -2288.511318823827
v 216139.1747683657 8954869.06203836 -2303.326368560933
v 216265.4109195827 8954868.661726857 -2310.28694833732
v 216391.4871825477 8954868.675497951 -2309.41677439652
v 216457.5228723309 8954780.208670367 -2316.517991122596
v 215949.6396291637 8954781.091903189 -2292.698725359233
v 216082.4527526474 8954771.055809444 -2309.878909969844
v 216953.6863714127 8954518.577035991 -2418.61798365672
v 217053.7559152864 8954512.105900364 -2448.759430722402
v 217276.4690369162 8954691.108017989 -2493.257771692499
v 217207.5243437582 8954780.302803963 -2463.955799767724
v 216845.3158687251 8954507.25994822 -2396.938324222571
v 216896.4113089331 8954420.740550911 -2425.958722908793
v 217006.5178955366 8954443.779341826 -2447.237520374633
v 217082.7279021189 8954424.669101454 -2470.150357302844
v 217329.7120215571 8954779.282173445 -2504.888828230321
v 217285.305964481 8954868.494589295 -2488.46438371564
v 217216.6185464584 8954957.292505857 -2463.788758451366
v 217401.6229658057 8954689.94115923 -2528.516991764299
v 217144.2635837458 8954335.384274218 -2496.373536366056
v 217274.504591521 8954333.252589855 -2523.378036698329
v 217460.8317595858 8954512.617755467 -2546.286976743617
v 217431.5251335765 8954601.195772178 -2538.142181467735
v 217019.9119312326 8954335.867380751 -2468.333522850173
v 217084.0804387381 8954243.921365066 -2494.394681933288
v 217211.1748646321 8954243.808403039 -2517.034841641716
v 217337.455985155 8954243.858523387 -2535.149672535369
v 217524.0967270791 8954601.268290617 -2557.541402631641
v 217470.4754235723 8954690.655064743 -2545.764651455768
v 217587.746792701 8954512.05328832 -2568.502358025788
v 217433.3497580949 8954779.375515806 -2535.561772727526
v 217660.2260144085 8954428.817076737 -2579.830395379935
v 217350.8513347899 8954135.028448295 -2542.424325211777
v 217778.5614918716 8954423.183387939 -2603.719555134357
v 217274.3777221115 8954153.818340275 -2532.677305229641
v 217287.3409062743 8954047.26597742 -2544.479163697934
v 217705.5286646802 8954512.241247853 -2591.020782581667
v 217652.5064424114 8954600.911082774 -2583.308892281303
v 216328.7784758305 8954153.549251869 -2426.157490927966
v 216187.5801311761 8953996.303552404 -2445.195649538419
v 216201.8136778971 8953890.987766065 -2466.272779516435
v 216271.0012216591 8953790.871208983 -2491.630297871645
v 216393.9057445504 8953810.382162509 -2498.873508957079
v 216457.7733124368 8953884.101757783 -2489.402461277002
v 216517.0462351678 8953979.519333579 -2474.663348025057
v 216468.6922091294 8954048.850698177 -2456.549769380214
v 216454.9087317061 8954152.536665604 -2434.464432740076
v 216579.7432884609 8954070.082824674 -2460.86263752836
v 216517.4324244339 8954108.708040113 -2447.478037797925
v 216392.7379599191 8954255.021407323 -2409.733144525669
v 216202.6783053447 8954154.529117346 -2417.486592793424
v 216267.0538758982 8954243.709861912 -2405.019256390163
v 216139.985258227 8954064.368704686 -2428.883707333729
v 216077.3499899314 8953974.413594237 -2438.835551476486
v 216139.4561094655 8953934.891689874 -2451.841431187416
v 216074.9712864687 8953876.8837511 -2455.625884710073
v 216138.9900294954 8953800.93281004 -2476.531834490154
v 216191.9155934252 8953713.43215696 -2498.361746043085
v 216328.892286096 8953708.317909278 -2513.226753578037
v 216455.1088396061 8953706.996530699 -2525.028897424614
v 216517.7959130356 8953797.441245409 -2512.045641928813
v 216574.6779905303 8953894.175574007 -2496.869616931134
v 216648.0901982899 8953971.457549222 -2487.114443131609
v 216581.4141371681 8954165.912484892 -2440.714784291677
v 216517.6592326453 8954243.199558958 -2419.63007005294
v 216144.7975113892 8954237.691858964 -2398.258441229802
v 216074.9382748183 8954158.59166722 -2406.383382552915
v 216007.6785575616 8954074.371800603 -2414.127624841481
v 215951.0806050403 8953975.883361522 -2423.912156752965
v 216000.1546842919 8953905.874536162 -2441.646498585231
v 214061.6227052987 8954596.958188854 -878.7273628558974
v 214148.4438037114 8954585.711161979 -965.0719544780598
v 214205.8335243884 8954663.630198337 -955.0961759015131
v 214258.7769118751 8954870.622092545 -876.3263779147082
v 214279.0964142119 8954766.449754588 -954.4160106278075
v 213997.8099327153 8954511.925548503 -891.7522649777156
v 214075.9434507681 8954502.730063012 -970.7711082269375
v 214314.0510255629 8954960.09453544 -886.776338528826
v 214336.1677123457 8954850.704704633 -964.3579335161742
v 214283.5523436195 8954709.832033787 -997.561225772158
v 214235.1162847831 8954619.711985584 -1018.951856371692
v 214362.0961037996 8954801.638815805 -1021.302104393713
v 214150.7602276012 8954495.340851882 -1052.130863313077
v 214186.5784821284 8954557.640074763 -1025.522764352746
v 216343.5882326669 8956094.74700807 -2034.571066108268
v 214475.3878295912 8954854.016492913 -1145.109441885078
v 214289.6087134783 8954615.869277596 -1083.619946502834
v 214285.9667410434 8954529.09801905 -1176.096843554898
v 214347.6575890211 8954531.240599269 -1267.656780271118
v 214496.7226885037 8954779.375515806 -1247.258205396475
v 214523.1535532709 8954850.796276182 -1229.762664057226
v 214421.5369025928 8954578.960755315 -1336.348077210509
v 214417.0631795562 8954868.46538762 -1049.683922375358
v 214454.6431896575 8954944.476971241 -1057.222248473176
v 214516.5690603675 8954945.185898658 -1146.505029206957
v 214387.635475415 8954948.041045133 -971.6651017506229
v 214230.2411815024 8954537.56637481 -1094.947846598232
v 214202.1337579654 8954469.324710481 -1137.38562575427
v 214249.5745346232 8954466.261812603 -1201.414117635895
v 214281.9996678788 8954466.249837153 -1247.258205396475
v 214342.9747986998 8954483.086245105 -1321.531768137335
v 214462.8858918719 8954582.761379376 -1406.527901399831
v 214578.8302893115 8954857.188710794 -1324.965049344321
v 214575.5077071796 8954948.675539462 -1238.626355962514
v 214402.123460966 8954492.897065626 -1405.581409778744
v 214577.9013099914 8954680.185961148 -1504.672964176738
v 214521.0342001418 8954586.474086547 -1499.994874214118
v 214634.0569818052 8954952.494730497 -1331.352783488489
v 214461.8600785305 8954494.996376147 -1497.453715633514
v 214584.3991898278 8954586.647861056 -1589.789243061799
v 214644.0408333986 8954678.490441278 -1592.45234620345
v 214694.8090343383 8954954.402239058 -1422.338972105067
v 214525.1809299572 8954494.871719399 -1587.088884781037
v 214759.4932783293 8954953.319355549 -1510.444701065755
v 214827.8941674962 8954949.671634572 -1596.161979069357
v 214713.9502935417 8954673.944426686 -1677.420456768536
v 214899.5292336995 8954944.102300944 -1680.146952212671
v 214767.9059035205 8954669.626780367 -1740.826295468393
v 214789.6100738941 8954619.9576745 -1798.535471268437
v 214818.2785906198 8955049.518011218 -1509.242926545055
v 214888.5820669779 8955040.409492124 -1597.784100569882
v 214754.1571141302 8955042.064239435 -1433.035284898599
v 214652.8858171777 8954583.128071569 -1675.978526408819
v 214720.8747734197 8954601.195772178 -1738.907349323222
v 214675.5979631604 8954534.342695944 -1736.085352217879
v 214729.9841919892 8954528.720244475 -1796.379287733243
v 214956.6368391594 8954938.168257711 -1742.461923994045
v 214962.3260608709 8955033.434119202 -1680.594856813332
v 214815.4136238616 8954511.386441531 -1886.774716146775
v 214865.9766034844 8954610.524142446 -1878.888432945796
v 213296.792406514 8953524.684183381 -897.4122838634037
v 213463.3243348113 8953813.638744574 -918.4054383370822
v 213457.5054405277 8953869.170863893 -873.0413089395443
v 213368.8927740572 8953531.414734486 -983.4274817408705
v 213419.1694732231 8953630.121045781 -987.8575272612811
v 213474.0000111382 8953725.019811498 -993.2206659214587
v 213247.42028568 8953445.282833466 -880.1281667696985
v 213317.2105594039 8953432.756914925 -970.9462239391605
v 213531.4798103575 8953817.586716583 -996.597124296122
v 213524.8913780095 8953888.476797666 -935.7668766922889
v 213382.3609199709 8953430.725541513 -1057.985057181063
v 213434.0268066533 8953536.364509759 -1065.839204895599
v 213485.6342165723 8953627.367976313 -1074.577997014213
v 213541.6032096312 8953721.437001199 -1079.170079805968
v 213033.5786295734 8953009.541002564 -901.6184883274359
v 213197.1592736515 8953264.847694967 -909.5437749860141
v 213198.879502796 8953338.203200785 -877.5830194540545
v 213115.4437746922 8952997.374012323 -979.5286892876254
v 212964.0121714668 8952924.391274538 -905.5962937883201
v 213042.6482813942 8952914.517540922 -985.6645305680934
v 213281.1743232459 8953284.578607131 -996.5298436539333
v 213266.995421316 8953339.926049393 -954.4444024502875
v 213111.553234285 8952899.610646572 -1060.575421250503
v 213198.4556334117 8952985.415680856 -1057.96763019267
v 215006.5188507941 8954692.466557294 -1949.680954031075
v 215080.5623623667 8954673.935788436 -2015.691273586111
v 215145.8369554169 8954760.889509123 -2010.33277950467
v 215216.4851889347 8954944.288916383 -1948.715918254674
v 215194.5153220443 8954824.875885697 -2005.477549800761
v 215108.1801224478 8955062.016689133 -1794.94843451133
v 215194.0831916493 8955046.324063912 -1873.424150628697
v 215020.1727928021 8955026.419239506 -1740.859498448067
v 215083.3711872206 8955115.025458019 -1740.089690456742
v 215024.9560457912 8955122.767343109 -1681.024229648725
v 214943.2758590555 8954602.591056412 -1949.932766968056
v 215016.9935914507 8954584.432658236 -2016.087961361313
v 215283.0757616832 8955031.032437202 -1947.121704034456
v 215172.4531339299 8954703.585806789 -2059.745341763052
v 215106.2709879214 8954617.174839798 -2061.590982951043
v 215172.0934784303 8955150.485244865 -1794.314747076743
v 215257.2795110971 8955135.405543417 -1870.821009557717
v 214887.8691767799 8954513.687871311 -1947.783373177371
v 214955.5339708165 8954491.665706955 -2010.238039118089
v 215505.3367122374 8955586.82371947 -1793.769447439562
v 215512.3731651506 8955494.900016302 -1853.931953027464
v 215587.2680337289 8955472.287914049 -1919.273623001419
v 215615.0880284308 8955415.212623429 -1969.869906630408
v 215432.3068560731 8955600.161086719 -1731.755763868085
v 215430.5852696913 8955501.973834489 -1790.085318683713
v 215522.4157322838 8955385.436693985 -1924.137407190701
v 215706.4335902471 8955395.425366152 -2035.45785615675
v 215448.1072571667 8955404.637953408 -1860.523291502655
v 215270.676068338 8954679.775304945 -2122.757609129748
v 215379.832613786 8954694.574424891 -2163.448567265893
v 215372.6208573959 8955061.723909736 -1990.446310211013
v 215348.6262729985 8955118.208555756 -1945.830730111838
v 215379.6673833126 8954593.061505606 -2196.735250263999
v 215429.4279154491 8955159.750327051 -1978.931963828534
v 215701.2569543392 8954699.997981781 -2260.964929439418
v 215774.1265433274 8954673.181005582 -2281.346825037755
v 215503.9134041959 8954603.128874678 -2232.559483522856
v 215623.5729795676 8954617.391463421 -2260.292430982463
v 215696.6582593693 8954604.7271885 -2279.152738883463
v 215823.988385209 8954602.25999685 -2303.286499198573
v 215886.8034307609 8954691.73230491 -2297.792139417124
v 215050.5776312822 8954515.318171198 -2067.064624877462
v 215314.228541547 8954337.282904644 -2233.511170541358
v 215373.6855474157 8954426.967213172 -2236.171394136346
v 215438.0203945116 8954515.160304768 -2235.100910205658
v 215000.5894119053 8954425.423887225 -2062.690761324629
v 215260.7976541877 8954246.516182391 -2225.829253316959
v 215371.8093039159 8954262.432807289 -2261.381379470023
v 215433.0623865861 8954353.17786409 -2265.501496022598
v 215495.7518883784 8954442.055318946 -2265.722607225318
v 215559.4327974522 8954529.908810176 -2263.517693179413
v 215633.8350653858 8954515.158338185 -2283.559140524379
v 215120.4925721629 8954174.25132085 -2172.255936271551
v 215202.1276940143 8954156.462922022 -2211.544758471568
v 214912.141655879 8954423.01602855 -2002.95436100055
v 214868.6263848455 8954351.763744436 -1993.241963354259
v 215058.1738004488 8954072.871238519 -2154.568086970196
v 215137.956670949 8954069.444998428 -2193.926088254666
v 215246.6358029465 8954073.018822685 -2239.938399922425
v 215323.3747878449 8954153.566322077 -2259.393590547853
v 214470.9608461146 8953977.566669479 -1825.069399301926
v 214427.6537184847 8953906.514506439 -1815.262763501911
v 214445.9415710457 8953795.243446821 -1852.638986526722
v 214483.6131482727 8953706.509720836 -1894.506358568025
v 214433.8126873777 8953623.626121473 -1881.995071653683
v 214513.6387454849 8954047.156347599 -1834.303413319649
v 214603.5857814322 8954076.487682901 -1889.127351628686
v 214439.7337957952 8954067.314601701 -1768.536342331247
v 214393.7171391569 8953964.293556077 -1772.028928734365
v 214339.8063374433 8953877.032165935 -1760.514656240826
v 214378.2899779754 8953534.062723292 -1868.56637809407
v 214451.8879873617 8953510.506644413 -1919.521700639986
v 214703.469247784 8953777.804171374 -2009.209340702107
v 214311.6582135681 8953977.705904912 -1699.827262227139
v 214366.1167393024 8954066.111161824 -1705.583575251661
v 214254.3095821405 8953894.704539228 -1686.528989727928
v 214198.4765798645 8953799.157918405 -1677.702458807024
v 214677.3504674885 8954177.297251031 -1911.100722801054
v 214748.4430578402 8954152.072474713 -1964.642370031778
v 214808.9585047428 8953803.619780811 -2064.132292514136
v 214869.5685316695 8953905.365688926 -2080.050741909801
v 214719.3666147441 8954244.836284922 -1919.21995140445
v 214801.4287875491 8954249.192898957 -1974.428147479578
v 214638.3117211637 8954245.644027211 -1856.578711615331
v 214588.1226574835 8954138.653302096 -1858.461346542006
v 214751.7438759403 8953708.99480244 -2050.442815021474
v 214829.7376463218 8953688.836678911 -2098.030853785112
v 214885.4199488919 8953803.283142176 -2106.52744987844
v 214949.719847533 8953884.232360017 -2126.76141528594
v 215002.562316405 8953975.973204261 -2140.373939077093
v 214147.5098648377 8953700.693873882 -1674.458072973067
v 214228.0806781102 8953992.724431632 -1616.52222493089
v 214170.9333049751 8953899.538432416 -1612.741959953341
v 214121.6589881855 8953799.695401032 -1616.370860332509
v 214073.4358524194 8953600.854181744 -1654.182661775239
v 214058.7265576469 8953708.233877465 -1605.191024757921
v 214318.8999185749 8953439.919719892 -1854.655506003698
v 214409.8301991031 8953443.027438596 -1911.521189382214
v 215482.4149645038 8955241.696276836 -1973.386181685082
v 214781.0966348669 8954322.65887695 -1938.687746587922
v 214986.4617115511 8953796.303530861 -2160.573562546197
v 215055.8646921872 8953909.349990973 -2176.931974391161
v 215097.0700450929 8953977.566669479 -2186.875483976636
v 213744.6098314396 8953354.120041527 -1517.755532835719
v 213896.5091940533 8953434.001037495 -1586.174910006096
v 213806.2325225159 8953443.603742125 -1522.690212390923
v 213684.3449196864 8953267.147751762 -1513.772166057267
v 213913.2899267941 8953100.218686074 -1702.383758638085
v 213986.9348078114 8953460.536817022 -1636.196247498333
v 213948.0489851527 8953530.736296063 -1588.627981965657
v 213867.7898612044 8953533.088901926 -1530.50674241309
v 213716.7909996686 8953455.08513234 -1448.764020927804
v 213795.073070516 8953552.667582806 -1465.121253380375
v 213656.8670762079 8953372.303501958 -1440.713964257065
v 213599.7636351729 8953279.566022251 -1437.805082694359
v 213864.919097987 8952998.512720767 -1711.926173691536
v 214064.5536902485 8953446.017013388 -1689.106633432964
v 213949.2845715231 8952996.417863257 -1765.964176292667
v 214003.8290226049 8953085.592050223 -1763.642024140546
v 214030.9422221735 8953532.11731041 -1645.540858649835
v 213606.9373408862 8953017.179640472 -1552.056898712478
v 213625.9513861529 8952902.933223603 -1586.603812325105
v 213716.2046327666 8952908.488207711 -1645.197667107525
v 213805.0901956618 8952908.899612907 -1705.534459566808
v 213540.0048913091 8952907.59221052 -1525.858980128324
v 213532.2557901869 8952997.578079525 -1498.878660679026
v 213745.6607400711 8952819.457082683 -1692.645173409805
v 213831.9913762473 8952803.380988836 -1768.686006396886
v 213891.9130384103 8952894.959881216 -1771.120936682878
v 213253.1794725113 8952722.628537193 -1418.990107405751
v 213266.9564997918 8952809.026542125 -1323.44673737775
v 213319.0282804178 8952708.608820628 -1472.471233286282
v 213373.7548876236 8952639.380559769 -1508.829626240151
v 213479.1313250544 8952660.88872553 -1529.276829378222
v 213467.0093179924 8952997.578079525 -1407.251554941924
v 213429.6083655261 8952997.578079525 -1336.348077210509
v 213444.7098455065 8953085.163601093 -1328.081362218859
v 213386.9095769569 8953066.595689423 -1230.452138414134
v 213176.0621513449 8952728.714211171 -1327.543631268673
v 213276.7382409408 8952641.218592269 -1464.888152308373
v 213192.3371642386 8952813.406597486 -1240.184857709963
v 213311.8280300472 8952548.052660665 -1500.009994503121
v 213418.6632288182 8952568.489058476 -1547.805863074952
v 213494.0359685419 8952552.465658121 -1601.798808122099
v 213241.6376947073 8952869.367636656 -1208.137634341945
v 213055.8530195608 8952644.626510993 -1238.684665467938
v 213111.7108885079 8952725.906879118 -1251.789472255274
v 213039.0001958064 8952468.18914946 -1263.896353621556
v 213011.6718343288 8952538.002194807 -1223.400856115416
v 213074.2512067662 8952360.236234345 -1313.67608450887
v 213144.5339986462 8952373.948976828 -1384.583569322537
v 213216.0799896471 8952388.54410135 -1450.685069571559
v 213265.4689470277 8952463.03884864 -1480.825340598654
v 213045.0169946848 8952735.448469803 -1163.014468726946
v 213113.9387993094 8952814.168320535 -1158.811637742162
v 212990.3583689309 8952640.065669732 -1162.581727700928
v 212942.4820337522 8952538.234141046 -1147.591509847255
v 213016.1327901814 8952284.859105013 -1263.034679488419
v 213097.5616121045 8952301.404213702 -1348.657098083187
v 213170.3307471234 8952279.937069522 -1432.353223180207
v 213294.995769413 8952374.814960171 -1527.333635905959
v 213342.6031235178 8952473.461115919 -1534.261574014788
v 213243.724480639 8952288.201451113 -1505.545230292476
v 212865.4578433358 8952556.613398366 -1059.899478877997
v 212822.4698635043 8952449.906764017 -1046.827926082398
v 212839.8539106523 8952195.769233199 -1102.747307436335
v 212811.4879193446 8952287.748604357 -1061.246436567577
v 212914.2536500911 8952198.176909542 -1174.357090810677
v 212989.7882000577 8952194.001328256 -1254.17831951802
v 212775.5969836218 8952373.948976828 -1015.440581491175
v 212919.436183603 8952640.103106288 -1080.181846193007
v 212845.3470325388 8952654.664756643 -991.6368578300442
v 212792.2156068896 8952547.068437122 -986.0128411132102
v 212747.0713233703 8952462.32899995 -965.7497864710972
v 212732.8045273026 8952281.345823916 -991.3830570484083
v 212780.9146627632 8952195.769233199 -1051.721063432176
v 212719.3246421469 8952373.948976828 -960.9932840870717
v 212865.8323751374 8952109.046180977 -1151.382218812689
v 212943.4314361865 8952092.932827298 -1236.026481895523
v 212789.7287146909 8952107.510167131 -1082.774020514713
v 213013.715153752 8952086.945055105 -1319.760721855828
v 213058.9192866771 8952198.473527797 -1331.376808712212
v 212375.2744920623 8951648.806291008 -880.2898830695685
v 212528.1395925933 8951944.063565683 -903.2608786985336
v 212512.9948679812 8952003.418416955 -865.4214334656112
v 212447.0989126387 8951642.215060441 -963.5473691766808
v 212500.4536765364 8951738.917175882 -970.246718943351
v 212547.829365325 8951839.828837741 -968.3257391419938
v 212322.7572320774 8951557.828311633 -865.0792337879971
v 212390.3858681045 8951572.140130501 -936.5822627344132
v 212607.1319418839 8951921.839824984 -988.0936587425035
v 212584.9010487099 8952017.589489572 -928.7658716768744
v 212514.7173767161 8951661.230002316 -1028.020572467734
v 212574.4045196947 8951730.977878712 -1052.281184966968
v 212630.2530761677 8951825.443980522 -1057.174926402756
v 212457.6175923872 8951585.979065772 -1006.102709242296
v 212054.5795356192 8950687.669089083 -879.7217623975441
v 212003.2093828695 8950305.146858096 -962.2684207783509
v 212112.9974154139 8950685.159772061 -973.6436508149125
v 212136.9403517755 8950579.111067222 -1059.078506145764
v 212092.4972336233 8950785.017155241 -903.2213170722691
v 211943.086537652 8950235.79205329 -909.0382805236472
v 212168.3029845882 8950680.56485159 -1068.127491698209
v 212185.6608601678 8950577.854637101 -1145.316368388098
v 212152.0295469681 8950788.370296789 -995.4572134812511
v 212001.9577322268 8950235.79205329 -1000.745361070183
v 212042.978838388 8950235.79205329 -1069.078461768407
v 212084.0479673189 8950235.79205329 -1138.2872358054
v 212173.2584470352 8950503.061668733 -1158.168333582441
v 213239.197895128 8951841.426784165 -1773.598500540617
v 213374.5600299222 8951923.592421757 -1866.454726812542
v 213301.9317109313 8951923.127312155 -1784.597347150944
v 213185.2487888274 8951656.752468016 -1866.627630888178
v 213180.3679753004 8951756.409982134 -1773.34868874526
v 213257.2056329518 8951650.949510729 -1950.425164159787
v 213448.0972461152 8951916.323053205 -1949.162306246038
v 213322.9243828536 8951635.769463377 -2026.196331714807
v 213364.0877000472 8952012.923205618 -1791.333246582127
v 213428.4157058704 8952020.122217614 -1857.486987608856
v 213235.4704305624 8951932.961314915 -1696.934201176043
v 213293.5188858721 8952025.750997446 -1700.227660881869
v 213175.725822732 8951841.480354451 -1694.717664843984
v 213119.4720280444 8951569.558277722 -1868.390995306421
v 213117.1278074961 8951660.200071219 -1780.803926689681
v 213190.2029436285 8951564.60274262 -1952.84959472426
v 213266.6822448807 8951556.319121152 -2034.634975049775
v 213118.897521337 8951743.627036048 -1706.534899315323
v 213506.6289859746 8951909.451701414 -2011.624344615554
v 213508.8726117933 8952006.832155509 -1950.520836725943
v 213354.0257803205 8951590.093966538 -2086.259876464624
v 213304.633747202 8951524.697310831 -2090.714103867312
v 213350.5756743467 8951493.221628593 -2146.992631267482
v 213427.2761064336 8951569.74921781 -2155.352682137305
v 212211.5802259351 8950503.061668733 -1226.647883570444
v 212137.2819156945 8950222.735202583 -1236.946988071371
v 212026.6477561907 8950162.515200391 -1083.583637378428
v 212084.4381020337 8950167.664262634 -1177.287463464835
v 211967.6302456777 8950158.595496144 -990.8654517689781
v 212244.8895584285 8950592.99809774 -1241.837750712341
v 212263.8029191213 8950489.829209574 -1325.952480573907
v 212225.6735220354 8950674.394276405 -1169.125740629025
v 212130.3619356812 8950146.702181477 -1267.140548504867
v 212171.1470306815 8950146.702181477 -1336.348077210509
v 212212.6081124437 8950146.702181477 -1404.584299160474
v 212300.2248267711 8950413.971796919 -1425.437949024543
v 212312.8557312862 8950487.951372148 -1411.874455790655
v 212340.7966058179 8950413.971796919 -1492.923846937171
v 212269.9967790521 8950146.702181477 -1496.774393369957
v 212302.28513524 8950240.060207101 -1507.750098700171
v 212342.4974112121 8950341.309939742 -1528.80040279044
v 212299.9359260521 8950593.426418083 -1337.367199678478
v 212155.4449937584 8950071.340042537 -1348.710280291746
v 212214.22338318 8950075.371056465 -1441.16864412373
v 212097.1207435791 8950066.938346948 -1255.746667405423
v 212370.8026795807 8950492.904065087 -1505.505127638685
v 212398.9690004759 8950413.971796919 -1584.748363927253
v 212354.3518054588 8950587.579055129 -1432.35429866959
v 212328.9476421324 8950131.878847912 -1593.105098194339
v 212362.2994342936 8950237.631409161 -1600.646080849286
v 212274.0354530281 8950078.391590012 -1532.61026582615
v 212402.4157016453 8950344.061050024 -1620.078697958448
v 212486.8313336876 8950236.52559109 -1780.723907045852
v 212558.7272452725 8950241.119026981 -1862.630750225945
v 212445.7072985695 8950125.410580035 -1764.82666074628
v 212425.3108546833 8949969.626931712 -1779.427523451059
v 212451.473360734 8949879.432566034 -1830.180092120812
v 212507.0844761812 8949879.432566034 -1888.220467341458
v 212654.4711742031 8950158.501459166 -1980.10309683705
v 212633.0406036854 8950217.619700093 -1946.564101848544
v 212598.5695736243 8949884.800656568 -1974.098570859459
v 212644.3584501813 8949968.522437848 -2002.84874171506
v 212688.1719012495 8950060.671599315 -2026.701448560088
v 212388.7029730252 8950057.612309663 -1708.547010196158
v 212529.1213918822 8950342.59527008 -1796.302951316763
v 212601.2856835752 8950327.16761454 -1885.225075506789
v 212464.0556814309 8950344.906054098 -1709.608252581363
v 212423.1922467017 8950235.713734798 -1693.723206375271
v 212382.1295700451 8950125.610308042 -1674.938002849074
v 212361.895601754 8949967.477860074 -1700.354259981505
v 212394.8975205628 8949879.432566034 -1766.253100483718
v 212482.7071950894 8949787.71449567 -1881.632562447471
v 212558.9283584926 8949793.414566979 -1952.854133554303
v 212403.7508952215 8949807.030632447 -1794.729315654274
v 212735.2187523606 8950145.51273622 -2054.696367700296
v 212702.5911772971 8950235.79205329 -2009.585101068007
v 212674.0104891513 8950324.199402953 -1962.81720701021
v 212639.0141901729 8949775.988363924 -2024.351363217902
v 212768.47699269 8950057.612309663 -2094.588230999271
v 212326.2376908491 8950057.612309663 -1619.479567966737
v 214184.1784555537 8953355.007636238 -1789.191989942954
v 213915.8763174984 8953634.2827069 -1524.949384486317
v 213999.4615410745 8953621.194524912 -1594.029585636973
v 214154.3852322425 8953175.757823154 -1827.325566886224
v 214199.4011579333 8953244.966662496 -1832.872273595135
v 214275.4931927423 8953344.091541875 -1852.308026930676
v 213973.6533113024 8953726.978067931 -1528.157840464318
v 213257.340112897 8952977.102255978 -1115.485937269877
v 213326.7238292008 8953067.082155254 -1142.236220655494
v 213367.2196587126 8953175.488795839 -1158.609627980736
v 213347.4363171809 8953282.593125485 -1084.24023948941
v 213346.6648525292 8953353.937566781 -1049.210889560034
v 213192.6952591159 8952891.180644594 -1139.785643175469
v 213408.8170043587 8953284.232979208 -1175.125433371581
v 213424.0136940581 8953170.561473843 -1255.868027091866
v 213408.9854316664 8953353.937566781 -1138.102292381627
v 212721.893785836 8952564.408174243 -901.1037974794272
v 212652.5613387772 8952296.700452093 -911.5900126389599
v 212773.8272676036 8952660.98024177 -908.1150000101568
v 212767.0126410513 8952716.233029805 -863.9389916719374
v 212685.3573568631 8952192.940738929 -966.8856995096921
v 213481.478423914 8953186.21453565 -1345.539979605563
v 213577.0168553828 8952538.153829934 -1680.304159248197
v 213695.5695117382 8952621.692544755 -1743.943959426609
v 213772.7311360263 8952711.3646621 -1765.591663396962
v 213430.8211278308 8952463.037596557 -1602.771929859747
v 213515.0894550725 8952448.234910296 -1679.895334502858
v 213779.1200872778 8952653.279047556 -1805.936481110655
v 213858.2987092781 8952749.054744238 -1819.352064382495
v 213541.5457831674 8952396.024361596 -1736.098222140366
v 213537.7947703292 8952298.111699978 -1793.522626219086
v 213613.9202865152 8952280.819718853 -1882.393040178966
v 213681.8261763279 8952287.237347417 -1945.703849246483
v 213463.9138627021 8952298.022893861 -1718.311586236527
v 213455.5733489589 8952356.172437685 -1677.564881686211
v 213479.5174198507 8952205.835790848 -1790.754005301037
v 213557.2566443298 8952194.062999442 -1879.490783728923
v 213628.6796958238 8952189.330423292 -1954.383584942844
v 213857.1444022672 8952650.699092394 -1879.209220238791
v 213706.5393930629 8952179.110638341 -2034.772210375612
v 213767.5902662187 8952269.777359746 -2036.152866594902
v 213958.7282374573 8952536.947510298 -2036.035832168703
v 213856.4402235161 8952305.875787117 -2091.520377543717
v 213853.9710911325 8952207.26365589 -2147.997902279685
v 213935.2148538857 8952196.673364328 -2220.876870316825
v 214127.7420046072 8952457.232589981 -2214.063513538664
v 214024.4743834406 8952177.683977731 -2301.727594656089
v 214077.701354124 8952260.840820946 -2296.046124069373
v 214136.1599987067 8952357.286054812 -2281.88637638465
v 214047.5903445428 8952569.506462598 -2084.823959420502
v 214121.1823580667 8952549.39194579 -2151.922130423231
v 214014.5796429629 8952617.77678578 -2028.834218351142
v 213935.4419280859 8952643.173583221 -1950.090180514147
v 213793.809673546 8952216.607676519 -2090.825240132735
v 213792.5203437261 8952117.322947225 -2147.229650851016
v 213872.4349261107 8952107.527983688 -2218.891060918628
v 213962.3291947108 8952095.794335801 -2295.284496653067
v 214207.9065446937 8952540.201168858 -2217.135052557738
v 214202.3172138575 8952443.141534759 -2274.181425417524
v 214158.6444966711 8952301.897401022 -2330.598508110186
v 214111.5864425652 8952212.245386958 -2349.777708530541
v 214239.9582827123 8952383.10849788 -2332.565424494759
v 214095.5505089341 8952658.402599476 -2063.87912987654
v 214187.5139990689 8952642.669709802 -2139.670363444061
v 214049.6286576879 8952122.552102398 -2347.70596363855
v 213921.6257108622 8952738.72727295 -1878.114056914885
v 213999.6307906015 8952732.985940367 -1943.9851296126
v 214108.9531552152 8953108.14822364 -1823.966626871649
v 214046.5450516039 8953017.57015574 -1821.646945500785
v 214120.9017109864 8952996.226187969 -1884.558158916005
v 214183.3571097149 8953085.936074017 -1885.61300442529
v 214244.8341940267 8953175.914425405 -1890.051131004566
v 214290.2709858893 8953280.707971968 -1882.313229552757
v 214499.0787197261 8953443.933505844 -1966.550943825556
v 214442.5885716518 8953357.683653399 -1957.245288272628
v 214514.7965022796 8953333.692571476 -2010.101039975684
v 214575.1384567562 8953426.514184263 -2017.586242359165
v 214364.7537947254 8953371.078685086 -1903.320098285873
v 215708.5012373471 8953350.086729191 -2488.677332829639
v 215647.3357274116 8953426.554269038 -2461.287585344277
v 215574.7508610376 8953439.524696216 -2441.877540970657
v 215435.6586100215 8953280.060015988 -2435.97023892268
v 215444.195218656 8953179.36867857 -2459.449359791048
v 215511.2049425133 8953090.339830041 -2495.047537968474
v 215637.1047951459 8953083.562616933 -2524.798041843661
v 215699.8216689239 8953173.149368858 -2520.444921311871
v 215762.538127016 8953262.719509041 -2516.024819492967
v 215766.352552214 8953436.282166775 -2484.831215098347
v 215825.2541394811 8953352.294103066 -2511.324623640473
v 215710.9971584418 8953514.781206038 -2459.483663179978
v 215637.5496492631 8953528.837537942 -2441.003642485082
v 215445.377396968 8953443.517906329 -2406.438310700587
v 215507.1663350545 8953533.16226171 -2407.384717315678
v 215383.2378325973 8953354.049388926 -2405.680664260612
v 215320.8540321921 8953265.284014372 -2405.400555893513
v 215372.272662897 8953191.418181513 -2436.969670533362
v 215381.3430030768 8953090.234640749 -2462.087813467346
v 215442.2602376604 8952999.154382445 -2497.796022315449
v 215574.3875009939 8952993.943642017 -2529.277844677753
v 215648.532544511 8952979.963533148 -2547.543525363966
v 215713.0087704466 8953067.047700346 -2543.444539393742
v 215761.479794497 8953132.446382649 -2540.294842102499
v 215809.0311323347 8953196.516055342 -2537.116767915143
v 215873.6632243767 8953283.309119796 -2532.506251240986
v 215331.3472909274 8953427.314168707 -2374.383386555854
v 215380.6223827105 8953535.152016353 -2369.734737597752
v 215269.0442580463 8953337.376988636 -2372.556000564987
v 215206.4360345858 8953247.945931852 -2371.66634251563
v 215257.1156431492 8953175.90751704 -2405.83816975358
v 215308.6015533321 8953103.121654786 -2438.717690486164
v 214867.9664057349 8953460.689757967 -2172.179790061254
v 214888.6969929805 8953350.398016829 -2212.437529181727
v 214806.9250033291 8953368.310255263 -2166.125866504918
v 214827.2490855812 8953261.280535381 -2208.896165659577
v 214948.924450265 8953440.263261378 -2217.548448169045
v 214933.0952219445 8953278.532329943 -2254.275794107656
v 214995.1095283495 8953369.340673849 -2257.38266483628
v 214728.5956345151 8953272.934406439 -2154.063502452347
v 214764.620834083 8953172.744913056 -2207.199005349072
v 214870.43565673 8953188.679322015 -2253.03679311951
v 214807.053451714 8953099.838384969 -2253.831830019244
v 214882.9184466517 8953082.146832688 -2293.550878396486
v 214939.2671396916 8953180.165008696 -2286.430360301295
v 215002.4167770778 8953268.594294485 -2287.733388499394
v 215081.8080473518 8953348.530566389 -2299.66617692045
v 215056.5608992018 8953461.01890889 -2262.155537789598
v 214928.4369745717 8953554.059654133 -2180.031387653864
v 215011.4717977289 8953536.75920509 -2224.422769622593
v 214821.2553750135 8953529.897033103 -2129.753837534742
v 214762.1969076607 8953439.393813627 -2121.528643114713
v 214711.4506166801 8953349.053787211 -2120.33861724063
v 214666.4937615136 8953191.039872238 -2149.062508527149
v 214700.8267319708 8953084.592829835 -2207.637408112079
v 214636.915243318 8953251.118433019 -2111.18440897719
v 214742.8768972679 8953012.042001262 -2256.79479999698
v 214827.4502455354 8952995.045143362 -2300.398940896006
v 214991.7202732909 8953090.927466594 -2334.886074142909
v 214945.5122902008 8952992.055986661 -2348.898933470827
v 215055.3975852106 8953180.310747806 -2333.498437642445
v 215121.4180928741 8953262.143004537 -2337.086973765073
v 214742.668717379 8953549.258314406 -2081.586549451021
v 214667.6399737476 8953451.166555099 -2064.668982302339
v 214620.5953199388 8953355.995626349 -2066.334242788905
v 214560.1556558482 8953265.744068459 -2061.039355387227
v 214574.7644308536 8953161.155343357 -2109.115841214676
v 214603.6323967724 8953101.546962351 -2149.121125025659
v 215746.2011202093 8952661.844698276 -2625.839697005666
v 215698.4837420023 8952597.402751632 -2628.880313784387
v 215650.3090590081 8952532.02135491 -2631.628207116395
v 215893.3804125779 8952549.89852006 -2669.933554567616
v 215823.2624808529 8952643.838159945 -2642.32611396834
v 215586.097934106 8952444.483937096 -2634.899032992195
v 215634.7575597323 8952375.352806173 -2654.197570709244
v 215690.8728199757 8952288.053467846 -2676.508313144649
v 215825.7233324337 8952282.827548474 -2700.386902518028
v 215888.5665365972 8952371.986993577 -2697.700739255333
v 215951.3720659517 8952461.271652538 -2693.954673723084
v 215963.776573719 8952636.361731086 -2666.548723714293
v 216014.1456674742 8952550.684285836 -2689.224177944096
v 215810.7576262321 8952748.730943564 -2621.429255938112
v 215886.0627432724 8952733.464998215 -2636.966239657299
v 215636.7537852729 8952638.744883545 -2610.654709305061
v 215699.5135215008 8952728.228283968 -2605.701727872052
v 215573.9647684672 8952549.353004849 -2615.224157606467
v 215522.1079485612 8952356.636759708 -2637.547361018005
v 215571.8589485255 8952286.008049997 -2656.392732875247
v 215511.1380895695 8952460.079110229 -2619.31113634485
v 215626.2894010708 8952199.812832516 -2677.25901717068
v 215762.8368345631 8952193.786261739 -2701.920807447809
v 215840.0976090778 8952173.963615516 -2717.887900741846
v 215887.4718994865 8952240.006105555 -2716.933026776666
v 215935.2102398127 8952305.864704475 -2715.279417361228
v 215999.1839017177 8952393.392765556 -2712.335058141713
v 216063.4960660586 8952480.507875226 -2708.499032777293
v 215506.0289622993 8952642.490176599 -2585.664600649387
v 215571.0407382842 8952724.418303667 -2582.422023807218
v 215437.0028075151 8952555.60501558 -2589.035253180746
v 215448.8548349403 8952385.008348893 -2620.756452566383
v 215378.3948160626 8952470.064313075 -2593.979954180479
v 214186.987151075 8952195.781995587 -2404.449739899264
v 214254.6010134003 8952285.631706148 -2394.633283837129
v 214155.5405012246 8952017.589489572 -2449.320872521821
v 214124.3557229939 8952106.524186958 -2403.362177282806
v 214192.4193663725 8951925.299079217 -2487.276488681327
v 214314.8827891317 8951926.722348914 -2531.652522836047
v 214383.2930982025 8951930.463121975 -2547.39325612946
v 214436.7794488899 8952006.854925755 -2548.555605837872
v 214515.745403472 8952088.513235537 -2545.377191380967
v 214496.7565467179 8952201.318889022 -2511.620825376699
v 214364.0665739106 8952299.166277215 -2435.997260063744
v 214435.5731686555 8952278.44187757 -2468.542697787004
v 214326.0918935992 8952355.950819727 -2391.883400199857
v 214110.7106927063 8951948.026239287 -2443.156545441595
v 214063.7454399593 8952016.540705867 -2396.809125144925
v 214132.2426406035 8951841.059384478 -2474.667935129408
v 214251.4266934973 8951838.087821104 -2520.774298870461
v 214326.1427197221 8951817.950629024 -2542.953271688985
v 214437.6183557131 8951839.919087615 -2562.495404225181
v 214500.9303332421 8951929.431692753 -2564.841264416707
v 214564.0301442667 8952019.368816171 -2562.574899061463
v 214626.8358163242 8952109.984184243 -2554.283224606644
v 214564.5547970969 8952150.691482961 -2538.528532369074
v 214614.3917291621 8952212.241074264 -2529.598058438439
v 214563.6730450247 8952288.28178435 -2496.816844067639
v 214427.1853080409 8952374.80338344 -2422.107521195035
v 214515.489398246 8952357.636001015 -2458.502515664827
v 214745.2848722956 8951931.470160358 -2585.095467652515
v 214690.4100925721 8952018.287109101 -2574.288612831855
v 214501.2532199329 8951750.355639925 -2574.445539300566
v 214564.4797974488 8951661.20806841 -2580.218261378226
v 214681.2516826399 8951661.21807315 -2585.151007050817
v 214816.5084968954 8952018.378664171 -2583.717827462094
v 214879.8231240189 8951928.425426573 -2594.054083484042
v 214753.2478064806 8952108.213443186 -2567.436883615587
v 214374.0937946959 8951750.723983537 -2556.035913700283
v 214437.9823037909 8951661.276313214 -2568.784711781063
v 214501.3897146414 8951572.147997033 -2577.548459019027
v 214622.6813790163 8951575.140780851 -2584.189069500501
v 214753.5806947568 8951572.002319384 -2588.367299844215
v 215007.0458664552 8951571.150632612 -2613.708498436039
v 215069.8928201023 8951839.146761749 -2616.444113596685
v 215006.3127257547 8951928.243322795 -2605.841456218308
v 214942.8752172177 8952017.31824404 -2594.445776780128
v 214690.5855086665 8951482.637557779 -2590.897665683022
v 215053.9101455102 8951504.839298252 -2626.061326139462
v 215162.0584094117 8951839.409745943 -2629.507288644767
v 215133.0996669062 8951927.70761805 -2621.874725845204
v 215069.4396594275 8952016.895777544 -2608.21931752575
v 215130.2620208637 8951484.259221224 -2643.633068578293
v 215333.288818822 8951743.296339482 -2666.415550570973
v 215256.5217105207 8951840.209081735 -2646.063068436887
v 215207.9533845718 8951908.770182364 -2633.962428749499
v 214990.8287865159 8951414.417164158 -2624.849705468171
v 215067.2743201248 8951395.651481686 -2641.601419152651
v 215200.3160935014 8951391.22013763 -2669.334674738622
v 215261.8369797718 8951486.02481336 -2671.764486338534
v 215315.9522636516 8951574.736645062 -2675.402273632761
v 215374.7675834665 8951660.850833861 -2681.165257611934
v 215385.3241008671 8951481.292284843 -2701.085048382224
v 215448.5763104419 8951570.326335531 -2706.138979823593
v 215501.8411977308 8951658.612502702 -2709.24229960977
v 215447.4866366508 8951749.586483644 -2689.488712869581
v 215387.9548158161 8951837.030053155 -2670.580979489057
v 215319.7289216751 8951929.315237502 -2651.506206252832
v 215322.0862071012 8951392.158484936 -2697.236293829861
v 214753.8207635236 8951392.386862837 -2602.633091193603
v 214817.7613413999 8951314.949925583 -2618.035994047428
v 214894.6959502098 8951284.522800628 -2630.907702829869
v 214942.5311120653 8951347.707097488 -2626.442865036072
v 214627.6553013009 8951393.088670252 -2595.83230567973
v 214690.9549339264 8951302.504581038 -2610.376843781489
v 214557.6168617634 8951486.523042643 -2584.896527047864
v 214738.5526285981 8951234.568920722 -2623.594082393553
v 214815.5854509546 8951218.63019494 -2634.245498058893
v 214941.8159053884 8951217.4834022 -2649.954637979281
v 215004.5054907892 8951306.796323113 -2643.891456312421
v 215137.6794972225 8951302.18008652 -2669.190465984452
v 215067.6887668087 8951210.787368186 -2671.566818821944
v 213995.635847924 8951039.937568152 -2550.797980500574
v 214058.756023908 8951128.852971053 -2551.896026130283
v 214195.1219502036 8951123.076859681 -2579.663360785888
v 213932.4662956066 8950950.969205242 -2549.100730227806
v 214005.3384239221 8950855.830883371 -2579.190259088156
v 214061.5276908057 8950769.10970887 -2602.236856630765
v 214173.3436045931 8950788.886413135 -2620.878354874492
v 214248.0453377964 8950772.577953547 -2636.027296815577
v 214311.0946864924 8950861.910717031 -2634.037524350708
v 214388.9961519746 8950930.119130915 -2635.312059016079
v 214376.6559143534 8951034.831492066 -2618.871271712861
v 214313.0320829938 8951125.586247487 -2597.973000783861
v 214121.8687165885 8951217.682478286 -2552.908773694554
v 214260.5533749088 8951211.219752347 -2579.096332999084
v 213984.4069926047 8951145.4661787 -2531.935865030198
v 213921.95559795 8951055.670218233 -2530.459513872871
v 213869.1985546179 8950861.985166816 -2546.279131242739
v 213944.9274454899 8950765.324569874 -2577.432290932096
v 213998.4707555537 8950680.286644006 -2599.714694750712
v 214110.6882389025 8950699.676833816 -2620.276843469299
v 214184.9335196029 8950683.317595284 -2636.230617389838
v 214311.9906078026 8950682.079131007 -2658.224369440211
v 214374.9574548746 8950771.361780759 -2656.183897439189
v 214437.8764438391 8950860.767527375 -2652.287333999062
v 214500.7725141352 8950950.290946402 -2646.716420876599
v 214453.7465447794 8951017.059018001 -2630.681062427618
v 214439.3393362177 8951124.269018888 -2613.871296987665
v 214375.8591892001 8951214.942809066 -2594.755537089784
v 214046.875143149 8951235.342785072 -2533.46916568425
v 213859.6987019877 8950965.689834613 -2528.523676873921
v 212931.3975114137 8951212.068013895 -1956.488017779998
v 212989.7185539417 8951306.573758312 -1958.182468754947
v 213055.880778178 8951302.757896708 -2047.04345112682
v 212894.1491533972 8951037.600899616 -2005.95082872847
v 212880.1191860516 8951112.821728796 -1947.548300323859
v 212943.6757002454 8951037.600899616 -2069.831717151772
v 212916.6425321991 8950951.062448708 -2062.918692071649
v 213134.7200773679 8951293.622542553 -2128.151570489579
v 213081.4507359016 8951126.690771431 -2186.515749566973
v 213130.1425453698 8951196.063193459 -2187.027554269064
v 213173.4483570007 8951128.550401868 -2236.646257939761
v 213054.4040628214 8951392.787201203 -1958.834040973261
v 213126.1752209346 8951387.394102905 -2042.858877475334
v 212927.6763968401 8951304.110720646 -1870.150039723216
v 212992.3910847103 8951394.80674744 -1875.001105880099
v 212871.1160186558 8951209.863329586 -1865.300247985657
v 212819.2286254015 8951111.211354826 -1856.754831722272
v 212875.6253742666 8950865.151881084 -2038.81543440534
v 212948.1364748438 8950847.568676624 -2117.784659479181
v 213237.7173410181 8951216.340780545 -2234.766787682344
v 213178.6416422125 8951258.531766545 -2180.908046835617
v 213228.4471385227 8951321.391379684 -2173.332051613116
v 213196.2511194906 8951370.139602724 -2117.055128091449
v 213207.9742326175 8951037.600899616 -2274.854119994629
v 213254.3824044881 8951107.836057149 -2279.458211463676
v 212758.710926118 8951109.259304646 -1765.713745735063
v 212739.0421872506 8951037.600899616 -1781.797436280679
v 212694.8266822137 8950752.805748293 -1856.328710477391
v 212760.2924458103 8950756.740902752 -1936.42606447344
v 212827.9883860985 8950770.331284175 -2010.426411325295
v 212811.0090906195 8951207.533899173 -1773.991781785202
v 212698.359493074 8951107.123435453 -1674.551741277379
v 212750.848590408 8951205.249609388 -1682.736690769836
v 212629.5376661451 8950754.788477469 -1768.489443199815
v 212631.8581456377 8950681.24141236 -1801.637835662616
v 212699.8889125168 8950681.24141236 -1887.939858011125
v 212779.1056795383 8950700.507904105 -1975.130051470941
v 212882.5055260849 8950770.331284175 -2067.655145164214
v 212851.677107984 8950676.706296112 -2057.839301376853
v 213617.7957356558 8951838.09199727 -2151.634736374819
v 213511.7517346447 8951560.759872135 -2218.42038247774
v 213575.953956372 8951648.710501594 -2217.538755086051
v 213637.9989898907 8951738.067443142 -2217.750436478357
v 213590.7898492804 8951947.929470662 -2065.966237255794
v 213584.8627413124 8952005.613587705 -2025.698677937464
v 213436.752036644 8951475.99910388 -2214.0771509231
v 213680.5595949813 8951926.883431409 -2155.593590963244
v 213698.346618064 8951828.661694765 -2218.903163374622
v 213542.8506284323 8951501.891591623 -2265.558071320522
v 213606.4162376279 8951590.58009813 -2264.351231201632
v 213669.2413232765 8951680.305324299 -2265.228369190092
v 213731.3695179865 8951771.009379642 -2268.0698889695
v 213669.7439423995 8952036.05496967 -2085.727972896403
v 213195.9012348978 8950861.336865399 -2296.556972932827
v 213234.1559162716 8950775.31032349 -2328.509665785154
v 213315.5625660402 8950752.169662068 -2371.809233049871
v 213498.4154505964 8951035.521053426 -2399.996463817333
v 213445.598379775 8951104.963317215 -2362.524733191697
v 213363.2957100166 8951128.193246901 -2322.568308510312
v 213422.3018541302 8950775.130859677 -2415.211744361943
v 213496.1015429142 8950857.426606519 -2431.736591797363
v 213559.6677856697 8950945.50756954 -2439.740108956926
v 213143.206312056 8950770.331284175 -2277.359919845444
v 213183.5012280822 8950683.167428354 -2311.973420702382
v 213273.625668207 8950681.24141236 -2360.188713022711
v 213368.5770104823 8950681.699861092 -2404.901327126016
v 213559.4434678511 8951125.570525341 -2402.138453399853
v 213608.8921617858 8951053.157141253 -2436.145763316505
v 213508.5284922264 8951194.649494931 -2363.214292396366
v 213426.9305809953 8951216.79041801 -2322.018881284157
v 213317.8659822046 8951197.49180837 -2279.334626089369
v 213479.7761904587 8950703.349792194 -2447.115715653037
v 213522.2089113984 8950770.331284175 -2454.088278192908
v 213568.3376526135 8950841.506453445 -2460.027556021561
v 213626.2172349476 8950952.814222444 -2461.14650579095
v 212974.9747964975 8950776.401124449 -2153.850592263929
v 213057.4151873283 8950772.312433193 -2220.041544673244
v 213000.3007110424 8950661.156444687 -2192.104375822539
v 213087.7167234982 8950694.304220542 -2250.244124181228
v 212929.5621006 8950683.244885726 -2129.761179625876
v 211899.1444901785 8948810.354104266 -1405.125965726954
v 211922.2613186546 8948720.340751933 -1422.014779971691
v 211856.4648205603 8948721.374465855 -1338.649215311257
v 211878.4616769001 8948632.174360638 -1353.882018971206
v 211948.2780824325 8948632.174360638 -1440.341446401486
v 211949.6623031043 8948810.354104266 -1470.769633801115
v 211936.0152220596 8948559.721353296 -1412.373123638616
v 212004.3733548452 8948564.422713391 -1497.699890834577
v 211998.8608025015 8948810.354104266 -1535.402495404506
v 212082.5294384292 8948543.084488824 -1587.145467240696
v 211867.1135631835 8948539.942630421 -1325.948660750597
v 211914.2283634951 8948899.73907763 -1429.547650390613
v 211984.0790687282 8948899.543129431 -1521.449289741874
v 211826.5150582724 8948632.174360638 -1288.566650355098
v 211849.3172690059 8948899.688614856 -1342.216988586344
v 211832.5097593114 8948810.354104266 -1317.489099345653
v 211787.8728116016 8948721.921624493 -1251.454562151158
v 211969.5916159387 8948456.501206292 -1435.968352343336
v 211902.8415816993 8948447.206505468 -1356.307629111115
v 212039.8056352394 8948455.231638476 -1518.820369807669
v 212066.8438327776 8948810.354104266 -1622.105800794575
v 212047.1887232626 8948899.553325295 -1601.349686857588
v 212107.4225253365 8948452.271091102 -1595.238409511253
v 212137.6386921069 8948543.084488824 -1650.3802341378
v 212118.7328568368 8948900.533031857 -1683.671597866206
v 211897.9743803789 8948988.533847895 -1405.528173583072
v 211964.3661949349 8948988.533847895 -1493.444427309171
v 212014.5698267377 8948988.533847895 -1557.156277206729
v 212067.7408588182 8948988.533847895 -1621.145803998611
v 212208.4295707959 8948528.848443964 -1717.423632858892
v 212290.3824814807 8948546.720836038 -1791.402162014917
v 212324.0144636203 8948632.174360638 -1832.254449436006
v 212361.0926838456 8948720.729255226 -1869.250301424608
v 212195.5286087246 8948884.69405875 -1757.726120524815
v 212183.9210019395 8948456.687399425 -1676.414323642371
v 212259.563568517 8948453.99461701 -1745.222035770105
v 212376.6935812709 8948548.893872701 -1855.156487771683
v 212408.6973902627 8948633.554128448 -1890.28597842147
v 212334.7146294867 8948441.503375843 -1803.74317866604
v 212446.8619425103 8948721.264232451 -1925.79149412848
v 212157.4538339421 8948987.247004051 -1716.3789434267
v 212232.3651913544 8948988.306445621 -1784.475419996675
v 212431.9789894735 8950511.047307046 -1592.774058972378
v 212459.8558306992 8950413.971796919 -1675.300444161267
v 212231.1041258222 8949966.520683929 -1517.242902660619
v 212293.1778234701 8949966.211410291 -1607.082711423311
v 212493.4955379949 8950509.2711748 -1684.329526416186
v 212524.7332973183 8950413.971796919 -1764.111516026996
v 213025.3642286338 8949612.162950592 -2354.923920625285
v 213063.1789060812 8949682.540273227 -2371.823213557864
v 213168.504698704 8949708.108912311 -2416.36326913713
v 212984.5488134851 8949523.668415396 -2322.627198795114
v 213032.9132646954 8949436.916526107 -2340.000840716658
v 213102.9171430558 8949325.494418951 -2353.736325262129
v 213192.6608343899 8949350.642506659 -2391.881378866168
v 213302.2869444129 8949611.625232926 -2457.579401288458
v 213366.1833677746 8949521.670915164 -2464.796983688054
v 213352.6941901498 8949413.625304563 -2446.906582963306
v 213271.961671118 8949701.252822407 -2451.631832087815
v 213122.2209902332 8949791.727490256 -2386.857341518671
v 213244.749677042 8949789.810356274 -2439.280777054438
v 213037.5845283571 8949787.862416292 -2338.523383288565
v 212932.9386798975 8949432.478032138 -2280.846001510901
v 212995.0334059188 8949348.167376554 -2307.559448709569
v 212901.0063920938 8949523.073078778 -2263.522844205386
v 213439.3608999478 8949617.046489161 -2489.898874535564
v 213366.595683834 8949701.304826124 -2477.777001291141
v 213311.3831812595 8949791.808561901 -2461.492383240507
v 213429.3576800415 8949431.803443208 -2464.208403026017
v 213498.6241978357 8949525.518244695 -2491.764995213461
v 212713.6430230959 8949790.342694221 -2083.045302663969
v 212668.1404037625 8949697.982415754 -2061.009438960552
v 212749.3725912898 8949696.539299378 -2126.378644285021
v 212849.5925748794 8950055.88044117 -2160.576495801388
v 212827.9456841851 8949701.252822407 -2188.666544578461
v 212568.4799372713 8949701.252822407 -1976.87546735958
v 212622.7217038806 8949607.650618911 -2037.745603602565
v 212701.0774073966 8949612.162950592 -2100.815766805528
v 212776.7421710613 8949624.284100624 -2159.190818869223
v 212816.0594756296 8950140.613925446 -2122.824265222789
v 212929.6678304851 8950058.941285856 -2222.663512958603
v 212965.6716499849 8949968.522437848 -2261.162231295501
v 212893.9800022682 8950146.702181477 -2184.369788177255
v 212954.4368123461 8949790.342694221 -2277.05069105538
v 213005.0304197495 8949873.423366336 -2302.701243855881
v 213049.6614441745 8949967.41717376 -2319.71644750931
v 213087.6206516111 8949879.432566034 -2355.969914720082
v 213001.433906704 8950036.042313479 -2278.10663845413
v 212973.275269626 8950154.210509967 -2242.367182917648
v 212818.0993010191 8949524.60771117 -2200.594003847025
v 212859.6935636242 8949434.110487731 -2232.569373725431
v 212736.960570195 8949522.87716192 -2139.339942743407
v 212775.7580718062 8949433.983206963 -2173.381101978581
v 214189.9442351845 8950326.958521765 -2672.049689031891
v 214059.1407646732 8950325.764125019 -2645.124852196254
v 214122.5497868666 8950414.79647316 -2651.791042633567
v 214135.480917401 8950228.619842278 -2666.940334569028
v 214244.3906988253 8950416.682175104 -2675.32235314486
v 214250.4943941602 8950235.236555239 -2690.154389103249
v 214313.7219218503 8950323.899196591 -2696.132320184009
v 213995.5648810927 8950236.669119522 -2636.108322040807
v 214059.59754301 8950147.011003453 -2654.085757685987
v 214178.8855929791 8950146.549303655 -2679.87339920358
v 214127.9077930304 8950058.304236263 -2671.484779556832
v 214251.0276114787 8950057.202550951 -2698.289396568932
v 214314.4334362031 8950145.770857126 -2707.854392113201
v 214362.6046057722 8950255.122649174 -2710.357834357638
v 214424.0993503067 8950345.895704884 -2714.164188331813
v 214376.8019349228 8950412.575456157 -2699.693523679269
v 214185.8118735497 8950503.828119041 -2656.143617473086
v 214303.4854431497 8950507.459765807 -2677.13790762888
v 213968.305634771 8950324.881925104 -2625.021088195583
v 214012.0865421924 8950391.959131729 -2630.182741772466
v 213963.3034529665 8950146.702181477 -2632.095241544862
v 213995.8560384507 8950057.832124792 -2641.595440705641
v 214059.7201508208 8949968.513180181 -2656.82550991274
v 214175.894638539 8949968.467582665 -2683.370445011562
v 214304.2210279037 8949967.884838983 -2711.804009408761
v 214343.773360655 8950057.612309663 -2717.658640715234
v 214384.2232094754 8950148.184806654 -2721.525272077013
v 214436.9403244901 8950237.072430877 -2725.85952199132
v 214073.3647884986 8950484.050958201 -2635.614041239015
v 213999.5381662092 8950501.467214962 -2618.379240180375
v 213936.2701994491 8950412.917274561 -2611.579854896029
v 213872.8109641877 8950324.327853577 -2602.639215246127
v 213926.8231872764 8950234.662907818 -2620.252832339033
v 213873.3490921221 8950146.381350163 -2610.884808974535
v 213925.817156511 8950057.403081946 -2624.969597842219
v 213800.3072258348 8950241.098030355 -2588.937504375618
v 215067.59376569 8950326.255109556 -2829.191389261059
v 215019.7277868945 8950394.070499193 -2810.891887624766
v 214944.0476955288 8950411.462452965 -2795.455845143032
v 214831.1635074667 8950125.188439729 -2808.679989504817
v 214878.2900887052 8950058.701853126 -2824.071438354455
v 215130.5368282518 8950415.57782023 -2827.899247230637
v 215083.4817132204 8950482.330582153 -2808.990303319079
v 215006.9324189828 8950500.48265074 -2793.06876472615
v 214817.0682960619 8950413.112950008 -2773.659697302515
v 214866.0643814568 8950508.341853634 -2768.227376648103
v 214754.1089082899 8950324.107449692 -2774.077123653921
v 214755.0702326643 8950145.20446825 -2792.750259571735
v 214679.4102595762 8950235.333486123 -2770.356034769957
v 214785.3208687411 8950057.612309663 -2805.935140860065
v 214814.971638314 8949969.573093127 -2818.678260509243
v 214759.3857686166 8950494.90284007 -2752.926432168763
v 214704.3385088194 8950407.787968848 -2755.506237990551
v 214641.7952211233 8950318.01297649 -2755.252763885559
v 214618.1338222424 8950151.766163886 -2766.431506655611
v 214691.90142457 8950056.586060753 -2787.886343591483
v 214739.8299131362 8949989.216874756 -2801.873632334446
v 214564.0222987738 8950236.280505449 -2749.400283656068
v 213492.1572423433 8949342.181811817 -2461.127386113536
v 213561.6652060644 8949436.345114162 -2491.42287349773
v 213554.8124023478 8949253.650688767 -2461.869014466777
v 213618.0945191274 8949165.386171905 -2469.683108637232
v 213738.2814511186 8949167.033680212 -2505.860618014154
v 213713.2631114193 8949523.073078778 -2540.256324631172
v 213880.4315189452 8949438.910614852 -2577.170238149219
v 213807.5510130736 8949522.138009228 -2565.894654932792
v 213869.5256598607 8949254.513016112 -2555.678533485793
v 213933.2423489581 8949345.581221307 -2584.145835681414
v 213528.4938483004 8949166.713591522 -2445.200035187474
v 213621.2473037253 8949524.91294289 -2518.54904201647
v 213571.1574759409 8949099.575368434 -2452.00277744624
v 213693.815423307 8949084.354574084 -2486.29239805918
v 213744.2560546732 8949611.002344763 -2559.349444772568
v 213667.7430386265 8949590.238100164 -2537.466407548834
v 213923.3997153239 8949523.757501453 -2598.551846939745
v 214000.0440214801 8949435.167679684 -2613.161230293038
v 213863.0552494056 8949607.526906621 -2589.852552675621
v 213990.5884779434 8949256.163347606 -2595.30183310022
v 214052.7871718504 8949346.757803466 -2622.302836342853
v 213557.9479041349 8949613.524594033 -2515.392656890921
v 214050.5224052526 8948988.721765265 -2600.945098477705
v 214097.5923290139 8949077.623719707 -2620.361835390845
v 214063.3619094648 8949167.403145717 -2614.00296261048
v 213741.3859277347 8948989.279737763 -2496.452711936929
v 213797.8967596574 8948899.496855063 -2511.720435646987
v 213898.788714223 8948899.44397608 -2545.1531164209
v 213617.0752988006 8948987.088497736 -2458.124247502915
v 213681.0923657359 8948898.688663108 -2473.814311499581
v 213864.2172948342 8948810.617269641 -2531.256919674468
v 213932.1799162379 8948809.667116437 -2554.55107353668
v 214002.6615496198 8948898.661116179 -2581.215681669503
v 213749.6187533644 8948809.678429652 -2492.712803050289
v 214116.1648581054 8948899.935968757 -2620.637021402715
v 214136.9812174388 8949010.659974921 -2631.621279961676
v 214184.7727430708 8949077.046553636 -2650.28945874442
v 214131.0737543898 8949165.161387589 -2636.349962897892
v 214092.0975155953 8949255.803463336 -2628.132675050262
v 214053.285930434 8948810.394847805 -2596.248685642689
v 213255.0736060628 8949097.537297297 -2366.511713326477
v 213376.6499347627 8949082.116190743 -2399.137313313543
v 213495.3785964617 8949078.130539007 -2430.049842163591
v 213244.3709166062 8948989.908101041 -2349.907675902346
v 213311.8807878336 8948985.184291057 -2370.33572574761
v 213431.3765675373 8948988.219260372 -2405.162546864079
v 213549.8254503279 8948989.118391439 -2438.581165235461
v 212955.9953704722 8949255.803463336 -2274.846557015704
v 212917.5153549638 8949160.766942218 -2242.185276093134
v 212979.1599519923 8949059.987217817 -2259.723393553127
v 213023.2588400627 8948988.533847895 -2268.811517882682
v 213123.2349850229 8948992.441267982 -2308.96391264626
v 212916.1818813593 8949326.282261312 -2260.672535308447
v 212866.4358145812 8949254.818137651 -2224.661501682797
v 212929.352620751 8948987.209674694 -2225.497081298382
v 212981.2433933546 8948893.980145631 -2238.120568927744
v 213065.6181562531 8948919.66606614 -2277.774180186388
v 213177.1373480219 8948900.202091031 -2317.002034519454
v 213292.2546316234 8948879.061902963 -2354.22545342455
v 212648.6952910002 8949166.713591522 -2085.805394425049
v 212793.9802487098 8948894.721247289 -2148.225197541369
v 212789.1034091507 8949234.319640633 -2175.991767615748
v 212875.2280260343 8948918.829938432 -2191.503124936306
v 212691.8145912382 8949256.045367248 -2114.902373085044
v 212606.2039380487 8949255.328177655 -2056.622449724749
v 212563.5766125734 8949167.268170454 -2028.173381685219
v 212520.8582006342 8949077.623719707 -1999.324725952852
v 212669.1346900984 8948811.302193126 -2072.465651088394
v 212755.2816655379 8948808.318247307 -2118.626970465069
v 212857.4683884912 8948812.440645039 -2170.881219728873
v 212819.7187957682 8949344.526514202 -2201.716708722038
v 212733.3039427511 8949344.767655911 -2143.997466659161
v 212935.1343327485 8948808.913398042 -2206.782983719512
v 212649.3844613755 8949344.893335151 -2084.830760333566
v 212067.5137274773 8948364.904745195 -1531.946717349548
v 212150.1894666484 8948346.311963849 -1617.189061771722
v 212012.8963026588 8948364.904745195 -1470.433125841987
v 211958.1563474016 8948364.904745195 -1408.050560289652
v 212479.8317002942 8948989.177316045 -1968.056374938599
v 212525.2168921336 8948899.44397608 -1993.160605320336
v 212560.6716306052 8948832.453838632 -2010.010170771133
v 212522.9868214388 8949255.803463336 -1996.314401541914
v 212480.1150011041 8949166.101033529 -1968.539558395629
v 212437.0666579623 8949078.241884023 -1938.787717530884
v 212485.9382982658 8948810.268421816 -1959.692826121517
v 212532.9316523627 8948722.627329081 -1980.860950016842
v 212619.6312437922 8948726.421650663 -2033.90677206691
v 212711.9361962766 8948721.264232451 -2085.459120300577
v 212805.9743670677 8948718.839323899 -2134.407228711032
v 212256.4615294228 8949077.623719707 -1797.489588053637
v 212355.5666406139 8949077.110465925 -1877.917301163842
v 212322.9758686094 8949152.33083705 -1846.482974687992
v 212397.8491363916 8949166.713591522 -1906.016197457587
v 212196.9954091427 8949077.623719707 -1744.616903515903
v 212243.585968157 8949169.666952346 -1774.805316561991
v 212492.3440475808 8948636.612138137 -1945.035552191004
v 211720.991200783 8949708.489182912 -897.2739311214807
v 211700.8975044828 8949523.073078778 -963.5426326736192
v 211739.2920586762 8949621.318388093 -969.2405374060513
v 211559.873724453 8949237.310433205 -875.5212771676483
v 211622.7978676132 8949237.232805014 -964.4886476534718
v 211762.0424007051 8949508.660982434 -1058.390334563706
v 211783.7504409198 8949708.732912343 -986.6294858902829
v 211801.1821074405 8949620.439429786 -1059.285391664898
v 211768.8706067763 8949810.002392471 -908.4126225838704
v 211685.2270056922 8949237.680908648 -1053.914966322857
v 211724.3588004225 8949341.632864164 -1074.588556067026
v 211757.3409554951 8949433.983206963 -1085.633663998572
v 211567.4194935778 8949166.713591522 -907.6313977871714
v 211526.5594541731 8948896.612465981 -903.9632393526581
v 211567.5998985021 8948810.354104266 -967.2923094947755
v 211509.4193143197 8948543.084488824 -904.4224448487471
v 211552.4532521453 8948632.650888134 -953.9773801639979
v 211586.6778475595 8948720.525390513 -995.078168382634
v 211513.8095138884 8948988.533847895 -873.7946950131918
v 211488.8936824147 8948453.974777913 -881.0406400916831
v 211591.7424002238 8948897.55393222 -991.0764488938253
v 211634.1295663357 8948810.354104266 -1054.637312327864
v 211578.4935154868 8948988.533847895 -961.9636468023032
v 211586.183797034 8948543.235739205 -994.7503546019163
v 211634.1770425655 8948632.174360638 -1054.968199264139
v 211552.8648525624 8948453.801073031 -954.455813538133
v 211653.8302849957 8948721.403412163 -1080.41570003045
v 212329.3183725722 8949344.893335151 -1824.753589462571
v 212297.5899785247 8949435.471327865 -1775.522916716427
v 212344.3808729196 8949527.409612769 -1800.571954284784
v 212361.2975208816 8949256.598949805 -1866.881169089529
v 212446.6445672967 8949243.069333168 -1938.323205614523
v 212461.7373001977 8949625.503370659 -1893.911199030508
v 212543.7067783552 8949609.376678322 -1970.791758541251
v 212575.5077329284 8949523.073078778 -2011.12848801919
v 212572.1585734612 8949332.639213413 -2028.239435705628
v 212611.0848140832 8949433.814783262 -2050.056754700729
v 212283.2599689662 8949261.125742711 -1796.559685519848
v 212257.2401356895 8949331.372930385 -1758.583519997717
v 212390.3514465592 8949612.162950592 -1827.529660290971
v 212256.3942269959 8949523.073078778 -1709.953228422631
v 212320.0473965874 8949598.320502274 -1757.994943812873
v 212223.7254885639 8949429.484996289 -1700.330457517997
v 212650.7464537817 8949535.438776784 -2070.399558865195
v 212510.4674391985 8949701.252822407 -1924.92960988466
v 212436.2444897731 8949697.507820293 -1854.017241458871
v 212692.4478599623 8949435.601530591 -2111.425243393407
v 212359.4140314446 8949702.999519279 -1772.713071123486
v 211630.4936363299 8949166.713591522 -996.7639132789059
v 211692.9443624484 8949166.713591522 -1086.157831270041
v 211747.4505725137 8949238.401809487 -1143.600367061544
v 211786.3705769248 8949341.10082279 -1164.67282565263
v 211819.1144998747 8949433.983206963 -1175.301056324824
v 211816.0014886138 8949501.907786921 -1139.682391428576
v 216459.8730185913 8953434.609513266 -2580.53268830053
v 216390.5798087833 8953089.597925775 -2642.334361592252
v 216517.0231012968 8953088.175769681 -2657.28756277992
v 216579.7424998245 8953178.478762645 -2645.667578718146
v 216642.1464534778 8953254.170049757 -2636.276590182104
v 216644.2294455461 8953350.257108798 -2616.325257792245
v 216576.9858039291 8953447.435971875 -2589.404083855592
v 216327.9588952219 8953444.793666527 -2564.847594984303
v 216390.718262772 8953535.020742673 -2553.495428908725
v 216517.0341783431 8953533.849447723 -2565.909598817916
v 216269.4177551605 8953348.671060611 -2577.011121979442
v 216266.3137785773 8953172.957474221 -2610.858058632436
v 216328.4442669497 8953129.728836665 -2626.667167931286
v 216201.8305540999 8953267.327361135 -2584.430599311027
v 216280.1534316074 8953067.603968777 -2632.835854322606
v 216327.8348687293 8952999.49590235 -2652.276090440753
v 216457.3507078422 8952989.618834781 -2670.065676045683
v 216575.6368509687 8953003.785263306 -2681.148123506539
v 216644.3483578447 8953084.977975203 -2672.07228944567
v 216706.0911423069 8953177.12475406 -2659.297774022702
v 216768.7862321745 8953267.60464952 -2646.336819834614
v 216706.4205819182 8953311.520852434 -2630.27944007295
v 216754.8238073496 8953371.916645758 -2622.22273552898
v 216706.8795192306 8953440.773842188 -2603.132404824533
v 216641.0608173444 8953522.27259969 -2579.713787077862
v 216201.4795244513 8953446.121916616 -2550.141583174618
v 216279.4644386633 8953514.130184095 -2545.797221924598
v 216138.6888314502 8953356.145537995 -2559.338588124214
v 216075.917730367 8953266.279367443 -2567.701276713358
v 216134.84258942 8953181.851003235 -2591.902882545557
v 216203.6841952568 8953083.012057481 -2620.092071112759
v 216957.7547279114 8953356.836214203 -2645.640726678359
v 217020.0791576282 8953432.019797616 -2634.986192195221
v 217146.6839526783 8953445.998031234 -2645.070545263924
v 216901.4225315892 8953257.101635082 -2662.054261306864
v 216958.7869388549 8953174.068563474 -2686.610160109501
v 217147.3929493814 8953131.070635878 -2717.098838958733
v 217097.9353224751 8953069.642318264 -2725.614168078252
v 217209.6090611231 8953089.741120646 -2734.559263333303
v 217271.7924638727 8953164.982774481 -2724.565517351967
v 217336.3811068656 8953221.946568938 -2718.884900206298
v 217384.9076568421 8953282.72989551 -2711.041321666729
v 217336.8953877605 8953351.851894148 -2688.804985158321
v 217278.9351421578 8953435.89007364 -2662.11482895113
v 216944.1918389544 8953460.426172942 -2621.105167764686
v 216895.4087394024 8953399.816519255 -2629.485235080913
v 216831.1664431826 8953343.206162695 -2635.987330233492
v 217133.4829137133 8953549.151866779 -2620.312600071946
v 217084.3968968866 8953487.979583643 -2628.558427654702
v 217208.9358086045 8953521.019491829 -2634.700749139322
v 217022.1289792853 8953528.488160226 -2613.981859451998
v 216832.3399141653 8953175.857461063 -2672.739179930567
v 216896.1698223721 8953083.465398092 -2699.945947317575
v 217022.9872861752 8953097.571367951 -2710.812745707936
v 216958.4047918971 8953040.807231303 -2715.925306198869
v 217020.5955647752 8953000.795489861 -2732.377815877692
v 217153.2570600661 8952990.071011866 -2750.569722251564
v 217271.901596859 8953000.380133653 -2763.016940692539
v 217340.7335097832 8953081.117665742 -2753.091217065559
v 217398.6260902855 8953178.494918082 -2737.848655584256
v 217460.7561541914 8953255.097643994 -2728.056034180376
v 217463.5502608789 8953349.661182387 -2706.128426376957
v 217397.5244274415 8953446.608077679 -2674.254097907514
v 217335.6160311984 8953534.903503926 -2646.280588544116
v 211489.4345864696 8948097.131263847 -881.3709554233253
v 211492.4200890975 8947740.414920427 -879.6578506333321
v 211560.5293703599 8948112.194490351 -956.9009990106383
v 211509.5228636664 8948186.725001568 -903.9734140207709
v 211528.2793802612 8947652.449803408 -912.9727634685901
v 211577.8060454139 8947741.275642497 -964.5503378928333
v 211492.2258242183 8947205.987336051 -865.806544600664
v 211500.3474515171 8947042.667309599 -867.8198157036222
v 211536.5118310361 8947118.02550173 -903.0587110287599
v 211526.7798261772 8947296.361191658 -900.7055828814864
v 211574.0576403645 8947028.556667985 -932.8763801698333
v 211490.0702893509 8947384.305158947 -869.0771966052844
v 211538.1984704138 8946939.702084707 -897.4673538502755
v 211567.6989361647 8947384.916155241 -941.8689458883332
v 211616.8301364142 8946946.202533536 -966.800791950961
v 211653.0133103289 8947029.332532339 -1002.686928602243
v 211625.8492679821 8947384.916155241 -996.3089709836472
v 211523.4418657897 8947474.551966507 -903.3183123057481
v 211603.8401998452 8947473.976288348 -979.5819491486411
v 211586.4272890251 8946494.913582142 -918.4438043727328
v 211542.8130140502 8946582.694140207 -886.1049300861889
v 211502.6470562949 8946672.197180729 -855.6864530300165
v 211665.0349782026 8946494.249902971 -983.4197644971193
v 211627.0891677412 8946596.589645041 -957.5514158555329
v 211562.4321497392 8946672.197180729 -906.7913253215795
v 211715.4086667307 8947386.089218795 -1079.072555025022
v 211729.5197783466 8947028.589275347 -1069.592496038096
v 211681.5591833319 8947481.443411367 -1053.179204557538
v 211692.7914257337 8946939.466796171 -1032.231066030891
v 211794.8275097948 8947384.132856214 -1151.528535064909
v 211755.5972206489 8947474.006027056 -1121.590002694308
v 211806.360507296 8947027.153875796 -1135.726691666055
v 211753.2744706818 8946939.466796171 -1084.299715305872
v 211636.7552501253 8947741.275642497 -1022.388313745826
v 211668.4670452042 8947829.579228474 -1057.973917133102
v 211667.1233772599 8948008.259000018 -1064.772654014587
v 211690.8440788484 8947919.455386126 -1085.094700971622
v 211648.8007564109 8948097.635129754 -1049.756950071761
v 211590.3034019034 8948186.930209542 -990.4676615436886
v 211602.4793683847 8947652.280943444 -985.4379661093531
v 211745.5944562506 8948006.261112126 -1145.628538867138
v 211703.3264586283 8948097.635129754 -1106.422151445371
v 211666.5158222833 8948186.758415628 -1072.111751833796
v 211679.2207040472 8947650.626520175 -1059.773973064061
v 211708.1005900239 8947727.085911974 -1092.067292745324
v 211743.5205817416 8947828.925772272 -1132.658450879482
v 211778.6816582502 8947912.130269872 -1173.488407398306
v 211702.1371003666 8946583.107308915 -1019.014286215569
v 211779.1677902342 8946575.975002175 -1081.84528878076
v 211906.0358347242 8946495.005180717 -1177.683387858855
v 211860.8240469226 8946581.68053632 -1148.215902533629
v 211744.5546449457 8946670.068402538 -1059.486563227309
v 211819.0846373761 8946672.197180729 -1120.895108732723
v 211661.7931070296 8946672.902434675 -990.6691412315422
v 211985.8127515215 8946492.783157235 -1240.024573907819
v 211942.5995848152 8946583.107308915 -1213.488210350677
v 211894.1768217047 8946658.667448994 -1180.938278769278
v 213121.914984189 8946579.915605891 -2015.08602840063
v 213222.6017075909 8946584.758828832 -2071.674356960423
v 213275.3655811039 8946494.0174371 -2090.458489164562
v 212955.7595180328 8946583.107308915 -1918.82061547815
v 213046.3750254962 8946578.572229899 -1971.620929128565
v 213084.2683283691 8946672.197180729 -2004.351328458218
v 213172.5314718854 8946674.324609229 -2054.344082435903
v 213310.2054812058 8946581.988619583 -2118.866509955403
v 213253.4474375733 8946692.658096137 -2100.994509600145
v 212996.6507140878 8946669.424532957 -1953.362421963333
v 212709.0037086808 8947028.556667985 -1822.336668587853
v 212794.6249015935 8947030.869565183 -1877.140346090267
v 212771.1145042193 8947384.916155241 -1912.678482795683
v 212908.4057971792 8947297.924238887 -1982.997808394786
v 212857.4653089863 8947387.544633664 -1965.812908331022
v 212873.7305311793 8947046.184788905 -1928.10912846071
v 212920.5034850434 8947120.066791322 -1965.759789121072
v 212680.7049902221 8947388.989969004 -1855.785591413662
v 212598.2977373041 8947386.807817334 -1800.646389544048
v 212626.4232930799 8947034.696651481 -1769.011456707671
v 212671.0203482186 8946940.793211767 -1785.958805106329
v 212747.9132870456 8946957.732095532 -1838.134787610196
v 212844.3511388322 8946941.653524514 -1895.970691273002
v 212806.1317356153 8947477.456747804 -1948.223369615549
v 212720.1181698996 8947476.410699852 -1894.491541591048
v 212937.4871124165 8947403.395339657 -2015.272386717432
v 212897.1446829233 8947474.006027056 -2001.714510246254
v 212932.0256215138 8946943.043549716 -1949.219976342481
v 212970.9246054469 8947030.549915709 -1983.377459955985
v 212623.1196510436 8947494.190183129 -1834.521039801919
v 211886.3702999799 8947028.556667985 -1203.918555753232
v 211921.3482676548 8947116.68404102 -1241.096950693069
v 211916.4494399769 8947296.372058418 -1252.828645748252
v 211938.6753718291 8947206.736411612 -1263.896828632973
v 211876.7047283425 8947397.331144728 -1226.531555272868
v 211813.2583221524 8947474.006027056 -1175.063290274597
v 211851.3866610151 8946940.351571739 -1167.51409870448
v 211995.6221970634 8947301.98771349 -1322.049014994226
v 211950.7565795418 8947384.916155241 -1291.04234959415
v 211903.6153889371 8947476.060843114 -1257.647986556337
v 211931.3844418821 8946945.404357443 -1234.739399604687
v 211966.6690243722 8947030.049245771 -1271.343275036929
v 212006.0125621396 8947130.995476937 -1313.709905763733
v 212038.7474252255 8947208.451086989 -1348.826321333156
v 212512.7639855119 8948020.029019704 -1850.011004273435
v 212468.5540104086 8947912.658871714 -1798.245151156313
v 212521.117190334 8947830.365514312 -1820.778715578931
v 212559.746560813 8947760.628246803 -1835.885803450897
v 212655.898935715 8947744.141084088 -1896.657027432749
v 212627.1934198011 8948094.437507767 -1939.707454079736
v 212765.9851269939 8948008.545257939 -2009.022389448306
v 212725.8312196202 8948076.789093856 -1997.56475392294
v 212741.7454444258 8947743.741694551 -1950.896968136778
v 212790.6146058457 8947812.576132469 -1991.980428265894
v 212820.4215398394 8947916.18727307 -2025.283195980381
v 212486.6461978332 8947740.704474645 -1780.490386168032
v 212437.6479872463 8947826.944123374 -1759.522784220536
v 212543.5007690039 8948093.866126325 -1885.064761471773
v 212422.3586093755 8948008.711300068 -1782.279727217173
v 212389.4137021829 8947919.455386126 -1739.765959291948
v 212532.4268021912 8947645.395636734 -1796.749069397188
v 212617.0392863391 8947655.716302097 -1856.344639669796
v 212707.0524311269 8947652.185770683 -1914.186063582564
v 212561.7571407708 8948208.894344836 -1919.315546857224
v 212665.8724720389 8948180.799742986 -1978.846678808919
v 212857.4711894902 8948004.472010266 -2060.063020608912
v 212805.1282778051 8948095.193838688 -2045.488262600377
v 212753.2794197477 8948184.018073075 -2030.419900164398
v 212868.6948896046 8947833.300283026 -2039.758479522897
v 212792.5188442364 8947655.940641461 -1967.621902170799
v 212832.2116273178 8947741.275642497 -2004.453846315855
v 212920.5988275511 8947922.492969006 -2081.842829257329
v 212455.7453605222 8948097.635129754 -1824.138572081891
v 212490.0194991237 8948183.915680408 -1865.618901532551
v 212458.2038530834 8948543.084488824 -1909.751610372856
v 212544.052913382 8948544.851560647 -1964.815799891483
v 212583.0475241829 8948632.174360638 -2000.465612969516
v 212422.7289904008 8948453.969008319 -1870.839394188073
v 212497.0562053176 8948473.396280538 -1924.494295199667
v 212470.0354018991 8948358.486015495 -1885.293565873503
v 212555.6362417908 8948369.014581524 -1943.403644684592
v 212594.8326379207 8948455.972285505 -1981.947733054157
v 212622.6547626051 8948561.668557584 -2014.958322279653
v 212389.2835071509 8948364.904745195 -1829.039954685951
v 212671.3470972203 8948633.324625008 -2052.08025526126
v 212309.6930935787 8948368.270827869 -1767.939210457989
v 212937.1203811766 8948025.691573754 -2106.213763425041
v 212960.9363448785 8947830.365514312 -2089.679220370982
v 213001.4809357574 8947760.941626955 -2101.764397426711
v 213106.5622793127 8947735.338119501 -2152.018152263949
v 213081.3003980278 8948097.635129754 -2186.728359427038
v 213234.1112046444 8948009.304708838 -2246.271950923139
v 213174.3966554329 8948099.328958238 -2229.932797534634
v 213188.8489587189 8947758.096993864 -2195.990118544779
v 213239.6803471017 8947831.126030721 -2228.550497530424
v 212985.7250465932 8948099.368788524 -2140.945415017761
v 212919.7580405171 8947744.408669395 -2054.747741970969
v 212972.0799628086 8947654.062630266 -2070.119659678473
v 213059.3393234896 8947650.551905779 -2116.294588715964
v 213171.8071424841 8947655.045063747 -2174.431848197618
v 213123.275784159 8948191.137595259 -2217.673798527627
v 213040.3205768999 8948165.577527316 -2176.74018068761
v 213272.5057110353 8948097.635129754 -2272.682699830248
v 213230.3393733409 8948167.392596703 -2262.557439523106
v 213251.473183238 8947658.144023556 -2213.653413934058
v 213297.9166836033 8947742.021598835 -2245.268989879752
v 212894.8028130684 8948097.635129754 -2094.116286170297
v 212933.6582685987 8948190.690032559 -2127.622973279474
v 213371.1468641639 8948096.316141443 -2314.362212287893
v 213374.6462757689 8947738.012009829 -2280.033211662184
v 213528.6401115436 8947830.365514312 -2355.903315911237
v 213553.2739120708 8947917.886168703 -2373.728549975838
v 213506.9981907293 8948030.542200767 -2364.512671014159
v 213467.3148374534 8948097.635129754 -2353.540478431855
v 213313.1396385471 8948185.644556787 -2298.750740457513
v 213433.9089985602 8948187.610975595 -2347.868638800598
v 213356.8803878857 8947633.597630115 -2261.036899889725
v 213437.6916464553 8947651.171911716 -2299.362372721146
v 213483.8607553033 8947734.797459658 -2328.052466523273
v 213617.4772412444 8948009.111290377 -2406.644882878941
v 213563.7554564768 8948096.964590484 -2391.835189805011
v 213499.976948169 8948184.448792841 -2373.502159309119
v 213569.0008946774 8947761.789860206 -2367.400203121442
v 213627.2590719725 8947835.193401882 -2397.353121508408
v 213674.2670564478 8947919.849483779 -2422.689285472249
v 213550.2002274474 8947653.953534121 -2349.392610097952
v 213273.8813811254 8947295.826283427 -2181.647336717446
v 213336.3017638189 8947028.556667985 -2182.461456757765
v 213428.2521262101 8947029.376194822 -2228.995745581599
v 213482.2951088965 8947097.875685766 -2263.036157609231
v 213500.1274720328 8947203.805023346 -2282.357343342187
v 213461.0623960292 8947295.826283427 -2273.292894077902
v 213314.5643330179 8947391.068818346 -2213.096776096215
v 213419.7495826106 8947366.014019795 -2261.530298746864
v 213195.3064590284 8947115.686295267 -2119.168729161346
v 213245.4093585767 8947027.017153287 -2135.188860799386
v 213235.0694457744 8947387.604597852 -2173.109562595503
v 213183.0255163026 8947293.933840418 -2134.779108215872
v 213296.4094902951 8946933.841837671 -2151.082625001677
v 213374.3442612854 8946936.230717735 -2191.655777759172
v 213565.2876604192 8947123.145501783 -2304.940733943617
v 213486.567108411 8946940.336087627 -2248.235790078305
v 213522.8050918654 8947028.556667985 -2275.065408062834
v 213555.0175590414 8947296.353333555 -2317.411551435717
v 213503.8922521309 8947391.35166209 -2303.21800768069
v 213612.4328013739 8947207.422037086 -2335.076046286183
v 213122.7512649131 8947383.248667061 -2114.193927603066
v 213252.2316409118 8947491.690363016 -2194.580356987638
v 213361.2572832682 8947474.757775385 -2245.166434674953
v 213152.7854785812 8947028.556667985 -2085.633189001204
v 213191.2377573816 8946961.141482014 -2098.668640788357
v 213437.4719463098 8947470.858087385 -2280.717942633503
v 213170.8026440668 8947468.79157963 -2150.337957299455
v 213036.6916076119 8947386.535776975 -2068.20435409624
v 213060.381168495 8947033.560262941 -2035.100546228591
v 212985.6748516473 8947475.682562403 -2052.423495632857
v 213065.3065112521 8947495.343783163 -2098.919503099462
v 213023.0204080594 8946939.466796171 -2001.879096213325
v 213111.8052714976 8946940.878998356 -2052.378980754006
v 213967.9554599335 8947919.455386126 -2536.426438385909
v 213994.4923016279 8948007.557512213 -2550.808304200043
v 214005.1107702734 8947828.565449528 -2545.98521516054
v 214070.0250322037 8947740.676195409 -2566.159002113304
v 214189.3308175252 8947741.688535433 -2611.498867407432
v 214319.3418620193 8948007.57476636 -2669.313814555779
v 214247.2056544925 8948097.033181377 -2646.380251724974
v 214178.9076834083 8948098.196453933 -2621.836802284666
v 214256.8288163104 8947739.827043863 -2636.574946785917
v 214322.1709828651 8947836.927352184 -2664.481920116036
v 214369.0197462475 8947919.539172838 -2684.287119864768
v 213924.1798676745 8947830.736701375 -2514.98818406874
v 213985.4567519249 8947720.24084333 -2532.710673060841
v 214066.0389384854 8948096.696560265 -2580.835841182639
v 213928.2989647286 8948009.271898709 -2526.09895636996
v 213865.9031045291 8947920.665360454 -2497.698349266179
v 214025.575477153 8947652.185770683 -2544.029300383894
v 214125.2477465717 8947651.811864955 -2582.714432417812
v 214223.7668736416 8947652.185770683 -2620.103826780296
v 214113.6369484925 8948186.841940401 -2601.259879135896
v 214366.3414153401 8948097.71585658 -2688.624104462815
v 214431.2346089457 8948008.961836893 -2709.084540810589
v 214199.4156474626 8948208.416248787 -2632.850413882869
v 214313.3185338555 8948186.629687211 -2672.33075094362
v 214321.555826573 8947651.721323373 -2656.782580634923
v 214366.9916460295 8947742.546935253 -2677.25797920847
v 214432.2638344901 8947830.824479381 -2704.051562974488
v 214468.4359283826 8947919.455386126 -2719.538890342616
v 213963.2810349279 8948097.635129754 -2543.037073625097
v 213995.3073292631 8948186.026677405 -2558.548299919001
v 214072.1820734733 8947404.391854137 -2547.731792689225
v 214178.0808061381 8947386.777415691 -2588.450731503678
v 214252.5448458421 8947296.431948412 -2612.505276823559
v 214096.9985664912 8947028.556667985 -2532.111670589329
v 214196.1763737576 8947034.871591486 -2573.610934739224
v 214242.7295744714 8947117.962307619 -2597.839306968928
v 214286.4545942228 8947206.736411612 -2620.539873954011
v 214319.3987750128 8947294.189143106 -2638.428805379341
v 214280.9293727995 8947384.916155241 -2628.353717026059
v 214131.7664125139 8947479.417524165 -2575.651172203755
v 214242.6434563353 8947475.015074693 -2618.483880498174
v 213989.133556797 8947385.357693149 -2512.595462902517
v 213941.6114107223 8947300.369145462 -2486.95543920548
v 213943.8739204623 8947116.724485775 -2473.951091181974
v 214001.8657406704 8947027.295636339 -2491.931137145356
v 213883.6675816478 8947227.028137486 -2457.156029499264
v 214050.7973943504 8946932.79404046 -2505.615362090837
v 214136.3308227556 8946961.002736114 -2544.041392211286
v 214243.9396221584 8946940.822059257 -2586.953235658509
v 214305.8387772168 8947029.788984049 -2617.707217363642
v 214325.5796273465 8947139.602012264 -2632.343120832189
v 214383.1788724583 8947206.253146261 -2658.338684762501
v 213868.1128849871 8947383.512870198 -2462.439245371104
v 213932.553900076 8947474.513468063 -2495.725740042101
v 214031.5654264958 8947474.006027056 -2535.558232785497
v 213843.5359916787 8947295.826283427 -2445.112522373021
v 213798.2561619471 8947199.746376224 -2417.701661196214
v 213864.8530927585 8947119.376324603 -2440.137499731542
v 213903.4528711802 8947028.556667985 -2449.467130580863
v 213941.5553427276 8946937.06371456 -2458.786956643446
v 214010.2433074089 8946515.562299222 -2455.077528840859
v 214311.2916781142 8946494.334824646 -2584.393423626187
v 214256.91408857 8946582.450841943 -2567.572205729962
v 214174.9060465104 8946562.825702369 -2531.305334095192
v 214067.663896135 8946587.730856238 -2486.235850834017
v 213927.1057699877 8946488.892574364 -2414.864612217827
v 214193.7278383441 8946669.996167447 -2547.103919276262
v 214115.4007883436 8946672.762311419 -2513.640631991439
v 214409.1466895997 8946494.0174371 -2625.206792304222
v 214369.4292371183 8946584.372961462 -2614.869559743125
v 214303.7970034503 8946666.18071612 -2593.141635028504
v 213971.1629591633 8946583.107308915 -2442.800477659753
v 214003.4328327648 8946670.159930889 -2464.447025036005
v 212828.810181921 8946494.0174371 -1831.084472899515
v 212868.5199189355 8946581.1994533 -1865.924366227398
v 212790.3189119319 8946563.980934355 -1815.555851697464
v 212819.7003775441 8946669.741854228 -1846.35124917281
v 212916.4436567091 8946653.564378522 -1903.964570170445
v 213419.1941709502 8946562.859598428 -2174.571472676778
v 213548.2833441444 8946496.700757591 -2233.549646880605
v 213499.7552036871 8946587.100135218 -2218.200631855012
v 213357.9461081442 8946665.511223957 -2153.340014198271
v 213436.7643186396 8946669.364366636 -2194.691063120778
v 213632.0679224962 8946515.398314403 -2277.343297446709
v 213593.2388157343 8946583.107308915 -2264.546952333063
v 213548.6080438965 8946673.1832173 -2251.408335411065
v 214886.836586968 8946492.479767904 -2814.350955624991
v 214951.1860007316 8946588.960702278 -2843.114414743366
v 214819.2287906855 8946494.553399429 -2788.70001491821
v 214849.2797153016 8946583.107308915 -2804.573544434556
v 214876.4861582794 8946671.323113784 -2819.140744911572
v 214700.4976983097 8946493.385040466 -2742.546392811151
v 214746.7645046057 8946584.474861953 -2765.558621662612
v 214810.0639279642 8946673.116650166 -2794.256434217635
v 214783.8787317872 8947206.736411612 -2807.974630499129
v 214813.9273091864 8947295.180737467 -2822.071723611204
v 214823.0238810853 8947116.509443695 -2818.703797070996
v 214886.9240025208 8947028.237043021 -2838.307477211592
v 214756.6762557158 8947118.134265751 -2794.678507661459
v 214787.9162719232 8947028.556667985 -2802.264686480134
v 214746.2847931932 8947296.531893719 -2797.904744908702
v 214681.0329569856 8947200.050642177 -2770.346865827802
v 214824.380919887 8946938.011106692 -2811.850550110224
v 214780.2686675997 8947384.916155241 -2813.080032234153
v 214814.5173420253 8947473.53360017 -2828.06867784302
v 214635.620479067 8947294.391576787 -2757.630464981516
v 214681.4708087142 8947385.096060261 -2777.842843256019
v 214634.4533265482 8947117.283573976 -2749.442726864028
v 214685.53218481 8947029.444073237 -2764.497332791739
v 214755.9572708541 8946939.870696254 -2786.655209109566
v 214740.8786688272 8947452.067216223 -2801.63484173854
v 214570.9677935634 8947205.415104421 -2729.793926946812
v 214720.4523078326 8948008.545257939 -2808.583267654535
v 214750.9989420949 8948097.239619248 -2820.455545449061
v 214683.9201630931 8947919.709834659 -2794.541765270113
v 214722.5497598082 8947830.365514312 -2805.617022624166
v 214760.5126861647 8947740.421418272 -2816.601858734867
v 214683.2470260045 8948097.814251883 -2797.793057183516
v 214619.8603131009 8948008.583991596 -2774.547658881414
v 214618.2052484207 8947823.620068204 -2769.51163975126
v 214693.4258608404 8947741.507184193 -2793.525546790584
v 214574.7132688054 8947918.270654105 -2756.843928526816
v 214725.1359356263 8947652.185770683 -2801.959617707585
v 214825.5289704679 8947651.918531604 -2836.692642591835
v 214718.8138015695 8948186.725001568 -2810.900465433753
v 212513.913070213 8947384.916155241 -1741.877008144847
v 212477.7629761343 8947298.995850444 -1703.384782583896
v 212448.9308167988 8947218.931365246 -1671.187419217411
v 212490.3166137364 8947115.529978275 -1686.466920917806
v 212542.2145538624 8947023.255761266 -1710.229949731868
v 212549.5020756942 8947473.570090236 -1780.75765066503
v 212459.5856824096 8947461.42862417 -1714.726563644305
v 212426.4463914458 8947387.97802256 -1679.221564844011
v 212395.169313097 8947295.826283427 -1642.536424463434
v 212406.88544377 8947119.761538375 -1626.967784759182
v 212453.7563648741 8947028.556667985 -1648.77169307477
v 212359.5855769243 8947206.774224976 -1603.780209486333
v 212585.9916982272 8946939.466796171 -1729.03230666395
v 212501.4070750251 8946937.105324339 -1670.547659526035
v 212411.2026634469 8946471.880672723 -1552.908735511093
v 212521.8149329566 8946583.107308915 -1641.612214870875
v 212606.4460966861 8946584.797857268 -1698.909295369365
v 212437.3155741355 8946581.184837371 -1582.982539567287
v 212353.047897619 8946585.069083609 -1523.768142916191
v 212322.1674926959 8946506.272376264 -1493.220566363398
v 212555.186501764 8946677.290802788 -1675.410466786598
v 212471.1434259763 8946665.300819753 -1616.323494149623
v 212694.1613824624 8946580.601024438 -1755.898385359149
v 212644.9383751326 8946672.197180729 -1734.758988541636
v 212390.4375479415 8946672.197180729 -1560.138279106336
v 212729.8891528157 8946674.877581077 -1790.340445841911
v 214751.7171079697 8948810.179313499 -2826.712361782563
v 214699.0112221048 8948720.812859129 -2809.852871249443
v 214751.5925767146 8948631.965322867 -2825.858110416916
v 216334.2313382397 8951920.473959846 -2841.071449120413
v 215712.2168731906 8951031.597077725 -2842.369269958583
v 215584.995086406 8951020.046539214 -2815.638989937905
v 215648.0588525313 8951108.912461162 -2815.319278535766
v 215648.6004790543 8950942.872994695 -2842.805397467816
v 215775.1966948477 8951120.599523909 -2842.406509948841
v 215521.6474701148 8950931.570900742 -2816.750409568475
v 215584.2889528386 8950854.423978876 -2843.727576519283
v 215710.8678517299 8951198.155521542 -2815.737000410966
v 215837.6590161402 8951209.854030849 -2842.834011302004
v 215637.6197926498 8951212.947383218 -2796.95633134314
v 215574.571324599 8951123.715097483 -2796.493259684733
v 215511.5574998228 8951034.407351622 -2797.123152351031
v 215443.9598066699 8950848.769644219 -2814.89548503001
v 215448.581749551 8950945.034883589 -2798.884456892043
v 215441.5685138988 8951128.738805819 -2765.117000826625
v 215504.6610231045 8951217.920828653 -2765.100246744277
v 215376.7752016063 8951040.225957207 -2766.166510641212
v 215310.1532981054 8950952.350369241 -2768.177864196532
v 215371.6134143813 8950875.643314874 -2794.823276508579
v 216963.4282242781 8952456.424585691 -2841.721293028065
v 217020.7274957069 8952554.328081556 -2829.345100566698
v 217083.3933381359 8952644.646900905 -2818.512421904723
v 217209.9155069002 8952642.824802617 -2835.804928610675
v 216893.7842229133 8952541.583840646 -2814.94540114384
v 216973.9658341499 8952621.25768856 -2808.90835734145
v 216831.4787665271 8952465.857648589 -2821.79498593174
v 216768.7488962176 8952375.835874788 -2830.601529342302
v 218089.9527012659 8953344.020879159 -2816.684530261942
v 217956.6084667908 8953446.235600375 -2767.807415468248
v 217854.135696095 8953157.815816663 -2813.437304000054
v 217907.8616345116 8953080.795065334 -2840.856616122283
v 218094.2525883943 8953439.057265706 -2797.698590924132
v 218229.2534988701 8953349.831836861 -2844.14699243704
v 218168.0452905874 8953425.767931579 -2815.63395665511
v 218026.2557463069 8953533.200211667 -2763.790287780495
v 217839.6370660012 8953444.714608019 -2745.477582935659
v 217902.2335121786 8953534.451224947 -2738.098337708824
v 217786.1871609505 8953351.022909023 -2756.883333963015
v 217779.4124960658 8953184.94326729 -2794.316901802335
v 217713.702439445 8953269.20278696 -2763.433354650088
v 217775.9693452403 8953090.673106736 -2815.877099280884
v 218157.0779041678 8953528.83904418 -2792.99609008992
v 217712.1911684338 8953432.430743312 -2725.173120685623
v 217792.191603653 8953512.497346357 -2721.18177845006
v 217650.2489343416 8953357.229219267 -2732.455809392895
v 217587.7297686451 8953266.862247942 -2743.908021956665
v 217646.4006333681 8953181.967647962 -2773.116402124816
v 217700.1540854305 8953104.635775834 -2799.840401702757
v 216327.561932781 8952554.418665569 -2735.509535169613
v 216390.3451402202 8952644.288647795 -2727.955060920121
v 216516.9227459361 8952642.73976058 -2745.294064495557
v 216264.7622463216 8952464.685671069 -2742.060172670881
v 216320.6672776009 8952376.76755676 -2765.398392857762
v 216392.6584723059 8952282.160816368 -2792.432154045883
v 216501.7929603268 8952305.617231693 -2804.661695162335
v 216579.3340815458 8952287.595182749 -2819.58477784142
v 216641.6852387259 8952363.27912561 -2814.847967816601
v 216721.1723240394 8952443.76069656 -2810.735632192618
v 216707.3450537818 8952549.373828202 -2788.610568025354
v 216643.2424495661 8952641.879805299 -2762.010601059088
v 216467.8733711487 8952712.811109608 -2725.285885239939
v 216579.660387972 8952732.777073119 -2736.03917596241
v 216393.2676893428 8952741.280693337 -2710.162204336902
v 216313.2726919271 8952661.105841387 -2714.039250699414
v 216265.448214455 8952598.057660701 -2718.625094666432
v 216216.6035519923 8952533.257440906 -2722.901658976371
v 216201.9410929976 8952375.081856837 -2747.576644313178
v 216260.4659846245 8952291.675829852 -2770.334951973693
v 216329.9186410008 8952192.772091022 -2797.436435386948
v 216405.5418915757 8952176.726630569 -2811.890660860477
v 216454.4363719392 8952242.425618712 -2808.442411748613
v 216516.5261866337 8952197.864086693 -2825.844801139916
v 216712.079168086 8952277.266410248 -2840.972114559911
v 216769.4166344129 8952506.356573151 -2805.103750746413
v 216818.5716789527 8952569.86813949 -2799.099586437775
v 216769.9908729903 8952639.382095825 -2778.952032221924
v 216710.7704707148 8952724.587363243 -2754.172753008484
v 216137.5429294758 8952452.006158635 -2724.857057432919
v 214153.3814750001 8948810.354104266 -2630.553940318011
v 214184.1767730486 8948898.842758214 -2643.983936994502
v 214305.2559864869 8948899.50426453 -2684.831700029602
v 214378.6409962045 8948810.508177739 -2707.511599035245
v 214117.0408445453 8948721.477779962 -2616.207992695498
v 214155.6966105745 8948632.174360638 -2627.279844190013
v 214193.5002477235 8948542.216744976 -2638.736326394977
v 214304.1471095647 8948543.672455912 -2676.956505715704
v 214378.3786093711 8948632.254742932 -2704.065728897888
v 214408.3699284871 8948721.264232451 -2715.395170218454
v 214445.2135903877 8948809.690166373 -2729.441314749631
v 214406.4227767434 8948899.44397608 -2718.148858622228
v 214254.7126770478 8948987.814401809 -2670.356123630829
v 214368.3997079537 8948988.933871083 -2708.122531006393
v 214051.511953138 8948625.475272067 -2591.133383984369
v 214126.5503078417 8948543.190222032 -2615.533402071165
v 214008.4704188475 8948719.94326512 -2578.379582254231
v 214157.9262437413 8948453.99461701 -2624.126666726449
v 214258.0736381641 8948453.731940096 -2659.229815778361
v 214378.1102178712 8948454.059100535 -2700.746568457314
v 214410.1060539112 8948543.084488824 -2712.939918097583
v 214445.7652368928 8948631.488857858 -2726.632485316491
v 214510.1732747976 8948721.083926281 -2749.248072967259
v 213901.5747292858 8948721.264232451 -2541.213096134048
v 213931.7019555851 8948631.428457987 -2549.758025523048
v 214004.4386150904 8948542.819004644 -2572.698405105959
v 214053.0838277418 8948454.67972647 -2587.501740390745
v 214698.8254308182 8949434.00920807 -2811.581426421054
v 214751.9243487233 8949523.227571767 -2823.998238791955
v 214751.9577318354 8949344.891364334 -2826.404643959618
v 214662.1380798164 8949344.893335151 -2801.962167980251
v 214698.6493521972 8949255.596067868 -2812.175586344082
v 214827.6418315405 8949612.291633114 -2839.899264515338
v 214751.9137022929 8949166.624880388 -2827.260561742214
v 214699.3806229632 8949612.591288138 -2809.211426307661
v 214751.7800780956 8949701.696633633 -2819.208213928762
v 214662.5708702515 8949523.073078778 -2801.350109877388
v 214629.7789035209 8949433.860286592 -2793.530993609238
v 212577.1664402859 8950413.971796919 -1830.602977950153
v 212629.566247976 8950413.971796919 -1890.667525183167
v 212558.3093953041 8950509.903276842 -1772.411509327103
v 212624.869844901 8950491.794069566 -1861.835290575896
v 212716.9625726473 8950426.351567369 -1981.132358478586
v 212697.0487130326 8950484.027202416 -1945.338211395118
v 212749.5033505635 8950321.557297148 -2035.528469160792
v 212775.891073092 8950249.618180417 -2072.732024943436
v 211906.5766566412 8950156.60691921 -899.814424915528
v 211858.593187399 8950060.693843719 -887.6656306490077
v 211922.7835777412 8950058.865175376 -982.7949187932654
v 211979.0593495312 8950054.371210214 -1072.420214311507
v 214309.3542623126 8952462.116817143 -2324.851816798821
v 213972.2955575997 8952034.383601245 -2329.408573758072
v 214388.7775852887 8952447.429651383 -2371.13424317334
v 214690.0328445081 8951039.060773768 -2653.099010465219
v 214752.8225401565 8951128.876927454 -2643.716888669385
v 214879.1178246715 8951127.811469346 -2658.34863587049
v 214633.3975063358 8950940.526362091 -2663.841046304308
v 214690.957390534 8950858.207149627 -2685.079606420694
v 214879.5350595706 8950815.570488216 -2717.935358463116
v 214830.7194609382 8950751.297586177 -2722.698138063309
v 214941.5918033094 8950772.534434389 -2735.96901400553
v 215004.2908400937 8950862.371895755 -2729.019600826269
v 215066.3929319416 8950937.510062233 -2724.623081806541
v 215070.0860676993 8951033.940637035 -2706.38996481741
v 214999.4558070021 8951128.543785796 -2675.610315192957
v 214563.6683918642 8951039.909450501 -2639.695261458136
v 214626.2561170284 8951114.793363854 -2633.555240882473
v 214571.3724182031 8950857.028224621 -2670.118542882712
v 214628.2174328542 8950768.626865057 -2691.861601121704
v 214754.8624534011 8950766.921078138 -2709.448382720276
v 214677.1292342356 8950699.049133729 -2709.479323638669
v 214751.7353849686 8950670.165798085 -2725.102629335033
v 214878.8305269901 8950682.792544812 -2742.19906536338
v 215005.8928647334 8950683.618905561 -2762.312194889948
v 215074.7201944421 8950767.971524043 -2758.600842807286
v 215144.659950548 8950854.407457203 -2754.653467592922
v 215193.8096992409 8950949.923569247 -2745.542147698056
v 215145.6372609781 8951018.490933307 -2722.710204973795
v 215132.9550349458 8951123.741315804 -2700.445679824434
v 214690.5469020864 8951172.277539076 -2629.193050252534
v 215667.7352009142 8951928.499617757 -2716.181158250969
v 215621.0882714093 8951860.627100099 -2714.277360942958
v 215830.3599839637 8951836.658943694 -2758.72202738686
v 215760.248769613 8951930.064319389 -2734.116283667946
v 215559.4216731007 8951769.841918383 -2710.701918900868
v 215570.5519782776 8951663.076097699 -2723.935082470352
v 215647.5056255381 8951572.727127364 -2750.684355549476
v 215762.3507479426 8951571.172515692 -2776.473823154545
v 215825.4625640695 8951660.100302929 -2779.161778151529
v 215888.5248011897 8951749.043905811 -2781.209171629694
v 215891.8516924132 8951926.515887866 -2759.572965588749
v 215951.5338059133 8951838.016754262 -2782.399716185851
v 215714.0325524563 8951995.367163638 -2717.574361677925
v 215823.3389038481 8952019.208030026 -2735.216565920391
v 215636.9086436021 8952015.993186951 -2701.12922251768
v 215573.8501870257 8951927.186963165 -2698.636312394155
v 215510.7136132146 8951838.394590346 -2694.716698863379
v 215522.4607510004 8951553.118615394 -2724.428996850754
v 215571.5524425092 8951484.030736957 -2743.995284346494
v 215686.2805193687 8951489.107481003 -2769.566070941812
v 215812.4497095344 8951500.522274092 -2796.265568334724
v 215874.765309743 8951590.535172936 -2798.15090021565
v 215937.198268859 8951680.317110401 -2799.639300160464
v 215999.8269275519 8951769.769961789 -2800.521853032852
v 215441.4762721984 8951925.236875324 -2673.663506269787
v 215502.7107997551 8952020.9445525 -2676.01171910893
v 214787.8242166837 8953621.207182223 -2089.675897736109
v 214878.0873015382 8953620.02347824 -2139.050831982254
v 213531.4641311995 8953278.382082039 -1361.520610098435
v 213587.1068732087 8953353.937566781 -1382.32011047608
v 213530.7454420112 8953339.33971012 -1324.080141888905
v 213467.9606261169 8953286.834498981 -1266.789228607769
v 212639.9569057425 8952092.060161619 -953.9190919074833
v 212657.0014347236 8952030.806419641 -990.1187646392511
v 212725.3823948111 8952128.066324849 -1018.751825666779
v 212089.0753202938 8950859.421155989 -869.476296318586
v 212148.7950693673 8950859.421155989 -959.9705307526069
v 212181.4920923369 8950957.21379471 -967.9410922352126
v 212206.9622536834 8950859.421155989 -1051.320387791069
v 212222.8375632334 8951047.34830082 -988.38824188438
v 212241.3651837776 8950955.413119972 -1060.190533794658
v 212193.7075559969 8951126.690771431 -909.5779952406654
v 212202.7694823882 8950784.477300733 -1079.457176543005
v 212256.7788348996 8951126.690771431 -998.8129127558168
v 212284.1934622887 8951048.706646023 -1078.806392296761
v 212191.9451139443 8951197.262735626 -874.8232623605033
v 212256.1278874913 8951196.44670067 -962.9687628072247
v 212646.8366903776 8951112.506981116 -1591.485129548058
v 212551.0815829522 8950862.097046025 -1600.647773641771
v 212566.473778735 8950754.775378644 -1679.087235019698
v 212586.0570146425 8951059.256173205 -1534.470170789564
v 212537.3452002229 8950958.407337535 -1523.501267991516
v 212690.4788464648 8951203.116276795 -1591.652118783477
v 212629.7846932316 8951201.205490706 -1500.820452953081
v 212590.0937147592 8951126.690771431 -1494.551219159843
v 212492.0248662157 8950866.636361811 -1506.455656860936
v 212505.1542637912 8950753.158411458 -1588.346561321202
v 212505.7706020972 8950681.24141236 -1624.344993329115
v 212567.3497168405 8950681.24141236 -1713.717372573489
v 212525.8876606688 8951056.973322133 -1443.198046482023
v 212473.1670620841 8950945.612847537 -1430.572974487801
v 212891.1647068883 8952003.679840256 -1221.555837158912
v 212959.0767608097 8952017.589489572 -1290.500223055052
v 212817.8575700299 8952004.244952437 -1147.177065031346
v 213025.7857104261 8952032.198694423 -1363.193620794264
v 213093.4252381914 8952106.679361384 -1407.482857474295
v 213126.1580572896 8952194.366054565 -1410.890974179883
v 212900.7004919345 8951947.410606269 -1264.213917829745
v 212970.4851866361 8951942.772873355 -1349.581625820984
v 212762.9592365759 8951909.607012872 -1142.078640525471
v 212738.2870836366 8952018.360168738 -1067.659398568807
v 212832.6141485639 8951928.499617757 -1202.075748984143
v 214835.7273899746 8954408.956207778 -1949.492620376076
v 214500.7041439932 8954154.727437424 -1782.668327337316
v 214687.2727385225 8955040.368503366 -1341.390111201536
v 214626.6166051039 8955046.291375384 -1246.541364770997
v 213646.4974690601 8954138.119317658 -874.1158846189364
v 213571.5946318616 8953956.177638847 -937.4193428705689
v 213635.0634404819 8954045.328641463 -936.8118955478592
v 213591.5311666353 8953908.121492345 -998.1567217875295
v 213654.0977626502 8953996.863006521 -998.0498244341288
v 213719.1420741902 8954084.002063949 -996.4000675179525
v 213682.6100621705 8954110.199603867 -934.441780713003
v 213731.1205435042 8954174.7705236 -930.4085198259977
v 213702.1757702214 8954217.99076657 -865.2367833920623
v 213600.2404217029 8953813.254977796 -1081.809028391671
v 213661.3943089732 8953903.165618204 -1082.735565789209
v 213724.9896855334 8953991.396051764 -1082.101618217943
v 218609.1665300118 8954047.946566436 -2813.972952069124
v 218667.3142849788 8954158.508083766 -2813.428818057191
v 218797.2329031029 8954156.288927248 -2840.653887824935
v 218546.9654725374 8953957.778703388 -2811.770668094688
v 218595.3057013022 8953889.646322936 -2832.080629419772
v 218720.5037044517 8954246.705086831 -2814.291719308705
v 218861.6723189539 8954238.480143448 -2843.701130623598
v 218598.391491317 8954153.407160219 -2799.498170457025
v 218535.2782511589 8954064.413225243 -2796.147519093415
v 218484.6294192593 8953867.870325815 -2810.018782492213
v 218532.2296617223 8953800.732237598 -2830.844420503818
v 218472.1530364889 8953975.377959343 -2793.01360935515
v 218459.0645694636 8954161.676076569 -2768.427274296527
v 218534.107673465 8954243.992938191 -2776.192368458717
v 218646.9627278908 8954262.787118625 -2797.181864980732
v 218401.4679769187 8954069.676527893 -2765.445276184961
v 218409.0361879132 8953886.289334252 -2790.472700476885
v 218338.822477054 8953972.202576585 -2762.614989728979
v 216193.1631448338 8956039.3777784 -1985.857891107532
v 216960.2690848978 8955667.417913042 -2345.984026456589
v 217023.040338223 8955756.237627266 -2342.327425020927
v 216897.2268356515 8955579.086081767 -2346.023443552882
v 217034.5167923459 8955651.674281659 -2368.277835210852
v 217154.9605849767 8955667.247094758 -2398.740813549285
v 220297.4174044444 8956480.341159645 -2702.513760043138
v 220234.1995216238 8956428.525972305 -2718.228918267447
v 220423.4253216495 8956388.02864412 -2729.268777901359
v 220360.1916266133 8956428.310616799 -2718.013562760636
v 220360.6982795415 8956125.90433714 -2797.061558677435
v 220423.3409552953 8956202.588363983 -2779.338318960684
v 220486.3320078131 8956286.578755872 -2757.402552468555
v 220423.3112298034 8956480.091372976 -2701.704207303914
v 220549.5477316673 8956374.664822364 -2731.993568022742
v 220486.1837316028 8956427.400429631 -2717.103375592142
v 220360.2099090648 8956564.357207227 -2675.273850191483
v 220171.5413534767 8956480.325134743 -2702.350711964502
v 220234.2844714479 8956564.829482825 -2675.639180521533
v 220297.1955741186 8956072.367488762 -2807.51979379376
v 220360.2267087432 8956030.160074322 -2818.036768124342
v 220423.1876791081 8956074.349655148 -2809.501960179896
v 220486.5580042736 8956126.180419238 -2798.264525446745
v 220549.2901379758 8956202.47900793 -2779.414430043645
v 220612.4317362973 8956285.588590439 -2756.631640941853
v 220549.2146287023 8956467.045946054 -2703.960548272385
v 220486.1683795377 8956563.034920614 -2674.213744413038
v 220108.3449992785 8956564.224341862 -2675.137491201113
v 221628.2197065806 8958613.301280638 -1698.708387755594
v 221620.1126765082 8958731.993041858 -1636.280858885812
v 221558.8683306026 8958693.030576747 -1667.100602230458
v 221501.0021026013 8958625.6238224 -1710.884377086371
v 221557.1166240134 8958563.163335299 -1734.720767771202
v 221605.6449966432 8958862.311232401 -1567.958916721502
v 221555.4074979141 8958793.669346297 -1614.174895853313
v 220994.4668578792 8958791.21240229 -1708.725747932011
v 220927.156099066 8958743.817401789 -1737.195090632536
v 220859.3049491119 8958695.148773869 -1765.763194314887
v 221068.7841892017 8958715.779631853 -1731.269942951848
v 220800.7533633702 8958603.998894561 -1809.005991600088
v 221116.1442565502 8958664.600072397 -1747.067633053573
v 221177.9147699689 8958706.152991343 -1719.854263790762
v 221115.4729720023 8958787.94968872 -1692.141303073559
v 220863.008172691 8958796.513982467 -1723.996074034104
v 220786.0198849403 8958771.390042823 -1743.350727135369
v 220730.6268571109 8958695.997450298 -1778.560699554523
v 221055.135801192 8958870.414416369 -1665.197577543061
v 220929.0482861442 8958870.055478964 -1685.122575567229
v 220674.4929698708 8958618.605425391 -1813.812801684261
v 220738.1679415817 8958567.837842382 -1828.48514666787
v 221307.0130833919 8958602.308176655 -1750.349804959055
v 221242.1363615397 8958652.698374337 -1735.165934994074
v 221303.575399732 8958705.029367927 -1701.41037384131
v 221237.8078887498 8958786.228676936 -1673.057726803083
v 221179.140309045 8958841.559105523 -1656.757050737298
v 221131.5435754075 8958893.970340386 -1641.856339366432
v 220807.7257302713 8958881.878674893 -1697.163041807529
v 221179.140309045 8960074.510649567 -929.7314148738419
v 221427.2334805287 8959694.519320911 -1080.137514160903
v 221494.1205715187 8959732.270612193 -1032.940736570281
v 221496.0763691207 8958513.308893558 -1768.612711885447
v 221429.9111163622 8958439.943791779 -1813.519890397776
v 221431.1245190239 8958574.798702836 -1746.356135307255
v 221367.8459858837 8958521.023680432 -1781.606711437499
v 219730.6435732177 8959243.916225405 -1641.347125815309
v 219793.5008813504 8959328.043638624 -1609.336530575639
v 219855.7133492254 8959405.607857328 -1578.206690795466
v 219729.5430751042 8959136.320520636 -1683.870188471479
v 219667.3396916048 8959051.932271048 -1713.072532199081
v 219808.6644215886 8959218.037113488 -1655.043978484189
v 219919.2795115593 8959330.289718762 -1611.556118467696
v 219856.2232066554 8959267.141017945 -1636.889604090908
v 219850.3353717722 8959505.059157005 -1533.059169970838
v 220741.5440281754 8960227.159821851 -1000.829703645574
v 220801.1639940765 8960167.972687084 -1023.193452390811
v 220846.7648503317 8960103.310617307 -1050.296332259974
v 220657.792368032 8960192.851832582 -1050.856662102182
v 220739.3617632101 8960125.091926256 -1073.864322045126
v 220813.7708683488 8960049.625173412 -1100.854494921622
v 221550.9067551063 8959670.224693645 -1062.511132891368
v 221620.1126765082 8959714.777567308 -1015.447691684306
v 221430.2758274596 8959590.071964609 -1154.364346412618
v 221494.1205715187 8959627.622172777 -1106.472040781482
v 221113.1981403072 8959398.654896392 -1405.680480550559
v 221229.741958862 8959486.868793009 -1304.549815904762
v 221195.3029014089 8959432.613747517 -1353.409029060406
v 221309.3285078825 8959512.172312774 -1254.953245511885
v 221368.1284665292 8959548.276100418 -1205.305712048701
v 220742.4336207603 8960021.47582579 -1147.513495415388
v 220675.171889087 8959985.34592046 -1196.926173022119
v 220608.598998508 8959946.770426897 -1241.711947742443
v 221065.09430284 8959336.53100694 -1455.904312561494
v 221178.8715751889 8959321.91181499 -1423.69373781559
v 221303.4526860879 8959409.566037232 -1325.92291501761
v 221242.1363615397 8959363.200091856 -1376.589190745296
v 221428.3723693981 8959488.954340601 -1227.475672816105
v 221383.7311367395 8959427.883819222 -1285.158682302839
v 220675.171889087 8960088.51017675 -1121.910685684482
v 220619.7740898424 8960047.101444922 -1166.463099676777
v 220549.1797840975 8959899.383286702 -1289.143282892154
v 220486.8693402397 8959856.496659372 -1327.093023625649
v 220471.6757210308 8959754.894245531 -1391.406431849378
v 220422.1838091424 8959684.815869719 -1434.872506401254
v 220483.7816879908 8959961.308196208 -1257.71975064742
v 220423.1876791081 8959911.363079103 -1301.12307529186
v 220366.2206474574 8959858.726932177 -1340.086778714431
v 220423.1876791081 8959802.028148135 -1369.967887953955
v 220549.1797840975 8960004.190666024 -1215.77091858636
v 220360.8312176194 8959761.906399617 -1397.884400559499
v 220296.0986742555 8959688.511122685 -1441.640184396159
v 220360.1916266133 8959632.088077271 -1467.29743253199
v 221051.2580241278 8959228.967688039 -1509.379706759365
v 221116.1442565502 8959275.92645989 -1467.495302406651
v 220297.4465903025 8959584.850939587 -1492.90928013077
v 220239.652065097 8959505.507910391 -1531.573375760031
v 220868.3987216793 8959058.932452269 -1618.981213197256
v 220929.5660526783 8959137.633982854 -1576.317284308446
v 221004.5244688699 8959160.86058623 -1550.934698436162
v 220234.1995216238 8959636.646331705 -1471.855686965856
v 220171.5763318656 8959581.071081532 -1499.704376590823
v 220107.9633638826 8959495.178062927 -1540.506137984409
v 220171.2034691291 8959454.843520327 -1557.322491028371
v 220108.217475827 8959405.767741077 -1579.089962626981
v 220733.00830158 8958961.470319217 -1676.437892163204
v 220801.1639940765 8959010.607659901 -1647.62586148818
v 220866.3854868831 8958957.676927583 -1658.938152329662
v 220987.1613442897 8959052.045461139 -1600.010926295315
v 220940.8100749827 8958981.460597344 -1637.788436852755
v 221053.1482040555 8959104.309416035 -1563.147873992853
v 221118.8403914599 8959145.711009962 -1529.265507453832
v 221166.3979395131 8959218.774042901 -1481.412325424074
v 220297.9856131776 8960024.837619253 -1239.227339841965
v 220171.5880000153 8959938.924084064 -1303.109736955643
v 220234.1995216238 8959976.304322323 -1276.974446698453
v 220418.7857537435 8960124.931037612 -1154.11824790665
v 220360.1916266133 8960075.702186519 -1198.192567268113
v 220546.2049599404 8960214.069350637 -1064.625679046265
v 220486.1837316028 8960167.727864826 -1112.038501946012
v 220107.8520882478 8959862.841545254 -1351.053942524046
v 220233.595884521 8959861.494391892 -1347.850819867361
v 220281.6490409246 8959932.872268043 -1300.646146141426
v 220358.7043074534 8959954.256630128 -1279.638171989756
v 220417.3777680812 8960021.310830066 -1226.711319454457
v 220544.9728469056 8960112.126154453 -1138.322272960568
v 220500.5589248019 8960049.769077577 -1192.589051508435
v 220624.7692003923 8960137.673400097 -1099.793743099911
v 220044.9182086684 8959330.274716657 -1611.136891068791
v 220674.7156586725 8958872.41110844 -1716.966225800502
v 220045.2113641396 8959456.675833527 -1559.154804229279
v 219981.9736195573 8959406.11080268 -1580.300403337095
v 219982.2153116448 8959267.598336795 -1637.346922940373
v 219918.9526021179 8959223.710673857 -1653.818834964374
v 220612.1758365923 8958833.04196047 -1737.329777498804
v 220676.5690791261 8958780.214687562 -1751.194863596923
v 220738.1679415817 8958823.43776823 -1727.725585258315
v 219856.1048433059 8959138.097301139 -1686.046163879361
v 219604.2389966764 8959002.629871955 -1728.737945356604
v 219556.2007587965 8958950.441856936 -1744.486257859563
v 219483.9552143659 8958871.955331806 -1766.855305179482
v 219982.3900598451 8958441.6616317 -1906.264659172787
v 219856.2840609406 8958346.667188128 -1936.888735876759
v 219919.2192591501 8958393.55026214 -1921.467181867177
v 219982.3099928678 8958346.656178558 -1937.975620845594
v 220045.2113641396 8958393.556779688 -1921.473699414823
v 220108.3471477985 8958346.830520436 -1938.123063806285
v 220171.2034691291 8958392.801000267 -1920.717919993663
v 219793.4610058681 8958259.248485878 -1964.410882859892
v 219730.8854380629 8958173.15240798 -1990.929740490136
v 219603.741709779 8958067.459984513 -2019.163200619561
v 219667.2350491711 8958120.707759777 -2004.984166760433
v 219730.0282516536 8958080.302438674 -2022.494692509199
v 219793.2271541606 8958125.053368745 -2009.329775729367
v 219856.8737117439 8958174.162304273 -1994.976982636177
v 219919.4968404847 8958261.130250288 -1966.407233290764
v 219472.5978853994 8957902.949192522 -2064.720915101363
v 219401.0718654162 8957824.319718538 -2085.007709792215
v 219540.2477057337 8957979.961189313 -2043.858644163276
v 219288.4675440766 8957725.071559235 -2108.494497007324
v 219352.2547866974 8957769.736604165 -2099.46237021927
v 219413.4767642628 8957710.7752918 -2129.900883719255
v 219477.0254886437 8957799.088833183 -2103.064215345019
v 219541.2429441816 8957849.744785143 -2090.380679383682
v 219605.2817992415 8957904.700355779 -2076.186021174455
v 219663.3687191363 8957988.155336428 -2050.492428018519
v 218861.732621802 8957347.952487994 -2193.201608659372
v 218911.2824192342 8957403.468801288 -2178.643926411894
v 218978.8034594108 8957359.757347751 -2209.239633216133
v 219052.3733082705 8957435.369458416 -2189.191678365913
v 219100.2705767184 8957488.642288383 -2174.727541693205
v 219164.3601543872 8957534.681178316 -2166.034465826233
v 219227.9248977242 8957629.053740907 -2137.009696471628
v 219348.2610428235 8957633.300506359 -2152.519110464411
v 219275.2694990645 8957556.66204467 -2173.441192226196
v 219099.2150254145 8957363.900950482 -2228.349647220969
v 219039.2524703191 8957280.809175912 -2254.453831847807
v 219161.9586584514 8957445.864949699 -2203.129905081844
v 219226.2626817079 8957502.765919926 -2188.851173234791
v 218467.6264183494 8956641.786728606 -2373.983708345954
v 218523.9280581444 8956563.386207815 -2412.810117731067
v 218596.3021567605 8956512.825525872 -2446.168984577844
v 218663.9520333535 8956466.856618932 -2477.761180297937
v 218723.8495567755 8956379.199201308 -2519.829646258683
v 219177.5415364823 8957080.04731827 -2369.573906816873
v 218394.9016607153 8956665.605795745 -2349.233336544236
v 218412.0081060351 8956555.967242919 -2388.89885097057
v 218471.7695866024 8956467.884746194 -2431.099837432494
v 218548.4281393748 8956452.915900005 -2453.963443382731
v 218602.8035169245 8956381.145114126 -2489.269247699947
v 218662.093177578 8956302.625362612 -2526.438942285347
v 218734.2898371746 8956278.00172572 -2550.740366228558
v 218855.6231234683 8956291.340299588 -2577.73316638636
v 218975.7892022863 8956290.911739925 -2608.417747912811
v 219354.1002846615 8957013.566988973 -2432.703157154494
v 219293.8411940738 8957093.37360594 -2385.394328046755
v 219226.2626817079 8957134.105773423 -2354.730257617302
v 219161.240775004 8957186.676718723 -2318.654820948471
v 218215.7521447118 8956731.053003674 -2285.464252218063
v 218043.6123454649 8956632.731629912 -2278.618053769353
v 218092.3337368025 8956692.794734852 -2269.778706302721
v 218159.7522772968 8956645.504106693 -2300.784269865719
v 217964.2491011415 8956553.472996855 -2287.843422803073
v 218093.0582553803 8956558.040243551 -2314.438992164724
v 218271.1226745087 8956652.624766221 -2324.407524754713
v 218219.878615503 8956556.480154593 -2343.918535901462
v 218296.122595932 8956542.70050027 -2366.022734162577
v 218344.3179467815 8956602.62244856 -2357.786163637064
v 219479.1033693195 8956645.509225775 -2609.23900977301
v 218657.4122095667 8956209.235497817 -2550.223794968435
v 218784.0180551518 8956200.324576426 -2582.481199122632
v 218913.0284658746 8956201.528688481 -2613.190295372873
v 218987.8843651107 8956185.878664382 -2634.519715023739
v 219478.2468916869 8956794.766542995 -2549.930258073349
v 219545.4779086959 8956737.480969593 -2581.606861948426
v 219541.2429441816 8956608.386630297 -2630.819960816141
v 219605.6058122774 8956659.559129992 -2618.174813885252
v 219525.5975063822 8956845.528973684 -2533.728807273429
v 219477.2239341823 8956918.211441519 -2495.363899241771
v 219430.9603947955 8956990.038336426 -2455.715769468879
v 219668.2952790171 8956745.822132446 -2590.293956385587
v 219603.2258126572 8956820.669516701 -2553.267564848166
v 219600.2273934135 8956920.265043495 -2509.448576088785
v 219540.0606794134 8956999.567709116 -2466.490030890609
v 219478.2468916869 8957040.744801324 -2439.549029145472
v 219416.1566690737 8957095.243353067 -2404.781225160639
v 219282.6041369543 8957200.415213816 -2334.030707092754
v 219352.2547866974 8957149.050559485 -2369.675043678375
v 219115.399283378 8957257.339576341 -2278.38909476666
v 219224.9112530111 8957268.01704211 -2293.110101903065
v 219163.2666292132 8957310.101195754 -2263.456064506413
v 217838.7377888453 8956386.411934145 -2318.635596727187
v 217906.9489512804 8956468.260298496 -2304.492652802834
v 217967.8817934406 8956377.754222233 -2347.029614973257
v 218016.9648616305 8956474.778774876 -2325.271609105282
v 221431.1245190239 8959377.664001346 -1301.963228419887
v 221370.9211180198 8959332.648446545 -1351.355391904691
v 221431.1245190239 8959269.182223594 -1371.661194297156
v 221479.8643583377 8959218.493727487 -1389.901239974353
v 221552.8702805676 8959142.260525048 -1417.351143108662
v 221625.3966379352 8959069.542423612 -1444.452486637363
v 221292.3067167134 8959308.287067622 -1392.627763225979
v 221364.7349151243 8959229.967848366 -1415.568409289078
v 221434.6933451993 8959154.896239894 -1439.685484606137
v 221494.1205715187 8959091.405960236 -1461.15454637992
v 221543.1048812649 8959040.753528384 -1479.776389715725
v 221615.524529924 8958964.181722166 -1508.343132269224
v 220669.6119184457 8958516.110166617 -1854.783290868118
v 220612.0207942585 8958426.84897447 -1894.028613348613
v 220675.171889087 8958380.851205749 -1908.76812547634
v 220612.8758383716 8958335.260560689 -1930.779327357718
v 220680.1632373068 8958254.76996409 -1961.064474548525
v 220612.1758365923 8958574.544929175 -1835.19223345975
v 220550.0113529305 8958513.309462477 -1863.299226057633
v 220486.0023015668 8958438.492642794 -1895.406109913996
v 220549.1797840975 8958385.235812819 -1913.152732544871
v 220486.5616713149 8958349.051849304 -1930.408484652079
v 220548.9858535895 8958257.979545377 -1964.75340988326
v 220611.9586346895 8958174.455042463 -1997.265927302374
v 220675.171889087 8958129.646511516 -2013.922918499399
v 221382.8753848972 8958625.333350651 -1728.656203267171
v 220234.3962278498 8958347.256308416 -1937.00203046864
v 220297.1955741186 8958391.17337521 -1919.090294937369
v 220360.4640933927 8958347.979259372 -1934.463209192437
v 220423.1876791081 8958388.662014328 -1916.578934054108
v 220045.4202836695 8958262.282420272 -1967.904604949124
v 220171.2678129659 8958262.534582062 -1968.622307472112
v 220297.1082388939 8958261.86092242 -1968.39132411428
v 220422.9997191965 8958260.318229694 -1967.120688573608
v 220612.5100041713 8958069.423409592 -2041.692894100284
v 220675.1013078052 8957992.800300874 -2073.131551123238
v 221367.5279896191 8957904.556376472 -2076.943574592227
v 220501.8752917201 8958180.474964621 -1997.852716923316
v 220549.1797840975 8958132.134840265 -2016.411247247593
v 220486.3453454101 8958070.712148141 -2043.42804660808
v 220549.2161054725 8957993.396862188 -2075.358642885608
v 220612.1758365923 8957943.958213298 -2095.504235723544
v 220092.7057312095 8958180.917250421 -1998.026479357429
v 220045.2113641396 8958131.390151178 -2015.66655816174
v 219981.597652482 8958065.287158381 -2039.166144515166
v 220171.2638417144 8958154.251931369 -2009.584536486351
v 219913.5557089134 8957991.585535696 -2064.562600221059
v 219856.2232066554 8957932.410383658 -2083.956406083318
v 219808.3251060649 8957881.468600275 -2100.752766167186
v 220297.4175840699 8958154.497153908 -2010.264989485627
v 219728.8484097135 8957798.54897856 -2127.984791637143
v 219794.1440991129 8957725.864998389 -2163.369582825899
v 219856.2232066554 8957679.835213818 -2187.740723498934
v 219918.3479435176 8957622.338329721 -2217.489574532131
v 219983.0006643147 8957548.191121357 -2254.689702663364
v 220045.2113641396 8957503.292660318 -2278.467785443048
v 220107.7950946587 8957445.637997791 -2307.733728056189
v 220171.2034691291 8957507.367234407 -2282.542359530739
v 220234.0706625779 8957448.328927705 -2311.369769236494
v 220360.1751484329 8957449.981954385 -2313.586921086515
v 220423.1971867285 8957531.305377811 -2278.011265596654
v 220549.2281507218 8957634.237067549 -2232.670264395224
v 220486.1837316028 8957573.507571269 -2259.592824578557
v 220612.442106327 8957711.744181732 -2197.794828299503
v 220423.5804719245 8958154.381566271 -2009.595401505334
v 219982.8012337915 8958174.9830302 -1998.286547146566
v 219919.2192591501 8958128.64078659 -2012.917193574279
v 219856.1220818285 8958079.392788699 -2028.921689255972
v 219794.1230936144 8957994.519862395 -2056.856517108131
v 219731.439335046 8957907.126226505 -2085.497189038095
v 220234.1995216238 8958197.777585283 -1992.964120452465
v 220360.1916266133 8958197.490991183 -1992.677526353111
v 219662.7964480276 8957722.698867133 -2152.934167433577
v 219730.2311016658 8957672.355942562 -2180.261452243177
v 219792.8211352396 8957636.191019036 -2201.663447594944
v 219850.6513153862 8957544.707973527 -2246.746645146985
v 219667.2350491711 8957858.193191487 -2098.829085727771
v 219603.7312894582 8957813.940854309 -2110.631288187742
v 219919.2192591501 8957497.798373153 -2272.973498278055
v 219987.3359970162 8957448.696288561 -2299.808746643173
v 220486.205650373 8957450.667174492 -2314.50318574453
v 220423.4379659274 8957371.47977324 -2349.413884502693
v 220549.3725900471 8957531.415733675 -2278.461602734526
v 220675.1407944584 8957633.618735349 -2231.84886263933
v 220612.1758365923 8957573.304809004 -2259.390062312988
v 220753.9080635952 8957556.615776099 -2264.960923434811
v 220801.1639940765 8957509.486521687 -2284.661646810717
v 220864.4708949488 8957447.598092409 -2310.560270295749
v 220927.156099066 8957506.905918526 -2282.081043650164
v 220990.7252281241 8957445.130572999 -2307.35363910581
v 221053.1482040555 8957503.543744227 -2278.718869351155
v 221117.0769363148 8957442.095617229 -2303.355498741865
v 221179.140309045 8957499.494285014 -2274.669410137965
v 221241.8057062525 8957546.99692307 -2250.112470258297
v 221300.134970749 8957627.07941833 -2210.347402748082
v 221368.1284665292 8957675.739848498 -2183.645358178967
v 220675.5364762518 8957531.171257468 -2277.517781919034
v 220738.3124138641 8957449.4008948 -2312.885093593281
v 221184.7080032241 8957366.861511258 -2333.480392350543
v 221242.5395734821 8957458.642914873 -2289.810077661256
v 221305.1324140345 8957494.85201239 -2270.027137514525
v 221367.1600427419 8957551.047603751 -2241.010347707859
v 221431.8402435163 8957624.178190768 -2203.455418814129
v 221493.5467006552 8957546.680532554 -2235.043737829745
v 221557.1166240134 8957484.158587372 -2259.333712496249
v 221604.5362065088 8957436.026463661 -2278.263005472186
v 221431.1245190239 8957489.709859239 -2264.884984363724
v 221495.0837420576 8957443.253543945 -2281.964249742222
v 220549.1797840975 8957140.642630592 -2450.356986599393
v 220549.1392013892 8957014.371453382 -2503.435603954636
v 220612.1758365923 8956951.207851419 -2528.191822868895
v 220675.6853269544 8956907.171854075 -2544.370815268121
v 220738.670437343 8956820.914577791 -2576.197217433183
v 220933.2152465523 8956745.117460547 -2598.382138166905
v 220801.1012971792 8956734.903343961 -2606.52945173329
v 221052.5888311325 8956748.685137775 -2592.543808114588
v 221116.4936375011 8956833.830647955 -2557.752364010085
v 221179.140309045 8956873.517248455 -2539.591091718461
v 221241.935387997 8956911.732248314 -2521.73526380068
v 221306.0817936844 8956997.266253162 -2484.285799310526
v 221305.9500138663 8957265.160936244 -2371.707260227509
v 221242.1363615397 8957312.095530748 -2354.540271313309
v 220675.1430071109 8957371.265556613 -2348.532163296968
v 220612.1758365923 8957326.537664186 -2368.982404752896
v 220549.3974615769 8957266.398732405 -2395.932691005704
v 220486.1837316028 8956952.563069401 -2529.547040850548
v 220549.5705294131 8956907.790453322 -2546.647293971705
v 220612.477715028 8956823.250770213 -2578.454831586691
v 220675.1309999767 8956734.18909936 -2610.293377873637
v 220738.1679415817 8956690.967354324 -2624.310813031031
v 220801.701402643 8956641.442023426 -2640.096021182694
v 220864.1600465713 8956688.146845168 -2621.490303873605
v 220927.7890354306 8956640.450918885 -2636.403333558913
v 220990.1521515607 8956684.919108439 -2618.262567146379
v 221038.0421925826 8956633.879260642 -2634.949464864546
v 221178.7897919909 8956744.739702288 -2588.805244700503
v 221115.7526405086 8956660.621111844 -2622.235395297163
v 221242.7325980188 8956821.354676828 -2556.947878287376
v 221305.1324140345 8956869.254382091 -2535.328225353626
v 221374.0588793066 8956922.596213141 -2510.87934718619
v 221304.5277173643 8957370.195205629 -2325.791568537754
v 221368.1284665292 8957307.390896793 -2349.835637358673
v 220612.2345356064 8957450.450190019 -2314.233151949266
v 220549.2813316935 8957371.542713288 -2349.627442789812
v 220486.1837316028 8957326.974504111 -2369.419244676889
v 221430.8447038002 8957366.081960155 -2320.435067439857
v 221431.1245190239 8956864.69286008 -2530.76670334391
v 221495.007669697 8956818.361547962 -2545.594333287338
v 221620.1126765082 8956793.370060669 -2548.53377574808
v 221557.9538166223 8956731.218071267 -2575.730871358645
v 221368.8678380317 8957445.01361894 -2288.868244902551
v 221368.8662020362 8956819.9007983 -2551.442775900247
v 221431.4704936182 8956735.960359696 -2580.366752697816
v 221493.9063818165 8956644.878870608 -2611.136450094612
v 221619.9451368352 8956646.132123537 -2604.481597314908
v 219779.1249821836 8957110.364437617 -2440.022276493556
v 219792.8529453936 8957003.231134677 -2489.981426830627
v 219857.1221780696 8956926.276326675 -2528.145150081103
v 219919.2192591501 8956883.717990709 -2549.791833972117
v 219981.9964226038 8956822.70425069 -2577.265043859711
v 220045.5066403406 8956733.410387062 -2613.857895413589
v 220171.4830113263 8956746.659762964 -2610.940302177163
v 220360.2785983237 8956825.834808778 -2580.935856810845
v 220297.3627592873 8956746.758842371 -2611.298090315773
v 220423.4538852601 8956908.164920202 -2547.976901229051
v 219920.5904016143 8957372.7036258 -2330.060357890621
v 219856.2232066554 8957311.194325533 -2353.63906609867
v 219792.210612476 8957264.845466817 -2369.704348502671
v 219736.9388147405 8957182.947294666 -2402.792504826627
v 219730.2311016658 8957060.299483359 -2459.103711180874
v 219665.710776557 8956997.108087931 -2481.637737132888
v 219731.1500527618 8956924.205416856 -2520.255854128806
v 219793.2271541606 8956878.750367947 -2544.824211211042
v 219855.5190066282 8956819.184501436 -2573.133723860793
v 219919.579520961 8956734.173562238 -2609.798585386202
v 219668.4369862398 8957102.838094596 -2433.362439698725
v 219982.2153116448 8956694.094837504 -2627.43829620917
v 220045.2281553163 8956643.38517762 -2647.039695039606
v 220108.2074166343 8956695.945767676 -2629.289226383296
v 220171.3048183264 8956655.870725954 -2644.050011490306
v 220234.1995216238 8956696.58656724 -2629.930025947295
v 220297.3617865494 8956655.763618682 -2644.250014726369
v 220360.1916266133 8956696.247910079 -2629.591368785237
v 220423.2587050747 8956746.549780034 -2610.511453260132
v 220486.3498978179 8956824.927797029 -2580.07253311049
v 219855.6143048726 8957445.788876869 -2291.722044119815
v 219793.9970483363 8957367.322008133 -2322.49107039947
v 219715.9761649939 8957288.767511632 -2351.371776970858
v 219667.2350491711 8957238.487547064 -2370.022159443639
v 219608.4149784724 8957182.56741423 -2389.518073522787
v 219543.3741497482 8957104.724652067 -2418.085599291614
v 219604.2389966764 8957051.612237254 -2450.416465076523
v 219856.0426070411 8956558.381713554 -2670.483012085026
v 219729.144227965 8956551.982158959 -2665.575261064942
v 219977.3173759387 8956562.088170268 -2673.422488829086
v 219792.7403677564 8956641.220057987 -2638.701795699215
v 219919.0494618364 8956642.577388294 -2643.913853328934
v 219682.747092644 8956633.642900202 -2634.138888464332
v 220738.1679415817 8956423.996608095 -2713.699554058297
v 220675.5934114569 8956374.183404006 -2730.185714141856
v 221179.140309045 8956613.852337541 -2636.285668060927
v 220675.2445670129 8956202.486796994 -2778.701828530994
v 220738.3296601337 8956126.068145979 -2798.285671361733
v 220801.1639940765 8956075.633447448 -2810.785752480092
v 220864.3219122602 8956030.38660307 -2822.150121437312
v 221242.3852704665 8956031.410392972 -2817.826320726506
v 221305.1324140345 8956070.394066097 -2805.546371129346
v 221368.058405127 8956110.999071348 -2792.444999227669
v 221434.1941251967 8956205.357212877 -2762.188300682514
v 221431.1245190239 8956340.430140002 -2719.222957778284
v 221430.9761687721 8956474.307340469 -2674.591375866823
v 221368.5057268313 8956566.382329213 -2645.144598425971
v 221241.7642180588 8956659.3249075 -2617.458642478958
v 221305.1324140345 8956609.938058382 -2632.371388902688
v 220738.3539292217 8956558.354043871 -2670.438671653078
v 220675.1642942562 8956467.358718749 -2701.503268748689
v 220612.1758365923 8956425.931177789 -2715.634123752356
v 220612.4349390577 8956126.221326526 -2798.627061220484
v 220738.3045098943 8956030.210039301 -2822.369464829034
v 220675.171889087 8956075.839644721 -2810.991949752105
v 221368.5070151792 8956017.786049215 -2819.421622879649
v 221431.1245190239 8956068.246297143 -2803.398602175824
v 221494.0412708766 8956111.412200609 -2789.091995513028
v 221494.739535446 8956553.458064066 -2644.134136903253
v 221367.7924305102 8956657.940231191 -2612.338253541055
v 221431.1245190239 8956605.789211448 -2628.222541967778
v 221309.8756695563 8956740.352180682 -2584.580387530794
v 220610.9859472696 8956561.048904819 -2672.597619676459
v 220675.622322638 8956642.295441974 -2643.259918625933
v 221557.1166240134 8956065.843373496 -2800.995678527644
v 221620.5968389432 8956016.414363617 -2814.250129298382
v 221557.1166240134 8956601.441199506 -2623.87453002646
v 221494.5500747096 8956017.143414937 -2816.996796242562
v 221551.3362940778 8955930.75355587 -2840.697473457144
v 220423.2085163916 8955938.779673915 -2838.695297655267
v 220486.26255595 8956030.099155188 -2820.449869253883
v 220554.8524202254 8955930.350194944 -2843.524357915195
v 217195.3721185156 8955867.742277808 -2356.862047511197
v 217271.9167062236 8955852.121436343 -2381.388792348407
v 217331.4910075298 8955765.216112843 -2423.603898717176
v 217414.5122469639 8955739.996992745 -2453.745051619602
v 217462.3732118551 8955799.974773819 -2446.037207037931
v 217529.8372892238 8955754.864544975 -2477.459696526769
v 217147.3929493814 8955804.879936161 -2361.852497564774
v 217221.4494525287 8955755.76961153 -2395.698057066567
v 217330.3875678903 8954957.664350895 -2505.052353364361
v 217392.2981949066 8955047.495914664 -2529.521004026271
v 217098.6327343218 8955739.896106154 -2365.82602499961
v 217459.7624251507 8955045.891373139 -2551.69078734578
v 217401.975709484 8954868.740688423 -2527.320397747575
v 217431.1110414915 8954957.555259435 -2538.727796110397
v 215547.8766880489 8955328.984993156 -1972.081990068511
v 216275.9769427816 8956024.994000353 -2030.719624604036
v 216396.0965752336 8956034.473760687 -2079.958442751554
v 216441.8872708765 8956118.583230719 -2067.70024786717
v 216201.4755825164 8954781.282830136 -2316.73947369895
v 216328.125460897 8954788.094246034 -2318.233225028936
v 216528.2129548603 8956101.3846549 -2108.57201308153
v 216593.3662047136 8956187.676728694 -2102.723477299542
v 218157.9167962741 8956213.839306561 -2438.520495644542
v 218093.757920745 8956287.942004403 -2402.018595311281
v 218043.928143263 8956365.092370458 -2366.89167604309
v 218281.5261467714 8956114.418638347 -2493.878765108122
v 218230.7785660521 8956189.248865966 -2461.341000389893
v 218346.8171122579 8956036.263273619 -2529.031195715382
v 218219.5657420439 8956290.299518071 -2428.392509885058
v 218160.5453048868 8956377.237727745 -2388.170834456085
v 218092.3337368025 8956424.631625133 -2357.975083839252
v 217580.1668121291 8955048.864413846 -2586.580393214284
v 217652.6862311641 8955136.047457755 -2608.097989729843
v 217524.1577038834 8954957.134237792 -2566.662991422192
v 217639.9663471966 8954957.838326374 -2596.058749381042
v 217716.0275434179 8955047.23882645 -2617.211132671383
v 217747.2078122046 8955135.735003062 -2626.238686829819
v 217839.2437591593 8955135.410264827 -2640.285079686952
v 217965.9124521918 8955135.68474663 -2655.459965909501
v 217791.3373709481 8955067.792335302 -2631.772734113192
v 217902.523882791 8955046.253893729 -2647.500465514101
v 218029.0806241053 8955046.569103584 -2662.298961135204
v 218092.2194057455 8955135.761001935 -2666.4398090175
v 218419.778469159 8956010.758558601 -2550.103697648421
v 218408.6949624149 8956112.114940787 -2521.04915333003
v 218357.4738306829 8956201.143021598 -2485.158688897747
v 218281.3218942868 8956252.754295234 -2453.367369382654
v 219224.4618192231 8955939.749506086 -2723.992726771374
v 219051.6272644066 8956109.582843181 -2663.582253301712
v 219101.0338459655 8956025.405593727 -2688.043903269825
v 219150.7521155128 8955955.043044975 -2707.893545008897
v 219161.4340182782 8955850.573800061 -2723.191671206855
v 219730.2311016658 8956685.57611558 -2618.919574287158
v 218924.0070923897 8956097.980285857 -2636.95744190895
v 218987.5941271358 8956020.772011567 -2664.603006351633
v 219038.0428424206 8955936.407484187 -2688.050071108882
v 219088.0701386877 8955865.701717187 -2707.197918964322
v 219225.5190246136 8955760.120625162 -2745.244131854782
v 219283.4965229173 8955673.032863297 -2764.569603457283
v 219353.2950610317 8955579.723320719 -2786.00798392975
v 219401.5552433744 8955511.497483216 -2800.557516482727
v 219476.8753053446 8955493.658250116 -2814.989393354096
v 219603.6798504224 8955492.7956366 -2834.242737836508
v 219108.5051787568 8955762.155077819 -2723.338197777506
v 219162.4309617398 8955671.099330805 -2743.109541220846
v 219223.7040176736 8955582.448047101 -2763.057182827108
v 219290.282253343 8955490.818449713 -2783.953300343131
v 219339.1924968265 8955421.733600758 -2798.987875978701
v 219413.7500916251 8955404.609358547 -2813.905132355905
v 219540.6499805789 8955403.68692207 -2834.580392952913
v 218734.536799899 8955664.549098212 -2667.393959706612
v 218211.6993277268 8955138.851435013 -2673.797133275606
v 218281.5003724124 8955046.227853905 -2682.782993053272
v 218344.806808583 8954956.646574436 -2693.134557806228
v 218471.2013610665 8954955.711927693 -2705.175363915304
v 218581.2439858501 8954978.013654916 -2714.45001942766
v 218658.2171379763 8954959.191389153 -2727.137465566975
v 218973.0553467126 8955404.1856 -2733.003300100872
v 218926.4376559592 8955469.955930848 -2718.21472544762
v 218784.7432434025 8954958.276858127 -2746.362191268303
v 218847.7107933378 8955047.356990609 -2746.430622513155
v 218910.721662637 8955136.360392578 -2747.631131361177
v 218986.2587971305 8955225.214846347 -2752.418760465986
v 219048.7210698105 8955308.082321141 -2756.201600856421
v 218912.8872717732 8955579.557288546 -2706.025706844354
v 218848.8968172333 8955669.577919953 -2685.618231882183
v 218658.2302996135 8955761.812930116 -2642.648296565422
v 218797.6726226144 8955753.662232021 -2666.674041430789
v 218150.831472818 8955045.515735716 -2673.219981223578
v 218218.5470262292 8954957.286307262 -2681.748623164325
v 218281.8817585444 8954867.837428659 -2691.688918716162
v 218408.3085302605 8954866.947076691 -2705.726994712164
v 218517.8306946651 8954889.817256968 -2715.93355790958
v 218595.2685117304 8954869.879504154 -2728.383543839936
v 218721.7803829934 8954869.136849834 -2746.814499595144
v 219106.8110813411 8955399.654752811 -2758.655129947023
v 219036.1875090042 8955493.135022828 -2736.759158281265
v 218988.3399280541 8955560.633475129 -2721.349236989541
v 218839.8872430919 8954872.14318613 -2765.797065464059
v 218902.5063923234 8954961.474001639 -2766.159435593435
v 218964.1957804814 8955051.341383489 -2766.991700540795
v 219024.6094074284 8955141.908456294 -2768.423364436231
v 219100.9474461483 8955224.064497059 -2774.640526167766
v 219164.0921580768 8955312.998466387 -2777.918542731551
v 218976.0179916034 8955668.335036652 -2708.642765040157
v 218911.9650277028 8955758.506140485 -2686.715946591723
v 218596.3021567605 8955802.413353529 -2626.655530376321
v 218645.0858538533 8955867.569168113 -2622.820778910022
v 218597.115175459 8955935.807142111 -2600.914893357039
v 218538.6531818288 8956019.80718038 -2570.934251905521
v 218485.8458131338 8956095.699694017 -2541.611499185537
v 218720.8589487192 8955851.336880472 -2638.842028036287
v 218709.6646959945 8955954.590671536 -2618.514007932362
v 218648.0004345233 8956030.410132457 -2590.6704606945
v 218595.0106928663 8956118.872139879 -2558.906265702002
v 218085.390982114 8954249.2525666 -2676.742129920879
v 218157.0983754057 8954154.376396649 -2700.646836353222
v 218040.3510075428 8954334.01842265 -2662.516441064952
v 217874.8395239211 8954423.01602855 -2623.919932759457
v 217964.9017434805 8954422.982424732 -2644.286082048007
v 217587.1959158671 8953713.263000427 -2641.545045450383
v 217724.7163872446 8953706.452136939 -2666.779034022464
v 217841.2777128361 8953708.393680779 -2689.634938664805
v 217953.1181486772 8953728.433081843 -2709.533011419031
v 218016.7020004463 8953817.20388367 -2708.382667726523
v 218079.4999095208 8953907.066726575 -2709.435855928316
v 218141.5810296772 8953997.933330189 -2712.506497451034
v 218187.842945859 8954066.656541293 -2715.805479269906
v 218232.6968973209 8954134.127946455 -2719.843817946475
v 218220.465280922 8954243.36391582 -2708.507669990157
v 218156.2891374973 8954333.425647035 -2688.726480374339
v 218094.6628715979 8954423.459119156 -2672.051773286536
v 217911.8493979734 8954511.535092518 -2633.531623192488
v 217842.3527560614 8954512.509194728 -2619.160495261533
v 218028.6316039691 8954512.036989944 -2657.472473062174
v 217335.6647588432 8953978.917512992 -2558.96428569269
v 217400.8834069266 8953882.30777009 -2581.762374915955
v 217463.1296624922 8953796.75459764 -2605.960763120499
v 217509.6683896771 8953730.125288248 -2625.638906721775
v 217524.6372563576 8953623.329332165 -2651.47865082899
v 217651.4823213906 8953619.791274866 -2672.21429113037
v 217778.5043068163 8953618.4562189 -2695.778692271524
v 217888.7564200784 8953640.719048485 -2712.840207545124
v 217964.8763383084 8953623.878739888 -2732.650284618871
v 218027.6097982285 8953712.986321356 -2729.417924734139
v 218090.4791186697 8953801.823093837 -2728.529342933278
v 218153.5108509804 8953890.488819342 -2729.892425177948
v 218216.6965630728 8953979.098488946 -2733.181294989827
v 218279.9930245877 8954067.742698899 -2737.886660811659
v 217211.7537912042 8954078.18719957 -2532.225681637631
v 217209.2624241652 8953979.961644979 -2545.391980805784
v 217272.8985014209 8953889.65310334 -2566.419813334181
v 217324.3786675325 8953802.665694516 -2587.822847586298
v 217400.4033662949 8953706.363697594 -2616.513369350924
v 217462.3732118551 8953669.255339591 -2631.65443997395
v 216705.6029125228 8954515.489598356 -2374.530608450487
v 216517.4350021461 8954689.035508111 -2329.454315022718
v 216580.7105445241 8954597.742171088 -2347.917769496913
v 216643.4245294234 8954555.350386495 -2359.581153294513
v 216579.7043289347 8954501.042653382 -2367.939219034321
v 216643.0736765294 8954424.762187978 -2389.091392860852
v 216770.146323017 8954420.085165298 -2404.233590763245
v 216391.4151022247 8954689.133511871 -2330.198668864663
v 216454.4964022532 8954598.379419468 -2345.059609756971
v 216517.4324244339 8954550.517090598 -2354.747857398097
v 215942.6400855405 8954603.991980467 -2319.639898467579
v 216015.0627611932 8954685.545199081 -2315.260023851289
v 215458.141333723 8955297.89576591 -1927.494205273771
v 215394.3344073975 8955209.88339529 -1929.718455237672
v 216139.5887510627 8954689.618588455 -2325.005058387452
v 216265.5097872243 8954689.258549528 -2329.817697248555
v 216328.5315663633 8954598.776279029 -2343.900119911291
v 216076.8012225834 8954599.750789996 -2333.624062103148
v 216202.6948971987 8954599.169992806 -2340.820507659188
v 216833.4700074767 8954330.771178063 -2433.564626657481
v 216942.686819367 8954354.944179531 -2448.673131700747
v 216701.7802656096 8954339.774942134 -2413.913409359616
v 216770.932987408 8954254.928677084 -2440.681027645131
v 216846.188349115 8954226.538809992 -2456.737207539421
v 216895.4087394024 8954290.77684523 -2451.367099286267
v 216957.3175919113 8954246.748898016 -2470.765903144499
v 217523.8635876581 8954779.137634126 -2559.823618264095
v 217469.8933264545 8954867.820324417 -2547.790622383573
v 217598.3699915488 8954690.198408844 -2574.734293544699
v 217019.1951549735 8954156.510318078 -2495.487398875193
v 217148.040144522 8954154.320841547 -2515.451601140389
v 216894.7604836307 8954157.256941583 -2476.94548966838
v 216945.7592553812 8954070.463320212 -2499.37045882331
v 217085.0638106362 8954064.623384554 -2518.451423058552
v 217778.7403807246 8954601.666821672 -2608.962090306937
v 217715.2408038926 8954690.632180942 -2599.651705858961
v 217643.4092950136 8954774.101260811 -2587.882181293689
v 217596.5781310011 8954866.003381908 -2581.100710992274
v 217132.7948768734 8953996.561588021 -2534.156121460153
v 217872.4357935861 8954601.195772178 -2627.319320799475
v 217146.545462194 8953890.794975415 -2553.094046308722
v 217831.9214596543 8954691.264826715 -2622.937502548716
v 217779.0355091426 8954780.075268852 -2616.555579576493
v 216202.1770447999 8954335.655258115 -2384.547102284747
v 216328.2851192061 8954335.221383812 -2390.856396571045
v 216705.8679702181 8954068.847194329 -2472.339240932411
v 216658.709226469 8954136.433864746 -2453.588036573096
v 216459.2410747623 8954327.679074908 -2398.45194908397
v 216012.4288062824 8953802.129325066 -2461.34967893094
v 216080.9382269841 8953704.265046502 -2487.342784304785
v 216139.9280576847 8953619.646990569 -2510.042312041614
v 216266.241530572 8953618.123581175 -2524.472427088033
v 216377.5959982917 8953638.517214447 -2531.405269753848
v 216453.1744539835 8953609.652715012 -2544.399502358129
v 216517.4324244339 8953665.312643725 -2538.621872294252
v 216581.614118438 8953721.455114633 -2532.979928168138
v 216644.0183084177 8953796.206713332 -2523.029864665801
v 216706.7447919807 8953886.751634143 -2509.833875135567
v 216766.5407537204 8953981.745221471 -2496.070731756752
v 216643.9475758124 8954241.999277232 -2429.743183711578
v 216581.9141848784 8954332.422706351 -2404.771658963886
v 216836.5970836184 8954061.05667809 -2487.738499640773
v 216768.4077985326 8954159.147884522 -2460.364583041494
v 216706.4205819182 8954195.6459135 -2445.326039371671
v 216265.1249281228 8954425.846392497 -2371.545831716037
v 216391.1904097014 8954425.700000878 -2375.996049857808
v 216517.1296416903 8954425.472180836 -2380.91003095916
v 216013.0178425514 8954246.368827352 -2385.673473459807
v 216075.9189142524 8954336.254187642 -2376.024566689849
v 215950.1551460078 8954156.609241402 -2393.914202233477
v 216138.6859160841 8954411.625843793 -2367.503660174844
v 215896.2094260255 8954063.71068795 -2402.157874475058
v 215888.4069256431 8953886.295933977 -2429.926169753415
v 215935.1112133756 8953819.77946863 -2447.536789765374
v 215824.4102822849 8953977.374540582 -2405.402758756873
v 215949.5310816966 8953712.432673361 -2468.224381273969
v 216013.575685043 8953618.544329431 -2493.872478369686
v 216077.2764154797 8953529.727648798 -2518.742135433778
v 216204.0207023232 8953543.056916013 -2531.837419545766
v 216328.4442669497 8953576.300220935 -2538.699321318734
v 216579.7660113495 8953624.262938133 -2553.01379171021
v 216657.6780586793 8953692.381415831 -2545.533110015565
v 216706.4205819182 8953752.756134687 -2536.975491442195
v 216770.5658536479 8953810.022804255 -2531.219662912958
v 216833.0324954653 8953885.486778893 -2521.93343919552
v 216895.8082583653 8953975.849080585 -2510.777646487606
v 215886.4386260108 8954247.428662295 -2371.279926364417
v 215949.0450642327 8954322.173794553 -2366.291257703876
v 215823.4644602641 8954157.816500306 -2376.916425223934
v 216061.3724474336 8954442.312501648 -2356.970242294622
v 216013.464004476 8954380.568596495 -2362.979106925807
v 215760.450907626 8954068.370730728 -2380.658823608051
v 215757.9057892058 8953890.016270112 -2407.49693631586
v 215825.7324083597 8953796.836425368 -2434.431565769491
v 215887.4718994865 8953755.913278516 -2451.042763458243
v 215697.3708133349 8953979.104419611 -2382.405260254058
v 213924.2399617303 8954429.175660104 -896.6758979647723
v 213992.5490740869 8954414.581764139 -973.2887877032263
v 214076.7356596506 8954413.108789943 -1059.011403549627
v 214366.7034922319 8955045.907706391 -904.4628050497058
v 214147.4616668831 8954408.077273984 -1142.660906038748
v 213852.0154325921 8954345.823838009 -902.1423730336062
v 213928.5577727605 8954337.544444693 -983.4812516770701
v 213995.6598431862 8954331.317607246 -1057.735865877438
v 214074.2353310174 8954325.379473954 -1149.37024387228
v 214435.5429091939 8955044.129871096 -982.6124048315251
v 214414.5994822548 8955148.81527406 -914.0725655730284
v 214213.9453407677 8954405.322052393 -1228.639782106947
v 214142.6274748949 8954321.715857266 -1234.581716766507
v 214483.3509951715 8955224.824874876 -960.1294696945911
v 214535.3226360152 8955224.824874876 -1021.329108613584
v 214653.6123715019 8955299.406588491 -1131.888723687008
v 214587.6601934932 8955224.824874876 -1087.103230604342
v 214483.3774403573 8955150.996714724 -992.5979977458442
v 214550.7638753918 8955147.404995728 -1079.005582646089
v 214615.5178227793 8955145.81288654 -1166.9793365934
v 214665.2126411938 8955245.569965648 -1176.204585456482
v 214736.1421428917 8955313.914746691 -1226.709340311337
v 214499.5192947141 8955048.412759144 -1061.774288551422
v 214566.9691580877 8955049.344060814 -1155.62782481291
v 214276.9913215112 8954404.575649031 -1316.972717221424
v 214338.4394124097 8954404.986820668 -1406.840940711617
v 214400.4898634602 8954405.245593375 -1496.766324903167
v 214208.4511811749 8954319.467656169 -1321.375902120559
v 214272.8789171919 8954318.039817991 -1409.246645612558
v 214337.5559601975 8954316.476831879 -1497.242063242988
v 214465.1209859664 8954403.941132627 -1585.29254269771
v 214679.1596836634 8955145.029305046 -1255.550679240351
v 214404.2181712587 8954313.630878324 -1584.279079707344
v 214593.1282153566 8954491.570547603 -1673.763415410334
v 214516.2195166937 8954401.37138759 -1650.329460780846
v 214598.3924875469 8954436.263771139 -1718.396613603677
v 214538.4149268361 8954352.539888902 -1709.300825409583
v 214743.2582885483 8955143.847453535 -1343.660585030975
v 214470.7833682387 8954333.926156735 -1647.140647292854
v 214424.5244202731 8954265.745102758 -1644.379624908344
v 214479.4767458679 8954260.514478674 -1706.45880486456
v 214809.1119772225 8955141.388368733 -1430.535982239667
v 214563.3831180882 8954244.636939328 -1794.448509405658
v 214613.8250024978 8954343.706169201 -1790.09117321076
v 214671.550681026 8954436.515547063 -1793.445038313087
v 214949.3347808727 8955131.066003334 -1599.318305997912
v 214876.2723299372 8955128.415071394 -1520.358649785094
v 214749.5434773243 8954417.952959379 -1874.892711352397
v 214937.6222836771 8955220.023944234 -1526.047079504743
v 215004.1238379381 8955227.386008097 -1590.861889852004
v 214865.804692046 8955235.122453989 -1434.589711679165
v 214797.6397969013 8955239.464003157 -1349.358045043017
v 214731.1171748579 8955242.73635599 -1263.061140331522
v 214691.1261457146 8954334.478031311 -1862.704706440542
v 215087.3452809597 8955212.270647289 -1681.549281790595
v 213445.4914983807 8953430.677832605 -1146.749093129639
v 213500.788109462 8953541.799733195 -1151.528224457842
v 213552.9567032032 8953616.896448642 -1167.73543234832
v 213609.5263695813 8953717.658505611 -1164.841916535133
v 213669.4080511207 8953808.713043051 -1166.722388127999
v 213469.6146088143 8953353.937566781 -1228.440661724602
v 213508.9242437921 8953430.835851552 -1235.84918819958
v 213563.1829064079 8953527.178625105 -1242.623580169182
v 213620.0469731401 8953622.906044466 -1245.505002635228
v 213684.2618901612 8953707.810007706 -1258.747555324006
v 212907.2518550121 8952845.961335726 -915.5080104607309
v 212970.4964705603 8952831.440587159 -991.3542045323029
v 213044.5313467416 8952824.372077277 -1073.894985550814
v 212829.6955710116 8952799.709788984 -872.3613343544016
v 212849.7425396479 8952750.125594098 -930.4000605831602
v 212904.3483494884 8952745.450771604 -993.8088539740606
v 212976.1036916743 8952739.461264819 -1077.546556872313
v 215146.4396183839 8955203.902694944 -1739.774696673186
v 215235.8439349397 8955238.97876282 -1793.741606301943
v 215320.8744983271 8955225.224463996 -1868.179460201286
v 215209.5698439041 8955292.805785526 -1739.398166127296
v 215149.804892689 8955301.770548603 -1682.024805702796
v 215068.1379091839 8955315.03433539 -1597.69166585378
v 214995.3088463549 8955321.232987966 -1520.913001041968
v 215299.8787439422 8955327.225653414 -1792.995186469462
v 215384.3397070637 8955314.784469875 -1865.082557421197
v 215368.1468841541 8955512.96879831 -1735.299377909697
v 215364.6562945048 8955414.956586361 -1791.837678245813
v 215341.0993652888 8955567.987318516 -1681.34066703936
v 215320.5074270338 8955447.457460096 -1737.160406058333
v 215272.9272616617 8955381.497461669 -1738.488922801052
v 215276.392385602 8955479.813133616 -1682.05957850519
v 215772.6858890887 8954508.085830189 -2311.261493481436
v 215881.8602880641 8954519.634828946 -2325.814171079532
v 215570.9375879545 8954425.573121997 -2286.872695207743
v 215702.4739731067 8954421.512050807 -2314.413341174356
v 215825.1685000963 8954421.344831463 -2334.561978082542
v 215951.4279210721 8954419.980331026 -2350.657841808981
v 216014.0856816117 8954509.835410394 -2342.349778591396
v 215390.7562432068 8954158.494954515 -2280.974913218445
v 215444.3817733656 8954246.772866901 -2284.96103977676
v 215507.8437755697 8954336.069919189 -2287.795736432055
v 215334.0396408175 8954045.371838344 -2275.914523954286
v 215452.952804712 8954063.419430714 -2311.693546986447
v 215510.9934550437 8954155.036669638 -2315.388240833264
v 215568.0206728409 8954239.988321733 -2316.890264492234
v 215636.0213004545 8954335.122303374 -2316.4929642286
v 215762.4681490572 8954331.829866631 -2339.814819698418
v 215190.6052538725 8953975.420062311 -2229.469168534702
v 215290.8946872341 8953977.566669479 -2269.12553359463
v 215138.1587936928 8953884.709225895 -2219.096872705386
v 215246.0927104204 8953906.524689924 -2261.443117268996
v 215318.1877281101 8953889.966986224 -2291.17614870039
v 215395.8279172364 8953971.187885158 -2306.244469179776
v 214421.1390896407 8954168.107552879 -1703.310136683389
v 214346.5122676966 8954176.131237682 -1621.982545917821
v 214286.6528195113 8954084.862557942 -1619.590966346911
v 214264.2314804744 8954134.68840019 -1561.831628129279
v 214342.4440753484 8954231.436130822 -1576.909309337963
v 214217.6094600182 8954066.656541293 -1559.733262867236
v 214171.8948889707 8953999.480105277 -1557.206993224201
v 214110.5539749355 8953908.178146731 -1552.654187234298
v 214032.3510066215 8953819.01727093 -1530.984433871797
v 214936.0231390661 8953713.673248462 -2149.898064849239
v 214971.2822966625 8953621.207182223 -2186.586480159205
v 215016.44433509 8953692.874992058 -2194.385522744471
v 215077.7276974511 8953801.012802932 -2204.321821012879
v 214210.6183938546 8954139.146129452 -1498.755525010991
v 214148.1396765652 8954049.647345034 -1498.823542283489
v 214086.7863331005 8953959.396339944 -1498.242017278916
v 214025.5097615001 8953876.781100176 -1491.317735123726
v 213947.8486045094 8953780.165985521 -1476.562423924333
v 213886.1916046838 8953688.869788889 -1472.462392661388
v 214379.6421721876 8953263.539237943 -1948.128582768577
v 214469.326969369 8953264.847694967 -2005.559793582828
v 215065.780089016 8953622.535897424 -2231.437234814364
v 215122.7103517167 8953714.865519442 -2239.622335992336
v 215197.8040060213 8953796.768593013 -2258.430298647118
v 213708.8594608655 8953513.943179475 -1409.736475091299
v 213767.8737007699 8953605.790187426 -1412.076495029246
v 213841.0588258109 8953621.207182223 -1468.62717398507
v 213632.3489234753 8953423.844590507 -1388.245213125875
v 213983.7096875575 8952927.961118417 -1820.900532209133
v 213827.435246238 8953697.307534106 -1414.027525663085
v 213691.4398331695 8953614.997567164 -1330.680953592689
v 213751.3028869852 8953706.343780126 -1332.721754236829
v 213632.8706801244 8953522.610421328 -1327.65458693298
v 213575.9229783363 8953428.643081626 -1323.12113996149
v 213920.9081438714 8952838.606182985 -1820.360391593842
v 213994.375703976 8952825.24856553 -1884.140549253431
v 214057.9302861755 8952906.319199588 -1886.397915591666
v 213368.810521231 8952373.49801169 -1591.749065927272
v 213199.6271596891 8952178.876524772 -1500.415628863155
v 213269.4649887115 8952181.537762323 -1577.61906240659
v 213323.039682577 8952270.857638525 -1592.029767210903
v 213145.5402727776 8952106.679361384 -1472.250354612566
v 213197.7138344278 8952106.679361384 -1534.400096981196
v 213337.6970464012 8952195.769233199 -1645.948998322321
v 213380.5856603489 8952264.00810286 -1653.534208466906
v 213279.8526656404 8952125.622637205 -1620.330798215268
v 212683.2871904132 8951928.910075281 -1056.633985287874
v 213037.2993230684 8951940.060193077 -1436.315215910617
v 213091.3622835661 8952036.839705298 -1442.730356039175
v 212335.0923136683 8951502.625976359 -907.6511668671419
v 212403.8039784508 8951497.773204008 -992.8017595916774
v 212472.1275047536 8951493.40155212 -1078.267189720632
v 212526.2768424984 8951588.782231798 -1083.82003151066
v 212582.9028578911 8951674.413971433 -1094.635846524794
v 212643.1388103755 8951750.319874128 -1113.674854729268
v 212704.502641683 8951825.385404995 -1131.619866701356
v 212285.9701134356 8951402.709684508 -898.3778496491013
v 212350.1930933617 8951384.210911974 -989.278582345491
v 212417.9395421343 8951388.483505074 -1073.878636715739
v 212539.8551086457 8951489.660089735 -1164.168324814153
v 212595.916689621 8951583.598444577 -1168.577571466393
v 212653.3636316321 8951676.358740462 -1171.858039478918
v 212711.6229502153 8951768.547380047 -1174.49694556261
v 212486.0511743816 8951393.691542765 -1159.196083841955
v 212787.4191083657 8951858.712260334 -1196.20383036116
v 212036.7460723254 8950048.347553574 -1168.365554257705
v 212258.1403980334 8950770.331284175 -1177.383231650872
v 212283.3599282987 8950694.063599788 -1258.613493235443
v 212255.7018000135 8950839.167366181 -1140.009342334917
v 213421.5533008845 8952113.192558706 -1787.679804442807
v 213494.7956859611 8952108.883082656 -1869.378416642261
v 213350.2121308381 8952119.549183123 -1704.233339395736
v 213225.2801958286 8952029.936028697 -1614.935657203073
v 213168.7179625252 8951935.826337459 -1610.566685501685
v 213109.989233693 8951843.481994908 -1607.586997819295
v 213047.5981894677 8951482.580201888 -1862.309293917222
v 213051.556005465 8951571.98161209 -1780.285772872488
v 213122.1272169978 8951478.824092513 -1955.911397729742
v 213197.1295594499 8951471.547508923 -2038.392394459031
v 213057.2418329152 8951661.832829941 -1701.03636152424
v 213256.9384704679 8951463.239163101 -2096.707263354031
v 213049.3062235738 8951752.678453296 -1605.959939368521
v 213279.4417058816 8951408.570965448 -2150.90157448294
v 213568.9099390552 8952097.953668069 -1952.361864190691
v 213370.7977177685 8951395.031200714 -2217.055103120534
v 213406.2155642915 8952213.684637513 -1708.357185489571
v 213158.0721686458 8952033.540089469 -1529.021206278941
v 213102.9439425337 8951938.02105209 -1523.53905545173
v 213045.0023878776 8951844.945472669 -1519.922464415832
v 212988.6961464838 8951483.71695577 -1782.468853822259
v 212988.3366854845 8951573.056972496 -1693.631240396893
v 212987.2973711498 8951662.877525205 -1605.26958943168
v 212984.7888015343 8951753.75533315 -1517.931990030657
v 213304.753897498 8951305.127466135 -2227.390180355998
v 213646.1358417296 8952088.138659263 -2033.129887202465
v 213382.4449855788 8951284.883024696 -2275.397339996987
v 213430.6258521915 8951349.365640374 -2271.7419206665
v 213478.6139215392 8951414.150913788 -2268.661815577225
v 211931.6886077666 8949957.103108369 -1058.725024514177
v 211991.7674645779 8949959.537264179 -1150.035845488376
v 212054.7433488058 8949970.43985525 -1242.947466645645
v 212111.5046659221 8949972.395467369 -1331.317148832637
v 211870.608357206 8949955.604122205 -968.3101666544935
v 212340.5051381259 8950699.373943411 -1352.472667263891
v 212300.1622043852 8950770.331284175 -1247.258205396475
v 212340.5425134581 8950770.331284175 -1314.702361680167
v 212314.0729292948 8950843.657352656 -1233.011744795527
v 212170.869123042 8949968.551620437 -1425.583438240959
v 212409.6847845573 8950591.150670519 -1520.630943495768
v 212390.2462429952 8950695.640401972 -1436.490055415853
v 212396.8002209238 8950770.331284175 -1407.239380653059
v 212065.166715309 8949861.091362674 -1320.043832899748
v 212126.2432621326 8949862.679443877 -1410.761405722044
v 212188.3158313368 8949863.419576803 -1500.771769668733
v 212251.8890735013 8949862.832120195 -1589.712702737724
v 212004.6113150711 8949859.102967197 -1229.007877796775
v 212473.414672454 8950603.528135696 -1613.506627996364
v 212446.5837795214 8950681.24141236 -1533.70834216713
v 212445.2169219804 8950750.209419657 -1496.461452689817
v 212317.6340240907 8949860.316685589 -1677.204667931725
v 212336.2436489361 8949805.026595898 -1717.777439899333
v 212255.4965459441 8949790.342694221 -1622.31704341872
v 212291.2778894771 8949698.361703724 -1697.14746294893
v 212859.7713077024 8950234.169162063 -2145.359304222908
v 212825.6978941969 8950324.881925104 -2102.755527851036
v 212796.3020747538 8950410.991889663 -2060.718859051831
v 212764.8031727999 8950503.061668733 -2010.693925099656
v 213887.9417389747 8953788.195398126 -1415.430704325674
v 214206.0323795394 8952985.334647899 -1950.161286993708
v 214268.9278188549 8953074.239947436 -1950.315140640099
v 214325.8237779417 8953174.404249312 -1946.106296418184
v 213949.5266498405 8953878.300032642 -1416.16716579683
v 213731.6729613678 8952126.572961289 -2088.665105987144
v 213732.1514988304 8952026.552068416 -2145.768430582639
v 214073.6663873848 8952712.970431693 -2013.231091444967
v 213810.1190020921 8952018.568808481 -2214.043664946273
v 213883.8453520477 8951998.806470454 -2280.233587316386
v 214249.5745346232 8952503.07435259 -2267.28229930138
v 214300.9155514527 8952566.770397222 -2258.371181625432
v 214267.3426847202 8952617.313542925 -2207.304118805057
v 214164.8597293814 8952743.533456806 -2060.371009792095
v 214252.2359849828 8952732.036859233 -2127.381510861751
v 214138.6663338729 8952799.306156304 -2007.643010180212
v 214074.3100164823 8952810.938511683 -1952.849272484913
v 213755.228262272 8951929.861379093 -2213.9726239515
v 213822.6610769275 8951907.011255309 -2274.966003850599
v 213919.1162107185 8951930.562064352 -2332.411462989968
v 214004.3278893669 8951925.849998835 -2388.331304600034
v 214374.4856386732 8952546.89281233 -2309.113652675361
v 214365.0911222752 8952650.632868694 -2243.846190141959
v 214327.5349609373 8952711.491926018 -2187.26743687724
v 214234.1004069092 8952828.857983971 -2057.027642357798
v 214319.6771320006 8952811.815983996 -2123.272479542507
v 214140.9109412341 8952897.739624692 -1951.126833386124
v 214186.5784821284 8952863.373798609 -2003.952642620517
v 214234.7714021193 8952928.68756788 -2001.111330830998
v 214298.700687732 8953016.993830647 -1999.007930850733
v 214361.7813717552 8953106.518503454 -1999.323044787993
v 214423.9911794389 8953197.285206255 -2002.111793848653
v 214498.7354519981 8953175.990953065 -2057.593637400184
v 215568.8720083912 8953622.852894913 -2408.235135902349
v 215444.1074073177 8953623.661445053 -2373.755009094451
v 215952.5445566287 8953364.556812331 -2530.701821495812
v 215873.2270340188 8953448.438499715 -2502.254901777183
v 215823.7664077647 8953533.42106558 -2478.542183766711
v 215774.8657673507 8953602.78556338 -2457.164167594565
v 215700.3134433815 8953618.141369 -2439.692323651057
v 215318.5932599119 8953000.955400899 -2465.734309596671
v 215375.2177260215 8952911.468731329 -2500.941349103992
v 215497.8463160371 8952924.267107738 -2526.769864297835
v 215569.8626536832 8952898.10030758 -2547.701990714971
v 215703.4358415654 8952901.778994638 -2573.609925171333
v 215760.6782056365 8952999.23434769 -2565.787459276172
v 215823.459940465 8953088.80848111 -2560.27274680839
v 215886.2596320396 8953178.406017888 -2554.439432124375
v 215949.0795274079 8953268.049765021 -2548.142163237103
v 216026.7605602107 8953336.37506539 -2547.239611762176
v 216014.6454283604 8953439.913040373 -2526.47969662869
v 215942.925708512 8953534.895959828 -2498.311192643338
v 215886.6450336312 8953622.874574175 -2473.891720545595
v 215630.8615411189 8953712.398488527 -2408.708792166921
v 215507.5556846087 8953712.298551463 -2377.500304963658
v 215839.0409357845 8953690.443917155 -2454.065127804208
v 215763.0390748088 8953707.46390491 -2437.603493358682
v 215433.7805865901 8953729.14588093 -2353.172799187842
v 215372.3345621839 8953637.792372081 -2348.717091409899
v 215314.0599364703 8953527.397299945 -2349.271337093873
v 215260.3092143744 8953439.625210546 -2347.79585705628
v 215197.0792124083 8953350.613297835 -2344.32948157645
v 215143.4216716865 8953159.142481059 -2371.978658356439
v 215192.7874866629 8953087.278706014 -2407.26659914706
v 215244.5618521816 8953015.273971379 -2441.435820975718
v 215255.9509599373 8952911.468867565 -2470.629501805304
v 215307.2387449975 8952824.002285786 -2504.66595520491
v 215433.31182826 8952837.187339392 -2530.955643803879
v 215507.796693722 8952822.838281265 -2550.10202633493
v 215644.2704476638 8952816.160246447 -2578.762512356226
v 215810.9494093927 8952913.431752745 -2591.054251591373
v 215762.2521645795 8952817.783192085 -2600.410448118379
v 215881.0792878837 8952999.887991209 -2587.043622031671
v 215950.245180541 8953083.51347666 -2582.857819983209
v 216025.9570529072 8953171.597294355 -2578.081800314959
v 215260.8406882274 8953619.596581258 -2312.957881572462
v 215315.5811957473 8953706.33762297 -2318.038359465611
v 215202.2369638298 8953528.5328176 -2307.837347184636
v 215142.5598929987 8953438.186357174 -2303.294753802855
v 215079.9076143284 8953071.060914708 -2373.719533323731
v 215127.3682113035 8952998.937893936 -2409.894336085492
v 215180.0788315595 8952927.957724657 -2445.312336562046
v 215117.5380459341 8953553.444429878 -2268.346350873396
v 214635.866180002 8952996.570811288 -2210.540277942714
v 214677.8461287362 8952925.297168411 -2262.017361974315
v 214760.5994244345 8952907.230507867 -2305.829568655442
v 214869.3972575847 8952921.963402357 -2344.148878871423
v 214938.7469952903 8952901.038163304 -2376.582943618406
v 215015.8067929266 8952983.769851543 -2377.080721144486
v 215161.7630049961 8953621.207182223 -2273.565566319599
v 214511.8728818244 8953072.298346579 -2109.200926031549
v 214538.283697194 8953013.564276434 -2150.311670557157
v 214569.7390326807 8952908.340758596 -2216.267938643017
v 214611.9286636383 8952839.577635728 -2269.519202430043
v 214689.9001425714 8952816.365650835 -2314.254242968449
v 214803.6803567872 8952836.106089452 -2351.229298351026
v 214883.2131936431 8952815.448704025 -2386.88269375405
v 214992.2656904018 8952823.061650801 -2419.411867594931
v 215060.6266471045 8952910.869147405 -2413.900222991506
v 214436.3662759003 8953086.494726978 -2056.466952077337
v 214455.1412575591 8952974.503739564 -2120.416533615604
v 214490.9993695339 8952922.545620695 -2167.147547951477
v 216140.8719262769 8952548.910647565 -2709.042844576029
v 216071.5872354465 8952647.806043951 -2681.390937816802
v 216012.9140017556 8952731.619756974 -2657.607790947049
v 215889.6664940093 8952830.083360583 -2620.022401253911
v 215963.456828382 8952802.086511487 -2637.015284843958
v 215445.0157797922 8952287.606350487 -2634.557934367191
v 215508.9145682447 8952196.744719155 -2657.427132228897
v 215563.4740153326 8952110.86605284 -2677.128011901129
v 215699.901027266 8952104.849107075 -2702.200715178976
v 215776.8644902406 8952084.95605525 -2718.305474725996
v 215886.3670238617 8952108.429257784 -2735.057183309751
v 215949.3414578033 8952197.737104109 -2733.663018329964
v 216012.2702785801 8952287.140479315 -2731.082937451799
v 216075.1611223007 8952376.64714304 -2727.373675229963
v 216203.5780593084 8952638.443922326 -2702.709033852781
v 216133.2503881172 8952732.456042677 -2675.572861801146
v 216075.6918783024 8952821.332924996 -2650.973669696369
v 216028.5578666377 8952888.489076789 -2631.351078921188
v 215951.8075160719 8952905.344020948 -2616.380944176977
v 215445.1093001394 8952733.236832919 -2555.52524309494
v 215382.4438420133 8952643.561908174 -2561.286121500585
v 215319.7807232541 8952553.829432815 -2567.317203989328
v 215321.3011483145 8952372.575966846 -2600.967152869837
v 215370.5476904592 8952302.828829389 -2619.898259596412
v 215382.1331129994 8952198.125632072 -2635.949079260843
v 215445.916718981 8952107.555878304 -2657.089616344394
v 215270.3606210592 8952458.284713116 -2576.845305215857
v 215954.7790846121 8952015.705947962 -2759.664316928986
v 216019.3132882215 8952104.220983224 -2758.974408301418
v 216085.5595435522 8952192.096229203 -2757.506643059025
v 216153.5884686652 8952279.385629138 -2755.278374200069
v 215368.5946607926 8952750.31860905 -2535.610809414447
v 215320.5074270338 8952686.151935557 -2539.449754079629
v 215272.1798824816 8952621.834764749 -2543.478052213822
v 215207.0674841237 8952535.654975256 -2549.381099558227
v 215200.1946148367 8952371.809862621 -2580.857073233739
v 215258.430604059 8952283.392292077 -2604.664572195908
v 215306.9980497572 8952214.743688526 -2621.685882497367
v 215130.0839161851 8952466.934307365 -2549.758131857206
v 214050.9003358408 8951854.225440301 -2433.940364306251
v 214066.8572225075 8951754.69431288 -2461.079005478422
v 214176.7548671317 8951755.63093948 -2504.089227912941
v 214282.4666811237 8951750.319874128 -2537.089762930301
v 214688.9651103889 8952185.071548354 -2546.295562019841
v 214691.6915745814 8952281.27869452 -2521.994861734757
v 214631.2012304173 8952370.578329304 -2481.512416986544
v 214564.5547970969 8952416.367898269 -2447.845460421206
v 214501.5653531571 8952464.004881082 -2406.354500106177
v 214438.5626921074 8952507.481938591 -2360.77975711591
v 213958.6760186332 8951830.973175915 -2389.475526701028
v 213986.822449573 8951755.0687363 -2423.122339353898
v 214010.0304058514 8951641.69515799 -2457.388634907175
v 214118.8049193806 8951657.935660621 -2496.288863938426
v 214241.5087546778 8951658.926129438 -2532.792791088012
v 214310.4899476004 8951661.947760567 -2547.972219943532
v 214888.7249605952 8952102.954789486 -2580.916540243758
v 214815.9205183279 8952198.563667223 -2558.239526839549
v 214753.5429545811 8952242.939780815 -2541.686958407797
v 214801.9996399056 8952303.284154061 -2533.503230082069
v 214742.0371333203 8952376.719581963 -2502.297052837941
v 214615.8337802945 8952477.313927563 -2436.272056212424
v 214687.7279952997 8952455.123356137 -2463.808554265209
v 214576.383266835 8952551.481047897 -2390.283852875446
v 214488.8485215176 8952567.687451893 -2349.870368470383
v 214374.6943256606 8951572.402047671 -2563.677949237279
v 214438.3163957456 8951483.15686132 -2576.118915825876
v 214999.664872481 8952115.023853684 -2591.03185214846
v 214942.2874580949 8952196.713451995 -2573.502277025605
v 214878.0295014292 8952275.389493333 -2550.851318587742
v 214262.5158747935 8951552.269811898 -2545.434145220398
v 214311.4221242371 8951483.697519619 -2559.510481229031
v 214375.2713068645 8951394.180804089 -2575.730925623622
v 214489.9867680055 8951399.227790527 -2586.575911485334
v 214188.4586413738 8951570.371416885 -2526.546903661764
v 215185.7284380749 8952015.679651737 -2623.595505604098
v 215132.5020670848 8952105.577941075 -2608.640013254381
v 215058.1829725833 8952199.409689371 -2587.611137933006
v 214564.8109274071 8951303.452293146 -2601.860632359566
v 215256.1923961518 8952019.273229986 -2634.233174455951
v 215243.8897307858 8952126.136410236 -2622.327244796562
v 215195.4989773769 8952194.393892096 -2607.341244248822
v 215258.9285780628 8951302.887514163 -2695.544418494645
v 215382.8576688793 8952018.4224253 -2655.170197307537
v 215319.1953329429 8952108.687373387 -2635.934465347812
v 215195.8893161772 8951213.419005375 -2696.622213972985
v 215305.1772241415 8951237.390641769 -2715.98633378961
v 215368.1510663227 8951327.066818334 -2716.604048666223
v 215414.4626125032 8951393.960386872 -2718.003200502978
v 215460.8453528686 8951462.105844086 -2720.553557231399
v 215445.220334586 8951306.432717305 -2737.996554346569
v 215508.3485761106 8951395.227308385 -2740.485720998513
v 215382.210127655 8951217.578947779 -2737.085065024526
v 215899.7735266865 8951299.300327653 -2843.516356475071
v 214628.1976730304 8951212.667492965 -2618.759715683982
v 214432.5197995687 8951313.150164021 -2589.773845815527
v 214502.0473325881 8951213.824185483 -2608.071472516293
v 214550.4221721677 8951144.838143744 -2621.740204767593
v 215209.9877547842 8951105.478183838 -2718.692114417949
v 215257.5113745391 8951170.686218973 -2716.691601962921
v 214109.1917153955 8951325.544827614 -2535.542266595948
v 214185.0064748005 8951306.413189959 -2554.292722767863
v 213924.1198869912 8951220.406324364 -2503.363316080982
v 213984.830085444 8951310.673350152 -2505.17530012376
v 213862.9281793301 8951130.498412019 -2501.889911013277
v 213801.8675254606 8951040.617931779 -2500.289589091152
v 214326.8539320645 8951299.027753938 -2578.586592495837
v 213741.5279780103 8950950.41904098 -2498.063673552097
v 213801.4035655024 8950855.853299275 -2529.371442452652
v 213820.681512815 8950752.334533315 -2548.526757296739
v 213882.3887357253 8950681.863779245 -2572.662450723072
v 213922.4015270788 8950598.63222632 -2591.393197437777
v 214052.6008946299 8950589.338118734 -2621.037133872185
v 214121.7296191336 8950594.12299828 -2634.474239368375
v 214248.9505233169 8950592.909523129 -2658.254149227105
v 214501.5587446021 8951080.199561864 -2626.204944854762
v 214365.425978657 8950596.686913978 -2677.449824902305
v 214430.4326619335 8950684.591096547 -2676.325318489638
v 214501.9464830999 8950775.046959378 -2673.677195784906
v 214061.8363884318 8951392.423497228 -2514.309828189133
v 214155.8475874046 8951393.960386872 -2537.976458895223
v 214248.1893186801 8951395.065215174 -2556.411927466168
v 213869.4754432589 8951307.264503483 -2470.248246662888
v 213945.3828415814 8951395.444053521 -2478.197274428788
v 213806.3198386818 8951218.541299088 -2467.595957451365
v 213743.1824189497 8951129.667336892 -2465.346232394993
v 213679.9560943737 8951040.708166946 -2462.527318761153
v 213747.893018146 8950768.237091113 -2526.612247195158
v 213681.9937670021 8950858.949936841 -2494.703336913256
v 213759.4124453466 8950660.307843339 -2543.147613489607
v 213807.2669414366 8950593.196601128 -2563.491587792313
v 213866.3708112258 8950505.99853415 -2587.080082541504
v 214439.7653164997 8950501.332116187 -2700.933361889671
v 214502.6398101552 8950590.227362113 -2699.956589312512
v 214565.4501437143 8950679.311451294 -2696.883917694318
v 212923.1118372928 8951389.287568623 -1782.045131332857
v 212866.839370818 8951302.449638769 -1779.454408580573
v 212919.5765770781 8951474.713552229 -1693.270638432967
v 212864.6754985493 8951393.206526661 -1691.970999681969
v 212806.2708166043 8951300.553066608 -1688.544039749014
v 212745.5204350955 8951298.781133559 -1597.775959782477
v 212665.5924510051 8950587.31643711 -1878.668441592045
v 212737.6690317855 8950592.153343976 -1959.969237401971
v 212602.0501932986 8950592.189900989 -1797.786857610667
v 212810.9029942462 8950589.820182463 -2036.416821903212
v 212890.7068804523 8950578.072374837 -2113.651987354216
v 212803.1985841878 8951392.055264253 -1601.768378712612
v 212684.3224169267 8951297.339912098 -1507.355643152939
v 212741.3141235519 8951391.196413692 -1511.868536020288
v 212535.3187499478 8950604.383350652 -1703.171181781275
v 212822.572108424 8950503.061668733 -2065.796992867056
v 212964.5142868332 8950592.151540546 -2173.709118147211
v 212923.4921837091 8950506.418766188 -2153.841477640952
v 213777.2691245268 8951839.409745943 -2271.558409193145
v 213556.0563988783 8951394.075422399 -2317.381983045241
v 213617.9144085976 8951480.460254686 -2316.088913968465
v 213678.6272240375 8951566.635612516 -2316.510182456688
v 213744.438955513 8951661.496656459 -2319.11162363412
v 213805.7060510951 8951751.035388367 -2323.790854961486
v 213491.6021774714 8951305.331011854 -2319.753515585819
v 213866.6256514997 8951840.685705358 -2330.294638482245
v 213571.7941958577 8951283.482068704 -2362.575650061584
v 213634.943410055 8951372.191140357 -2361.978246545322
v 213697.6703249236 8951461.300220434 -2362.378072886668
v 213759.8038657781 8951551.166681444 -2364.374437743055
v 213821.2861654711 8951642.009496994 -2368.268151220056
v 213882.1593893773 8951733.906073112 -2374.076988506119
v 213134.6303119041 8950594.449267751 -2292.781484356565
v 213235.1460533501 8950589.36911647 -2351.129301125083
v 213315.3516462278 8950585.531297188 -2391.329761473901
v 213424.1115790268 8950589.577659864 -2438.657913670335
v 213671.0744308014 8951143.191881817 -2438.241495697396
v 213621.7027621681 8951214.995970212 -2402.880094247922
v 213490.6556129009 8950593.846457409 -2464.111680297362
v 213565.5299686338 8950682.092454603 -2480.661799677468
v 213625.206092404 8950767.42611948 -2489.764820675668
v 213046.2680256886 8950589.722077474 -2235.555754297973
v 213083.903713253 8950503.061668733 -2272.13658754247
v 213173.2208251406 8950506.960226908 -2326.409673823108
v 213252.3397471471 8950484.765252549 -2371.995135088586
v 213361.3119445877 8950502.315315843 -2421.363735795903
v 213442.7894031583 8950483.271338655 -2457.524221970738
v 213733.551218066 8951232.959905647 -2439.653999642822
v 213684.2683733736 8951304.253355354 -2403.29400918599
v 213552.8192777289 8950501.461768564 -2496.277806236772
v 213608.3149807585 8950598.687741108 -2504.588946090969
v 213684.4922491134 8950679.80222794 -2519.280549812976
v 213001.9630829977 8950498.137501968 -2216.015681302059
v 211784.9206877528 8948899.388610737 -1254.431950456853
v 211833.2019382524 8948988.533847895 -1317.008445562873
v 211766.3021097959 8948810.354104266 -1229.805722913689
v 211796.9393567201 8948542.104252605 -1243.356720418126
v 211774.3535948208 8948632.174360638 -1226.622592698446
v 211820.7883412684 8948453.99461701 -1262.058286748054
v 211720.8425590997 8948721.89340345 -1165.906538744288
v 211874.5456496711 8948378.149606712 -1314.733463059631
v 211805.9719883185 8948362.170982461 -1235.845271757563
v 211765.2155833654 8948453.99461701 -1197.077455506912
v 211730.6162410307 8948543.312578972 -1165.42742918106
v 211704.193136251 8948632.174360638 -1140.801401755911
v 211919.9921915195 8949078.048955914 -1424.144018536253
v 211856.097112187 8949077.612595445 -1337.003809263185
v 211986.1257805976 8949079.06210936 -1510.293901154224
v 212055.2426331544 8949080.953167195 -1594.286728225723
v 211792.3863865398 8949077.545882706 -1247.583796292549
v 211769.3947355899 8948988.533847895 -1228.169349360245
v 211720.7247356806 8948898.913913544 -1166.478829116903
v 211700.2875309424 8948810.354104266 -1142.162830901818
v 211910.1317221464 8948276.822887871 -1343.247046758393
v 211981.675847822 8948275.322892191 -1422.133244969684
v 211840.0845016672 8948268.109808858 -1265.495080420081
v 212057.614133941 8948271.089016544 -1504.283412634677
v 212129.0199204708 8948288.078967007 -1582.562401584219
v 212128.2336791588 8949058.48595487 -1678.890409430522
v 212230.9492512817 8948366.759082712 -1699.574359713152
v 212200.524377348 8948275.814873382 -1650.536317004779
v 211881.0232580441 8949166.713591522 -1353.702012090236
v 211946.0567173641 8949166.713591522 -1441.661024933088
v 211817.6381881485 8949166.713591522 -1264.907128448277
v 212024.0102904964 8949180.599618375 -1537.656941118456
v 212093.706388249 8949171.187839895 -1621.65210527489
v 212168.4143026309 8949164.978005853 -1703.031050381391
v 212273.6614570842 8948263.334943973 -1714.350181217122
v 212356.8704243164 8948277.389143325 -1786.232205722337
v 212444.9894880076 8948285.203064542 -1853.721812856676
v 212126.1545258873 8949790.342694221 -1446.311156705729
v 212189.6441436231 8949790.342694221 -1534.896078246727
v 213179.9009007088 8949879.933390386 -2404.642773141576
v 213276.8189685649 8949879.432566034 -2444.762576161869
v 213482.8687718869 8949701.773804978 -2505.999482376424
v 213428.0836371072 8949790.346707003 -2495.584778374883
v 213378.6829415867 8949879.951724304 -2479.544475165596
v 213127.3081630312 8949948.839667484 -2369.250399262677
v 213232.4912907441 8949974.649291329 -2417.446693984393
v 213317.5167165621 8949947.616836738 -2455.391539691393
v 213606.5346952445 8949681.6685546 -2532.597622453437
v 213558.9311231317 8949791.354084156 -2528.950224043254
v 213495.0796784132 8949879.648338549 -2514.143144724957
v 213432.8017598627 8949968.880224193 -2493.616883049768
v 212940.5682636741 8950238.21462133 -2207.123276144352
v 212900.4406087408 8950338.63516305 -2161.923978890527
v 213099.2754224837 8950055.804913253 -2337.99807905696
v 213058.9761960111 8950142.283460358 -2301.913868342127
v 213024.3682375903 8950235.79205329 -2267.242592853028
v 212987.5860738803 8950324.104356335 -2230.094710131382
v 213185.5641959119 8950058.942971898 -2385.186781368114
v 213150.4466962733 8950146.702181477 -2356.210342102575
v 213109.8913087379 8950233.730369724 -2322.068483624118
v 213062.7960493672 8950306.704679515 -2283.810086491501
v 214500.1969670624 8950326.313459611 -2729.703400476715
v 214486.3237319701 8950435.566475596 -2715.836394584325
v 213962.1850501312 8949968.522437848 -2633.676902002833
v 213995.7313469599 8949879.05526052 -2640.329167493777
v 214126.8075047194 8949879.265295208 -2671.707749728101
v 214251.3202325894 8949879.40035945 -2700.905168751491
v 214373.7613075059 8949968.931255115 -2727.038943423036
v 214437.3606726087 8950058.138207166 -2737.05233264115
v 214500.7685694252 8950147.230282243 -2744.465489633322
v 214341.2007277145 8949879.432566034 -2721.296893110626
v 214563.3303196238 8950415.60258574 -2731.185048852296
v 214549.258421362 8950524.242367426 -2715.509195133377
v 213815.298257852 8950417.143130176 -2581.66570330307
v 213755.555226951 8950325.281624138 -2572.298416695239
v 213799.3284780094 8950057.601759996 -2594.254107690241
v 213873.487000499 8949968.760033831 -2612.551332075936
v 213754.2323819 8950148.240272589 -2580.713299818706
v 213926.2133621284 8949880.350229161 -2623.271437149965
v 213680.700075974 8950236.608466918 -2556.82041711263
v 213965.2785941313 8949790.342694221 -2629.301970121985
v 214059.4512266026 8949789.989218438 -2653.079656039177
v 214177.8978912162 8949790.432224004 -2682.286304211976
v 214304.0996133967 8949790.436615095 -2712.776040542735
v 214373.7322536877 8949790.298091086 -2729.492820325814
v 214437.5807210044 8949879.575440831 -2743.18746205397
v 214512.1295251664 8949961.926207373 -2756.739334549374
v 214562.565131537 8950056.86050763 -2762.304331925423
v 213743.5816279888 8950504.405499497 -2554.91932833756
v 213690.1095036409 8950416.177260358 -2547.257165742621
v 213649.0528459456 8950324.881925104 -2541.973481093653
v 213627.4783084225 8950148.113576576 -2545.64504573279
v 213681.3000687718 8950057.916229587 -2563.645587617933
v 213750.4394464122 8949968.244913494 -2582.039511493083
v 213800.5436334937 8949879.625362275 -2592.618619504763
v 213873.1791419637 8949791.027251821 -2606.657862775516
v 213606.7296246889 8950256.861821098 -2533.807450592975
v 214934.4089731445 8950595.13473206 -2765.722961068932
v 214816.0102976654 8950593.201574929 -2747.232305549216
v 215193.4205874709 8950504.976919418 -2825.548922554097
v 215131.5192695496 8950548.138186242 -2806.862543745428
v 215069.7850206392 8950589.670785412 -2789.483763003188
v 214761.6079438797 8949880.734832132 -2813.196749731801
v 214891.275471937 8949879.725111756 -2840.638997180795
v 215179.0241643948 8950613.125991251 -2804.668282186251
v 215256.2544798333 8950594.430049593 -2822.47157736042
v 215132.6130155725 8950679.0181242 -2785.06039382214
v 214689.3117601532 8950594.533788363 -2727.631208135257
v 214626.3629175815 8950504.994714038 -2730.4406557306
v 214628.5954503195 8949967.94761366 -2780.774861929943
v 214692.6228413818 8949878.441087082 -2798.762695235171
v 214720.4384648254 8949790.342694221 -2808.602844623033
v 214815.4296313696 8949790.791352041 -2829.699856010145
v 215243.2356635629 8950700.529900033 -2801.263417984133
v 214612.8744724398 8950612.031550277 -2713.331695765727
v 214556.6439133384 8949879.270531639 -2769.380961900999
v 214629.142986784 8949789.845446121 -2788.407776242364
v 213680.9027867619 8949700.136649651 -2552.495561712848
v 213807.4654820319 8949701.806756206 -2583.974659149836
v 214072.8011251402 8949453.148182333 -2636.256916768271
v 214028.9531363252 8949523.073078778 -2628.342440787623
v 213984.8842888753 8949592.041321145 -2621.696960162327
v 213936.9680419764 8949702.424282204 -2617.302863029299
v 214121.4238035071 8949343.906028805 -2643.736929831017
v 213483.2223617586 8948892.634812377 -2413.23122136889
v 213591.2433316246 8948899.44397608 -2445.548736652467
v 213627.637499005 8949789.321540561 -2545.498760959652
v 213755.9985728434 8949796.873313442 -2577.732817481493
v 214134.8503469492 8949522.632978106 -2659.005027979838
v 214058.7177789286 8949611.225864869 -2643.506957925598
v 214005.571081716 8949699.657283109 -2634.709852698488
v 214192.3531219764 8949432.619941328 -2670.481700538669
v 214194.6462227402 8949255.46731103 -2661.58194803181
v 214240.1551803767 8949338.607360469 -2679.956212825229
v 214246.4256976051 8949167.346740931 -2674.171194876953
v 214302.3491353126 8949077.785466095 -2689.027290069387
v 213632.3398908496 8948830.686931923 -2456.186469385506
v 213680.4243280597 8948720.373644609 -2467.107410276131
v 213800.8845167122 8948721.259933863 -2507.255275122242
v 213558.8568870537 8948810.522900386 -2431.86984481236
v 213611.6797819581 8948721.760282956 -2444.542293632592
v 213865.1291413618 8948632.345959097 -2526.676160118685
v 213756.5585807442 8948630.451750999 -2489.38157908171
v 213649.0523612756 8948632.174360638 -2452.884294706462
v 214367.3948225917 8949167.371506307 -2712.8700677325
v 214314.8087342251 8949256.189922376 -2699.616836790628
v 214404.0235513083 8949077.623719707 -2721.54187577175
v 213365.5753525791 8948897.807335915 -2378.333757926202
v 213231.7554137115 8948804.108638378 -2325.734875252949
v 213121.7281367792 8948807.18280744 -2285.797100383714
v 213335.8845496556 8948810.354104266 -2361.231230313978
v 213438.7514789712 8948809.726681655 -2394.163090356068
v 213056.1519357952 8948811.779416244 -2260.224821971985
v 212995.9576526347 8948718.291156035 -2223.633188213591
v 212897.6526885266 8948721.264232451 -2179.175825460283
v 213102.8748359173 8948699.687436216 -2266.88416481221
v 213187.4233080584 8948720.213216318 -2301.058590394407
v 213307.1652634465 8948721.967301754 -2344.3781637636
v 213379.3334816094 8948739.499977898 -2370.63928784052
v 212750.5823818572 8948653.751461901 -2098.317931068554
v 212856.7050501212 8948627.468020268 -2148.339873049902
v 212938.7273745827 8948651.679547014 -2190.67213280841
v 213046.3228421321 8948628.034351114 -2234.886726997721
v 212170.6319291085 8948186.770026829 -1603.868060604027
v 212095.6852624883 8948182.037410023 -1528.857519569693
v 212010.0707136489 8948186.725001568 -1440.056068703557
v 212248.117279639 8948190.658738708 -1676.448251433744
v 211952.253733605 8948186.725001568 -1378.014925826997
v 211896.6301275522 8948186.725001568 -1318.70078770851
v 212731.358537917 8948544.21112423 -2072.847200530498
v 212819.0609574373 8948540.636028772 -2118.190370087599
v 212920.8207544479 8948545.200201426 -2168.843781789
v 212192.590785971 8949255.803463336 -1709.874833631608
v 212181.652091335 8949343.010114292 -1677.585930275839
v 212137.0905992986 8949255.803463336 -1651.155354420756
v 211770.3722996661 8949879.432566034 -871.5318133337271
v 211831.5335695585 8949810.464427153 -998.0594028037976
v 211845.7742939297 8949709.609938592 -1076.529420848094
v 211862.6697333117 8949618.962861389 -1150.007083561183
v 211833.1021683581 8949879.432566034 -960.5146735637909
v 211808.1396624329 8949955.30598977 -879.0350947910356
v 211540.1872053124 8949077.431113951 -891.4249563820745
v 211602.8472188593 8949077.643794985 -978.5951330281127
v 211670.9091896184 8949077.660885209 -1074.728742426302
v 211878.1906463456 8949502.674037367 -1229.503744795192
v 211893.2819224864 8949811.750427343 -1088.378310496614
v 211907.3712521431 8949710.86772193 -1166.741250840208
v 211924.2534292683 8949617.436587483 -1240.797108429522
v 211894.2109337238 8949879.432566034 -1050.332958960772
v 211755.1555824864 8949166.713591522 -1175.623376439499
v 211809.8516355642 8949239.036752846 -1233.255680560159
v 211729.5989496805 8949077.589393385 -1158.29609567387
v 211848.6598272155 8949340.796844678 -1254.378156316554
v 211881.2888692781 8949433.983206963 -1264.712237193781
v 211642.4704784127 8948988.533847895 -1050.481961135307
v 211508.7833318472 8948364.904745195 -904.4620229215136
v 211656.4105287594 8948898.306879483 -1078.626858045975
v 211587.8869624565 8948365.184994437 -992.7498784848758
v 211638.4401949251 8948453.99461701 -1053.475172118543
v 211656.2695959614 8948543.585728247 -1077.747067574322
v 211488.7633558966 8948275.485091444 -881.574167855262
v 211554.0939387711 8948275.332835142 -953.0872499606292
v 211705.9830293083 8948988.533847895 -1139.262110229281
v 211660.552679332 8948365.125259468 -1073.97402552212
v 211712.1368154055 8948453.99461701 -1137.833227207868
v 211643.6307546181 8948275.814873382 -1051.607544102775
v 212250.4212467934 8949597.429637751 -1681.022623311566
v 212201.9181808185 8949523.073078778 -1648.565181233536
v 212153.338407465 8949449.115220452 -1615.726615926151
v 212112.6255987642 8949347.580783507 -1599.263382548526
v 212225.653605253 8949701.416491125 -1616.26639999315
v 212182.6115907575 8949619.938868936 -1592.332438709149
v 212148.4788096201 8949523.073078778 -1585.271641272267
v 212084.8153735151 8949454.0786686 -1531.0206176252
v 211872.9066816236 8949239.127836892 -1322.512169286558
v 211911.7509130386 8949341.013965122 -1343.168160864435
v 211944.4902423567 8949433.983206963 -1353.563806724195
v 211940.971529644 8949502.952565674 -1318.976136901266
v 216200.8355405861 8952987.297876801 -2637.871367880004
v 216270.7561073857 8952901.40928675 -2663.631681993856
v 216382.7222365456 8952911.158706296 -2676.289661667829
v 216518.0989587829 8952906.231495246 -2694.069922722138
v 216644.8977039551 8952918.332701104 -2706.651237857575
v 216707.1531255165 8952994.750041477 -2698.035706456391
v 216763.5837661266 8953094.121024324 -2683.150353088294
v 216833.1584384575 8953439.318274649 -2615.354631667306
v 216762.2796333146 8953540.100019868 -2586.997825479246
v 216706.0036043886 8953623.115241624 -2564.446671307179
v 216123.7875479966 8953463.31515592 -2536.962820248689
v 216076.4600569707 8953401.544920698 -2542.123764709604
v 216077.1506554327 8953084.82181289 -2602.130545447582
v 216125.3901760764 8953015.949578607 -2621.870015455474
v 216138.4649559925 8952911.141858822 -2643.573114424412
v 216202.9258611805 8952812.66186309 -2670.928193870842
v 216328.9448266419 8952817.947046034 -2687.215756299806
v 216455.4562771361 8952816.216651062 -2703.980218921549
v 216565.4063015829 8952838.569079407 -2713.111462040395
v 216642.3890776575 8952822.974408485 -2725.856114680903
v 216721.4057227711 8952889.384133887 -2721.489762981043
v 216769.4166344129 8952950.016513623 -2714.224460333473
v 216833.9353372559 8953008.140328646 -2709.373028262245
v 216895.8215263119 8953529.983620252 -2601.555649378965
v 216836.1377968928 8953616.343389416 -2577.496060607632
v 216768.6960098548 8953713.536769843 -2551.116425806039
v 216014.4824019464 8952995.038398638 -2609.576947602377
v 216076.4600569707 8952951.680230191 -2626.798305087051
v 217084.7998192129 8953619.185607668 -2600.430131132603
v 216953.4706952546 8953627.049355119 -2586.039958691417
v 217211.1769170733 8953617.57466772 -2613.795684094076
v 217273.3850543709 8953577.256280605 -2628.745252802159
v 216909.5258376176 8952979.746186046 -2723.989540997975
v 216957.9435297517 8952910.262835968 -2745.046783163832
v 217085.2525395322 8952906.72105916 -2761.085243812665
v 217210.8840713041 8952906.640995562 -2776.85648770801
v 217337.48065241 8952904.541874852 -2793.953017765616
v 217400.0625325252 8952995.113597225 -2781.32925808808
v 217452.3739818721 8953089.255112894 -2766.308604164832
v 217528.0893846931 8953167.762699114 -2758.477541965208
v 217540.6983423603 8953334.367855851 -2720.537725282696
v 217526.1591832509 8953440.311761139 -2693.693374739662
v 217466.3008228106 8953527.013223082 -2664.865181742668
v 217322.1897948661 8953638.721559133 -2621.19020541484
v 217397.7931441249 8953610.67943453 -2636.757427343774
v 217025.6606355481 8953704.668228239 -2576.649202735991
v 217143.4669537024 8953716.183145797 -2585.864791463309
v 217273.8559980611 8953708.179776143 -2601.270406117053
v 216894.9235918545 8953712.297272269 -2562.818143610304
v 216831.5353926628 8952911.831075944 -2729.870677371918
v 216898.5633061166 8952812.089210914 -2759.085363717177
v 217016.7376843067 8952825.348963371 -2770.721657363355
v 217148.2923224714 8952816.134099366 -2789.320475592464
v 217259.4702266231 8952836.805780625 -2798.87200908071
v 217588.3653168446 8953394.502341378 -2713.260929017572
v 217334.7253547775 8952809.129481815 -2815.435071915401
v 217399.3771593604 8952868.07397645 -2810.46166678717
v 217446.7940524711 8952927.991599042 -2803.321676057303
v 217527.247001467 8953007.374588195 -2796.397988716615
v 217589.3692832122 8953083.368864583 -2787.756670405986
v 217638.7384414824 8953458.981688723 -2706.501920320268
v 217575.4949517055 8953535.641057126 -2678.970448304553
v 218286.6464703822 8953435.713128261 -2839.128085563186
v 218343.379761595 8953533.63399601 -2832.96235774443
v 218406.2562554397 8953622.765704051 -2831.076723596773
v 217656.2104634686 8952902.266860943 -2840.581953841142
v 217713.4504552117 8953000.325827956 -2826.759338295989
v 217651.3613693393 8953042.365243265 -2806.573189974909
v 217602.1126375037 8952980.0120383 -2813.868209500793
v 217524.2517372562 8952912.222931039 -2818.394525192688
v 217461.6890222793 8952821.706660956 -2830.35815148846
v 216453.6941907736 8952108.262682382 -2831.102756229623
v 216390.8356034744 8952018.778799504 -2835.357317494399
v 211491.8475696387 8947570.747851003 -875.6537318386427
v 211582.485591232 8947563.095898869 -962.8636011989561
v 211640.0516654289 8947563.095898869 -1017.72647851628
v 211517.1462137806 8946850.376924356 -875.444475090329
v 211577.5786982192 8946850.376924356 -927.8968523978629
v 211650.3500899622 8946851.727308089 -990.8162014434904
v 211540.3413987871 8946761.324890979 -891.8490402680891
v 211617.3424079284 8946760.283139549 -957.7097457646792
v 211733.0625593709 8946849.476344993 -1061.258203016014
v 211697.4326354414 8946761.287052544 -1025.667404316539
v 211717.0570482119 8947563.88534558 -1091.143652407139
v 211791.7159276656 8947563.288913613 -1161.613218420116
v 211818.1427439724 8946864.778409276 -1134.019586378295
v 211765.8994224521 8947652.185770683 -1143.348370396635
v 211777.7227580442 8946762.365764881 -1093.034518733201
v 211868.3012309206 8947568.809267607 -1233.602219975503
v 211825.9025404024 8947652.185770683 -1200.343009620033
v 211892.7893807282 8946850.376924356 -1194.840604700952
v 211855.9416503411 8946761.220658768 -1157.713060897015
v 211782.5985103167 8947742.111695487 -1165.543486817779
v 211820.1274021692 8947830.365514312 -1208.51028843402
v 211778.1272666918 8948098.741750229 -1185.357235177373
v 211829.1307439551 8948008.545257939 -1231.838975094351
v 211739.5064467886 8948185.185204659 -1150.096730323081
v 211855.0760082591 8947919.634836482 -1250.796113436489
v 211699.582461417 8948275.814873382 -1111.716963079098
v 211844.9113823416 8948098.614678998 -1255.586529487043
v 211810.420517255 8948199.05281356 -1227.24568050698
v 211755.5819777766 8948275.814873382 -1173.757221492722
v 211887.5549752221 8948008.545257939 -1291.33304377277
v 211729.312978163 8948364.352562996 -1150.479368994493
v 211857.7588397765 8947740.146487376 -1238.116138321558
v 211876.6541808927 8947830.365514312 -1264.414313278508
v 211931.4756157672 8947916.476969348 -1326.708728821488
v 212017.9071882436 8946568.852622876 -1271.451394297849
v 212068.005987865 8946494.0174371 -1303.406389791234
v 211979.8886029082 8946672.601219585 -1250.544305861363
v 211934.9171677855 8946759.522965943 -1221.796978024783
v 212059.902244882 8946670.411083193 -1313.124230829867
v 212105.3488574768 8946583.684763378 -1340.18612468553
v 212016.4331190156 8946761.287052544 -1287.251568554594
v 212144.0287336581 8946480.321510524 -1359.770211951359
v 211967.4985180991 8946852.4873004 -1256.187138897274
v 213122.3973550026 8946765.743849309 -2037.066110348097
v 213046.4626845214 8946763.998237392 -1993.753756107445
v 213214.5195657297 8946761.287052544 -2087.417877509035
v 213306.3867377804 8946760.606404079 -2136.759993978094
v 212946.9270891991 8946758.732456718 -1934.733171204675
v 212858.6246588534 8946757.542502563 -1881.331846878734
v 213063.0580130751 8946868.469016742 -2016.255151624372
v 213161.7940294229 8946851.911421364 -2069.167193061349
v 212981.887914194 8946853.237737978 -1967.227565417575
v 213248.1326835714 8946849.001692422 -2115.680709578446
v 213397.8779161238 8946761.287052544 -2184.469498863529
v 213357.147032543 8946831.866425127 -2171.492294247291
v 212895.2808530183 8946850.376924356 -1915.260491961792
v 212719.6880080356 8946852.462017423 -1805.963459929436
v 212809.1580423111 8946846.833552819 -1861.992979765493
v 212622.966652845 8946870.92205378 -1745.286566764469
v 212747.6843928166 8947580.300888807 -1928.608674171411
v 212844.4543936263 8947565.491833776 -1984.425484979017
v 212669.7015296516 8947565.320120411 -1876.280671195705
v 212933.5843436884 8947567.31003505 -2036.263020999042
v 212585.0613760984 8947563.095898869 -1819.437852650025
v 212500.7968782157 8947560.11690801 -1760.058916552269
v 212548.8880682588 8946850.288975924 -1692.446785182359
v 212596.5134059652 8946763.023564016 -1713.681863671482
v 212679.8608608848 8946765.099967811 -1769.152731222694
v 212769.3389883712 8946761.287052544 -1826.099569574224
v 212873.7459030848 8947669.166270915 -2017.824881803512
v 213026.0794020956 8947563.095898869 -2086.642897174083
v 212009.031957748 8946939.466796171 -1297.718391196519
v 212045.0173337051 8947028.437675664 -1335.732582261019
v 212080.9987752712 8947117.6465398 -1374.121685442388
v 212030.1130466187 8947386.701611614 -1360.452053660003
v 211984.1774029292 8947472.833978029 -1329.507823090439
v 212072.3614058508 8947295.826283427 -1386.336770420044
v 212121.5368423623 8947203.262526464 -1416.708567469083
v 211962.1661945364 8947563.095898869 -1319.029828410254
v 211903.4794842172 8947653.857863005 -1273.817848226134
v 212107.3453045119 8947385.029979372 -1426.203652066763
v 212067.3611579738 8947486.584358627 -1404.051021498412
v 212020.1017326778 8947563.095898869 -1371.153237172415
v 212147.2283268044 8947283.120104481 -1447.068590801805
v 211979.1608439446 8947652.987626564 -1344.107690380454
v 212051.6543565933 8946847.957279898 -1323.334016984938
v 212084.5993410206 8946927.065311475 -1357.41399433167
v 212124.451290797 8947026.232447626 -1399.371646621382
v 212159.031553591 8947112.119484834 -1436.630392684783
v 212196.765560891 8947206.736411612 -1477.672342588633
v 212406.994636005 8948189.949695762 -1806.334889177469
v 212376.0769123234 8948102.596274454 -1765.071846057199
v 212337.0719072615 8947996.840513928 -1713.074946378008
v 212356.4625433795 8947831.898396945 -1698.102683295083
v 212399.005610157 8947729.495930709 -1713.276072493128
v 212310.7662853191 8947924.001883611 -1677.937859916823
v 212452.2470758004 8947652.185770683 -1739.996021966363
v 212523.8174136692 8948275.814873382 -1906.049894930843
v 212610.0074960963 8948276.606667981 -1961.630858148032
v 212686.9045371257 8948296.14335762 -2011.44087610775
v 212852.8442397016 8948167.906546239 -2083.183253198959
v 212791.4596991391 8948269.769755224 -2065.170895505276
v 212417.6657858157 8947565.262380516 -1700.11595030899
v 212372.1264312828 8947656.640020452 -1680.391623573301
v 212322.981200185 8947741.275642497 -1655.535960971641
v 212271.7858365372 8947817.06009011 -1626.546775285739
v 212325.2599572961 8948186.725001568 -1741.403183573763
v 212294.2085747955 8948098.987539368 -1697.65805166903
v 212262.1839742158 8948008.545257939 -1652.42635067799
v 212231.0439454031 8947920.743884992 -1609.653586870403
v 212647.2541716518 8948364.904745195 -1998.753573138543
v 212736.5255486773 8948365.399326736 -2050.032547789765
v 212869.5420130664 8948271.812908193 -2106.763221217582
v 212828.463633614 8948364.904745195 -2098.844181657499
v 212682.8906939128 8948458.790251609 -2033.930338456931
v 212788.2724055852 8948432.318729721 -2088.269176899003
v 213119.003891938 8947561.555972019 -2135.65166134348
v 213210.5477435944 8947563.095898869 -2182.124754054073
v 213058.2458836362 8948272.587101981 -2198.15838524367
v 212981.1667231504 8948276.982608635 -2162.514234918988
v 213169.9191565008 8948276.594486255 -2247.907319646863
v 213248.6198719256 8948272.585018605 -2280.802559717502
v 213303.7822957533 8947563.414685415 -2227.839233631508
v 213002.7901266376 8948386.147894334 -2187.425629058736
v 213108.2140560719 8948367.906113956 -2231.723566616442
v 212921.7287098346 8948361.6617587 -2145.400628521991
v 213208.8401864198 8948364.904745195 -2273.629476383088
v 213359.2305391008 8948270.261613529 -2325.295320181613
v 213309.2414281215 8948363.168540152 -2313.930488014318
v 213398.7188305873 8947563.095898869 -2272.370138038518
v 213459.4715745916 8948275.814873382 -2364.632527144167
v 213494.130060885 8947562.905376449 -2316.018117827236
v 213717.2728183428 8948008.545257939 -2445.49587090488
v 213676.6034454087 8948098.550850667 -2435.680512433396
v 213609.5731727003 8948179.880714154 -2415.275899030516
v 213616.548020825 8947650.77865991 -2377.655627861892
v 213675.1527156561 8947743.407300605 -2409.849364538791
v 213738.3771988291 8947831.780846618 -2442.083157870725
v 213757.7161793395 8947939.572434254 -2457.273144962265
v 213561.04881326 8948274.569292387 -2403.167524099161
v 213418.3096313867 8948343.852110934 -2354.807067925284
v 213503.7707222746 8948364.058116699 -2387.735304495913
v 213550.1908503849 8947474.575150421 -2332.477851707533
v 213589.9461170119 8947563.095898869 -2358.293403337038
v 213818.8239634099 8948015.260174714 -2485.000422879279
v 213742.3433702539 8948096.369363833 -2460.63261548104
v 213711.3393883885 8948186.725001568 -2453.887008017576
v 213674.622235294 8948276.839641955 -2445.39246187906
v 213622.0869426986 8948365.254725672 -2431.141033222494
v 213689.7350642158 8947560.805636169 -2401.182177036557
v 213735.4359579217 8947652.794594124 -2427.651338416626
v 213776.4507939137 8947741.275642497 -2450.895447072767
v 213806.0101407839 8947829.313693844 -2468.826310291631
v 213631.0068310893 8947493.005713737 -2370.314969741542
v 213438.6679172409 8946855.543232027 -2215.439032497492
v 213562.597750161 8946936.839310566 -2285.02172760742
v 213615.2751248886 8947029.961265812 -2319.324299890842
v 213671.2838063412 8947097.947710192 -2352.053241377593
v 213544.5147872442 8946829.175966548 -2265.564220232117
v 213651.0924785941 8947295.826283427 -2360.909261311774
v 213612.6797571249 8947386.950982928 -2352.237582923663
v 213689.4971484126 8947204.02478138 -2369.86408782942
v 213488.7683311451 8946762.90184013 -2230.880657808643
v 213626.2782464339 8946854.651427874 -2307.407013239187
v 213674.4178864024 8946940.285718665 -2338.317182494989
v 213711.9620503119 8947028.556667985 -2363.916559266685
v 213752.024210334 8947116.86369078 -2390.052408569953
v 213583.9470136681 8946761.287052544 -2277.687544833945
v 213748.0732518595 8947295.01588841 -2403.905485060399
v 213690.8488399266 8947383.94769731 -2386.468946396758
v 213926.7745701955 8948187.447562728 -2533.576274115885
v 213865.076432627 8948097.781364596 -2506.780303784084
v 213877.4836927521 8947739.73820479 -2491.269228678291
v 213925.209096696 8947645.738046141 -2504.170463771539
v 213991.4936640569 8947564.159175718 -2525.38481066782
v 214057.3256638028 8947561.940869831 -2551.306084733008
v 214178.8962574571 8947563.35003843 -2598.607732520059
v 214262.7216334253 8947585.259945802 -2631.939302054196
v 214160.4756581743 8948275.814873382 -2620.52125025919
v 214259.9744610888 8948275.461731454 -2655.800795218233
v 214058.8965312097 8948275.999376744 -2584.499581195251
v 214499.0127749874 8948008.000264708 -2732.853861363541
v 214465.7765084259 8948097.635129754 -2723.299878113449
v 214430.3817662542 8948187.073717944 -2713.237493923304
v 214377.8018029785 8948275.894999649 -2697.050804601519
v 214375.1741125349 8947563.159804225 -2672.909561123533
v 214441.263509559 8947652.525509935 -2700.952239613478
v 214471.6254170531 8947741.275642497 -2715.028272207861
v 214498.4844803603 8947829.65410703 -2727.654846570177
v 213815.3615163317 8947650.034307528 -2460.296870559677
v 213878.7953935465 8947562.458993698 -2479.883211631794
v 213946.9706565961 8948296.552250199 -2545.366055053777
v 213813.6172593729 8948185.656919563 -2491.95657770963
v 213861.1048045346 8948275.977281684 -2513.327600850018
v 214309.7870723729 8947473.126215879 -2644.095380874489
v 214194.2505960977 8948363.883210275 -2634.924928003247
v 214126.1597346611 8948365.025547657 -2611.05090468944
v 214006.7111364357 8948364.51867922 -2568.607091841246
v 214308.4191227055 8948365.215531059 -2674.823663208035
v 214569.7934053519 8948097.107560297 -2759.290052747649
v 214499.4333342704 8948186.306378901 -2737.091607951485
v 214451.079741953 8948297.031125683 -2722.867992280316
v 214411.9127302479 8948364.904745195 -2710.384891919472
v 214508.9047128583 8947650.959239818 -2725.377891016069
v 214571.3141558638 8947741.020711787 -2750.667537416786
v 214429.6728042733 8947474.237400949 -2689.2104412385
v 214475.3507350423 8947563.095898869 -2709.75987698338
v 213907.3282732701 8948364.904745195 -2533.076356199732
v 214890.2210751818 8946849.879981205 -2832.193305557331
v 214384.4433940573 8947383.096863853 -2667.961356352795
v 214430.1284779195 8947289.939020539 -2680.708646609932
v 214117.0739121149 8946851.865577873 -2527.833216605618
v 214183.5409528234 8946849.256750613 -2555.675937964779
v 214004.3199770477 8946849.68025877 -2479.149522171394
v 214372.6584526037 8947027.575376431 -2644.186916521416
v 214436.0607982824 8947118.147218563 -2674.102467327295
v 214302.5422635099 8946850.906873588 -2604.947422414067
v 214344.4909493247 8946939.466796171 -2627.553945272267
v 214504.7515608369 8947207.312001761 -2704.981940360162
v 214494.2349969518 8947385.799699692 -2709.340472343052
v 214531.6929354866 8947295.826283427 -2719.169844795077
v 213836.0069123432 8947474.006027056 -2455.760248481461
v 213802.8196866054 8947386.290883886 -2435.067559305191
v 213806.4734413783 8947029.184431124 -2406.814744502105
v 213863.7836251404 8946940.094176659 -2424.656290973474
v 213922.9766465679 8946830.173007967 -2442.060259028455
v 214058.436945246 8946761.864940574 -2495.87822973674
v 213963.2639895966 8946761.287052544 -2453.971307549842
v 214156.0615857079 8946761.287052544 -2537.673819592391
v 214256.1380471094 8946759.520185417 -2579.724945412242
v 214382.5708589338 8946848.523285147 -2637.303271311683
v 214446.7212970681 8946937.564282229 -2668.15870816417
v 214492.2225090447 8947028.906849725 -2690.967917732272
v 214363.1327752957 8946739.761331964 -2622.716142737521
v 214536.4295539 8947117.6465398 -2712.471254795055
v 213796.1180579785 8947541.517504383 -2444.660129983032
v 213738.0231265253 8947468.877984636 -2414.13534021678
v 213751.6998099471 8946937.073413728 -2373.855774469686
v 213816.2493447654 8946855.311394162 -2395.987681208529
v 213864.7069932371 8946763.323293837 -2410.000093762607
v 213925.0198754951 8946673.007931048 -2429.501670124567
v 213878.8251326272 8946580.804445893 -2400.607546471123
v 213820.6232079323 8946514.547408894 -2367.896248290326
v 214511.374233228 8946491.583371358 -2667.029263015816
v 214435.2873682435 8946581.985902667 -2641.80677033833
v 214402.7469090491 8946672.197180729 -2634.257448755099
v 213804.7923994963 8946670.680923009 -2374.297431959571
v 213781.1037690157 8946583.107308915 -2355.225274764071
v 213738.2859940173 8946488.994850913 -2326.234909792331
v 214555.8463022064 8946583.511502316 -2690.563538593986
v 214499.9325490367 8946672.556434376 -2673.640829435616
v 214446.2093713117 8946760.734228874 -2657.422390896633
v 214619.9917321815 8946495.398589287 -2710.924470980909
v 213689.5606317581 8946580.749587122 -2311.42203334913
v 213639.2010601326 8946670.507067781 -2295.605706238171
v 213740.2430237964 8946673.817406321 -2344.361890791633
v 213674.8235525663 8946763.758472949 -2321.796506020765
v 214844.5070930216 8946761.287052544 -2811.323051590939
v 214700.2311386585 8946678.691823917 -2752.60295612343
v 214746.7754449292 8946761.511322035 -2774.650972802772
v 214639.3978270723 8946603.138239831 -2725.000939092736
v 214804.4405064681 8946829.485611307 -2799.787202929556
v 214599.1447561386 8946672.197180729 -2712.868437036243
v 214633.6360682111 8946759.867233615 -2731.24444135726
v 214694.9890393362 8946849.447485451 -2759.414356314003
v 214576.5553222316 8947048.813097892 -2724.558290927375
v 214638.1572418797 8946938.872577429 -2742.240570862904
v 214761.4016635464 8947562.017064914 -2812.108372437184
v 214692.9843909098 8947563.341319526 -2788.166547691797
v 214627.5866063415 8947474.000104355 -2761.768036411719
v 214561.9788564743 8947384.191663727 -2734.361062944475
v 214514.4796638859 8947495.833536306 -2721.685577695162
v 214574.0677445817 8947562.696296757 -2745.658105314172
v 214556.889692386 8946940.673156142 -2711.264663549457
v 214593.6896074746 8946850.376924356 -2720.583182261753
v 214620.6009523461 8947653.045079172 -2765.367279355199
v 214751.2516444514 8948275.501527868 -2822.875885408023
v 214682.7191263881 8948275.915240854 -2800.323141645636
v 214617.9789554124 8948186.744926456 -2777.331704431617
v 214717.574709041 8948364.904745195 -2812.652806892722
v 214565.7098009556 8948275.714867586 -2761.246735530934
v 214629.4885145282 8948364.903892882 -2783.952319735389
v 212371.3811142855 8947495.725206409 -1654.458838494959
v 212345.555965289 8947378.691984164 -1617.128100333522
v 212312.5180960454 8947293.096619409 -1579.575447732874
v 212417.0850871634 8946941.366521388 -1611.380489410784
v 212373.0971298584 8947034.193622639 -1591.176315732051
v 212323.9438788326 8947117.6465398 -1565.084655958017
v 212272.6350916571 8947194.352920407 -1535.838467590421
v 212475.0480281977 8946830.097146008 -1638.940512386002
v 212336.0053484105 8947563.095898869 -1637.11703391287
v 212301.0309204083 8947471.726887606 -1595.926124624144
v 212266.9662950151 8947384.916155241 -1556.573255929872
v 212232.160832707 8947296.350705028 -1517.246993548331
v 212292.3231109276 8947024.304975646 -1529.638659593565
v 212334.1954449917 8946939.466796171 -1550.586752060212
v 212241.2807867872 8947114.409975203 -1501.455452293846
v 212387.511534019 8946863.604920976 -1580.486859592366
v 212511.7836355476 8946761.287052544 -1655.798611714869
v 212427.6641303101 8946759.312230056 -1596.77122773731
v 212269.9447436597 8946583.107308915 -1463.271221647877
v 212309.7330584222 8946678.020698223 -1502.649594173505
v 212232.6757398667 8946494.284240438 -1426.954662972713
v 212344.2090666242 8946763.049261954 -1537.195509650996
v 212261.1091860603 8946761.287052544 -1475.766587036087
v 212228.724383593 8946667.327277327 -1441.636777500765
v 212186.8403217909 8946581.143970469 -1401.48740292656
v 212297.6570068258 8946849.989993885 -1513.04657105767
v 214751.8259806599 8948988.394358382 -2827.228596815325
v 214698.8229712474 8948899.042987635 -2810.928147823834
v 214663.9841696203 8948810.354104266 -2799.351402742279
v 214664.8445627894 8948632.174360638 -2798.134623053574
v 214703.5979047371 8948565.205428062 -2810.298053859794
v 214751.4431589174 8948453.741705649 -2824.624604606965
v 214629.7628055634 8948721.243438534 -2788.018999972307
v 214663.1830268811 8948988.533847895 -2800.484389669445
v 214698.6855904669 8949077.290037245 -2811.781511633744
v 214629.8492893439 8948899.433577904 -2789.791269148076
v 214556.5727139091 8948810.800390651 -2765.521086044689
v 214559.5097525992 8948632.411846699 -2764.205882463852
v 214629.6455422012 8948543.066242788 -2786.140605462253
v 214682.3089138505 8948454.029943336 -2802.266908948393
v 217161.2072517542 8952712.702962883 -2813.734023077201
v 217272.5421247211 8952733.238908255 -2824.23942169816
v 217086.1177065949 8952740.694459615 -2797.963728460265
v 217021.4008443919 8952681.599132996 -2802.166566962127
v 216200.971319446 8951930.979719335 -2816.006933103056
v 216263.9306635396 8952020.358632116 -2813.650943479393
v 216137.971532429 8951841.697314207 -2817.356192556098
v 216074.9295958866 8951752.502077125 -2817.760634960223
v 216011.8463348316 8951663.386166034 -2817.321058100134
v 216341.120133482 8952089.401296303 -2815.671450601283
v 216125.8882224541 8951947.461409347 -2799.935707649181
v 216062.7100301644 8951858.82984628 -2800.651600964568
v 216189.3871119698 8952035.650536183 -2798.32384373508
v 215948.7266997603 8951574.343357069 -2816.186745810496
v 216267.7225581242 8952117.824819906 -2799.20410176819
v 219225.2164347268 8954958.718810288 -2826.981661808954
v 219288.3055089904 8955047.672041558 -2828.843971013624
v 219162.1464011714 8954869.756473301 -2825.357267177224
v 219099.0943261253 8954780.771096073 -2824.012337102398
v 219036.0506584237 8954691.757439416 -2822.867952955545
v 219351.4060623671 8955136.632627044 -2830.788317746367
v 219052.621888811 8954846.39638651 -2807.102445793
v 219115.1462138288 8954936.096044065 -2808.379354930049
v 219177.5377335882 8955025.983322101 -2810.031699543348
v 219005.6886669183 8954779.375515806 -2806.455174015424
v 218973.000992945 8954602.721875934 -2821.7558973406
v 219239.8266774122 8955116.041012811 -2811.999521112334
v 218958.7911875438 8954712.284435621 -2805.687145201876
v 215566.2780669317 8951307.776082277 -2766.011431212412
v 215773.4840726774 8951287.709127828 -2816.737897807508
v 215700.6898416631 8951302.107870055 -2798.308814759886
v 215381.8222909655 8950773.322761532 -2815.643200534797
v 215626.7007792955 8951398.232665617 -2767.605231103727
v 215822.4291793245 8951396.452667283 -2812.709831413937
v 215753.9299462507 8951390.288323874 -2798.070080168786
v 215319.3274342688 8951128.575780228 -2738.091444403044
v 215256.5433683779 8951039.356793461 -2741.021640893705
v 215252.498001646 8950866.20079582 -2772.751771395747
v 215307.4780671475 8950787.981198892 -2797.862238411519
v 215319.0497349176 8950683.896478903 -2819.038450015193
v 215195.4232487442 8950768.489533288 -2780.231066320298
v 216896.5279743688 8952637.531453302 -2795.656126100374
v 217210.3890018761 8952774.788413201 -2806.265975351677
v 216959.1479827052 8952727.718206048 -2784.684595528677
v 216821.5330843035 8952733.390126605 -2766.195748341167
v 217840.3495268236 8953575.77001754 -2716.348861550908
v 218232.211970235 8953513.028914474 -2812.149550940112
v 218090.8484037968 8953617.299507704 -2761.161832491938
v 218219.9654576904 8953618.433310518 -2789.981968526554
v 218295.9175640568 8953600.881714579 -2809.909036263698
v 218158.6128118643 8953708.888940271 -2759.699865227902
v 217715.7843401529 8953528.252812067 -2704.113264969561
v 218282.9242201978 8953707.852017596 -2788.66141372143
v 216517.4324244339 8952776.852020318 -2719.239710654031
v 216266.2669985282 8952728.120968103 -2695.427253333404
v 216203.0962207504 8952194.557600237 -2776.659101272264
v 216768.845175198 8952821.45139024 -2741.482668680344
v 216140.2672802443 8952105.287999623 -2779.74631687036
v 214508.8678324319 8948899.291055096 -2751.533909018412
v 214436.0470964345 8948988.040276159 -2730.02606719289
v 214446.3041610958 8948453.23712364 -2723.88257131751
v 214511.3688810584 8948542.871243477 -2747.093063072642
v 214553.2015322481 8948989.346406506 -2766.911463152399
v 214511.1387292142 8949084.306756482 -2755.406811529098
v 214436.4995142843 8949166.254016416 -2734.352085569449
v 213904.2237588892 8948543.084488824 -2537.466802541882
v 213941.7716795614 8948452.801386435 -2548.276469025298
v 214512.6315335735 8948364.642395526 -2744.779169091562
v 214562.405761266 8948454.096753158 -2762.836127965718
v 213800.3954858569 8948537.171139613 -2501.410863265547
v 213874.4349046928 8948454.161900997 -2524.696374362828
v 214629.536840555 8949611.864893509 -2792.35166764125
v 214554.4694782632 8949523.028277153 -2773.741646834449
v 214556.1168357952 8949344.893752839 -2772.820507140349
v 214629.8881886073 8949255.77555934 -2792.955210148001
v 214506.1660564952 8949433.768099008 -2760.100730360691
v 214662.489659745 8949166.713591522 -2801.464958877016
v 214677.4662136988 8949722.146516535 -2801.178607287863
v 214510.3030980178 8949255.163721656 -2758.320636176962
v 214558.0473730529 8949166.722375691 -2771.005122699537
v 214436.9691660319 8949344.527208211 -2738.990148003547
v 214629.899261697 8949077.621261621 -2791.512897096687
v 214554.136294399 8949701.131338408 -2772.888789264725
v 214503.843850352 8949612.209491493 -2761.025474321782
v 214437.3594128022 8949522.848203383 -2742.944917993759
v 214383.0873340608 8949433.09040812 -2725.835321062157
v 212876.7650727539 8950418.515637159 -2129.899915726811
v 211952.5817973313 8949864.953508984 -1146.592998380869
v 214451.4068500476 8952624.097403668 -2303.151261323659
v 214549.5956786559 8952651.720641803 -2331.785851721475
v 216014.4910715653 8951927.035804082 -2782.596601879451
v 215885.5815854091 8951485.36808214 -2814.56258894143
v 216077.4005913964 8952016.119924299 -2781.723433909015
v 212300.332507058 8950952.143790526 -1153.801455873069
v 212318.8824267797 8951126.690771431 -1088.473168669153
v 212319.6640152961 8951196.238605965 -1051.638810533002
v 212345.0097503538 8951050.486248624 -1169.623216451563
v 212239.9286157948 8951310.345777817 -885.086981838014
v 212356.8680656873 8950947.651429003 -1245.551012461632
v 212302.3386577411 8951307.398666281 -968.5373433828374
v 212380.2152583488 8951126.690771431 -1178.477299449036
v 212382.648332815 8951196.515987167 -1140.749787211455
v 212368.6830439503 8951297.438994657 -1062.413355332511
v 212405.4723580902 8951052.525107846 -1260.696107533963
v 212568.6877376381 8951199.563485067 -1410.293519763758
v 212622.5183437104 8951296.347147349 -1417.395827197734
v 212530.5476708626 8951126.690771431 -1403.832752146663
v 212431.2180990999 8950851.905671619 -1418.610466830666
v 212465.7260924491 8951054.712271418 -1351.916155975227
v 212417.0084861554 8950942.321295863 -1343.820612788406
v 212678.6999001281 8951390.882397942 -1422.509507383863
v 212560.0355547682 8951295.858527876 -1327.939611717904
v 212614.492304705 8951399.259570207 -1326.836377826121
v 212507.1438553433 8951198.218795897 -1320.097913263054
v 212486.0024260725 8951126.690771431 -1336.348077210509
v 212372.4923546117 8950847.982898468 -1325.963495170045
v 212440.9247848296 8951126.690771431 -1268.764332801278
v 212843.0636928856 8951853.799028117 -1260.487256378335
v 212912.8408374508 8951849.19692078 -1345.65854000358
v 212979.7173682942 8951846.560018364 -1432.362059052145
v 212783.5370463831 8951762.17304555 -1258.283767492745
v 212852.8432026995 8951757.829188162 -1343.562475697302
v 212919.659698978 8951755.226286106 -1430.251441974104
v 213790.9967376599 8954078.109924709 -1080.003893611794
v 213786.6282945553 8954169.706979372 -993.3214722830839
v 213781.4532579374 8954261.769875268 -906.9148896360409
v 213731.5432563248 8953898.119883671 -1167.127882319916
v 213795.885485225 8953986.044591475 -1166.158927620777
v 213862.4298691337 8954072.604089949 -1163.862842740242
v 213859.4008738699 8954163.44663544 -1076.518048200816
v 213856.4887141213 8954254.15107506 -988.9484808562001
v 213741.0203050731 8953793.80162183 -1258.951941824697
v 213802.5868074081 8953892.574443731 -1251.034468199955
v 213874.1685366886 8953979.931385865 -1258.133257871176
v 218597.2793782318 8954332.860213352 -2780.229699067819
v 218709.002947042 8954353.155419705 -2799.812046727249
v 218783.6856817498 8954335.653888391 -2816.79462986481
v 218422.0651328975 8953778.352889638 -2808.980608606927
v 218469.208297401 8953711.784656622 -2830.430768974595
v 218660.402482203 8954421.736287616 -2783.595761977077
v 218771.2031301719 8954443.2606242 -2801.952908655614
v 218846.8277878627 8954424.650980607 -2818.855160272061
v 218536.8900954193 8954421.162713122 -2760.063831889127
v 218479.8297581464 8954328.938550254 -2756.957579498966
v 218418.8715481059 8954245.192535758 -2751.666724155537
v 218343.3395391674 8954156.468105786 -2743.406274601358
v 218345.9524091012 8953797.12500116 -2788.908330982814
v 218283.043229742 8953887.664507233 -2760.719490676513
v 218359.1852953236 8953689.333160121 -2808.886398187778
v 218342.6635079325 8954334.888352981 -2728.56761204805
v 218406.0880821396 8954423.76965246 -2734.972027730295
v 218289.5186692916 8954246.573547628 -2723.666013254049
v 218221.7319005649 8953797.849813791 -2759.632362229007
v 220423.4101371092 8956655.92191671 -2643.167687836896
v 220549.1797840975 8956075.451643499 -2810.603948531248
v 220549.5508256087 8956642.988261223 -2645.812027133148
v 220486.1837316028 8956695.111400126 -2628.454858832571
v 220612.2860439845 8956030.114863085 -2821.841592584484
v 220549.1773409774 8956733.61989177 -2613.267449832996
v 220612.1758365923 8956693.315996347 -2626.659455053887
v 221494.1205715187 8958745.539524889 -1649.827341917472
v 221424.6117561939 8958695.848762993 -1686.952573935811
v 221557.1166240134 8958912.01015763 -1549.028359216971
v 221489.2269377366 8958864.943648295 -1588.003301290287
v 221429.303860912 8958796.101395695 -1635.120833348123
v 221354.8416308552 8958773.996856745 -1659.494250562184
v 221491.3576224272 8958973.392087718 -1528.776603672367
v 221431.1245190239 8958928.377917873 -1565.396119460105
v 221368.9151898071 8958877.996875873 -1604.446865728427
v 220990.1521515607 8958925.720245223 -1651.828318624106
v 221057.4231379964 8958969.031136621 -1621.869256283838
v 221248.2603634364 8958891.833121687 -1620.719349100707
v 221305.1324140345 8958826.483477009 -1641.681422223687
v 221176.8329569771 8958964.253351236 -1600.623226394874
v 221118.9530465839 8959048.183719611 -1573.986741922517
v 221307.6982403593 8958959.622532509 -1575.427228726826
v 221242.1363615397 8959014.213267554 -1562.141597326485
v 221192.3143918735 8959069.90521783 -1547.374642396595
v 219919.2192591501 8959455.935408611 -1558.414379313965
v 219982.1464605408 8959494.844174724 -1541.079105961082
v 219918.5692766264 8959581.326398063 -1499.202708636495
v 220045.055090506 8959582.124565076 -1500.858816840692
v 219982.2153116448 8959638.263782421 -1473.473137681592
v 221246.0388709742 8959245.884993257 -1442.571452976609
v 221229.6041933539 8959144.622073757 -1500.607971389101
v 221305.1324140345 8959179.940415656 -1460.599129986864
v 220297.1955741186 8959808.558226656 -1376.497966474476
v 220227.0336790718 8959754.363518436 -1409.77515403751
v 220170.8134353459 8959685.186675901 -1448.575111134351
v 220171.2034691291 8959812.111414114 -1380.051153932689
v 220108.1720802929 8959750.969118409 -1414.643456853266
v 220045.0797350004 8959685.426866988 -1449.570913310749
v 220108.2074166343 8959638.66241215 -1473.871767409559
v 221310.6662331074 8959060.939363277 -1523.118154294725
v 221353.1809050531 8959128.097435612 -1476.70697759326
v 220045.2113641396 8959813.038921669 -1380.978661486941
v 219537.7514376861 8957721.267762912 -2140.268874371413
v 219479.7664871003 8957637.899159258 -2167.717102223094
v 219350.6947292178 8957532.802352495 -2194.823797956275
v 219415.2508391922 8957584.647520782 -2181.642902277464
v 219482.8062699027 8957537.912165176 -2210.84088231494
v 219541.2429441816 8957595.876028376 -2192.871409870101
v 219588.8204101854 8957646.857715692 -2176.568399502888
v 219221.3504367665 8957365.847511267 -2248.315063519768
v 219294.7448891926 8957448.544874558 -2223.119788354854
v 219417.1543604279 8957459.346059423 -2236.581351472676
v 219338.5801687262 8957377.864441838 -2261.468268971777
v 219289.2587342027 8957324.689700114 -2278.044568866002
v 218345.005912678 8956465.846033903 -2402.077477361849
v 218410.2715110593 8956392.394541398 -2440.220235181596
v 218481.6367083703 8956368.579328142 -2464.08421909614
v 218533.3193644726 8956299.055485098 -2496.798580617703
v 218583.230113519 8956221.680145387 -2529.869752189622
v 218215.6814284902 8956463.343685908 -2373.095701107085
v 218273.6962713203 8956384.873573227 -2411.171192317657
v 218329.1899613991 8956312.935599433 -2445.853003867201
v 218405.8610286325 8956298.038667168 -2467.672830063118
v 218466.3765099174 8956209.621633047 -2506.724678162364
v 218533.3061042657 8956156.985262781 -2535.77808055641
v 218718.0643439932 8956117.13464956 -2586.488914150714
v 218850.1865867683 8956112.253517164 -2617.284878449908
v 219400.5890109894 8957200.64440532 -2352.913973992633
v 219476.8020130924 8957177.20926513 -2375.175085051499
v 219356.4372204834 8957271.485164013 -2313.16434005554
v 218143.060427608 8956487.256491004 -2348.861575597719
v 218787.9486122368 8956036.759580374 -2618.720878051536
v 218860.2485801943 8956009.991706507 -2639.137015221904
v 219729.902838525 8956834.37616216 -2558.708675660592
v 219787.8005588169 8956744.31640395 -2599.317299122967
v 219667.2350491711 8956871.837305358 -2537.911148622038
v 219856.2232066554 8956690.751424916 -2624.09488362298
v 219480.1782266482 8957281.405029017 -2326.883325840099
v 219541.2429441816 8957228.418947119 -2359.953559499446
v 219413.6158711267 8957354.660420159 -2283.450989746948
v 221428.5816935529 8959056.466053968 -1496.901947356458
v 221382.0239712138 8958981.070902692 -1548.650443646441
v 219666.1894622157 8957622.07249699 -2195.623985370126
v 219731.3418972202 8957547.074955858 -2235.042876986547
v 219793.2271541606 8957490.813036948 -2265.988162072244
v 219608.1974289223 8957539.549597083 -2225.293310398066
v 219652.9425600752 8957467.17811057 -2262.565867613541
v 219729.0976025783 8957443.207212705 -2281.528466402643
v 219673.2859494764 8957360.925708296 -2313.528602371024
v 219605.551461569 8957280.720470408 -2343.25352747461
v 219604.2389966764 8957416.139467504 -2280.404464441532
v 219545.7866502929 8957360.34561534 -2298.923456453006
v 221431.5016298695 8955926.424270861 -2843.969354853191
v 217715.673114549 8954869.025681155 -2608.188265574321
v 217768.8264848516 8954958.621871844 -2623.117920919606
v 217838.8270762129 8954956.686254498 -2635.29985485642
v 217810.112473305 8954868.46538762 -2626.367933779095
v 217965.7469222268 8954957.257338513 -2654.130275284286
v 218102.7088683228 8954951.04667566 -2670.38767850961
v 217902.1543664843 8954867.820381206 -2642.336895701673
v 218028.9640827649 8954868.310135523 -2661.200819324392
v 218148.3272163618 8954868.396087969 -2676.369206888472
v 218924.0789243916 8955931.805612609 -2665.356731577632
v 218975.0162285057 8955847.446059782 -2687.552288216501
v 219039.1202690323 8955757.109431969 -2710.81339609827
v 219050.3879030921 8955651.125109203 -2724.091783246469
v 218783.4960723331 8955940.855766175 -2635.478981891027
v 218860.8251027375 8955842.753638376 -2666.011667319832
v 219099.3172477859 8955582.106788028 -2740.217194327468
v 219168.0565707997 8955496.162756808 -2761.128059670888
v 219227.2103153111 8955401.914177181 -2781.150521540722
v 219281.0949233912 8955310.93262211 -2799.91300456316
v 219350.6008854459 8955315.622817896 -2812.026213069509
v 219477.5901391706 8955314.630003184 -2833.936333166178
v 219228.1068664281 8955222.699837459 -2799.039247448728
v 219302.0822609767 8955206.184148323 -2814.099966015574
v 219414.5054196737 8955225.614983378 -2832.578138462048
v 218218.8450948393 8954779.039502244 -2687.140005805271
v 218345.390692828 8954778.257182352 -2703.758274950435
v 218455.0471882857 8954800.951586897 -2715.857174053144
v 218532.2252673637 8954780.582114123 -2728.457642823733
v 218658.7880281103 8954779.984025519 -2746.97856158121
v 218777.0714108204 8954783.018228794 -2765.587049600139
v 218912.6428714955 8954777.484383427 -2789.955642435029
v 218975.7137607061 8954866.518281002 -2790.851052984766
v 219038.805046398 8954955.57652745 -2792.127790523859
v 219101.9110814151 8955044.638419177 -2793.96934379227
v 219165.0178143576 8955133.684283979 -2796.345665609406
v 218102.2197720523 8954780.420442158 -2670.860525889796
v 218147.3735113805 8954690.198684899 -2678.221941143527
v 218282.379792073 8954689.548526421 -2699.119815798554
v 218392.9947927729 8954711.087474246 -2713.748400714021
v 218469.072646778 8954691.34518972 -2726.758860643004
v 218595.7415777146 8954690.857401308 -2746.166913688948
v 218714.936381639 8954693.675223676 -2765.154663884712
v 218849.5889697688 8954688.49003062 -2789.108454594671
v 218909.9306110682 8954513.679934885 -2820.475772843081
v 218833.5853192192 8954533.103296172 -2803.573842826956
v 218896.1326044439 8954622.742984727 -2804.75831232626
v 217965.130597382 8954600.866443798 -2645.836022636615
v 218268.2057106183 8954354.06256216 -2711.381644675806
v 218219.7169250446 8954422.291623298 -2698.260207238875
v 218146.110801705 8954511.951861063 -2680.602487151035
v 218100.0856435029 8954602.003574098 -2670.855039478749
v 218313.2737336989 8954423.01602855 -2716.599301595714
v 218282.9813685343 8954511.12273195 -2706.641434169097
v 218219.2142282384 8954600.767722825 -2691.94551637049
v 217901.7192975292 8954689.613155214 -2636.169498720154
v 218028.7834883803 8954690.120450165 -2658.789468609822
v 217214.1634112279 8953794.294465875 -2577.584612560692
v 217022.1844460386 8953974.607626425 -2525.225897298783
v 217084.3968968866 8953932.567461969 -2538.6070750958
v 217035.5723670985 8953870.011040499 -2545.098965829155
v 217083.8639369571 8953801.134696444 -2563.149554799328
v 216469.797799142 8954493.378341112 -2364.974641038715
v 216391.7494723965 8954524.248881401 -2357.375560780316
v 216265.8820361549 8954523.559865706 -2354.590060535323
v 216328.4442669497 8954471.774780972 -2365.095419587834
v 216139.9776290377 8954509.03972559 -2351.771496657385
v 216202.4521619602 8954467.979516363 -2361.300154978151
v 216959.6823048782 8953899.377191868 -2531.805894128886
v 217854.3680485979 8954800.574352235 -2631.672134374684
v 217965.4537135741 8954778.9813993 -2649.935225706679
v 216957.5823307227 8953802.444034304 -2550.502886401381
v 216847.1051551902 8953780.736030567 -2544.177099413136
v 216895.4087394024 8953841.109953167 -2536.239438107808
v 215874.2494154535 8954351.39610127 -2352.506027948362
v 215809.5266784685 8954264.894277358 -2357.535976472715
v 215761.479794497 8954199.663440669 -2360.253694725939
v 215713.9310536329 8954134.215374883 -2362.049703143452
v 215650.522566417 8954045.252166286 -2362.759637138785
v 215634.2006772478 8953890.010845676 -2382.255426253528
v 215693.643767539 8953801.54773936 -2408.540444677576
v 215587.7789760873 8953955.394135039 -2361.634442287745
v 215699.7552221922 8954242.536183849 -2343.32277179992
v 215636.992547677 8954153.461092934 -2344.585682753996
v 215574.1246583836 8954064.553643541 -2343.365264588391
v 215541.693809695 8953888.476797666 -2359.891372249365
v 215570.9276540232 8953801.078627357 -2380.487408740561
v 215511.0902847985 8953975.760907263 -2339.763478323716
v 213941.4450279936 8954253.286327751 -1078.079601351991
v 214001.9279677514 8954242.092120806 -1155.376342650767
v 214071.6255855043 8954237.736360529 -1240.007874478802
v 214139.6281165962 8954234.272156604 -1325.615431778279
v 213941.4121198438 8954163.628868613 -1165.986993924659
v 214001.8155925257 8954153.002730109 -1244.505107062641
v 214071.5130849322 8954148.525049012 -1329.165213519753
v 214206.6775459184 8954231.256666481 -1411.858064072886
v 214140.8331416131 8954144.092686459 -1414.052983257826
v 214786.9364770296 8955313.914746691 -1289.122504868417
v 214843.5935532366 8955389.500193592 -1311.029447531082
v 214852.2358020104 8955334.673637673 -1354.57891203494
v 214911.7758722536 8955403.004618505 -1379.842554466257
v 214273.970841075 8954227.969152452 -1498.110106524147
v 214922.6174593149 8955328.610111564 -1438.334026791625
v 215054.5405068751 8955412.860744324 -1523.032519479733
v 215135.8179976661 8955409.317631619 -1602.522179336194
v 214979.7669260008 8955421.69661529 -1441.657490736689
v 215212.7070844581 8955391.024832528 -1682.252783906437
v 213806.9145909037 8953803.571855973 -1322.696062449277
v 215194.4320690909 8955491.894229867 -1604.806296345492
v 215437.1399898932 8953887.347630635 -2330.609767415594
v 215263.9542598253 8953802.639956595 -2283.925287427656
v 215376.1794252684 8953803.164973399 -2323.555510579832
v 215206.9776760442 8953690.992288154 -2279.407471235019
v 215495.3150990848 8953820.25097207 -2357.254948203835
v 214075.9353563438 8954056.252174212 -1415.52539540917
v 214012.1776830389 8953967.649115585 -1416.212558188357
v 214004.6211653182 8954061.976772264 -1331.790192673966
v 213939.1337342396 8953974.520673145 -1333.437370019759
v 213870.0128717651 8953893.587639453 -1322.651077471026
v 212433.0688852529 8951296.417665225 -1150.483184137194
v 212496.8714632369 8951295.886031725 -1238.979980112252
v 212553.2266365245 8951400.224741904 -1243.335588163699
v 212606.724606299 8951486.701161172 -1250.651467354958
v 212664.4850553265 8951579.429417189 -1254.062833228636
v 212723.6549764933 8951671.032468686 -1256.414938144739
v 212445.134148483 8951197.193224717 -1230.245760896018
v 212669.2240795066 8951473.268183267 -1342.532988424105
v 212731.6212352936 8951576.428146712 -1340.456553902652
v 212792.0259304863 8951667.244497513 -1342.133245882226
v 212924.9136941178 8951573.366381079 -1604.848714309933
v 212923.2343410627 8951663.626962619 -1516.917038391925
v 212861.7884974658 8951476.432897193 -1608.423608423059
v 212861.4625795421 8951573.692120176 -1516.071344915795
v 212858.4069239754 8951664.896997025 -1429.044062613273
v 211943.3027917516 8949790.342694221 -1176.378934004686
v 212003.6143391538 8949790.342694221 -1266.755505117166
v 212064.3555572685 8949790.342694221 -1356.835566723663
v 212030.849377044 8949713.177158289 -1346.837390689198
v 212093.6136900112 8949713.442644173 -1436.013054023381
v 211968.9208483786 8949712.182179192 -1256.960019152108
v 212157.6998203687 8949712.542094931 -1524.138511703053
v 212952.26176364 8950413.971796919 -2191.036802620373
v 214309.1142798559 8952906.698940281 -2063.479667472258
v 214373.1129974462 8952996.88796046 -2058.27131152899
v 213936.7827594979 8954067.219248382 -1251.312558683473
v 214434.7782000572 8952729.347977677 -2237.269111573053
v 214375.5666396127 8952772.640887035 -2180.489346488007
v 214425.3634653204 8952836.587575238 -2174.012688411513
v 214399.46465658 8952894.589740913 -2127.146518738988
v 214513.647469337 8952715.418841174 -2284.351005783231
v 214500.7799307418 8952817.2316346 -2225.461319861582
v 215199.2203859931 8952813.346108127 -2480.469126421524
v 215258.7685412931 8952727.725162584 -2516.267467178579
v 215131.5192695496 8952863.069361119 -2449.097564199985
v 215083.589618677 8952799.685887635 -2453.496853019377
v 215140.1457892697 8952727.561344603 -2488.058053705135
v 215196.1232604615 8952637.754798336 -2523.719638037342
v 214564.5547970969 8952779.316310396 -2276.254641662372
v 214622.6838059413 8952730.558025267 -2324.649942134142
v 214705.6103920009 8952711.662379835 -2365.477462994816
v 214753.5429545811 8952772.040087508 -2358.068290588037
v 214822.9390965878 8952729.004587607 -2398.49402095061
v 214944.7392150415 8952725.082963794 -2437.019717536526
v 215018.0376924699 8952714.239061594 -2460.75445006078
v 214638.1834040371 8952628.386254439 -2377.557498449451
v 214754.0475507978 8952646.173068745 -2408.54760223887
v 214867.3264163506 8952656.72882418 -2438.202399710123
v 214939.7887992057 8952633.358003981 -2465.131974085049
v 215068.5208041447 8952640.865593435 -2494.371928121445
v 215134.090502244 8952561.875065213 -2528.901713846254
v 215132.106961218 8952288.82228219 -2584.411064081424
v 215067.5804087968 8952376.782320965 -2558.046983938588
v 215054.5258743835 8952481.27857032 -2532.551364315554
v 214995.9593399321 8952554.853725538 -2501.466925506441
v 215004.9906834767 8952286.671842141 -2566.135076280612
v 215005.5271645601 8952418.231005948 -2538.798439913687
v 214956.9468301728 8952355.62738017 -2544.897781890903
v 214943.6257689856 8952460.211634476 -2516.636729121167
v 213927.9522643931 8951663.995435346 -2415.880139064318
v 213964.4525499089 8951572.140130501 -2452.290429436405
v 214065.6616700066 8951569.419526741 -2489.952401845308
v 214881.0354729586 8952369.796504268 -2528.895867314324
v 214817.9394167137 8952458.865563544 -2492.015054818264
v 214687.1729025922 8952554.870030718 -2424.381477465125
v 214768.4991932443 8952533.977149596 -2455.213524374668
v 213868.3598071203 8951573.401551999 -2410.31586034616
v 213919.9000769015 8951504.76215319 -2447.919163689282
v 214008.3085247409 8951477.704682559 -2484.709033796198
v 214125.1168719005 8951481.359422188 -2519.603615273587
v 214201.3367715452 8951460.830869578 -2540.515520446525
v 214884.4282635585 8952546.714107126 -2478.653172216873
v 214816.5390070759 8952593.39056473 -2446.688383254224
v 213858.192260542 8951413.413297167 -2443.838338467375
v 213796.0116582426 8951322.909574974 -2441.271267362077
v 213714.8270745222 8950592.151540546 -2538.04454679998
v 213807.8396609762 8951483.329501236 -2406.529298926993
v 213750.7037627508 8951399.890183143 -2404.462091934183
v 213670.0936423738 8950522.715383096 -2531.871015784908
v 212800.2254404244 8951481.890979484 -1515.305190279661
v 212735.9158610285 8951479.327319846 -1427.809487745322
v 212797.208279444 8951574.583116613 -1427.829987986077
v 213035.8457365949 8950411.84557125 -2251.504390333778
v 213124.0283607293 8950417.236706618 -2307.987017521517
v 213211.8453792293 8950413.971796919 -2358.469363768239
v 213304.6897662038 8950413.993312076 -2405.390350077512
v 213400.9612469888 8950413.971796919 -2447.378625979064
v 213502.106036677 8950408.904297423 -2486.87980270181
v 213622.2267424468 8950412.724706065 -2527.004964838502
v 213159.8533413486 8950323.062068526 -2339.97543062591
v 213248.1953739631 8950325.961456696 -2386.835407194889
v 213360.9840008061 8950322.755153991 -2439.586211615281
v 213427.7575685863 8950326.24023013 -2466.429261101142
v 213547.5646476682 8950324.385266978 -2509.741190632477
v 211937.1879133227 8949238.141217932 -1410.954803924179
v 212003.3936006711 8949235.473166857 -1498.161031641364
v 212080.9556966972 8949255.803463336 -1587.551860341767
v 211993.3817445495 8948101.854921941 -1411.217896773061
v 211918.9855991497 8948097.198176391 -1333.06932072244
v 212069.0464473117 8948112.270606592 -1489.827350761828
v 212140.2799884927 8948097.635129754 -1557.555005152814
v 212212.9751259929 8948085.866306674 -1623.72569663114
v 211976.2583097491 8949342.017308371 -1430.545468168426
v 212045.6296593541 8949344.130253589 -1519.394032409935
v 212115.0983099393 8949617.660787959 -1507.003922776858
v 212049.9060582871 8949616.470061544 -1419.812517058936
v 213298.2421373013 8950055.904504538 -2438.158904367981
v 213364.6475418452 8950058.998495312 -2464.225858162699
v 213588.2736573856 8949879.432566034 -2538.838362051173
v 213549.5644051885 8949968.559506543 -2528.40497047034
v 213486.1731771364 8950057.464292442 -2506.487446136893
v 213243.2599677672 8950147.318970418 -2404.349773402171
v 213338.5784823968 8950146.702181477 -2446.511305909282
v 213440.5823113995 8950140.436316671 -2486.056825734484
v 213681.3855201398 8949879.291086096 -2562.898736488105
v 213617.2069356255 8949968.813654324 -2547.223036223297
v 213589.0481254113 8950057.612309663 -2537.743098865632
v 213559.1030104189 8950146.122162335 -2525.273309288292
v 213190.0411755427 8950216.320916777 -2369.834027826026
v 213294.986555352 8950242.251202216 -2418.183252395881
v 214132.0253115408 8949706.786604794 -2667.909529406139
v 214251.3327833596 8949701.533404481 -2698.422827830012
v 214341.5352255418 8949701.252822407 -2720.823841746766
v 214437.5788495968 8949701.188109795 -2744.807903357057
v 214506.3580484109 8949791.027464753 -2760.360409376805
v 213489.1076548109 8950234.34935236 -2496.76156315472
v 214177.9729634192 8949614.620635429 -2675.918867043561
v 214304.8577126342 8949612.755093107 -2709.683190922448
v 214373.4277697849 8949611.770796293 -2727.705996372932
v 213379.7561544076 8950215.912854319 -2457.487956527714
v 214315.1765253093 8949434.506476553 -2706.62622890979
v 214251.0401915508 8949523.417891486 -2692.011635107037
v 214347.4914638658 8949344.893335151 -2712.400448728222
v 213492.609706681 8948721.521050574 -2405.886853847433
v 214343.9860887489 8949523.073078778 -2717.357797759705
v 214388.3538664003 8949276.731542293 -2722.77407772967
v 213548.1179274892 8948632.27275373 -2419.314755420746
v 213613.241129002 8948543.576308841 -2437.058086885178
v 213679.6539966884 8948541.977433585 -2459.950741296606
v 213428.36471106 8948630.859081134 -2378.831161959262
v 213501.6509554341 8948548.122406237 -2398.700286949362
v 213753.3666707501 8948453.567588674 -2481.947293499066
v 213653.4882335124 8948453.99461701 -2446.611024028271
v 213548.2577762812 8948455.97330164 -2409.668930053675
v 213246.0597765943 8948630.371491367 -2314.220269529346
v 213144.5988126819 8948632.174360638 -2275.390626574625
v 213359.8060419439 8948633.603475556 -2355.345866754548
v 213105.5208405623 8948543.922565768 -2250.094781181802
v 213185.4073731614 8948539.896389429 -2282.22081948317
v 212986.2771747401 8948540.975109942 -2198.393577697498
v 213296.4475223149 8948537.713424217 -2324.493705596246
v 213398.4236623302 8948543.084488824 -2361.877440804796
v 212871.6873579879 8948450.04074383 -2132.693177615508
v 212962.4521992647 8948453.99461701 -2176.625350353461
v 213058.3878208931 8948457.241893359 -2220.380758009604
v 213166.7755193941 8948433.794813253 -2264.227830930613
v 212186.2094837957 8948013.52562025 -1586.108668203088
v 212108.301332034 8948007.985313872 -1512.043804896356
v 212030.2231357276 8948011.331947865 -1436.222026893897
v 211945.9018349658 8948008.545257939 -1351.156178735055
v 211986.4782070695 8949616.455772014 -1330.940925528816
v 212004.8415576382 8949502.296198286 -1407.736757501133
v 212009.4125728826 8949433.983206963 -1441.545846234447
v 212067.8218607192 8949508.269276913 -1489.066004208235
v 211938.2709039743 8947753.189488839 -1316.483714971325
v 211967.3914838829 8947823.641321855 -1351.953026760469
v 212005.2537041032 8947933.794843996 -1401.436947165045
v 212011.2798311177 8947741.275642497 -1383.629290004668
v 212044.5361139458 8947830.432066826 -1426.021817478799
v 212077.1374330345 8947919.455386126 -1468.672319816538
v 212142.1601477987 8946672.197180729 -1376.71631473476
v 212094.7696637281 8946754.912513031 -1348.40747065559
v 212178.2048884987 8946758.584452434 -1412.977447135556
v 212133.9492758049 8946850.376924356 -1388.3282412673
v 212170.2606531697 8946939.592132095 -1426.189575169876
v 212206.3500926182 8947028.556667985 -1464.117767831081
v 212185.6574355853 8947382.343069443 -1490.734734136847
v 212141.9081555698 8947474.006027056 -1466.162557376522
v 212095.8735313764 8947557.679527946 -1437.603282841056
v 212058.6422670246 8947648.459863963 -1415.871915291314
v 212218.7885197868 8947467.394903291 -1529.376699032611
v 212174.7388502381 8947560.893407898 -1505.510499191948
v 212151.0043486936 8947652.185770683 -1497.672547320506
v 212083.893453771 8947727.409343354 -1448.770711901963
v 212216.1939393702 8946852.380829545 -1451.906854565533
v 212257.1619517554 8946951.135372665 -1494.297316740587
v 212290.3243770839 8947654.954191575 -1615.184086869463
v 212244.6756763986 8947745.15320874 -1592.058492455127
v 212197.8228245836 8947830.365514312 -1565.26701774966
v 212149.8692579498 8947907.391238112 -1534.938863221032
v 212261.0330945126 8947577.015529606 -1579.417828323074
v 212209.9034457675 8947652.185770683 -1548.182439429497
v 212166.5138637864 8947743.039962431 -1524.468028609277
v 212122.0393846658 8947835.612812793 -1498.630565958214
v 213250.714995802 8948452.913418332 -2299.189415261487
v 213370.4526088675 8948454.693611905 -2345.169902794909
v 213437.8260565366 8948451.513162285 -2369.675158929708
v 213743.4170343855 8948274.963387057 -2470.572708899589
v 213694.4029533776 8948384.315889295 -2458.427600007019
v 213804.5965190606 8948365.497949732 -2496.616409319578
v 213733.1685459615 8946828.695307147 -2355.607662718042
v 213772.4877264821 8946761.287052544 -2367.41019896901
v 214493.1725917908 8946844.580805352 -2681.094154859832
v 214567.9374034336 8946762.011995601 -2705.786908665604
v 218786.5414217447 8954599.539426217 -2787.942539144768
v 218592.4177891595 8954509.053074557 -2762.3963405044
v 218469.4071155589 8954512.740749199 -2740.196045617345
v 218723.484915328 8954510.625690717 -2786.160815897166
v 218654.1263872842 8954603.705562156 -2764.188179904414
v 218532.6207046166 8954601.774104156 -2743.956199673107
v 218358.198220315 8954491.10602491 -2721.156479698927
v 218405.7938366543 8954602.182522632 -2723.055575136435
v 218335.8735928849 8954599.432219638 -2711.597396143764
v 219542.6065973762 8957458.778412815 -2253.562739842384
v 219478.2468916869 8957405.204326402 -2269.469323339976
v 221654.2154860166 8958299.897784045 -1857.501763390781
v 221654.2154860166 8958258.366095265 -1878.719321487595
v 221654.2154860166 8958226.655161863 -1894.700486967485
v 221654.2154860166 8957822.433403246 -2093.781906942681
v 221654.2154860166 8957798.357037669 -2105.476760491165
v 221654.2154860166 8957761.122964947 -2123.267797061873
v 221654.2154860166 8957180.497991471 -2387.850189116278
v 221654.2154860166 8957137.396529691 -2406.278495103033
v 221654.2154860166 8957102.437450858 -2421.137908225279
v 221654.2154860166 8957079.755521275 -2430.644846579337
v 221654.2154860166 8957021.220904963 -2455.152338418772
v 221654.2154860166 8958474.654660765 -1767.913449801458
v 221654.2154860166 8958523.324039666 -1742.441984269637
v 221654.2154860166 8959963.823278589 -857.1300493261747
v 221654.2154860166 8959846.304921061 -925.8100917420745
v 221654.2154860166 8959870.234580094 -911.8948417303595
v 221654.2154860166 8959906.603158554 -890.2050053550972
v 221654.2154860166 8959940.197569409 -870.7830418580152
v 221654.2154860166 8959419.741056666 -1211.773546718038
v 221654.2154860166 8959395.991351767 -1228.580114153608
v 221654.2154860166 8959365.864524126 -1248.705935135208
v 221654.2154860166 8959323.175542822 -1277.673849810197
v 221654.2154860166 8959258.549467474 -1320.086567700854
v 221654.2154860166 8959471.107090659 -1176.293052737963
v 221654.2154860166 8959497.347046513 -1158.811048071378
v 221654.2154860166 8959525.515325446 -1138.642723424281
v 221654.2154860166 8959235.324171679 -1335.297408458908
v 221654.2154860166 8959211.67365114 -1349.88489083788
v 221654.2154860166 8959149.535266498 -1389.332764736891
v 221654.2154860166 8959576.39209 -1103.265015045804
v 221654.2154860166 8959601.474658705 -1086.777083961896
v 221654.2154860166 8958356.535926377 -1828.728664464523
v 221654.2154860166 8958407.473720731 -1802.405416992017
v 221654.2154860166 8958333.101284243 -1840.707520506349
v 221654.2154860166 8958179.950265188 -1918.075562160501
v 221654.2154860166 8958155.660731474 -1930.42657495081
v 221654.2154860166 8958115.581474924 -1950.410434832022
v 221654.2154860166 8958433.569555458 -1789.137970837607
v 221654.2154860166 8958078.771084026 -1968.634885256103
v 221654.2154860166 8958054.49893437 -1980.537622836619
v 221654.2154860166 8958000.117320038 -2007.43806572869
v 221654.2154860166 8957978.784517026 -2017.921136107951
v 221654.2154860166 8957943.313138157 -2035.186022443818
v 221654.2154860166 8957901.599679805 -2055.589341657015
v 221654.2154860166 8957869.415642094 -2071.167653293174
v 221654.2154860166 8957721.83832461 -2141.940865788539
v 221654.2154860166 8957692.259169109 -2155.870496528169
v 221654.2154860166 8957629.470126716 -2185.604292119546
v 221654.2154860166 8957616.075693332 -2191.916971832548
v 221654.2154860166 8957591.937879849 -2203.111333865695
v 221654.2154860166 8957540.820092984 -2226.774134632016
v 221654.2154860166 8957210.404980838 -2374.846726859147
v 221654.2154860166 8957254.557606094 -2355.651083150557
v 221654.2154860166 8956998.757093674 -2464.477449138179
v 221654.2154860166 8956962.449912932 -2479.279027902063
v 221654.2154860166 8956919.58542797 -2496.772224198583
v 221654.2154860166 8957277.575195672 -2345.591864609069
v 221654.2154860166 8957322.162781229 -2325.804816400965
v 221654.2154860166 8957358.055702413 -2309.869566984132
v 221654.2154860166 8956839.026247064 -2528.918648126404
v 221654.2154860166 8956875.047340212 -2514.555614710641
v 221654.2154860166 8956310.975736516 -2720.439408922376
v 221654.2154860166 8956284.953616638 -2729.137740931528
v 221654.2154860166 8956238.593352996 -2744.219437826388
v 221654.2154860166 8956424.870636348 -2681.84330420704
v 221654.2154860166 8956378.473686233 -2697.876320184771
v 221654.2154860166 8956353.753672874 -2706.196896018957
v 221654.2154860166 8956198.56207739 -2757.117602027801
v 221654.2154860166 8956157.990092227 -2769.809322484485
v 221654.2154860166 8956112.07045476 -2784.283852712104
v 221654.2154860166 8956085.523596268 -2792.419779852414
v 221654.2154860166 8956505.913489914 -2653.587242122918
v 221654.2154860166 8956466.176504048 -2667.648572169753
v 221654.2154860166 8956549.983041229 -2637.942795905956
v 221654.2154860166 8958611.849092692 -1695.740926661241
v 221654.2154860166 8958659.345935151 -1670.317132773296
v 221654.2154860166 8958584.86680817 -1710.192129042872
v 221654.2154860166 8958764.121993046 -1613.229843278713
v 221654.2154860166 8958697.408700161 -1649.925172911835
v 221654.2154860166 8958684.738819128 -1656.860242952443
v 221654.2154860166 8958810.401930299 -1588.12008819758
v 221654.2154860166 8958880.182602236 -1548.826592334295
v 221654.2154860166 8958787.290638082 -1600.790884152251
v 221654.2154860166 8959789.076786978 -961.2728132209882
v 221654.2154860166 8959767.267596964 -975.7225555099521
v 221654.2154860166 8959745.927256813 -989.0808780242783
v 221654.2154860166 8959667.115161195 -1041.64999388322
v 221654.2154860166 8959644.413291454 -1057.063311065514
v 221654.2154860166 8959682.111297235 -1031.010077333807
v 221654.2154860166 8959133.887939781 -1399.370483436351
v 221654.2154860166 8959109.111450696 -1414.211551607861
v 221654.2154860166 8959066.414840883 -1440.434356528316
v 221654.2154860166 8958989.98711862 -1485.302398414528
v 221654.2154860166 8959039.438973837 -1456.259139556589
v 221654.2154860166 8958962.870160921 -1501.667618760711
v 221654.2154860166 8958927.074028146 -1522.227357425143
v 221654.2154860166 8957451.843550142 -2267.612877656989
v 221654.2154860166 8957499.785205638 -2245.653787951496
v 221654.2154860166 8957386.53064258 -2297.137762358802
v 221654.2154860166 8956817.333392901 -2537.32735652906
v 221654.2154860166 8956733.564166797 -2569.768413060743
v 221654.2154860166 8956758.114433013 -2560.315870296277
v 221654.2154860166 8956698.605722344 -2582.924929916053
v 221654.2154860166 8956649.878131721 -2601.313085283503
v 221654.2154860166 8956576.090775624 -2628.36918345025
v 221654.2154860166 8956041.585631674 -2805.71048029858
v 221654.2154860166 8956016.199910309 -2813.441948205547
v 221654.2154860166 8955975.360955639 -2825.598983757302
v 221654.2154860166 8956619.435385829 -2612.554512062698
v 221654.2154860166 8955937.890085774 -2836.566553113498
v 211538.3357382641 8946420.508168193 -875.0128648237153
v 211696.9010224288 8946420.508168193 -1005.224895793635
v 211780.525646996 8946420.508168193 -1072.531211761552
v 211866.3222762378 8946420.508168193 -1140.830547278585
v 211794.227015308 8946420.508168193 -1083.579439826417
v 213152.3394464966 8946420.508168193 -2014.168989104705
v 213135.8533642747 8946420.508168193 -2004.908339973947
v 213067.368171599 8946420.508168193 -1965.693282271031
v 213225.2770459597 8946420.508168193 -2055.004613244654
v 214077.8839641887 8946420.508168193 -2477.364139403043
v 214178.0371186861 8946420.508168193 -2521.695685030588
v 214247.6652048732 8946420.508168193 -2551.904240143636
v 214194.3044949562 8946420.508168193 -2528.766624041541
v 212957.1096003676 8946420.508168193 -1900.908612174171
v 212987.8238930253 8946420.508168193 -1919.201612625143
v 212887.1360656513 8946420.508168193 -1858.480559224579
v 213046.5126295132 8946420.508168193 -1953.548968171486
v 213414.4864663734 8946420.508168193 -2156.874067417504
v 213333.2126814752 8946420.508168193 -2113.866518743618
v 213316.9447539092 8946420.508168193 -2105.270543083174
v 213502.4756514679 8946420.508168193 -2202.504355907457
v 213429.8075552977 8946420.508168193 -2164.86695555183
v 212452.9731471037 8946420.508168193 -1576.240863523535
v 212523.6706346138 8946420.508168193 -1624.549478083997
v 212608.2638036076 8946420.508168193 -1681.255976058678
v 212534.6604430622 8946420.508168193 -1632.049944092371
v 212710.2128609484 8946420.508168193 -1747.703225956785
v 212781.481150839 8946420.508168193 -1793.03179789963
v 212691.9551905178 8946420.508168193 -1735.901640893183
v 212624.4740547276 8946420.508168193 -1691.978482132644
v 211553.0366546739 8946420.508168193 -887.2866104001259
v 211619.8908485402 8946420.508168193 -942.2528197634811
v 211633.5504169153 8946420.508168193 -953.5496105994794
v 211683.0555153461 8946420.508168193 -993.9297727563003
v 211874.3400316615 8946420.508168193 -1147.209372472439
v 211941.6214510142 8946420.508168193 -1199.734361747041
v 211955.581120338 8946420.508168193 -1210.673513726518
v 212023.6121501087 8946420.508168193 -1263.056427734684
v 213244.2424739954 8946420.508168193 -2065.434079339892
v 213314.7737094336 8946420.508168193 -2104.101930611315
v 213305.0514137632 8946420.508168193 -2098.770032658978
v 213993.8348936681 8946420.508168193 -2439.609850973392
v 214060.9252353707 8946420.508168193 -2469.855898885238
v 214266.0353010427 8946420.508168193 -2559.757713330155
v 214357.8946686577 8946420.508168193 -2598.821234865598
v 213980.5665221682 8946420.508168193 -2433.549050670081
v 213888.6321750485 8946420.508168193 -2391.067909562826
v 214374.5270914593 8946420.508168193 -2605.761953787319
v 214438.9237381707 8946420.508168193 -2632.698830563948
v 214959.4686742859 8946420.508168193 -2838.164181957094
v 212869.3275241119 8946420.508168193 -1847.571156750858
v 212801.1716069776 8946420.508168193 -1805.401899920908
v 213519.389930185 8946420.508168193 -2211.141520003792
v 213603.8899248782 8946420.508168193 -2253.892192847186
v 213616.1701623509 8946420.508168193 -2260.041198112043
v 213681.4811813425 8946420.508168193 -2292.226778525845
v 214873.7321547359 8946420.508168193 -2805.775039326262
v 214939.7305615631 8946420.508168193 -2830.758157867133
v 214850.9533645926 8946420.508168193 -2797.097792279666
v 214768.4226598768 8946420.508168193 -2765.031776132839
v 214746.7502362294 8946420.508168193 -2756.618548767872
v 214664.6138515256 8946420.508168193 -2724.152904797375
v 212438.2420855373 8946420.508168193 -1566.04172260411
v 212374.0725214549 8946420.508168193 -1521.240506010809
v 212355.7388717277 8946420.508168193 -1508.219554269881
v 212284.6759969916 8946420.508168193 -1457.37498656278
v 212037.2019596122 8946420.508168193 -1273.518825745927
v 212104.0010617667 8946420.508168193 -1324.112801012883
v 212119.3703208238 8946420.508168193 -1335.754747841801
v 212184.6996827631 8946420.508168193 -1384.279345103139
v 213870.5416652657 8946420.508168193 -2382.705220566704
v 213804.624912686 8946420.508168193 -2351.670136972469
v 214459.0794134685 8946420.508168193 -2640.975668438072
v 214547.2314459898 8946420.508168193 -2677.126489339988
v 213791.6476808621 8946420.508168193 -2345.471502072098
v 213699.5875514657 8946420.508168193 -2300.989360076032
v 214570.9127795513 8946420.508168193 -2686.64621893405
v 214650.578651699 8946420.508168193 -2718.619567364945
v 212271.4119766793 8946420.508168193 -1447.731289607387
v 212201.8119863038 8946420.508168193 -1396.991508827246
v 214826.6379541388 8948013.740045801 -2844.185983719868
v 214831.3612828685 8947919.813237913 -2844.185983719868
v 214834.9006345813 8947853.078887995 -2844.185983719868
v 214836.1224401165 8947830.208622888 -2844.185983719868
v 214826.5741822277 8948015.222819546 -2844.185983719868
v 214826.197304058 8949439.126532134 -2844.185983719868
v 214825.6403656797 8949434.006511783 -2844.185983719868
v 214825.3256144193 8949430.512034375 -2844.185983719868
v 218740.9298417886 8954035.982961427 -2844.185983719868
v 218707.5838797948 8953980.478128683 -2844.185983719868
v 218682.1888849614 8953940.770076333 -2844.185983719868
v 219981.6754960359 8955758.35705401 -2844.185983719868
v 220026.42794872 8955785.738638261 -2844.185983719868
v 220084.7190589603 8955813.936252845 -2844.185983719868
v 219856.1473520106 8955670.498497814 -2844.185983719868
v 219871.8014371798 8955682.205974013 -2844.185983719868
v 219936.3900394806 8955730.379299518 -2844.185983719868
v 220120.5724459297 8955831.408232888 -2844.185983719868
v 220164.1524134917 8955846.88108773 -2844.185983719868
v 220223.9446079159 8955867.72239133 -2844.185983719868
v 220260.9198342528 8955876.764696522 -2844.185983719868
v 219849.4249796501 8955664.604473194 -2844.185983719868
v 219756.9481259036 8955580.214397237 -2844.185983719868
v 219779.761297805 8955603.751478856 -2844.185983719868
v 214980.6257715466 8950056.797684902 -2844.185983719868
v 214991.8116905155 8950078.672139866 -2844.185983719868
v 215027.8169545722 8950144.665643506 -2844.185983719868
v 215045.4415435556 8950173.542403199 -2844.185983719868
v 215085.5004429697 8950236.9764413 -2844.185983719868
v 215107.4545350021 8950268.207413634 -2844.185983719868
v 215148.7444530634 8950326.038058585 -2844.185983719868
v 215171.791536855 8950355.467724122 -2844.185983719868
v 214939.3126022616 8949964.381171234 -2844.185983719868
v 214943.2691603568 8949974.021987159 -2844.185983719868
v 214955.0578644575 8946580.99788231 -2844.185983719868
v 214966.0600940617 8946494.765436927 -2844.185983719868
v 214954.1131419203 8946588.826730441 -2844.185983719868
v 214944.2242852597 8946671.917660693 -2844.185983719868
v 214953.5814777211 8946593.214520374 -2844.185983719868
v 214884.549338792 8947211.345699528 -2844.185983719868
v 214885.1908837517 8947205.265342811 -2844.185983719868
v 214885.7368453404 8947199.894238528 -2844.185983719868
v 214894.5516064706 8947113.316035667 -2844.185983719868
v 214876.8034734794 8947295.57666406 -2844.185983719868
v 214900.8046289331 8947052.840867583 -2844.185983719868
v 214903.3769732701 8947028.329811467 -2844.185983719868
v 214870.1146903835 8947367.878909186 -2844.185983719868
v 214906.9461953984 8946993.660183197 -2844.185983719868
v 214912.9973368332 8946939.700263431 -2844.185983719868
v 214866.6250666629 8947405.674579661 -2844.185983719868
v 214868.6067675292 8947384.515450284 -2844.185983719868
v 214861.1877612619 8947473.767082937 -2844.185983719868
v 214823.3240914465 8948097.464931045 -2844.185983719868
v 214826.5332531063 8948016.241841665 -2844.185983719868
v 214837.5293591102 8947804.815999543 -2844.185983719868
v 214841.6107260744 8947741.489060394 -2844.185983719868
v 214820.2665755716 8948178.773135955 -2844.185983719868
v 214845.0616033392 8947689.698296864 -2844.185983719868
v 214847.5930388574 8947651.989648476 -2844.185983719868
v 214820.0050786186 8948186.221077424 -2844.185983719868
v 214809.8162008802 8948882.812100926 -2844.185983719868
v 214809.8566752894 8948810.221921202 -2844.185983719868
v 214809.7700127872 8948737.734656973 -2844.185983719868
v 214810.1138450309 8948721.174110502 -2844.185983719868
v 214810.2545739976 8948705.278520619 -2844.185983719868
v 214810.9040084859 8948632.032568917 -2844.185983719868
v 214811.4464329916 8948557.853366677 -2844.185983719868
v 216279.5293845194 8951835.410734659 -2844.185983719868
v 216342.103557439 8951909.290818004 -2844.185983719868
v 216354.644654729 8951922.974024942 -2844.185983719868
v 215655.0012198753 8950943.10985806 -2844.185983719868
v 215715.8678262988 8951025.453258466 -2844.185983719868
v 215720.5606268589 8951031.939401347 -2844.185983719868
v 215778.828113079 8951114.500141596 -2844.185983719868
v 215586.4458054586 8950854.488931865 -2844.185983719868
v 215651.3653546415 8950938.254604449 -2844.185983719868
v 215585.2167399117 8950852.901093455 -2844.185983719868
v 215783.3479828226 8951120.94239885 -2844.185983719868
v 215840.4844606195 8951205.151330538 -2844.185983719868
v 215517.088847192 8950768.64493512 -2844.185983719868
v 215562.1258301052 8950824.344341574 -2844.185983719868
v 216942.4423062991 8952429.472262189 -2844.185983719868
v 216969.1406504639 8952448.211526511 -2844.185983719868
v 216983.9175056498 8952458.164665472 -2844.185983719868
v 217139.6614340534 8952559.919723408 -2844.185983719868
v 217120.0175109757 8952547.513961853 -2844.185983719868
v 217051.8692469305 8952503.40292692 -2844.185983719868
v 217170.018565837 8952578.84395257 -2844.185983719868
v 217228.4277664071 8952616.115038296 -2844.185983719868
v 217272.8702884068 8952644.027845686 -2844.185983719868
v 216883.325375231 8952388.61207239 -2844.185983719868
v 216859.4991210343 8952371.516496656 -2844.185983719868
v 216798.8784355333 8952327.097393122 -2844.185983719868
v 217991.6663855849 8953133.141718194 -2844.185983719868
v 217928.5398969975 8953082.676852152 -2844.185983719868
v 218047.4007962903 8953180.476245835 -2844.185983719868
v 218075.8834853447 8953204.679431343 -2844.185983719868
v 218141.0110035961 8953263.856003838 -2844.185983719868
v 218151.3110306386 8953273.181822551 -2844.185983719868
v 218228.5663509221 8953348.971942909 -2844.185983719868
v 217830.8199525682 8953008.527458426 -2844.185983719868
v 217881.6904159048 8953046.672468329 -2844.185983719868
v 217914.3894770642 8953071.379385723 -2844.185983719868
v 218229.3245983523 8953349.715054782 -2844.185983719868
v 216632.1007201227 8952193.646008838 -2844.185983719868
v 216643.4649031793 8952203.458378069 -2844.185983719868
v 216681.1167778581 8952234.177833242 -2844.185983719868
v 214820.157502698 8949349.101793496 -2844.185983719868
v 214834.3037068249 8949522.311801123 -2844.185983719868
v 214815.9321542425 8949269.304994762 -2844.185983719868
v 214815.750910277 8949256.466524666 -2844.185983719868
v 214841.7054640663 8949583.67116872 -2844.185983719868
v 214845.9097577303 8949612.203200959 -2844.185983719868
v 214815.4617456923 8949243.005352402 -2844.185983719868
v 214812.9977587396 8949166.613609325 -2844.185983719868
v 214853.5219394653 8949653.293208145 -2844.185983719868
v 214861.9831661307 8949702.848984864 -2844.185983719868
v 218761.9363550661 8954069.495828001 -2844.185983719868
v 218804.4225644738 8954140.252293944 -2844.185983719868
v 218651.6441902539 8953891.323152227 -2844.185983719868
v 218622.4098042817 8953847.140372859 -2844.185983719868
v 218814.2401137832 8954156.063409198 -2844.185983719868
v 218862.846369369 8954236.52798529 -2844.185983719868
v 218593.2994051356 8953802.126797311 -2844.185983719868
v 218561.0675229137 8953755.643272301 -2844.185983719868
v 220919.9374395078 8955941.771094223 -2844.185983719868
v 220934.1528883243 8955941.409048012 -2844.185983719868
v 221046.7161465128 8955940.618359495 -2844.185983719868
v 221059.4051715942 8955940.089664832 -2844.185983719868
v 221174.4488348092 8955937.293912269 -2844.185983719868
v 221183.8229717155 8955936.776976936 -2844.185983719868
v 220794.3060578937 8955940.249892045 -2844.185983719868
v 220807.7670843791 8955940.172484925 -2844.185983719868
v 221302.9334756213 8955932.189838832 -2844.185983719868
v 221308.0043030824 8955931.874325205 -2844.185983719868
v 221543.1927296975 8955918.744441727 -2844.185983719868
v 221564.2217304928 8955917.646779822 -2844.185983719868
v 220330.2587673254 8955894.848235203 -2844.185983719868
v 220399.488012473 8955906.532362828 -2844.185983719868
v 219706.5454410441 8955529.074403077 -2844.185983719868
v 220443.1723414391 8955914.403629586 -2844.185983719868
v 220551.3393596768 8955926.737977685 -2844.185983719868
v 219677.8698150757 8955494.677327555 -2844.185983719868
v 219635.6935756144 8955445.343151554 -2844.185983719868
v 219605.6197610084 8955404.302897815 -2844.185983719868
v 218864.1510908433 8954238.595794639 -2844.185983719868
v 218886.6695338607 8954275.343563398 -2844.185983719868
v 215902.8959450787 8951299.415542152 -2844.185983719868
v 215953.4276318666 8951376.816889642 -2844.185983719868
v 215901.2130286543 8951296.936165201 -2844.185983719868
v 215843.8830865536 8951210.105745841 -2844.185983719868
v 215220.7066426562 8950418.16213554 -2844.185983719868
v 215241.7245342983 8950443.022692831 -2844.185983719868
v 214926.8845430046 8949929.870865321 -2844.185983719868
v 214908.1861997882 8949879.594950723 -2844.185983719868
v 215291.097522598 8950503.046110414 -2844.185983719868
v 215307.9516763509 8950522.071442038 -2844.185983719868
v 214901.7267804187 8949859.224407086 -2844.185983719868
v 214882.8183806066 8949793.256278701 -2844.185983719868
v 216737.3180240133 8952279.684282305 -2844.185983719868
v 216719.8640616703 8952266.12246207 -2844.185983719868
v 218364.3757407199 8953497.967354441 -2844.185983719868
v 218312.7973052499 8953438.788378732 -2844.185983719868
v 218395.471450845 8953534.899589268 -2844.185983719868
v 218296.8350712262 8953421.177068567 -2844.185983719868
v 218229.4413374838 8953349.835475713 -2844.185983719868
v 218432.2026471855 8953580.715683304 -2844.185983719868
v 218466.0908186952 8953623.923752757 -2844.185983719868
v 217745.2839259485 8952947.638306081 -2844.185983719868
v 217681.8637886053 8952904.378321201 -2844.185983719868
v 217811.6297106411 8952995.037645403 -2844.185983719868
v 217663.4959183892 8952891.731551453 -2844.185983719868
v 217630.5841324895 8952869.879157819 -2844.185983719868
v 217576.9643782466 8952834.820384128 -2844.185983719868
v 217551.0732550544 8952818.57042001 -2844.185983719868
v 217490.6789303773 8952779.792279474 -2844.185983719868
v 217415.1003552911 8952732.172364157 -2844.185983719868
v 216562.8537309184 8952133.025850033 -2844.185983719868
v 216536.2538888316 8952108.208006665 -2844.185983719868
v 216484.8194666366 8952059.551323973 -2844.185983719868
v 216445.1977227603 8952019.569598729 -2844.185983719868
v 216411.0958260218 8951984.728294786 -2844.185983719868
v 214850.496178391 8947608.952064633 -2844.185983719868
v 214856.3522507784 8947533.669380466 -2844.185983719868
v 214917.3486303336 8946901.235998871 -2844.185983719868
v 214923.2019190511 8946850.109415887 -2844.185983719868
v 214930.3261098576 8946785.995022433 -2844.185983719868
v 214935.110382995 8946746.317945559 -2844.185983719868
v 214933.3770477207 8946760.683040438 -2844.185983719868
v 214854.0299341574 8947563.081775839 -2844.185983719868
v 214819.6401112374 8948194.401929192 -2844.185983719868
v 214817.3842421451 8948275.653143801 -2844.185983719868
v 214815.3237739246 8948353.275113072 -2844.185983719868
v 214815.0603702292 8948364.629088182 -2844.185983719868
v 214811.1220556016 8949061.706902435 -2844.185983719868
v 214810.2946281526 8948988.413800946 -2844.185983719868
v 214809.5083400115 8948916.530202033 -2844.185983719868
v 214809.7717767873 8948899.457931062 -2844.185983719868
v 214811.7234122726 8948545.117391467 -2844.185983719868
v 214812.0621000121 8948528.773485536 -2844.185983719868
v 214813.3399815362 8948453.843001047 -2844.185983719868
v 214814.6300338394 8948376.808110606 -2844.185983719868
v 214811.2125859257 8949077.822989786 -2844.185983719868
v 214811.117700801 8949093.951424241 -2844.185983719868
v 217316.6992632374 8952671.021004105 -2844.185983719868
v 217406.3558944524 8952726.832771739 -2844.185983719868
v 216278.4419788889 8951834.132633714 -2844.185983719868
v 216278.3091393596 8951833.964077836 -2844.185983719868
v 216210.7823619828 8951749.012369284 -2844.185983719868
v 216208.4856706767 8951745.868518511 -2844.185983719868
v 216145.7881248785 8951661.541980393 -2844.185983719868
v 216142.8094427467 8951657.181154324 -2844.185983719868
v 216082.9719807424 8951572.043388968 -2844.185983719868
v 216080.3786701034 8951568.035880839 -2844.185983719868
v 216021.7581347311 8951481.036836825 -2844.185983719868
v 219334.2978817817 8954985.887245515 -2844.185983719868
v 219318.4213002549 8954959.258048806 -2844.185983719868
v 219275.1850242235 8954889.86905898 -2844.185983719868
v 219372.5901936527 8955047.478426382 -2844.185983719868
v 219261.786507929 8954867.949331589 -2844.185983719868
v 219216.4634071024 8954796.125093309 -2844.185983719868
v 219205.1725923138 8954778.141975613 -2844.185983719868
v 219157.192366287 8954703.097946372 -2844.185983719868
v 219147.7720398566 8954688.368656725 -2844.185983719868
v 219097.6087628157 8954610.483299339 -2844.185983719868
v 219391.3740108083 8955079.365427164 -2844.185983719868
v 219427.6786450325 8955137.039052289 -2844.185983719868
v 219089.9869310922 8954598.602515418 -2844.185983719868
v 219038.0918025516 8954517.853564845 -2844.185983719868
v 215515.1623732293 8950766.43561459 -2844.185983719868
v 215447.9162910962 8950685.927826865 -2844.185983719868
v 215961.2947633512 8951388.870216737 -2844.185983719868
v 215441.4850874727 8950678.732198933 -2844.185983719868
v 215377.8984248541 8950603.873617563 -2844.185983719868
v 217409.9079327579 8952728.973193558 -2844.185983719868
v 214866.5727185791 8949726.275531171 -2844.185983719868
v 215961.4869308128 8951389.182564819 -2844.185983719868
v 216020.2092523052 8951478.555109676 -2844.185983719868
v 218919.2594925416 8954328.685783925 -2844.185983719868
v 218531.7296270503 8953712.980057457 -2844.185983719868
v 218497.7498678838 8953666.716561021 -2844.185983719868
v 218920.6817297611 8954331.090621417 -2844.185983719868
v 218975.360556936 8954418.826792212 -2844.185983719868
v 220556.8546437692 8955927.452016171 -2844.185983719868
v 220586.0525530966 8955929.582570076 -2844.185983719868
v 220669.9673399347 8955935.379951123 -2844.185983719868
v 220679.8693999631 8955935.565291708 -2844.185983719868
v 221410.2645154391 8955926.717096273 -2844.185983719868
v 221430.8952187696 8955925.656863647 -2844.185983719868
v 221432.1407520435 8955925.607777908 -2844.185983719868
v 219570.9090624554 8955358.454988932 -2844.185983719868
v 219542.4283647794 8955315.480400732 -2844.185983719868
v 219509.2739472916 8955267.600539623 -2844.185983719868
v 219483.792193816 8955226.384479987 -2844.185983719868
v 219449.7459381377 8955174.128513088 -2844.185983719868
v 218979.0294540092 8954424.803609859 -2844.185983719868
v 219032.3554512293 8954508.780100066 -2844.185983719868
v 215366.2862566509 8950590.997015027 -2844.185983719868
v 221615.7119177307 8955913.992675921 -2844.185983719868
v 221654.2154860166 8955911.260193352 -2844.185983719868
v 214972.2261747779 8946446.351559026 -2844.185983719868
v 214975.5707575443 8946420.508168193 -2844.185983719868
v 214970.3598971889 8946461.004908452 -2844.185983719868
v 220988.7789749865 8960321.872056177 -852.9706926964936
v 221022.6388959592 8960302.62558472 -852.9706926964936
v 221429.727517286 8960060.299092129 -852.9706926964936
v 221474.386868773 8960039.576286299 -852.9706926964936
v 221506.2472812786 8960025.503552228 -852.9706926964936
v 221551.1309087033 8960006.215007164 -852.9706926964936
v 221560.7867424437 8960002.422445495 -852.9706926964936
v 214104.8293682359 8954683.571894517 -852.9706926964936
v 214132.1050005559 8954719.374331133 -852.9706926964936
v 214171.6591072669 8954772.378998 -852.9706926964936
v 214195.5190849093 8954809.402743444 -852.9706926964936
v 213311.1778032143 8953636.73568177 -852.9706926964936
v 213353.3580895747 8953716.677268403 -852.9706926964936
v 213396.9823939376 8953795.814647852 -852.9706926964936
v 213361.3038397196 8953731.985548353 -852.9706926964936
v 213050.5432655187 8953104.895702589 -852.9706926964936
v 213088.2970644584 8953162.85316016 -852.9706926964936
v 213130.4217378269 8953241.412467573 -852.9706926964936
v 213097.14833439 8953178.212744353 -852.9706926964936
v 212394.7446526259 8951749.8681267 -852.9706926964936
v 212414.9207978904 8951798.362918062 -852.9706926964936
v 212462.4760838561 8951910.096931394 -852.9706926964936
v 212436.6977369503 8951847.550612936 -852.9706926964936
v 212009.1522066511 8950570.302598935 -852.9706926964936
v 211995.4764099992 8950516.663568705 -852.9706926964936
v 211980.2876988025 8950459.872857487 -852.9706926964936
v 212612.9225334778 8952360.004126934 -852.9706926964936
v 212622.4088021696 8952390.222684257 -852.9706926964936
v 212642.7758526595 8952460.970812811 -852.9706926964936
v 212663.3135204434 8952516.104662139 -852.9706926964936
v 211631.5084955854 8949548.473619701 -852.9706926964936
v 211656.7725213706 8949620.898642218 -852.9706926964936
v 211621.1194998455 8949517.878100833 -852.9706926964936
v 211612.396165427 8949489.47289373 -852.9706926964936
v 211600.2948314825 8949450.730204513 -852.9706926964936
v 211476.0457915648 8948763.676308068 -852.9706926964936
v 211478.8082809405 8948796.604880612 -852.9706926964936
v 211471.3297302699 8948669.68752734 -852.9706926964936
v 211469.3912798046 8948632.916548783 -852.9706926964936
v 211473.4836888578 8948726.667801326 -852.9706926964936
v 211464.1551724343 8947859.434098765 -852.9706926964936
v 211463.5857951916 8947919.020446062 -852.9706926964936
v 211463.4527309227 8947979.957417926 -852.9706926964936
v 211943.8584464665 8950344.407966854 -852.9706926964936
v 211968.7368765697 8950419.664534369 -852.9706926964936
v 211931.5737406055 8950308.633487012 -852.9706926964936
v 211921.0287170064 8950279.321236009 -852.9706926964936
v 212537.3252210237 8952105.57708407 -852.9706926964936
v 212549.4277258182 8952143.223421939 -852.9706926964936
v 212587.2828913713 8952268.174455695 -852.9706926964936
v 212568.354551115 8952202.370833721 -852.9706926964936
v 212124.636979699 8951033.025501993 -852.9706926964936
v 212108.8715924388 8950977.760193221 -852.9706926964936
v 212097.9940776522 8950938.454940442 -852.9706926964936
v 213515.4237401439 8953986.212273329 -852.9706926964936
v 213561.4145898579 8954051.919166436 -852.9706926964936
v 213499.1180135449 8953962.141692717 -852.9706926964936
v 221060.5330796478 8960280.190988613 -852.9706926964936
v 221107.8560663363 8960252.921640132 -852.9706926964936
v 221139.3526335664 8960232.197941296 -852.9706926964936
v 221168.4496262967 8960213.239377262 -852.9706926964936
v 221181.5292594854 8960205.446546191 -852.9706926964936
v 221371.4177047035 8960090.562145598 -852.9706926964936
v 221623.709634932 8959981.468364796 -852.9706926964936
v 221361.7312704944 8960095.886800598 -852.9706926964936
v 221317.8096939107 8960121.340192398 -852.9706926964936
v 221292.3247523897 8960136.97878751 -852.9706926964936
v 221239.5762876046 8960169.271764204 -852.9706926964936
v 214034.2132309221 8954600.999824118 -852.9706926964936
v 214060.7837482309 8954632.246088434 -852.9706926964936
v 214232.0836424528 8954869.511631645 -852.9706926964936
v 214250.7628281822 8954904.641921962 -852.9706926964936
v 213957.6881469399 8954517.612206116 -852.9706926964936
v 213992.445412842 8954556.37375595 -852.9706926964936
v 214279.7742045829 8954963.403891703 -852.9706926964936
v 214301.3035756706 8955011.292181885 -852.9706926964936
v 213262.2081502789 8953533.526133383 -852.9706926964936
v 213288.3970793275 8953587.817872507 -852.9706926964936
v 213399.3756672782 8953799.9967192 -852.9706926964936
v 213404.2745673204 8953808.263071146 -852.9706926964936
v 213440.4816662994 8953870.536304541 -852.9706926964936
v 213454.720352202 8953893.219200429 -852.9706926964936
v 213222.2589085859 8953443.795769176 -852.9706926964936
v 213240.2291285989 8953482.839626504 -852.9706926964936
v 212984.1048016854 8953016.467835482 -852.9706926964936
v 213037.7236484214 8953088.159652665 -852.9706926964936
v 213131.8849569445 8953244.546922343 -852.9706926964936
v 213135.2474995678 8953251.936812932 -852.9706926964936
v 213177.702457583 8953343.207932783 -852.9706926964936
v 213191.786579168 8953373.234311219 -852.9706926964936
v 212930.4898116492 8952950.633626763 -852.9706926964936
v 212972.883699307 8953003.574274613 -852.9706926964936
v 212352.5182460124 8951652.951232301 -852.9706926964936
v 212365.6703968388 8951684.582159903 -852.9706926964936
v 212471.8482774493 8951931.544492442 -852.9706926964936
v 212485.3324934327 8951965.6263161 -852.9706926964936
v 212500.4566879075 8952003.629702821 -852.9706926964936
v 212507.6127263663 8952023.683056833 -852.9706926964936
v 212312.1542107354 8951557.381961087 -852.9706926964936
v 212319.3285932366 8951575.251245631 -852.9706926964936
v 212036.5438932227 8950687.849212756 -852.9706926964936
v 212019.1441808298 8950611.74636269 -852.9706926964936
v 212014.4479722652 8950592.151540546 -852.9706926964936
v 212045.3184009956 8950725.576157974 -852.9706926964936
v 212058.6343202304 8950783.989969801 -852.9706926964936
v 211908.3579506793 8950246.078087404 -852.9706926964936
v 212597.1722596386 8952305.39970978 -852.9706926964936
v 212681.6692393468 8952567.685224034 -852.9706926964936
v 212592.2385109999 8952286.531548021 -852.9706926964936
v 212710.1552959787 8952628.995176854 -852.9706926964936
v 212717.2756391483 8952644.020256596 -852.9706926964936
v 212734.7383181932 8952675.2532616 -852.9706926964936
v 212756.9945622235 8952715.895965921 -852.9706926964936
v 211669.2363198719 8949654.677069495 -852.9706926964936
v 211569.3118821362 8949342.171530763 -852.9706926964936
v 211588.0406018563 8949407.706009015 -852.9706926964936
v 211689.1557918151 8949708.769817706 -852.9706926964936
v 211711.9150502135 8949766.695957888 -852.9706926964936
v 211543.6412424841 8949237.50546167 -852.9706926964936
v 211552.0867458442 8949271.498302244 -852.9706926964936
v 211729.0476619288 8949810.336748585 -852.9706926964936
v 211537.4072733347 8949209.198957682 -852.9706926964936
v 211528.0193962885 8949166.713591522 -852.9706926964936
v 211482.9967386765 8948837.948955579 -852.9706926964936
v 211467.570608431 8948593.884455062 -852.9706926964936
v 211488.4636049272 8948901.319482669 -852.9706926964936
v 211465.9157278375 8948543.084488824 -852.9706926964936
v 211494.4281571898 8948955.633803032 -852.9706926964936
v 211498.2568462953 8948988.533847895 -852.9706926964936
v 211465.5035172133 8948494.484527688 -852.9706926964936
v 211464.4986213697 8948454.009821229 -852.9706926964936
v 211463.1796806183 8948008.575367354 -852.9706926964936
v 211462.8710428037 8948036.315490717 -852.9706926964936
v 211462.6110625224 8948097.308177715 -852.9706926964936
v 211465.0938743467 8947800.017210085 -852.9706926964936
v 211465.6112256346 8947740.709389275 -852.9706926964936
v 211464.6264128563 8947830.405417982 -852.9706926964936
v 211462.8933969409 8948158.609385174 -852.9706926964936
v 211466.4652573044 8947683.688749081 -852.9706926964936
v 211462.6833983663 8948186.725001568 -852.9706926964936
v 211467.1503255943 8947652.238069767 -852.9706926964936
v 211478.8640048417 8947183.025334958 -852.9706926964936
v 211478.263650457 8947206.076719619 -852.9706926964936
v 211477.5915801425 8947230.042825019 -852.9706926964936
v 211483.1489021471 8947064.329946477 -852.9706926964936
v 211483.9479065388 8947039.778876018 -852.9706926964936
v 211481.1872943803 8947117.806404997 -852.9706926964936
v 211475.3734258465 8947296.052948538 -852.9706926964936
v 211473.55798261 8947356.475878488 -852.9706926964936
v 211472.9836199328 8947384.417304695 -852.9706926964936
v 211485.2564970603 8947003.073372742 -852.9706926964936
v 211487.9358499099 8946939.906339817 -852.9706926964936
v 211472.3411482606 8947413.192993941 -852.9706926964936
v 211470.6029934024 8947474.225730211 -852.9706926964936
v 211507.7960224725 8946498.659581644 -852.9706926964936
v 211508.05269114 8946494.041808391 -852.9706926964936
v 211503.7117872802 8946583.116701348 -852.9706926964936
v 211499.7758400761 8946665.268584322 -852.9706926964936
v 211499.4866237036 8946672.148453524 -852.9706926964936
v 211873.1568412317 8950156.732469345 -852.9706926964936
v 211897.7253608294 8950218.154999044 -852.9706926964936
v 211851.5705817525 8950104.054157838 -852.9706926964936
v 211833.0596290603 8950060.082081612 -852.9706926964936
v 212077.6465154268 8950859.421155989 -852.9706926964936
v 212081.9572603085 8950876.369259682 -852.9706926964936
v 212072.3724201904 8950837.392781507 -852.9706926964936
v 212140.9645349053 8951088.651337542 -852.9706926964936
v 212152.6912480157 8951126.690771431 -852.9706926964936
v 212166.6258191061 8951168.68007648 -852.9706926964936
v 212175.7262546257 8951197.654573215 -852.9706926964936
v 213578.7048776616 8954075.678214822 -852.9706926964936
v 213627.3302009363 8954140.005725756 -852.9706926964936
v 213644.4343430889 8954162.024126958 -852.9706926964936
v 213691.7094338413 8954220.409645546 -852.9706926964936
v 213880.4968899545 8954434.831249509 -852.9706926964936
v 213919.7136357575 8954478.013661351 -852.9706926964936
v 214320.2381423412 8955057.657101743 -852.9706926964936
v 214348.2249541635 8955123.280662833 -852.9706926964936
v 213805.0756730924 8954351.32223078 -852.9706926964936
v 213847.6467383092 8954399.888761302 -852.9706926964936
v 214353.5340429388 8955137.297395775 -852.9706926964936
v 212880.7823251741 8952890.179882482 -852.9706926964936
v 212878.7823310926 8952887.836489372 -852.9706926964936
v 212812.4660063267 8952801.269005619 -852.9706926964936
v 212827.3756415397 8952822.255722314 -852.9706926964936
v 212873.9237322327 8952881.532537553 -852.9706926964936
v 212304.1189475518 8951537.478001654 -852.9706926964936
v 212284.3327186751 8951490.331641687 -852.9706926964936
v 212250.304353385 8951404.751795974 -852.9706926964936
v 212267.4668097055 8951449.604473693 -852.9706926964936
v 212765.4169228597 8952729.540338071 -852.9706926964936
v 211747.0350951052 8949854.808271078 -852.9706926964936
v 211756.761064151 8949879.432566034 -852.9706926964936
v 211764.3153292075 8949897.145799585 -852.9706926964936
v 211789.1815641826 8949955.605849484 -852.9706926964936
v 211512.0074142748 8949077.205475755 -852.9706926964936
v 211520.7129225337 8949124.763781037 -852.9706926964936
v 211502.541971869 8949014.753957434 -852.9706926964936
v 211463.4779817631 8948412.697448898 -852.9706926964936
v 211462.9683514511 8948364.904745193 -852.9706926964936
v 211463.1517182699 8948317.343381722 -852.9706926964936
v 211462.7446699053 8948275.600253267 -852.9706926964936
v 211462.6244807244 8948214.442917388 -852.9706926964936
v 211468.5149516267 8947568.417079676 -852.9706926964936
v 211467.7779360558 8947620.00311505 -852.9706926964936
v 211469.0686244004 8947531.970390689 -852.9706926964936
v 211491.5705691879 8946850.195078705 -852.9706926964936
v 211489.8967728164 8946894.053769883 -852.9706926964936
v 211493.0979767698 8946810.706477305 -852.9706926964936
v 211495.4458885982 8946761.591513468 -852.9706926964936
v 211499.1482140235 8946680.191641659 -852.9706926964936
v 211802.600888953 8949987.401673226 -852.9706926964936
v 212185.5906228032 8951227.199795924 -852.9706926964936
v 212214.491801771 8951308.859710766 -852.9706926964936
v 212230.4403632364 8951352.884196831 -852.9706926964936
v 213702.8435899931 8954233.953067636 -852.9706926964936
v 213731.7259616845 8954267.147119693 -852.9706926964936
v 213749.0653369069 8954287.489556199 -852.9706926964936
v 213791.6966614982 8954336.446727242 -852.9706926964936
v 221651.2892523252 8959972.308193425 -852.9706926964936
v 221654.2154860166 8959971.336287191 -852.9706926964936
v 211508.3515189419 8946488.381304 -852.9706926964936
v 211511.8091703249 8946420.508168193 -852.9706926964936
v 211508.2504865617 8946490.295095917 -852.9706926964936
v 214358.1236254001 8955149.669252548 -852.9706926964936
v 214362.9127661664 8955152.952566968 -856.8127878686601
v 214364.8799162013 8955154.252072988 -858.4105425208209
v 214405.1174110214 8955180.83309924 -891.0921597841048
v 214405.8990408513 8955181.328892788 -891.7352169672085
v 214447.8782005062 8955209.223391352 -927.11253539685
v 214466.3401055945 8955220.925017513 -942.892819747497
v 214466.932143112 8955221.296573861 -943.3964286034745
v 214481.326018487 8955229.539176406 -955.9632780082754
v 214485.2000358502 8955231.803488091 -959.377399319033
v 214487.0576136537 8955232.870243981 -961.0221202773869
v 214522.2866456498 8955254.470527284 -993.1844096371387
v 214527.8687837231 8955257.608006593 -998.4036730156658
v 214564.5635779754 8955278.541533977 -1032.944107186987
v 214582.4937645038 8955288.550441159 -1049.916047602134
v 214587.444159082 8955291.480129829 -1054.726222792108
v 214589.1070098389 8955292.419692772 -1056.308680022905
v 214595.5315930273 8955295.733930236 -1062.57482460005
v 214614.9498062783 8955305.720932975 -1081.49022442568
v 214649.3515957739 8955322.72813447 -1115.334737969447
v 214672.0874654235 8955332.101545574 -1137.551913443573
v 214673.9122686096 8955332.910359416 -1139.390547462143
v 214707.5985817842 8955348.460767176 -1173.00476147217
v 214720.2901908353 8955353.84272713 -1185.921198364263
v 214650.4796732518 8955323.245661123 -1116.411165761951
v 214753.7745723448 8955366.640498405 -1218.718693220012
v 214766.9721306575 8955371.982524144 -1231.481877474691
v 214776.4925235422 8955376.034173077 -1240.869786269608
v 214779.1847353963 8955377.051577622 -1243.407331524167
v 214811.1586324623 8955388.123017497 -1274.132512454338
v 214831.0261644071 8955395.094307445 -1293.311458839852
v 214841.9323884692 8955399.274633711 -1303.642315134816
v 214847.3918742281 8955401.150427645 -1308.607493165209
v 214852.130280837 8955402.849458631 -1312.876555741008
v 214873.3589511682 8955410.672788706 -1332.200694989779
v 214907.6954935906 8955422.12688609 -1364.153324860045
v 214908.5959734186 8955422.453256361 -1364.97619994635
v 214933.8242036368 8955430.489401462 -1386.927919491422
v 214935.94275743 8955431.180988485 -1388.787994270221
v 214976.6349722288 8955445.43569083 -1423.928040694292
v 214981.628870376 8955446.99748157 -1428.053286729945
v 215008.0510593961 8955455.333898846 -1449.834720019528
v 215017.7284591791 8955458.380186677 -1457.805425273736
v 215047.6819894143 8955469.120387459 -1481.674836302395
v 215055.0824316372 8955472.099042781 -1487.373368922135
v 215099.0859568053 8955488.224111909 -1519.780182658754
v 215105.3226471402 8955490.351169348 -1524.469979023505
v 215113.7553545538 8955493.191868955 -1530.77590405931
v 215125.4777632946 8955497.576279333 -1538.835080418219
v 215134.3696286937 8955500.993193166 -1544.788385294901
v 215188.6026276608 8955522.26612892 -1581.499190839937
v 215198.0214828658 8955525.642240595 -1587.58002060498
v 215116.5054477613 8955494.288374541 -1532.72948748907
v 215226.2627480641 8955537.425529752 -1604.812954070258
v 215226.744789531 8955537.625838526 -1605.107589327277
v 215262.6901774661 8955552.441549018 -1626.976321603238
v 215262.975584656 8955552.550414834 -1627.142577635881
v 215307.7957002526 8955573.120395441 -1651.149692151902
v 215325.9375626214 8955581.589851685 -1660.97529355452
v 215335.7724077699 8955586.074653259 -1666.364450512887
v 215338.0992270144 8955587.287814004 -1667.550077879887
v 215349.5253026929 8955592.82816406 -1673.082563099824
v 215365.5725623827 8955600.560855651 -1680.881393552126
v 215414.0299985569 8955623.584054492 -1704.202011511176
v 215420.0371561827 8955626.861695627 -1706.845587509927
v 215455.3215423982 8955645.174378375 -1721.76057326411
v 215472.1265741678 8955653.700088399 -1728.981180167959
v 215486.1905324693 8955660.884215185 -1735.055903905855
v 215498.4793614259 8955667.942312924 -1739.894146238137
v 215521.486699376 8955680.591815341 -1748.615470545633
v 215521.8633771047 8955680.800704075 -1748.757175321787
v 215619.6314460892 8955737.194172392 -1783.637028898815
v 215623.8896438192 8955739.681754421 -1785.104897014982
v 215637.6543534629 8955747.584752226 -1789.932984682966
v 215565.4455401867 8955706.120025141 -1765.283694105936
v 215639.70536004 8955748.739669029 -1790.640123528131
v 215647.7440420208 8955753.527090866 -1793.253970581918
v 215649.5856882471 8955754.625635862 -1793.851736173962
v 215708.2277552849 8955790.720524624 -1813.464648002748
v 215714.0653043945 8955794.273732863 -1815.39632395159
v 215761.4159167793 8955823.798501004 -1830.655663131668
v 215773.6275046417 8955831.264034472 -1834.677593989758
v 215774.3049319717 8955831.714979604 -1834.919413417713
v 215775.2898606665 8955832.365399426 -1835.268347072582
v 215783.5215438267 8955837.839940438 -1838.204212552814
v 215814.7621430449 8955858.0472988 -1849.644607825515
v 215854.7236380504 8955884.040202994 -1864.202865528665
v 215865.7576825255 8955890.898775613 -1868.05852594596
v 215902.1109136513 8955912.160293167 -1881.475742207857
v 215935.4017240659 8955930.88890098 -1893.361796112095
v 215936.7091372858 8955931.544250855 -1893.785267119425
v 215945.5904676855 8955936.066480188 -1896.625506380312
v 215951.0626464181 8955938.64873082 -1898.481092635499
v 215960.7593539037 8955943.237498377 -1901.762459712479
v 215988.3917860732 8955957.27712653 -1911.647519170156
v 216015.8893129241 8955971.211880302 -1921.50127523914
v 216017.2079682731 8955971.833302727 -1921.94819842613
v 216077.5373052096 8955998.509545377 -1943.223726978568
v 216094.8308954774 8956006.274951996 -1949.266419209758
v 216097.5489003004 8956007.43444174 -1950.18118866641
v 216102.2611797332 8956009.380011326 -1951.795354478532
v 216133.2142008333 8956022.035266574 -1962.325609681523
v 216141.2468859785 8956025.332677461 -1965.066046839552
v 216182.2829324206 8956041.84656232 -1979.206398911924
v 216189.50640583 8956044.635576567 -1981.745457594882
v 216198.9661571727 8956048.214647193 -1985.025393461778
v 216202.564042592 8956049.477219196 -1986.212120015428
v 216263.652329058 8956072.663606871 -2005.654996211093
v 216264.4467916572 8956072.958013114 -2005.910736019223
v 215554.4764912719 8955699.398734162 -1761.326865335854
v 216271.8072015805 8956075.698530415 -2008.288126213543
v 216328.2161539985 8956096.816015171 -2026.461801605077
v 216332.6271498855 8956098.67536189 -2027.798988366947
v 216341.8379402339 8956102.589730788 -2030.611149877008
v 216344.8829223683 8956103.861012978 -2031.526550076862
v 216350.2932438806 8956106.079610379 -2033.16913896668
v 216379.3873235401 8956117.152115595 -2041.459001507181
v 216432.2068095804 8956135.999544211 -2056.982211245418
v 216432.4729636072 8956136.093211967 -2057.059521261012
v 216456.1532321637 8956144.041768117 -2064.084225648658
v 216463.0209004253 8956146.729178952 -2065.97639250837
v 216509.8962847786 8956164.37123761 -2078.388907413884
v 216515.8530855583 8956166.647561658 -2079.953780222963
v 216520.3730136634 8956168.336319083 -2081.11309284986
v 216580.4755112706 8956189.563058048 -2096.976306978217
v 216582.0705379117 8956190.231160033 -2097.359135856464
v 216592.2143278774 8956194.474806763 -2099.789868093937
v 216601.3927441341 8956198.231849503 -2101.927357202151
v 216608.7659009004 8956201.100896223 -2103.532909696872
v 216665.2656231995 8956221.603976356 -2116.343426566739
v 216687.9479987758 8956229.141155103 -2121.723890992347
v 216691.43953813 8956230.260903032 -2122.51696181125
v 216725.9154493102 8956241.557576988 -2130.26382516437
v 216740.7277936287 8956246.56803718 -2133.537309343632
v 216771.4105310633 8956256.480173856 -2139.902020781689
v 216786.8274483014 8956262.328087319 -2142.813966325817
v 216793.7311629756 8956264.580800537 -2144.238642679932
v 216839.5561332847 8956278.731363235 -2152.937265530972
v 216877.2598687535 8956289.997185294 -2160.222912731506
v 216880.5170700276 8956290.971146721 -2160.853027928103
v 216893.7907470823 8956294.430083968 -2163.594462245425
v 216894.2375347898 8956294.544175815 -2163.684278890013
v 216900.7128763679 8956296.409144519 -2164.913162050705
v 216922.0860676736 8956302.223563863 -2168.609796746468
v 216963.7755099611 8956314.12664593 -2175.634434537813
v 216977.620172669 8956318.053200077 -2177.938389629252
v 217011.6429964871 8956326.083509035 -2184.136776773786
v 217023.8101680294 8956328.683561139 -2186.032468338713
v 217031.8441228865 8956330.708490219 -2187.192059746907
v 217075.4162869118 8956341.128502246 -2192.819117614061
v 217080.3881152572 8956342.076482855 -2193.537982529988
v 217100.8652556649 8956345.853233771 -2196.336491316923
v 217130.7421615829 8956352.637310779 -2200.011831127824
v 217147.7572831222 8956356.379238853 -2201.928530897738
v 217157.2543121119 8956359.890103009 -2202.556718655422
v 217172.3007217491 8956365.230357384 -2203.232467547028
v 217232.2981807664 8956377.233820964 -2208.964610578741
v 217249.0614250996 8956380.634853069 -2210.658224774488
v 217265.2613411579 8956385.959109703 -2211.704323057722
v 217266.8053058132 8956387.359025797 -2211.545326647035
v 217274.7144802103 8956394.345101034 -2210.583165875808
v 217300.1038278483 8956417.421143947 -2208.012820015969
v 217339.4330720424 8956453.226008937 -2204.078314972236
v 217345.0346306662 8956460.474696498 -2202.867622275659
v 217375.1452274772 8956511.122527983 -2192.612879507747
v 217388.6973678145 8956535.452412322 -2187.396605029061
v 217400.1663940097 8956548.356755063 -2185.403167787762
v 217411.0739306143 8956560.502150981 -2183.434344451388
v 217352.2652111481 8956469.861985423 -2201.329774066843
v 217355.3140182213 8956475.423006274 -2200.198851002064
v 217418.2296796696 8956568.514537975 -2182.168288982208
v 217449.34303765 8956611.053511849 -2174.188643409147
v 217450.149005 8956611.903523607 -2174.062897408387
v 217490.4341344783 8956654.255054072 -2167.712910067416
v 217494.1066891009 8956658.418565908 -2167.036338711725
v 217511.7807507768 8956678.570054507 -2163.829270941561
v 217521.9041059465 8956690.145731332 -2162.006524723754
v 217568.3448202465 8956736.076904021 -2155.92090637391
v 217574.8972270408 8956742.480248043 -2155.028408505526
v 217580.7956715116 8956748.382869564 -2154.179822513512
v 217588.8846874518 8956756.530943854 -2153.038702160992
v 217638.708447628 8956804.439425219 -2146.676974589915
v 217656.5633228863 8956821.187313665 -2144.473239498612
v 217658.7620005839 8956823.235826049 -2144.196395361987
v 217623.2620856651 8956789.653304512 -2148.677676745239
v 217665.4954121683 8956829.638267968 -2143.307480348477
v 217666.3093257345 8956830.414096739 -2143.199418612367
v 217732.7945346753 8956892.331428548 -2133.80767410085
v 217757.4321939053 8956916.653503869 -2130.095351096779
v 217766.3792780879 8956925.225124633 -2128.631441214897
v 217804.9531125097 8956961.641631823 -2122.511976078865
v 217734.3235930252 8956893.774735225 -2133.599159192235
v 217808.75145461 8956965.269988941 -2121.925864004706
v 217844.9297568813 8957000.985717086 -2115.935591652168
v 217865.7582004969 8957020.987858716 -2112.274799123771
v 217873.6003158067 8957028.37833466 -2110.949034972268
v 217882.9401978181 8957036.88871854 -2109.254454066081
v 217899.257154331 8957052.392068254 -2106.047050150722
v 217931.7742350985 8957084.761664499 -2100.221760760491
v 217941.5596516956 8957094.310606727 -2098.542499259485
v 217954.3168709608 8957105.936890533 -2096.06451522776
v 217961.9239130108 8957113.295082226 -2094.407100416927
v 217963.5293707024 8957114.811864845 -2094.072582980497
v 218007.4395094169 8957157.504207458 -2085.358861638672
v 218044.990221112 8957195.574115515 -2076.508628226665
v 218046.3759959545 8957196.94665174 -2076.13028787265
v 218066.47596989 8957215.021241596 -2071.536163188898
v 218021.0172973649 8957170.377340252 -2082.546093635493
v 218085.4585034427 8957230.201079659 -2066.413096371777
v 218137.2434555657 8957274.097880295 -2051.118070059872
v 218141.0568398926 8957277.474155845 -2050.050740171968
v 218146.6244019958 8957282.12969905 -2048.625788735097
v 218151.5205358262 8957285.811478548 -2047.187047755071
v 218172.0572622246 8957301.604582714 -2040.970362540407
v 218173.6233968058 8957302.808574839 -2040.4964812276
v 218222.2583307296 8957340.811212899 -2026.055603518558
v 218225.828295998 8957343.819021169 -2024.876019640046
v 218275.7539956063 8957420.294988452 -2019.75463598292
v 218282.3095433286 8957430.93155049 -2019.186636612411
v 218234.4698064745 8957356.234080916 -2024.249721630383
v 218236.7867464358 8957359.564071925 -2024.082363075271
v 218286.9699735538 8957438.139974738 -2018.86546979225
v 218290.8196010262 8957444.209048608 -2018.644958840792
v 218295.9343227029 8957452.548889076 -2018.459814268974
v 218335.1339706666 8957519.697182857 -2016.326729810457
v 218341.213983946 8957529.178820943 -2016.202158929696
v 218352.8934907174 8957545.696739377 -2015.315680925585
v 218356.2083234534 8957550.142501248 -2014.971627830188
v 218393.5896687246 8957602.196612217 -2010.552807176619
v 218404.5406813334 8957616.498010423 -2009.524511626915
v 218417.2243492428 8957632.457712244 -2008.108369320215
v 218419.4954511501 8957635.194026951 -2007.809584051063
v 218459.1463174441 8957685.151600866 -2001.921236811924
v 218502.9856860291 8957735.456974087 -1994.949427384588
v 218512.5012244882 8957747.089749319 -1993.4548419767
v 218466.1694126397 8957693.503937228 -2000.706971676417
v 218495.9486674099 8957727.141927259 -1996.14822706811
v 218530.4205707902 8957767.488540262 -1990.150308612244
v 218565.454369643 8957806.332130244 -1984.029864338279
v 218572.1674161596 8957814.041412571 -1982.944281352901
v 218583.5278486255 8957827.770998582 -1980.897614597937
v 218647.5806925114 8957901.478087615 -1969.146800761022
v 218649.1099203633 8957903.236436851 -1968.870248257328
v 218594.3530651826 8957840.476280455 -1978.833660945845
v 218652.1240266131 8957906.841508031 -1968.281701119256
v 218657.0709612308 8957912.633737057 -1967.280413718797
v 218712.2337003154 8957976.162316192 -1956.451711297952
v 218717.7604546527 8957982.476960875 -1955.382749198194
v 218720.5338212625 8957985.75583916 -1954.876259582298
v 218721.7152800832 8957987.136203876 -1954.665408705891
v 218721.9763688565 8957987.453661453 -1954.61510306279
v 218745.4089403635 8958014.73885111 -1949.792047967557
v 218782.6246148231 8958057.758703636 -1942.051713478279
v 218791.9904075879 8958068.490689173 -1940.132158410126
v 218796.956783919 8958074.100822959 -1939.093603860909
v 218800.8167922261 8958078.634028083 -1938.23386938559
v 218844.8635109455 8958132.25430104 -1928.874782494707
v 218852.2446036016 8958141.229460783 -1927.309361288675
v 218859.5374622051 8958150.0130767 -1925.742539235515
v 218861.0087840395 8958151.773798848 -1925.423724186971
v 218876.2822640401 8958170.094553148 -1922.124455104583
v 218909.1088902239 8958210.757567408 -1914.636263953827
v 218951.7115460946 8958261.542053197 -1904.660454671151
v 218964.6963226318 8958277.826029263 -1901.623297963579
v 218910.4431574249 8958212.358648485 -1914.320454578888
v 218948.666829307 8958257.838716567 -1905.39702113551
v 218975.4397313345 8958291.199804092 -1899.089317604993
v 219015.5595963863 8958340.880255967 -1889.7062166847
v 219020.4576735146 8958346.915936483 -1888.554370895451
v 219027.2770939559 8958355.43263237 -1886.915929212909
v 219090.1816094507 8958434.359834321 -1871.729433388814
v 219090.9986300719 8958435.388864804 -1871.521924720562
v 219094.1623807492 8958439.350020569 -1870.725823347193
v 219032.6526756668 8958362.152669488 -1885.625739220811
v 219085.9468460606 8958428.932546087 -1872.786671804848
v 219124.2152470656 8958476.035124002 -1862.977961331117
v 219156.3925001748 8958515.140792703 -1854.73801945865
v 219158.0221398295 8958517.178154729 -1854.331519966066
v 219161.2783461166 8958521.272935528 -1853.51193774983
v 219163.2376150328 8958523.606631534 -1852.994142506183
v 219166.5431410849 8958527.631808218 -1852.092049375995
v 219216.3370536234 8958588.190836396 -1838.489446120486
v 219222.2325645338 8958595.331021953 -1836.873535976311
v 219225.6442893655 8958599.448678901 -1835.942951187238
v 219231.4264276944 8958606.387233129 -1834.358595281809
v 219232.2774671612 8958607.396074342 -1834.123164854956
v 219226.9965285267 8958601.017647315 -1835.562733477162
v 219276.8137412381 8958662.211600369 -1821.120353252456
v 219285.4047377875 8958672.043391045 -1818.493298614071
v 219313.0124285659 8958704.015805097 -1809.914751684963
v 219319.3622468004 8958711.654424399 -1807.986981510352
v 219335.266193764 8958731.130708938 -1803.041474432484
v 219386.7306660977 8958793.89799515 -1786.13539642948
v 219399.5007108844 8958809.736118043 -1781.783200680709
v 219401.8830203743 8958812.800395111 -1780.932670617941
v 219341.6069759758 8958738.650983501 -1801.032645170191
v 219384.2843449498 8958790.837875219 -1786.965630952887
v 219448.9488448837 8958871.610831324 -1763.909774971429
v 219452.5587816993 8958876.292860111 -1762.625872528495
v 219456.3877767833 8958881.419390557 -1761.209258156123
v 219462.1296212556 8958889.403065536 -1758.983777476193
v 219480.5631520662 8958913.415009681 -1751.665933803353
v 219481.9520069096 8958915.20924001 -1751.119957763301
v 219515.1775520729 8958958.827696526 -1738.124195663551
v 219518.322313015 8958963.193322051 -1736.808770050799
v 219520.856427679 8958966.572884101 -1735.736943590042
v 219549.4148519266 8959005.897775214 -1723.193940583477
v 219565.6026260983 8959028.282740751 -1716.090897539892
v 219570.6833258189 8959035.980167735 -1713.610122073973
v 219585.6672091482 8959057.038701408 -1706.207657316069
v 219587.5662268201 8959059.764148207 -1705.247221151434
v 219623.1375473905 8959112.412469409 -1687.326133016179
v 219625.4642326203 8959116.208071718 -1686.019717153082
v 219702.2636590729 8959243.488494651 -1639.777740121811
v 219714.2326814674 8959263.876842655 -1632.080626801571
v 219680.876636321 8959208.084980886 -1653.712335755307
v 219696.2500694262 8959233.648385128 -1643.64646504189
v 219639.8226026139 8959139.146185333 -1677.94463291354
v 219643.4414072448 8959145.04539251 -1675.912587685164
v 219672.1317858942 8959192.772685768 -1659.440600939194
v 219672.3484854801 8959193.179837074 -1659.298562942475
v 219720.0607366656 8959273.534780877 -1628.331703565136
v 219748.1803941227 8959326.474904256 -1607.577728953031
v 219764.7039538433 8959355.707299972 -1595.827023509797
v 219766.7703040055 8959359.810712969 -1594.163942121115
v 219746.526145479 8959323.465155972 -1608.754666187867
v 219793.5930216789 8959412.021118354 -1572.606557276706
v 219807.8680715429 8959438.997296158 -1561.801360150682
v 219790.0519081856 8959404.925836116 -1575.458422695997
v 219808.8242505839 8959441.009049026 -1560.990545840447
v 219842.7379164392 8959505.287204785 -1532.554787998399
v 219846.0092000131 8959511.028990399 -1530.001295174931
v 219840.3465545207 8959501.151720084 -1534.421865114469
v 219834.777047904 8959490.817758329 -1539.108506924421
v 219850.8359474754 8959519.277225245 -1526.232078606223
v 219874.607588737 8959563.228087757 -1506.06558767397
v 219884.8093658467 8959582.240992036 -1497.338227014073
v 219886.0482489794 8959584.581385607 -1496.278194669861
v 219888.8694609585 8959590.237097668 -1493.709247279969
v 219895.1960294754 8959601.661678044 -1488.54653753406
v 219906.7124387001 8959621.018666483 -1479.110275148217
v 219919.0139519066 8959641.759985305 -1468.99836451099
v 219933.3516671854 8959666.537690848 -1457.225229667009
v 219936.7335832127 8959671.978963438 -1454.649871070972
v 219945.3772153553 8959684.992611762 -1447.887441013504
v 219956.3408753575 8959701.832622055 -1439.275862159573
v 219985.2122487559 8959746.741810711 -1416.30334827445
v 219938.7794630419 8959675.006605851 -1453.07725355699
v 219999.530810815 8959768.009144761 -1404.946076963819
v 220030.6827731558 8959811.367687816 -1381.47439549927
v 220036.8565935943 8959819.668530578 -1376.987263861364
v 219987.667461452 8959750.414250664 -1414.340920417776
v 219987.7792669823 8959750.581594037 -1414.251561838107
v 219998.5775377457 8959766.666354371 -1405.662824937109
v 220066.2919790587 8959855.849099005 -1355.239983791733
v 220072.285845819 8959862.889162952 -1351.008494461301
v 220088.1319942366 8959881.724287968 -1339.851983983555
v 220090.3233448206 8959884.252533371 -1338.354472835683
v 220140.3785142507 8959939.053237267 -1303.728512948911
v 220143.6419234933 8959942.726255247 -1301.485284867758
v 220146.0919703158 8959945.516855303 -1299.781630970968
v 220147.15697273 8959946.66054837 -1299.082053460786
v 220151.8949873938 8959951.604325144 -1296.055036544482
v 220171.4975120522 8959970.177227315 -1283.170898553482
v 220205.0457338118 8960002.619487159 -1261.246442583579
v 220205.5871854785 8960003.109106936 -1260.914276249639
v 220238.1208982218 8960029.744893387 -1240.383561444193
v 220257.3549926277 8960046.169816328 -1228.384998643069
v 220266.3812885972 8960053.890205991 -1222.746229588235
v 220279.9314118194 8960064.439775117 -1214.070304354177
v 220295.3811723894 8960075.59355996 -1204.776646738075
v 220297.1496021792 8960076.879115151 -1203.706804089911
v 220328.9288750605 8960100.237209188 -1184.540690542973
v 220330.8172410344 8960101.483695397 -1183.369063914975
v 220369.4366835061 8960125.279018346 -1160.649326034585
v 220379.8056844481 8960132.041407444 -1154.64010078354
v 220397.7116768511 8960143.697527198 -1144.277624157261
v 220398.4473406932 8960144.146317411 -1143.872302015706
v 220413.5959798777 8960152.532614717 -1135.307791214705
v 220419.4128435825 8960155.779650241 -1132.00000610924
v 220469.205137942 8960183.527615799 -1103.673242601301
v 220469.9963340262 8960183.922325874 -1103.211085920806
v 220537.7004664948 8960215.047837 -1065.660177107814
v 220537.8680748174 8960215.13131962 -1065.568974818461
v 220542.604549377 8960217.495908678 -1062.98792507344
v 220544.1055407522 8960218.180441348 -1062.152406717573
v 220546.2096361828 8960219.073390422 -1061.029050652863
v 220548.8536238516 8960220.179694762 -1059.612904638057
v 220571.9650015129 8960229.730135391 -1047.320360822007
v 220616.7909878659 8960247.971898861 -1023.397933818208
v 220619.4416500409 8960248.927439803 -1021.948292688758
v 220665.3536860291 8960264.430904074 -997.5865677353331
v 220665.6221301265 8960264.521397935 -997.4442363000676
v 220696.5665096441 8960274.475879777 -980.897755180913
v 220755.4002849452 8960291.895915752 -950.4947389870108
v 220770.4936547552 8960296.738663614 -942.8230847857951
v 220776.0398063517 8960298.503569886 -940.0136245407721
v 220698.5150353294 8960275.102169557 -979.8556905404969
v 220787.9793178605 8960301.952737328 -933.8588059115918
v 220790.8059088362 8960302.74176768 -932.3933071104925
v 220825.7138366088 8960311.971881611 -914.6409980838428
v 220856.0364745102 8960319.853119066 -899.3124297211816
v 220861.9298944046 8960321.29941429 -896.3907822248559
v 220869.5477235585 8960323.335781001 -892.667476713312
v 220878.8535821458 8960325.797904935 -888.1110020580809
v 220888.5715088324 8960328.366746956 -883.3542763721696
v 220931.9315046406 8960339.085290467 -861.8935930755028
v 220940.3249469089 8960341.068330342 -857.7960407351434
v 220941.4228794159 8960341.322947843 -857.2585161818386
v 220950.1810668479 8960343.354026964 -852.9706926964936
f 6909 6864 6910
f 6908 6864 6909
f 6910 6864 4523
f 6910 4523 6911
f 6911 4523 6912
f 6913 6912 4523
f 6914 6913 4523
f 4523 4526 6914
f 6915 6914 4526
f 6916 6915 4526
f 6917 6916 4526
f 6918 6917 4526
f 6919 6918 4527
f 6920 6919 4527
f 6918 4526 4527
f 6921 6920 4527
f 6922 6921 4527
f 6923 6922 4529
f 6922 4527 4529
f 4529 6924 6923
f 4529 6925 6924
f 4528 6925 4529
f 6926 6925 4528
f 6927 6926 4528
f 6929 6928 4528
f 6930 6929 4528
f 6931 6930 4534
f 6930 4528 4534
f 6932 4528 6928
f 6932 6927 4528
f 4534 6933 6931
f 4534 6934 6933
f 6935 6934 5994
f 6934 4534 5994
f 6936 6935 5994
f 6937 6936 5994
f 6937 5994 5995
f 6938 6937 5995
f 6939 6938 5995
f 5995 6940 6939
f 5995 6941 6940
f 6942 6941 5995
f 6943 6942 5997
f 6944 6943 5997
f 6942 5995 5997
f 6944 5997 6945
f 6946 6945 5997
f 6947 6946 6002
f 6946 5997 6002
f 6947 6002 6948
f 6948 6002 6949
f 6949 6002 6950
f 6950 6000 6951
f 6951 6000 6952
f 6950 6002 6000
f 6953 6000 6954
f 6952 6000 6953
f 6955 6001 6960
f 6954 6001 6955
f 6954 6000 6001
f 6960 6001 6956
f 6956 6001 6957
f 6001 6005 6957
f 6957 6005 6958
f 6005 6959 6958
f 6005 6961 6959
f 6005 6962 6961
f 4599 6963 6962
f 4599 6962 6005
f 6964 4599 6965
f 4599 4596 6965
f 6963 4599 6964
f 4596 6966 6965
f 4596 6967 6966
f 4596 6968 6967
f 6969 4596 6970
f 6968 4596 6969
f 2138 6971 6970
f 2138 6972 6971
f 2138 6970 4596
f 2138 6973 6972
f 2138 6974 6973
f 2134 6975 6974
f 2134 6976 6975
f 2134 6974 2138
f 6976 2134 6977
f 6977 476 6978
f 6977 2134 476
f 6979 477 6980
f 6980 477 6981
f 476 477 6979
f 476 6979 6982
f 6981 477 6983
f 6983 477 6984
f 6984 477 6985
f 6985 477 252
f 6985 252 6986
f 6988 6987 252
f 6986 252 6987
f 6989 6988 253
f 6988 252 253
f 6989 253 6990
f 6990 253 6991
f 6993 254 6994
f 6991 253 6992
f 6992 254 6993
f 6992 253 254
f 6994 254 6995
f 6995 254 6996
f 6996 1707 6997
f 254 1707 6996
f 6998 6997 1707
f 6999 6998 1707
f 7000 6999 1707
f 7001 7000 1707
f 1707 1714 7001
f 1714 7002 7001
f 1714 7003 7002
f 1714 7004 7003
f 1714 7005 7004
f 1714 7006 7005
f 7006 1724 7007
f 7007 1724 7008
f 7006 1714 1724
f 7009 7008 1724
f 1724 3772 7009
f 7010 7009 3772
f 7011 7010 3772
f 7012 7011 3772
f 7013 7012 3772
f 7014 7013 3772
f 3772 4277 7014
f 7015 7014 4277
f 7016 7015 4277
f 7017 476 6982
f 6978 476 7017
f 4277 7018 7016
f 4277 7019 7018
f 2045 7020 7019
f 2045 7019 4277
f 7021 7020 2045
f 7022 2045 7023
f 7021 2045 7022
f 7024 7023 2045
f 7025 7024 4279
f 7024 2045 4279
f 4279 7026 7025
f 4279 7027 7026
f 4279 7028 7027
f 7028 4282 7029
f 7029 4282 7030
f 4279 4282 7028
f 7032 4283 7033
f 4282 4283 7032
f 7030 4282 7031
f 7031 4282 7032
f 7033 4283 7034
f 7034 4283 7035
f 4283 7036 7035
f 1787 7037 7036
f 1787 7038 7037
f 1787 7036 4283
f 1787 7039 7038
f 1787 7040 7039
f 1787 7041 7040
f 1783 7042 7041
f 1783 7043 7042
f 1783 7044 7043
f 1783 7041 1787
f 7044 1783 7045
f 7045 1783 7046
f 1783 1668 7046
f 1668 7047 7046
f 1668 7048 7047
f 7049 1668 7050
f 7048 1668 7049
f 1668 7051 7050
f 1666 7052 7051
f 1666 7051 1668
f 7053 1666 7054
f 7052 1666 7053
f 1666 7055 7054
f 234 7056 7055
f 234 7055 1666
f 7056 234 7057
f 7057 234 7058
f 234 7059 7058
f 234 7060 7059
f 7061 233 7062
f 7060 233 7061
f 7060 234 233
f 7062 233 7063
f 7063 233 7064
f 7064 233 147
f 147 7065 7064
f 147 7066 7065
f 147 7067 7066
f 147 7068 7067
f 147 7069 7068
f 7070 146 7071
f 7069 146 7070
f 147 146 7069
f 1323 7073 7072
f 1323 7074 7073
f 1323 7075 7074
f 7076 7071 146
f 7077 7076 148
f 7076 146 148
f 7077 148 7072
f 7072 148 1323
f 1323 7078 7075
f 1322 7079 7078
f 1322 7080 7079
f 1322 7078 1323
f 1322 7081 7080
f 142 7082 7081
f 142 7081 1322
f 142 7083 7082
f 7083 142 7084
f 7084 142 7085
f 7085 142 141
f 7085 141 7086
f 7086 141 7087
f 141 7088 7087
f 141 7092 7088
f 7092 143 7089
f 7089 143 7090
f 141 143 7092
f 7093 143 7094
f 7094 143 1267
f 7090 143 7091
f 7091 143 7093
f 1267 7095 7094
f 1263 7097 7096
f 1263 7098 7097
f 1267 7099 7095
f 1267 7096 7099
f 1263 7096 1267
f 1263 7100 7098
f 1263 7101 7100
f 94 7101 1263
f 94 7102 7101
f 94 7103 7102
f 94 7104 7103
f 94 7105 7104
f 7105 95 7106
f 7106 95 7107
f 94 95 7105
f 95 7108 7107
f 95 7109 7108
f 95 7110 7109
f 7110 1259 7111
f 95 1259 7110
f 7112 1256 7113
f 7113 1256 7114
f 7115 1259 7112
f 7111 1259 7115
f 7112 1259 1256
f 7114 1256 7116
f 7116 89 7117
f 1256 89 7116
f 7118 89 7119
f 7117 89 7118
f 89 7120 7119
f 89 7121 7120
f 89 7122 7121
f 7122 90 7123
f 7123 90 7124
f 89 90 7122
f 7125 122 7126
f 7126 122 7129
f 7124 90 7127
f 90 121 7127
f 121 7128 7127
f 121 7125 7128
f 7125 121 122
f 7129 122 7130
f 7132 1218 7133
f 7130 122 7131
f 7131 1218 7132
f 7131 122 1218
f 7133 1218 7134
f 7134 1218 7135
f 7135 1218 7136
f 7136 1213 7137
f 7136 1218 1213
f 1213 7138 7137
f 7139 1212 7140
f 1213 1212 7139
f 7138 1213 7139
f 7141 1208 7142
f 7141 7144 1208
f 7144 1212 1208
f 7140 1212 7143
f 7143 1212 7144
f 1208 7145 7142
f 1204 7146 7145
f 1204 7145 1208
f 1204 7147 7146
f 1204 7148 7147
f 61 7150 7149
f 61 7152 7150
f 61 7149 7151
f 1204 61 7151
f 1204 7151 7148
f 61 7153 7152
f 61 7154 7153
f 60 7155 7154
f 60 7154 61
f 7156 7155 60
f 7157 7156 60
f 7158 7157 60
f 60 7159 7158
f 7160 7159 1207
f 60 1207 7159
f 7161 7160 1207
f 1207 7162 7161
f 1207 7163 7162
f 1195 7163 1207
f 7163 1195 7164
f 7164 1195 7165
f 1195 1203 7165
f 1203 7166 7165
f 7166 1203 7167
f 1203 7168 7167
f 1202 7169 7168
f 1202 7168 1203
f 7171 7170 58
f 58 7170 7173
f 1202 7172 7169
f 1202 7173 7172
f 1202 58 7173
f 7174 7171 58
f 7175 7174 59
f 7174 58 59
f 7176 7175 59
f 7177 7176 59
f 7178 1194 7179
f 7179 1194 7180
f 7181 7177 59
f 7182 1194 7178
f 1194 7182 59
f 7181 59 7182
f 7183 1173 7184
f 7180 1194 7183
f 7183 1194 1173
f 1173 7185 7184
f 1173 7186 7185
f 7187 1173 7188
f 7186 1173 7187
f 1163 7190 7189
f 1163 7191 7190
f 1163 7189 1173
f 7188 1173 7189
f 1171 7193 7192
f 1171 7195 7193
f 1161 7192 7194
f 1161 1171 7192
f 7196 1171 7197
f 1171 1170 7197
f 7195 1171 7196
f 7191 1163 7194
f 1163 1161 7194
f 1170 7198 7197
f 1170 7199 7198
f 7200 1172 7201
f 7201 1172 7202
f 7200 7204 1172
f 7199 1170 7203
f 7203 1170 7204
f 7204 1170 1172
f 7205 3930 7206
f 7206 3930 7207
f 7207 3930 7208
f 7202 1172 7205
f 7205 1172 3930
f 7209 3930 7210
f 7208 3930 7209
f 7210 3929 7211
f 7211 3929 7212
f 7210 3930 3929
f 3929 7213 7212
f 3929 7214 7213
f 3928 7215 7214
f 3928 7216 7215
f 3928 7214 3929
f 3928 7217 7216
f 3928 7218 7217
f 3840 7218 3928
f 7219 7218 3840
f 7220 7219 3840
f 7222 7221 3836
f 7221 7224 3836
f 3836 7224 7223
f 7226 7225 3839
f 7227 7226 3839
f 7228 7227 3839
f 3840 7225 7220
f 3839 7225 3840
f 7223 7228 3839
f 3836 7223 3839
f 7229 7222 3836
f 7230 7233 3837
f 7233 7229 3837
f 7229 3836 3837
f 7231 7230 3837
f 7232 7231 3837
f 7236 3838 7234
f 7234 3838 7235
f 7235 3838 7237
f 7236 7232 3837
f 3837 3838 7236
f 3844 7239 7238
f 7238 7240 3844
f 7240 7241 3844
f 7241 7237 3838
f 7241 3838 3844
f 7242 7239 3844
f 3844 5831 7242
f 7243 7242 5831
f 7244 7243 5831
f 5831 7245 7244
f 5831 7246 7245
f 5831 7247 7246
f 5831 7248 7247
f 5831 7249 7248
f 7250 7249 5833
f 7251 7250 5833
f 7249 5831 5833
f 7253 5842 7254
f 7252 5842 7253
f 7255 7251 5833
f 7252 7255 5833
f 7252 5833 5842
f 5846 7257 7256
f 5846 7258 7257
f 7254 5842 7259
f 7259 5842 5841
f 7261 5841 7256
f 7259 5841 7260
f 7260 5841 7261
f 5841 5846 7256
f 5846 7262 7258
f 3910 7263 7262
f 3910 7262 5846
f 7263 3910 7264
f 7264 3910 7265
f 3910 7266 7265
f 3904 7266 3910
f 3904 7267 7266
f 3904 7268 7267
f 3904 7269 7268
f 3904 7270 7269
f 7271 7270 3904
f 7272 7271 3905
f 7273 7272 3905
f 7271 3904 3905
f 3905 7274 7273
f 3903 7274 3905
f 7275 7274 3903
f 7276 7275 3903
f 7277 7276 3903
f 7278 7277 3903
f 7279 7278 3903
f 7280 7279 3907
f 3903 3907 7279
f 3907 7281 7280
f 3907 7282 7281
f 3906 7282 3907
f 7283 7282 3906
f 7284 7283 3906
f 7285 7284 3906
f 7286 7285 3906
f 7287 7286 3906
f 7288 7287 3909
f 7287 3906 3909
f 3909 7289 7288
f 3909 7290 7289
f 3908 7290 3909
f 7291 7290 3908
f 7292 7291 3908
f 7293 7292 3908
f 7294 7293 3908
f 7295 7294 3908
f 7296 7295 3908
f 3848 7297 7296
f 3848 7296 3908
f 7298 7297 3848
f 7299 7298 3848
f 7300 7299 3848
f 3845 7301 7300
f 3845 7300 3848
f 1036 7303 7302
f 1036 7304 7303
f 3845 7302 7305
f 3845 7305 7301
f 1036 7302 3845
f 7306 7304 1036
f 1036 7307 7306
f 1036 7308 7307
f 1033 7309 7308
f 1033 7310 7309
f 1033 7308 1036
f 1033 7311 7310
f 1033 7312 7311
f 1033 7313 7312
f 1 7314 7313
f 1 7315 7314
f 1 7313 1033
f 7315 1 7316
f 7317 7316 6684
f 7316 1 6684
f 7 6 5
f 6 8 5
f 8 9 5
f 9 10 5
f 12 11 5
f 11 7 5
f 12 5 10
f 15 14 13
f 14 16 13
f 16 17 13
f 17 18 13
f 18 19 13
f 19 20 13
f 20 15 13
f 23 22 21
f 22 24 21
f 24 25 21
f 25 26 21
f 26 27 21
f 27 23 21
f 30 29 28
f 29 31 28
f 31 32 28
f 32 33 28
f 33 34 28
f 34 35 28
f 35 30 28
f 38 37 36
f 37 39 36
f 39 40 36
f 40 41 36
f 41 42 36
f 42 43 36
f 38 36 43
f 46 45 44
f 48 47 44
f 47 46 44
f 45 49 44
f 49 50 44
f 50 48 44
f 53 52 51
f 55 54 51
f 54 53 51
f 52 56 51
f 56 57 51
f 57 55 51
f 64 63 62
f 65 64 62
f 63 66 62
f 66 67 62
f 67 68 62
f 68 65 62
f 71 70 69
f 70 72 69
f 72 73 69
f 73 74 69
f 74 56 69
f 56 71 69
f 76 65 75
f 77 76 75
f 65 68 75
f 68 78 75
f 78 79 75
f 79 77 75
f 82 81 80
f 82 83 81
f 83 84 81
f 86 81 85
f 86 80 81
f 81 84 85
f 89 88 87
f 91 90 87
f 90 89 87
f 88 91 87
f 92 91 88
f 95 94 93
f 96 95 93
f 94 97 93
f 97 98 93
f 98 99 93
f 99 100 93
f 100 96 93
f 102 91 101
f 103 102 101
f 91 104 101
f 104 105 101
f 105 106 101
f 106 107 101
f 107 103 101
f 110 109 108
f 110 111 109
f 111 112 109
f 112 113 109
f 114 109 113
f 114 108 109
f 117 116 115
f 116 118 115
f 118 119 115
f 66 115 120
f 66 117 115
f 115 119 120
f 116 122 121
f 90 102 121
f 102 123 121
f 123 116 121
f 126 125 124
f 84 125 126
f 128 85 127
f 85 126 127
f 129 128 127
f 126 130 127
f 130 131 127
f 131 132 127
f 132 129 127
f 134 112 133
f 135 134 133
f 112 136 133
f 136 137 133
f 137 138 133
f 138 135 133
f 141 140 139
f 141 142 140
f 144 143 139
f 143 141 139
f 140 144 139
f 140 145 144
f 147 149 146
f 149 150 146
f 150 151 146
f 151 148 146
f 154 153 152
f 153 155 152
f 155 156 152
f 156 157 152
f 157 158 152
f 158 159 152
f 159 154 152
f 163 162 161
f 162 164 161
f 164 165 161
f 165 166 161
f 166 167 161
f 167 168 161
f 163 161 168
f 171 170 169
f 170 172 169
f 172 173 169
f 173 174 169
f 174 175 169
f 175 176 169
f 176 171 169
f 179 178 177
f 181 177 180
f 181 179 177
f 178 180 177
f 182 180 178
f 185 184 183
f 187 186 183
f 186 185 183
f 184 188 183
f 188 189 183
f 189 190 183
f 190 187 183
f 193 192 191
f 195 194 191
f 194 193 191
f 192 196 191
f 196 197 191
f 197 198 191
f 198 195 191
f 202 201 200
f 204 200 203
f 204 202 200
f 201 203 200
f 205 203 201
f 211 210 209
f 213 209 212
f 213 211 209
f 210 212 209
f 214 212 210
f 217 216 215
f 219 218 215
f 218 217 215
f 216 220 215
f 220 221 215
f 221 219 215
f 224 223 222
f 225 224 222
f 226 224 225
f 229 228 227
f 231 230 227
f 230 229 227
f 228 231 227
f 228 232 231
f 234 235 233
f 235 236 233
f 236 149 233
f 149 147 233
f 239 238 237
f 238 240 237
f 240 241 237
f 241 242 237
f 242 243 237
f 243 239 237
f 246 245 244
f 245 247 244
f 247 248 244
f 248 249 244
f 249 250 244
f 250 246 244
f 253 252 251
f 254 253 251
f 252 255 251
f 255 256 251
f 257 254 251
f 256 257 251
f 260 259 258
f 260 261 259
f 261 262 259
f 264 263 259
f 263 258 259
f 259 262 264
f 267 266 265
f 268 265 266
f 268 269 265
f 269 270 265
f 270 271 265
f 271 267 265
f 274 273 272
f 273 275 272
f 273 276 275
f 278 277 261
f 278 279 277
f 280 277 279
f 262 261 277
f 281 277 280
f 281 282 277
f 283 277 282
f 283 262 277
f 286 285 284
f 287 285 286
f 287 288 285
f 288 289 285
f 289 290 285
f 290 284 285
f 293 292 291
f 292 294 291
f 295 293 291
f 294 296 291
f 296 297 291
f 297 295 291
f 300 299 298
f 301 300 298
f 299 302 298
f 302 303 298
f 303 304 298
f 304 305 298
f 305 301 298
f 308 307 306
f 307 309 306
f 310 308 306
f 309 311 306
f 311 312 306
f 312 310 306
f 315 314 313
f 316 314 315
f 316 317 314
f 317 318 314
f 318 319 314
f 319 313 314
f 322 321 320
f 322 323 321
f 323 324 321
f 324 325 321
f 325 326 321
f 326 320 321
f 329 328 327
f 330 329 327
f 328 331 327
f 331 332 327
f 332 333 327
f 333 334 327
f 334 330 327
f 337 336 335
f 336 338 335
f 338 339 335
f 339 340 335
f 340 341 335
f 341 342 335
f 342 337 335
f 345 344 343
f 216 345 343
f 344 346 343
f 346 347 343
f 347 220 343
f 220 216 343
f 350 349 348
f 352 351 349
f 349 351 348
f 355 354 353
f 355 356 354
f 356 357 354
f 357 358 354
f 358 359 354
f 359 353 354
f 362 361 360
f 361 363 360
f 363 364 360
f 364 365 360
f 365 366 360
f 366 367 360
f 367 362 360
f 370 369 368
f 370 371 369
f 371 372 369
f 372 373 369
f 373 374 369
f 374 375 369
f 368 369 375
f 378 377 376
f 377 379 376
f 379 380 376
f 380 381 376
f 381 382 376
f 382 378 376
f 385 384 383
f 384 386 383
f 386 387 383
f 387 388 383
f 388 389 383
f 389 385 383
f 392 391 390
f 392 393 391
f 391 394 390
f 391 395 394
f 398 397 396
f 398 399 397
f 401 400 396
f 400 398 396
f 397 401 396
f 397 402 401
f 405 404 403
f 404 406 403
f 406 407 403
f 408 403 407
f 403 408 268
f 405 403 268
f 394 410 409
f 394 411 410
f 411 412 410
f 412 413 410
f 413 399 410
f 399 409 410
f 416 415 414
f 417 415 416
f 417 418 415
f 418 419 415
f 419 420 415
f 420 414 415
f 423 422 421
f 422 424 421
f 424 425 421
f 425 426 421
f 426 427 421
f 427 423 421
f 378 429 428
f 377 378 428
f 432 431 430
f 431 433 430
f 433 434 430
f 434 435 430
f 435 436 430
f 436 432 430
f 439 438 437
f 441 440 437
f 440 439 437
f 438 441 437
f 438 442 441
f 447 446 445
f 446 448 445
f 449 447 445
f 448 450 445
f 451 449 445
f 450 451 445
f 454 453 452
f 455 454 452
f 458 457 456
f 459 458 456
f 466 465 464
f 465 467 464
f 468 466 464
f 467 469 464
f 469 470 464
f 470 468 464
f 473 472 471
f 472 474 471
f 474 475 471
f 467 465 471
f 465 473 471
f 475 467 471
f 478 477 476
f 478 479 477
f 255 477 479
f 255 252 477
f 482 481 480
f 481 483 480
f 484 482 480
f 483 485 480
f 485 486 480
f 486 484 480
f 489 488 487
f 488 490 487
f 395 489 487
f 490 491 487
f 492 487 491
f 492 395 487
f 495 494 493
f 495 496 494
f 496 497 494
f 499 498 494
f 498 493 494
f 494 497 499
f 502 501 500
f 503 501 502
f 490 501 503
f 490 488 501
f 504 501 488
f 504 500 501
f 507 506 505
f 506 508 505
f 508 509 505
f 509 510 505
f 510 496 505
f 496 507 505
f 513 512 511
f 514 512 513
f 514 515 512
f 517 516 512
f 516 511 512
f 512 515 517
f 520 519 518
f 519 521 518
f 522 520 518
f 521 523 518
f 523 524 518
f 524 522 518
f 527 526 525
f 526 504 525
f 393 527 525
f 504 488 525
f 488 489 525
f 489 393 525
f 529 516 528
f 516 517 528
f 530 529 528
f 517 531 528
f 531 532 528
f 532 530 528
f 535 534 533
f 534 536 533
f 537 535 533
f 536 538 533
f 538 539 533
f 539 537 533
f 542 541 540
f 541 543 540
f 536 542 540
f 543 544 540
f 544 545 540
f 545 536 540
f 548 547 546
f 547 549 546
f 550 548 546
f 549 551 546
f 551 552 546
f 552 553 546
f 553 550 546
f 556 555 554
f 555 557 554
f 554 558 556
f 557 559 554
f 560 558 554
f 559 560 554
f 563 562 561
f 562 564 561
f 565 563 561
f 564 566 561
f 566 567 561
f 567 565 561
f 573 570 572
f 575 574 570
f 574 571 570
f 573 575 570
f 578 577 576
f 579 578 576
f 575 573 580
f 573 581 580
f 582 575 580
f 581 583 580
f 584 582 580
f 583 584 580
f 587 586 585
f 586 588 585
f 589 587 585
f 588 590 585
f 591 589 585
f 590 591 585
f 594 593 592
f 593 595 592
f 595 596 592
f 596 597 592
f 597 598 592
f 598 594 592
f 601 600 599
f 600 602 599
f 607 606 605
f 606 608 605
f 609 607 605
f 608 547 605
f 548 609 605
f 547 548 605
f 612 611 610
f 611 613 610
f 614 612 610
f 613 615 610
f 615 616 610
f 616 614 610
f 619 618 617
f 618 620 617
f 621 619 617
f 620 622 617
f 623 621 617
f 622 623 617
f 626 625 624
f 625 627 624
f 628 626 624
f 627 629 624
f 630 628 624
f 624 629 630
f 623 632 631
f 623 633 632
f 634 631 632
f 633 635 632
f 635 636 632
f 636 634 632
f 539 638 637
f 639 638 539
f 639 640 638
f 642 641 638
f 641 637 638
f 638 640 642
f 645 644 643
f 644 646 643
f 644 647 646
f 650 649 648
f 651 650 648
f 654 653 652
f 653 655 652
f 655 656 652
f 657 654 652
f 656 658 652
f 658 659 652
f 659 657 652
f 662 661 660
f 663 662 660
f 666 665 664
f 665 667 664
f 667 668 664
f 668 669 664
f 669 670 664
f 670 666 664
f 673 672 671
f 674 672 673
f 674 675 672
f 675 676 672
f 676 677 672
f 677 671 672
f 680 679 678
f 678 679 681
f 684 683 682
f 684 685 683
f 685 686 683
f 686 687 683
f 687 688 683
f 688 682 683
f 691 690 689
f 692 691 689
f 695 694 693
f 694 696 693
f 697 693 696
f 699 698 693
f 698 695 693
f 697 699 693
f 702 701 700
f 701 703 700
f 704 702 700
f 703 705 700
f 706 704 700
f 705 706 700
f 709 708 707
f 708 710 707
f 710 711 707
f 713 712 707
f 712 709 707
f 707 711 713
f 716 715 714
f 717 715 716
f 718 715 717
f 719 714 715
f 720 715 718
f 720 719 715
f 723 722 721
f 722 724 721
f 725 721 724
f 725 726 721
f 727 723 721
f 726 727 721
f 730 729 728
f 729 731 728
f 731 732 728
f 732 733 728
f 733 734 728
f 734 730 728
f 737 736 735
f 736 738 735
f 741 740 739
f 742 740 741
f 743 740 742
f 743 737 740
f 737 735 740
f 739 740 735
f 746 745 744
f 747 745 746
f 750 749 748
f 750 751 749
f 749 752 748
f 749 753 752
f 756 755 754
f 757 754 755
f 757 758 754
f 758 759 754
f 759 760 754
f 760 756 754
f 763 762 761
f 764 762 763
f 764 765 762
f 766 762 765
f 767 762 766
f 767 761 762
f 770 769 768
f 771 768 769
f 771 772 768
f 772 773 768
f 773 774 768
f 774 770 768
f 777 776 775
f 776 778 775
f 778 779 775
f 779 780 775
f 780 781 775
f 781 777 775
f 784 783 782
f 783 785 782
f 785 786 782
f 786 787 782
f 787 788 782
f 788 784 782
f 791 790 789
f 791 792 790
f 794 793 783
f 794 795 793
f 796 793 795
f 796 797 793
f 797 785 793
f 793 785 783
f 800 799 798
f 799 801 798
f 801 802 798
f 802 803 798
f 803 804 798
f 804 800 798
f 813 812 811
f 813 814 812
f 814 815 812
f 815 816 812
f 817 811 812
f 816 817 812
f 807 819 818
f 807 818 820
f 823 822 821
f 822 824 821
f 824 825 821
f 825 826 821
f 826 827 821
f 827 828 821
f 828 823 821
f 831 830 829
f 831 832 830
f 832 833 830
f 833 834 830
f 834 835 830
f 835 829 830
f 839 838 837
f 838 840 837
f 837 841 839
f 840 842 837
f 842 843 837
f 843 841 837
f 846 845 844
f 848 846 847
f 836 846 848
f 836 845 846
f 849 846 844
f 847 846 849
f 856 855 854
f 855 857 854
f 857 858 854
f 858 859 854
f 859 860 854
f 860 856 854
f 843 862 861
f 863 862 843
f 864 862 863
f 861 862 865
f 866 862 864
f 865 862 866
f 869 868 867
f 868 870 867
f 871 867 870
f 871 872 867
f 873 869 867
f 873 867 872
f 876 875 874
f 876 877 875
f 878 875 877
f 878 879 875
f 879 880 875
f 875 880 874
f 883 882 881
f 884 881 882
f 884 885 881
f 883 881 886
f 885 887 881
f 886 881 887
f 890 889 888
f 889 891 888
f 893 892 888
f 891 893 888
f 896 895 894
f 895 897 894
f 897 898 894
f 898 899 894
f 899 900 894
f 900 896 894
f 903 902 901
f 904 901 902
f 904 905 901
f 905 906 901
f 906 907 901
f 907 903 901
f 910 909 908
f 909 911 908
f 911 912 908
f 912 913 908
f 908 914 910
f 908 913 914
f 927 926 925
f 926 928 925
f 928 929 925
f 929 855 925
f 855 930 925
f 930 927 925
f 937 936 935
f 936 938 935
f 938 939 935
f 941 940 935
f 940 937 935
f 935 939 941
f 944 943 942
f 944 945 943
f 945 946 943
f 946 947 943
f 947 948 943
f 948 942 943
f 951 950 949
f 951 949 952
f 957 956 955
f 957 958 956
f 958 959 956
f 959 960 956
f 960 961 956
f 961 955 956
f 964 963 962
f 964 965 963
f 968 967 966
f 969 967 968
f 969 970 967
f 972 971 967
f 971 966 967
f 967 970 972
f 975 974 973
f 974 976 973
f 983 982 981
f 982 984 981
f 985 983 981
f 984 986 981
f 694 985 981
f 986 694 981
f 989 988 987
f 990 988 989
f 521 991 988
f 991 987 988
f 992 988 990
f 992 521 988
f 994 506 993
f 995 994 993
f 995 530 994
f 530 996 994
f 994 508 506
f 994 996 508
f 999 998 997
f 1000 997 998
f 997 1000 514
f 513 997 514
f 1001 997 513
f 999 997 1001
f 1004 1003 1002
f 453 1004 1002
f 1008 353 1007
f 1008 355 353
f 1013 1012 1011
f 1013 1014 1012
f 1014 1015 1012
f 1015 1016 1012
f 1016 309 1012
f 309 1011 1012
f 246 1018 1017
f 245 246 1017
f 1021 1020 1019
f 1024 1023 1022
f 1027 1026 1025
f 1029 1028 1025
f 1028 1030 1025
f 1030 1031 1025
f 1031 1027 1025
f 1026 1029 1025
f 1035 1 1033
f 1034 1 1035
f 1036 1037 1033
f 1037 1035 1033
f 1039 1038 1035
f 1038 1034 1035
f 1037 1039 1035
f 1040 1038 1039
f 1034 1038 1040
f 1042 1041 1034
f 1040 1042 1034
f 1044 2 1043
f 1045 2 1044
f 4 2 1045
f 1046 3 4
f 1045 1047 4
f 1047 1048 4
f 1048 1049 4
f 1049 1046 4
f 1050 1051 1044
f 1051 1031 1044
f 1031 1045 1044
f 1030 1047 1045
f 1030 1045 1031
f 1048 1047 1030
f 1049 1048 1052
f 1053 1048 1030
f 1052 1048 1053
f 1052 1054 1049
f 1055 10 9
f 17 10 1055
f 16 10 17
f 16 14 10
f 12 10 14
f 1057 1056 12
f 1056 11 12
f 14 1058 12
f 1058 1057 12
f 1056 7 11
f 1059 7 1056
f 1026 6 7
f 1029 7 1059
f 1026 7 1029
f 1026 1060 8
f 1026 8 6
f 1061 9 8
f 1061 8 1060
f 1061 1062 9
f 1062 1055 9
f 1062 1063 1055
f 1063 1064 1055
f 1064 17 1055
f 18 17 1064
f 1058 14 15
f 1057 1058 1065
f 1066 1058 15
f 1066 1067 1058
f 1065 1058 1067
f 1068 1056 1057
f 1065 1069 1057
f 1069 1068 1057
f 1059 1056 1068
f 1071 1070 1059
f 1070 1072 1059
f 1072 1029 1059
f 1068 1071 1059
f 1070 1073 1072
f 1073 1029 1072
f 1073 1028 1029
f 1060 1026 1027
f 1075 1074 1060
f 1061 1060 1074
f 1075 1060 1027
f 1074 1076 1061
f 1076 1077 1061
f 1077 1062 1061
f 1075 1076 1074
f 1077 1078 1062
f 1079 1062 1078
f 1063 1062 1079
f 1079 1064 1063
f 1064 1080 18
f 1081 18 1080
f 1082 18 1081
f 1082 19 18
f 1081 1083 1082
f 1083 19 1082
f 1083 1084 19
f 20 19 1084
f 15 20 1085
f 1086 20 1084
f 1085 20 1086
f 1085 1066 15
f 1080 1087 1081
f 1087 1088 1081
f 1088 1089 1081
f 1089 1090 1081
f 1090 1083 1081
f 1091 1064 1079
f 1087 1064 1091
f 1080 1064 1087
f 1090 1092 1083
f 1092 1093 1083
f 1084 1083 1093
f 1093 1094 1084
f 1094 22 1084
f 22 1086 1084
f 23 1095 1086
f 1095 1085 1086
f 22 23 1086
f 23 1096 1095
f 1085 1095 1096
f 1097 1067 1085
f 1067 1066 1085
f 1096 1097 1085
f 1089 1092 1090
f 1098 24 1093
f 1098 1099 24
f 22 1094 24
f 1093 24 1094
f 1099 25 24
f 1099 1100 25
f 1100 1101 25
f 1101 29 25
f 29 26 25
f 29 30 26
f 30 1102 26
f 30 1103 1102
f 1103 27 1102
f 27 26 1102
f 1103 1104 27
f 1104 1105 27
f 1105 23 27
f 1096 23 1105
f 1107 1099 1106
f 1098 1106 1099
f 1100 1099 1107
f 1092 1098 1093
f 1107 1108 1100
f 31 1101 1100
f 1108 31 1100
f 31 29 1101
f 1103 30 1109
f 1109 30 35
f 1110 1103 1109
f 1110 1111 1103
f 1111 1104 1103
f 1105 1104 1111
f 1112 1105 1111
f 1112 1113 1105
f 1113 1096 1105
f 1097 1096 1113
f 1092 1114 1098
f 1114 1106 1098
f 1108 1115 31
f 1115 32 31
f 1115 1116 32
f 1116 1117 32
f 1117 1118 32
f 1118 33 32
f 1118 34 33
f 1118 1119 34
f 1119 1120 34
f 1120 35 34
f 1120 1121 35
f 1121 1109 35
f 1122 1108 1107
f 1122 1123 1108
f 1123 1115 1108
f 1124 1115 1123
f 1116 1115 1124
f 1124 1125 1116
f 1125 1126 1116
f 1126 1127 1116
f 1127 1117 1116
f 1127 1118 1117
f 1127 159 1118
f 159 1119 1118
f 1120 1119 1128
f 159 158 1119
f 1128 1119 158
f 1129 1120 1128
f 1129 1130 1120
f 1130 1121 1120
f 1109 1121 1130
f 1131 1109 1130
f 1131 1110 1109
f 1133 1132 38
f 43 1134 38
f 1134 1133 38
f 1132 37 38
f 1132 1135 37
f 1135 1136 37
f 1136 1137 37
f 1137 39 37
f 1137 40 39
f 1137 1138 40
f 1138 1139 40
f 1139 1140 40
f 1140 41 40
f 42 41 1140
f 170 42 1140
f 171 1141 42
f 1141 43 42
f 170 171 42
f 1141 1142 43
f 1142 1134 43
f 1144 1143 1132
f 1133 1144 1132
f 1143 1135 1132
f 1146 1134 1145
f 1146 1133 1134
f 1142 1147 1134
f 1145 1134 1147
f 1148 1133 1146
f 1145 1148 1146
f 1143 1149 1135
f 1149 1150 1135
f 1150 1151 1135
f 1151 1136 1135
f 1151 1137 1136
f 1151 1152 1137
f 1152 1138 1137
f 1153 1138 1152
f 1138 1153 1154
f 1139 1138 1154
f 1139 1154 1155
f 1156 1139 1155
f 1156 1140 1139
f 1156 170 1140
f 1156 172 170
f 176 156 171
f 156 1141 171
f 156 155 1141
f 153 1141 155
f 153 1142 1141
f 1147 1142 1157
f 1157 1142 153
f 1157 1145 1147
f 1158 1133 1148
f 1158 1144 1133
f 1160 46 1159
f 1160 1161 46
f 45 46 1161
f 47 1162 46
f 1159 46 1162
f 1161 1163 45
f 1163 1164 45
f 1164 49 45
f 1166 1165 49
f 1166 1167 1165
f 1167 50 1165
f 50 49 1165
f 1167 1168 50
f 1168 1169 50
f 1169 48 50
f 1153 1152 48
f 1152 47 48
f 1169 1153 48
f 1152 1151 47
f 1151 1162 47
f 1171 1161 1170
f 1170 1161 1160
f 1151 1150 1162
f 1149 1162 1150
f 1149 1159 1162
f 1172 1170 1159
f 1170 1160 1159
f 1149 1172 1159
f 1173 1174 1163
f 1164 1163 1174
f 1174 1175 1164
f 1175 1176 1164
f 1176 1177 1164
f 1177 49 1164
f 1176 1166 1177
f 1166 49 1177
f 1176 1178 1166
f 1178 1179 1166
f 1179 1167 1166
f 1179 1180 1167
f 1181 1167 1180
f 1181 1168 1167
f 1181 1169 1168
f 1181 1182 1169
f 1182 1183 1169
f 1183 1153 1169
f 1183 1154 1153
f 1185 53 1184
f 1185 1186 53
f 1186 52 53
f 54 1187 53
f 1184 53 1187
f 1186 1188 52
f 71 52 1188
f 56 52 71
f 74 1189 56
f 1189 57 56
f 74 1190 1189
f 1190 57 1189
f 1190 1191 57
f 1191 1192 57
f 1192 55 57
f 1178 54 55
f 1192 1193 55
f 1193 1178 55
f 1178 1176 54
f 1176 1187 54
f 1176 1175 1187
f 1174 1187 1175
f 1174 1184 1187
f 1194 59 1184
f 59 1185 1184
f 1174 1194 1184
f 59 1186 1185
f 59 58 1186
f 1188 1186 58
f 1188 1195 71
f 1195 70 71
f 73 1196 74
f 1196 1190 74
f 1197 1190 1196
f 1198 1190 1197
f 1198 1191 1190
f 1198 1192 1191
f 1198 1199 1192
f 1193 1192 1199
f 1199 1200 1193
f 1200 1201 1193
f 1201 1179 1193
f 1178 1193 1179
f 1202 1188 58
f 1202 1203 1188
f 1203 1195 1188
f 1174 1173 1194
f 1204 1205 61
f 1205 1206 61
f 1206 60 61
f 1207 60 1206
f 1208 64 1204
f 64 1209 1204
f 1209 1205 1204
f 64 65 1209
f 65 1205 1209
f 65 76 1205
f 1206 1205 76
f 76 1210 1206
f 1210 1211 1206
f 1211 1207 1206
f 1211 70 1207
f 70 1195 1207
f 1208 63 64
f 1212 63 1208
f 1212 1213 63
f 117 63 1213
f 66 63 117
f 120 1214 66
f 1214 67 66
f 120 1215 1214
f 1215 67 1214
f 1215 1216 67
f 68 67 1216
f 1216 1217 68
f 1217 78 68
f 1213 1218 117
f 1218 116 117
f 1219 120 119
f 1215 120 1219
f 1216 1215 1220
f 1221 1215 1219
f 1220 1215 1221
f 1222 1216 1220
f 1222 1217 1216
f 1222 78 1217
f 1222 1223 78
f 79 78 1223
f 77 1210 76
f 1224 72 70
f 1224 73 72
f 1224 1225 73
f 1225 1226 73
f 1196 73 1226
f 1211 1224 70
f 1211 77 1224
f 77 1225 1224
f 1210 77 1211
f 77 79 1225
f 1227 1225 79
f 1226 1225 1227
f 1227 1228 1226
f 1228 1229 1226
f 1229 1230 1226
f 1230 1196 1226
f 1197 1196 1230
f 1223 1231 79
f 1231 1227 79
f 1223 1222 1232
f 1233 1222 1220
f 1232 1222 1233
f 1234 1223 1232
f 1234 1231 1223
f 1234 1227 1231
f 1234 1228 1227
f 1235 80 137
f 1235 1236 80
f 82 80 1236
f 1237 80 86
f 1237 137 80
f 1236 1238 82
f 1238 1239 82
f 1239 1240 82
f 1240 83 82
f 1240 84 83
f 1241 84 1240
f 85 84 126
f 125 84 1241
f 86 85 128
f 1242 1237 86
f 128 1242 86
f 1238 1236 1243
f 136 1236 1235
f 136 1243 1236
f 137 1237 138
f 1244 1237 1242
f 138 1237 1244
f 136 1235 137
f 1245 1238 1243
f 1245 1246 1238
f 1246 1247 1238
f 1247 1239 1238
f 1247 1248 1239
f 1248 1249 1239
f 1249 1240 1239
f 1241 1240 1249
f 1250 1241 1249
f 1250 1251 1241
f 1251 125 1241
f 129 1252 128
f 1242 128 1252
f 1253 125 1251
f 1253 124 125
f 124 130 126
f 129 1254 1252
f 1254 1242 1252
f 1255 1244 1242
f 1254 1255 1242
f 1256 88 89
f 1256 96 88
f 96 92 88
f 96 100 92
f 100 1257 92
f 1257 1258 92
f 1258 104 92
f 104 91 92
f 90 91 102
f 103 123 102
f 1259 96 1256
f 1259 95 96
f 99 1260 100
f 100 1260 1257
f 1261 1257 1260
f 1262 1257 1261
f 1262 1258 1257
f 1262 104 1258
f 1262 105 104
f 97 94 1263
f 1263 1264 97
f 1264 1265 97
f 1265 98 97
f 1265 1266 98
f 1266 1260 98
f 1260 99 98
f 1267 1264 1263
f 1267 1268 1264
f 1268 1269 1264
f 1264 1269 1265
f 1269 1270 1265
f 1266 1265 1270
f 1271 1266 1270
f 1272 1266 1271
f 1272 1260 1266
f 1261 1260 1272
f 1262 108 105
f 105 108 114
f 106 105 114
f 107 106 114
f 1273 107 114
f 1273 1274 107
f 1274 103 107
f 119 123 103
f 1274 119 103
f 119 118 123
f 116 123 118
f 1275 1262 1261
f 108 1262 1275
f 1275 110 108
f 113 1276 114
f 1276 1273 114
f 1278 1273 1277
f 1274 1273 1278
f 1277 1273 1276
f 1278 1219 1274
f 1219 119 1274
f 1275 1279 110
f 1280 110 1279
f 111 110 1280
f 112 1276 113
f 1261 1281 1275
f 1281 1279 1275
f 1282 1281 1261
f 1282 1279 1281
f 1282 1283 1279
f 1283 1284 1279
f 1280 1279 1284
f 1284 1246 1280
f 1246 1245 1280
f 1245 1243 1280
f 1243 111 1280
f 136 111 1243
f 136 112 111
f 1276 112 134
f 135 1285 134
f 1277 134 1285
f 1277 1276 134
f 116 1218 122
f 1278 1286 1219
f 1286 1221 1219
f 1287 124 1253
f 1288 124 1287
f 1288 130 124
f 1288 1289 130
f 1289 131 130
f 1291 1290 1250
f 1291 1292 1290
f 1292 1251 1290
f 1292 1253 1251
f 1251 1250 1290
f 1292 1293 1253
f 1253 1293 1287
f 1293 1294 1287
f 1294 1295 1287
f 1295 1288 1287
f 1296 1288 1295
f 1296 1289 1288
f 1289 132 131
f 1298 1289 1297
f 132 1289 1298
f 1297 1289 1296
f 1298 1299 132
f 1299 129 132
f 1300 129 1299
f 1254 129 1300
f 1301 1298 1297
f 1301 1302 1298
f 1299 1298 1302
f 1301 1303 1302
f 1303 1299 1302
f 1304 1300 1299
f 1303 1304 1299
f 1304 1305 1300
f 1306 1300 1305
f 1306 1254 1300
f 1306 1255 1254
f 1244 1307 138
f 1307 135 138
f 1285 135 1308
f 1309 135 1307
f 1308 135 1309
f 1308 1277 1285
f 1277 1308 1310
f 1310 1278 1277
f 1255 1311 1244
f 1307 1244 1311
f 1255 1312 1311
f 1312 1307 1311
f 1313 1309 1307
f 1312 1313 1307
f 1313 1314 1309
f 1315 1309 1314
f 1315 1308 1309
f 1315 1310 1308
f 144 1316 143
f 1317 140 142
f 1317 145 140
f 1318 145 1317
f 1319 145 1318
f 1320 145 1319
f 1320 144 145
f 1316 144 1321
f 1321 144 1320
f 1267 143 1316
f 1269 1316 1321
f 1269 1268 1316
f 1267 1316 1268
f 1322 1317 142
f 1322 1323 1317
f 1323 148 1317
f 148 1318 1317
f 148 151 1318
f 151 1324 1318
f 1324 1325 1318
f 1325 1319 1318
f 1324 1326 1325
f 1326 1319 1325
f 1326 1327 1319
f 1320 1319 1327
f 1327 1328 1320
f 1328 1329 1320
f 1329 1321 1320
f 1329 1330 1321
f 1330 1269 1321
f 236 1331 149
f 1331 1332 149
f 1332 150 149
f 1331 239 1332
f 239 150 1332
f 239 1333 150
f 1333 151 150
f 1333 1324 151
f 235 1334 236
f 1334 1335 236
f 236 1335 1331
f 238 1331 1335
f 239 1331 238
f 1333 239 243
f 1336 1333 243
f 1336 1324 1333
f 1336 1326 1324
f 176 1337 156
f 1337 157 156
f 158 157 1337
f 1337 1338 158
f 1338 1128 158
f 154 159 1127
f 1127 1339 154
f 1339 1157 154
f 1157 153 154
f 1340 1337 176
f 175 1340 176
f 1340 1341 1337
f 1341 1338 1337
f 1128 1338 1341
f 1342 1128 1341
f 1342 1129 1128
f 1126 1339 1127
f 1125 1339 1126
f 1343 1339 1125
f 1343 1344 1339
f 1344 1157 1339
f 1344 1145 1157
f 1348 1345 1347
f 1349 1345 1348
f 1350 1345 1349
f 1350 1346 1345
f 1349 1351 1350
f 1351 1346 1350
f 1351 1352 1346
f 1355 1354 1347
f 1354 1356 1347
f 1356 1348 1347
f 1356 1349 1348
f 1358 1359 160
f 1359 1360 160
f 1360 1361 160
f 1363 1358 1362
f 1363 1364 1358
f 1362 1358 1357
f 1364 1359 1358
f 1364 1365 1359
f 1365 1366 1359
f 1366 1367 1359
f 1367 1360 1359
f 1367 1361 1360
f 1367 1368 1361
f 1371 163 1370
f 168 1372 163
f 1373 163 1372
f 1373 1370 163
f 162 163 1371
f 1371 1374 162
f 1374 1375 162
f 1375 164 162
f 1375 165 164
f 1376 165 181
f 1376 166 165
f 1375 179 165
f 181 165 179
f 167 166 1376
f 1378 1377 167
f 1377 168 167
f 1376 1379 167
f 1379 1378 167
f 1372 168 1380
f 1377 1381 168
f 1380 168 1381
f 1380 1373 1372
f 1383 1382 1371
f 1370 1383 1371
f 1382 1384 1371
f 1384 1374 1371
f 1023 1373 1380
f 1024 1370 1373
f 1023 1024 1373
f 1384 1385 1374
f 1385 1386 1374
f 1386 1375 1374
f 1386 1387 1375
f 179 1375 1387
f 1387 1388 179
f 1388 178 179
f 1389 1376 181
f 180 1390 181
f 1390 1389 181
f 1391 1376 1389
f 1391 1379 1376
f 1378 1379 1391
f 1365 1378 1391
f 1364 1392 1378
f 1392 1377 1378
f 1365 1364 1378
f 1381 1377 1393
f 1392 1394 1377
f 1393 1377 1394
f 1393 1380 1381
f 1395 1380 1393
f 1023 1380 1395
f 1396 1370 1024
f 1396 1383 1370
f 1382 1385 1384
f 1156 173 172
f 1397 173 1156
f 173 1397 1398
f 1399 173 1398
f 1399 174 173
f 175 174 1399
f 1399 1400 175
f 1400 1401 175
f 1401 1340 175
f 1156 1155 1397
f 1155 1402 1397
f 1402 1403 1397
f 1403 1398 1397
f 1404 1399 1398
f 1403 1405 1398
f 1405 1404 1398
f 1404 1406 1399
f 1406 1400 1399
f 1401 1400 1406
f 1408 1407 1401
f 1407 1340 1401
f 1406 1409 1401
f 1409 1408 1401
f 1407 1341 1340
f 1388 1410 178
f 1411 178 1410
f 178 1411 182
f 1412 180 182
f 1411 1413 182
f 1413 194 182
f 194 1414 182
f 1414 1412 182
f 1415 180 1412
f 1415 1390 180
f 1416 1389 1415
f 1389 1390 1415
f 1386 1417 1387
f 1417 1418 1387
f 1418 1410 1387
f 1410 1388 1387
f 1418 1419 1410
f 1419 1420 1410
f 1411 1410 1420
f 1420 1421 1411
f 1421 193 1411
f 193 1413 1411
f 193 194 1413
f 195 1422 194
f 1422 1414 194
f 1412 1414 1422
f 1423 1412 1422
f 1424 1415 1412
f 1423 1424 1412
f 1424 1416 1415
f 1424 1425 1416
f 1425 1426 1416
f 1426 1427 1416
f 1389 1416 1427
f 1427 1391 1389
f 1417 1419 1418
f 1367 1426 1368
f 1426 1430 1368
f 1430 1428 1368
f 1428 1369 1368
f 1430 1431 1428
f 1431 1432 1428
f 1428 1432 1429
f 1432 1433 1429
f 1433 199 1429
f 1426 1431 1430
f 1435 185 1434
f 1435 1436 185
f 184 185 1436
f 186 1437 185
f 1434 185 1437
f 1436 1438 184
f 1438 1439 184
f 1439 1440 184
f 1440 188 184
f 1440 189 188
f 1441 189 1440
f 189 1441 1442
f 1443 189 1442
f 1443 190 189
f 187 190 1443
f 1445 1444 187
f 1444 186 187
f 1443 1446 187
f 1446 1445 187
f 1437 186 1447
f 1444 1448 186
f 1447 186 1448
f 1447 1434 1437
f 1450 1436 1449
f 1450 1451 1436
f 1438 1436 1451
f 1449 1436 1435
f 1452 1434 1447
f 1453 1449 1434
f 1449 1435 1434
f 1453 1434 1452
f 1451 1454 1438
f 1454 1455 1438
f 1455 1439 1438
f 1439 1456 1440
f 1441 1440 1456
f 1455 1457 1439
f 1457 1456 1439
f 1456 1458 1441
f 1458 1459 1441
f 1459 1442 1441
f 1460 1443 1442
f 1459 1461 1442
f 1461 1462 1442
f 1462 1460 1442
f 1463 1443 1460
f 1463 1446 1443
f 1445 1446 1463
f 1465 1464 1445
f 1464 1444 1445
f 1463 1466 1445
f 1466 1465 1445
f 1448 1444 1467
f 1464 1468 1444
f 1467 1444 1468
f 1467 1447 1448
f 1469 1447 1467
f 1452 1447 1469
f 1421 1470 193
f 192 193 1470
f 1470 1471 192
f 1471 1472 192
f 1472 1473 192
f 1473 196 192
f 1473 197 196
f 1473 1474 197
f 1474 1475 197
f 1475 198 197
f 1475 1476 198
f 1476 1477 198
f 1477 195 198
f 1478 1422 195
f 1477 1478 195
f 1470 1421 1420
f 1479 1470 1420
f 1479 1480 1470
f 1471 1470 1480
f 1480 1465 1471
f 1465 1481 1471
f 1481 1482 1471
f 1482 1472 1471
f 1482 1473 1472
f 1483 1473 1482
f 1474 1473 1483
f 1484 1474 1483
f 1485 1474 1484
f 1485 1475 1474
f 1486 1476 1475
f 1487 1475 1485
f 1487 1486 1475
f 1486 1477 1476
f 1486 1488 1477
f 1488 1489 1477
f 1489 1478 1477
f 1422 1478 1423
f 1491 1490 1478
f 1423 1478 1490
f 1489 1491 1478
f 1433 1492 199
f 1493 199 1492
f 1492 1433 1432
f 1492 1495 1493
f 1495 1496 1493
f 1496 1497 1493
f 1497 1494 1493
f 1499 1492 1432
f 1499 1491 1492
f 1491 1495 1492
f 1500 201 202
f 1500 1501 201
f 1502 201 1501
f 201 1502 205
f 1503 203 205
f 1502 1504 205
f 1504 1505 205
f 1505 1503 205
f 1503 1506 203
f 1506 1507 203
f 204 203 1507
f 1508 1507 1506
f 1508 204 1507
f 1509 202 204
f 1508 1510 204
f 1510 1509 204
f 1512 1509 1511
f 1512 1513 1509
f 1513 202 1509
f 1510 1514 1509
f 1511 1509 1514
f 1513 1515 202
f 1515 1500 202
f 1501 1500 1515
f 1501 1516 1502
f 1516 1517 1502
f 1517 1504 1502
f 1517 1518 1504
f 1518 1519 1504
f 1519 1520 1504
f 1520 1505 1504
f 1519 1521 1520
f 1521 1505 1520
f 1521 1522 1505
f 1522 1523 1505
f 1523 1503 1505
f 1524 1506 1503
f 1523 1524 1503
f 1524 1525 1506
f 1508 1506 1525
f 1524 1526 1525
f 1526 1527 1525
f 1527 1528 1525
f 1528 1508 1525
f 1528 1529 1508
f 1529 1510 1508
f 1514 1510 1530
f 1529 1531 1510
f 1530 1510 1531
f 1530 1511 1514
f 1533 1513 1532
f 1533 1534 1513
f 1532 1513 1512
f 1534 1515 1513
f 1534 1535 1515
f 1535 1536 1515
f 1536 1501 1515
f 1511 1532 1512
f 1536 1537 1501
f 1516 1501 1537
f 1535 1537 1536
f 1539 206 1538
f 1539 1540 206
f 1540 207 206
f 1540 1541 207
f 1541 1542 207
f 1542 1543 207
f 1543 208 207
f 1546 1540 1545
f 1546 1547 1540
f 1545 1540 1539
f 1547 1541 1540
f 1548 1545 1538
f 1545 1539 1538
f 1547 1527 1541
f 1527 1549 1541
f 1549 1550 1541
f 1550 1542 1541
f 1550 1543 1542
f 1551 1543 1550
f 1543 1551 1544
f 1551 1552 1544
f 1553 211 213
f 1554 210 211
f 1554 1555 210
f 1556 210 1555
f 210 1556 214
f 1557 212 214
f 1556 1558 214
f 1558 1559 214
f 1559 1560 214
f 1560 1557 214
f 1561 212 1557
f 1561 1562 212
f 213 212 1562
f 1561 1563 1562
f 1563 213 1562
f 1563 1564 213
f 1553 213 1564
f 1566 1553 1565
f 1566 1567 1553
f 211 1553 1567
f 1564 1568 1553
f 1565 1553 1568
f 1567 1569 211
f 1569 1554 211
f 1555 1554 1569
f 1555 1570 1556
f 1570 1571 1556
f 1571 1572 1556
f 1572 1558 1556
f 1572 1559 1558
f 1572 1573 1559
f 1573 1574 1559
f 1574 1575 1559
f 1575 1560 1559
f 1557 1560 1575
f 1576 1561 1557
f 1575 1577 1557
f 1577 1576 1557
f 1578 1561 1576
f 1578 1579 1561
f 1563 1561 1579
f 1578 1580 1579
f 1580 1563 1579
f 1580 1581 1563
f 1564 1563 1581
f 1568 1564 1582
f 1581 1583 1564
f 1582 1564 1583
f 1582 1565 1568
f 1585 1567 1584
f 1585 1586 1567
f 1569 1567 1586
f 1584 1567 1566
f 1586 1587 1569
f 1587 1588 1569
f 1588 1555 1569
f 1565 1584 1566
f 1588 1589 1555
f 1570 1555 1589
f 1587 1589 1588
f 1591 1590 217
f 1590 216 217
f 218 1592 217
f 1592 1591 217
f 1590 345 216
f 347 229 220
f 229 221 220
f 229 230 221
f 230 1593 221
f 1593 219 221
f 1594 218 219
f 1593 1595 219
f 1595 1594 219
f 1594 1596 218
f 1596 1592 218
f 1598 1592 1597
f 1598 1591 1592
f 1596 1599 1592
f 1597 1592 1599
f 1600 1591 1598
f 1597 1600 1598
f 1602 1590 1601
f 1602 1603 1590
f 1603 345 1590
f 1591 1601 1590
f 1603 1604 345
f 1604 344 345
f 346 1605 347
f 1605 1606 347
f 1606 229 347
f 229 1606 228
f 231 1607 230
f 1593 230 1607
f 1607 1608 1593
f 1608 1609 1593
f 1609 1595 1593
f 1609 1610 1595
f 1610 1021 1595
f 1594 1595 1021
f 1021 1611 1594
f 1611 1596 1594
f 1599 1596 1612
f 1611 1613 1596
f 1612 1596 1613
f 1612 1597 1599
f 1601 1591 1600
f 1615 222 1614
f 1615 1616 222
f 1616 225 222
f 1614 222 223
f 1616 1617 225
f 1617 1618 225
f 225 1618 226
f 1619 224 226
f 1618 1620 226
f 1620 1621 226
f 1621 1619 226
f 1622 224 1619
f 1622 1623 224
f 223 224 1623
f 1622 1624 1623
f 1624 223 1623
f 1624 1625 223
f 1625 1614 223
f 1626 1614 1625
f 1628 1627 1614
f 1627 1615 1614
f 1628 1614 1626
f 1627 1616 1615
f 1629 1616 1627
f 1629 1630 1616
f 1630 1617 1616
f 1617 1631 1618
f 1631 1632 1618
f 1632 1620 1618
f 1632 1633 1620
f 1633 1634 1620
f 1634 1635 1620
f 1635 1621 1620
f 1634 1636 1635
f 1636 1621 1635
f 1636 1637 1621
f 1637 1638 1621
f 1638 1619 1621
f 1639 1622 1619
f 1638 1639 1619
f 1640 1622 1639
f 1640 1641 1622
f 1624 1622 1641
f 1640 1642 1641
f 1642 1624 1641
f 1642 1643 1624
f 1643 1625 1624
f 1643 1644 1625
f 1644 1626 1625
f 1646 1645 1627
f 1645 1629 1627
f 1646 1627 1628
f 1645 1630 1629
f 1630 1647 1617
f 1647 1631 1617
f 1652 1654 1649
f 1654 1655 1649
f 1655 1648 1649
f 1655 1656 1648
f 1656 1650 1648
f 1654 1656 1655
f 1606 1657 228
f 1657 232 228
f 1657 1658 232
f 1659 231 232
f 1659 1660 231
f 1660 1607 231
f 1605 1661 1606
f 1661 1657 1606
f 1662 1661 1605
f 1662 1657 1661
f 1662 1663 1657
f 1663 1658 1657
f 1605 349 1662
f 1660 1664 1607
f 1664 1608 1607
f 1665 1664 1660
f 1609 1608 1664
f 346 352 1605
f 352 349 1605
f 1666 310 234
f 310 235 234
f 310 312 235
f 312 1667 235
f 1667 1334 235
f 1667 1335 1334
f 1666 308 310
f 311 1669 312
f 1669 1667 312
f 1669 1670 1667
f 1670 1335 1667
f 1670 1671 1335
f 238 1335 1671
f 308 1666 1668
f 1671 1672 238
f 1672 240 238
f 1672 241 240
f 1672 1673 241
f 1673 1674 241
f 299 241 1674
f 299 242 241
f 299 300 242
f 300 1675 242
f 243 242 1675
f 300 1676 1675
f 1676 243 1675
f 1676 1336 243
f 1670 1677 1671
f 1677 1678 1671
f 1678 1672 1671
f 1678 1673 1672
f 1679 1673 1678
f 1680 1673 1679
f 1674 1673 1680
f 300 1681 1676
f 1680 1682 1674
f 1682 1683 1674
f 1683 302 1674
f 302 299 1674
f 1681 300 301
f 1684 1676 1681
f 1684 1336 1676
f 1684 1326 1336
f 1017 1685 245
f 1685 1686 245
f 247 245 1686
f 1686 1687 247
f 1687 1688 247
f 1688 248 247
f 249 315 250
f 315 1689 250
f 1690 250 1689
f 1690 246 250
f 1691 248 1688
f 1691 1692 248
f 1692 249 248
f 1692 316 249
f 315 249 316
f 1694 1693 1017
f 1693 1685 1017
f 1018 1694 1017
f 1685 270 1686
f 270 1695 1686
f 1695 1687 1686
f 1690 1018 246
f 1695 1696 1687
f 1697 1687 1696
f 1688 1687 1697
f 1697 1698 1688
f 1698 1691 1688
f 1699 1018 1690
f 313 1689 315
f 313 1700 1689
f 1701 1689 1700
f 1701 1690 1689
f 1701 1699 1690
f 1698 1702 1691
f 1702 1703 1691
f 1692 1691 1703
f 1704 1692 1703
f 316 1692 1704
f 1704 317 316
f 1705 1694 1018
f 1699 1705 1018
f 271 1685 1693
f 270 1685 271
f 479 1706 255
f 1706 256 255
f 257 1707 254
f 1706 1708 256
f 1708 1709 256
f 1709 257 256
f 1709 1710 257
f 1710 1707 257
f 478 1711 479
f 1711 1712 479
f 1712 1706 479
f 1712 1713 1706
f 1713 1708 1706
f 1710 1715 1707
f 1716 1707 1715
f 1716 1714 1707
f 1717 1708 1713
f 1708 1717 1718
f 1709 1708 1718
f 1709 1718 260
f 1710 1709 260
f 258 1710 260
f 258 1715 1710
f 258 1716 1715
f 1719 1716 258
f 263 1719 258
f 1718 261 260
f 264 1720 263
f 1721 262 283
f 1721 264 262
f 1722 264 1721
f 1722 1720 264
f 1720 1723 263
f 1723 1719 263
f 1716 1719 1724
f 1725 1724 1719
f 1723 1725 1719
f 1724 1714 1716
f 1717 279 1718
f 279 278 1718
f 278 261 1718
f 1726 1723 1720
f 1727 1720 1722
f 1727 1726 1720
f 282 1728 283
f 286 1721 283
f 283 1728 286
f 284 1722 1721
f 1721 286 284
f 284 1729 1722
f 1729 1727 1722
f 1726 1730 1723
f 1730 1725 1723
f 281 1728 282
f 1731 275 266
f 275 405 266
f 268 266 405
f 1731 266 267
f 408 269 268
f 1732 267 271
f 1695 270 269
f 408 1733 269
f 1733 1695 269
f 1693 1732 271
f 275 276 405
f 276 404 405
f 1734 1731 267
f 1732 1734 267
f 407 385 408
f 385 1733 408
f 1735 1734 1732
f 1736 1693 1694
f 1736 1732 1693
f 1736 1735 1732
f 1696 1695 1733
f 385 389 1733
f 389 1696 1733
f 1738 1737 1734
f 1737 1731 1734
f 1735 1738 1734
f 1737 272 1731
f 272 275 1731
f 1737 288 272
f 288 274 272
f 1739 273 274
f 1739 1740 273
f 1740 1741 273
f 1741 276 273
f 1741 1742 276
f 1742 404 276
f 288 1737 289
f 1738 289 1737
f 287 274 288
f 287 1743 274
f 1743 1739 274
f 1740 1739 1743
f 1740 401 1741
f 401 1744 1741
f 1744 1742 1741
f 1744 1745 1742
f 1745 1746 1742
f 1746 404 1742
f 1746 406 404
f 286 1728 287
f 1728 1743 287
f 1728 1747 1743
f 1747 400 1743
f 400 1740 1743
f 400 401 1740
f 1747 398 400
f 1748 279 1717
f 1748 280 279
f 1748 1749 280
f 1749 1750 280
f 1750 281 280
f 1750 1747 281
f 1728 281 1747
f 1751 1748 1717
f 1751 1752 1748
f 1752 1749 1748
f 1713 1751 1717
f 1752 1753 1749
f 1753 1754 1749
f 1749 1754 1750
f 1754 398 1750
f 1747 1750 398
f 290 1729 284
f 1738 1755 289
f 290 289 1755
f 1755 294 290
f 294 1729 290
f 292 1729 294
f 292 1727 1729
f 1738 1756 1755
f 1756 1757 1755
f 294 1755 1757
f 1735 1756 1738
f 1756 296 1757
f 296 294 1757
f 292 293 1758
f 295 1759 293
f 1760 293 1759
f 1760 1758 293
f 1727 292 1758
f 1756 1761 296
f 1761 297 296
f 1761 1762 297
f 1014 297 1762
f 1014 295 297
f 1013 1759 295
f 1014 1013 295
f 1013 1763 1759
f 1764 1759 1763
f 1764 1760 1759
f 1766 1765 1760
f 1764 1766 1760
f 1765 1758 1760
f 1726 1758 1765
f 1726 1727 1758
f 1767 1756 1735
f 1761 1756 1767
f 1768 1761 1767
f 1768 1762 1761
f 1768 1769 1762
f 1769 1015 1762
f 1014 1762 1015
f 1011 1763 1013
f 1683 1770 302
f 1770 303 302
f 1770 328 303
f 328 329 303
f 329 304 303
f 329 305 304
f 329 1771 305
f 1772 305 1771
f 1772 301 305
f 1773 1681 301
f 1772 1773 301
f 1773 1774 1681
f 1684 1681 1774
f 1682 1770 1683
f 1775 1770 1682
f 1776 1770 1775
f 1776 328 1770
f 331 328 1776
f 1771 329 330
f 1777 1771 330
f 1777 1778 1771
f 1772 1771 1778
f 1777 1779 1778
f 1779 1772 1778
f 1779 1780 1772
f 1780 1773 1772
f 1774 1773 1781
f 1782 1773 1780
f 1782 1781 1773
f 1781 1684 1774
f 1783 308 1668
f 1783 307 308
f 1784 307 1783
f 1784 1011 307
f 309 307 1011
f 1016 1785 309
f 1785 311 309
f 1016 1786 1785
f 1786 311 1785
f 1786 1669 311
f 1787 1784 1783
f 1788 1011 1784
f 1788 1763 1011
f 1787 1789 1784
f 1789 1788 1784
f 1015 1790 1016
f 1790 1786 1016
f 1790 1791 1786
f 1786 1791 1792
f 1669 1786 1792
f 1670 1669 1792
f 1763 1788 1789
f 1700 313 1793
f 1793 313 319
f 318 1794 319
f 1795 317 1704
f 1795 1796 317
f 1796 318 317
f 1796 1797 318
f 1794 318 1797
f 1794 1798 319
f 1798 1793 319
f 1799 1700 1793
f 1800 1700 1799
f 1800 1701 1700
f 1801 1799 1793
f 1798 1801 1793
f 1703 1802 1704
f 1802 1795 1704
f 1794 1797 322
f 1803 1794 322
f 1803 1798 1794
f 1802 1804 1795
f 1804 1805 1795
f 1796 1795 1805
f 1806 1796 1805
f 1797 1796 1806
f 1806 323 1797
f 323 322 1797
f 1807 1798 1803
f 1807 1801 1798
f 1809 320 1808
f 1809 1803 320
f 322 320 1803
f 1810 320 326
f 1810 1808 320
f 1812 324 1811
f 1812 1813 324
f 324 323 1811
f 325 324 1813
f 1813 371 325
f 371 1814 325
f 1814 326 325
f 1815 1810 326
f 1814 1815 326
f 1807 1803 1809
f 1808 1810 1776
f 1815 1816 1810
f 1776 1810 1816
f 1775 1807 1808
f 1807 1809 1808
f 1776 1775 1808
f 1806 1811 323
f 1805 1817 1806
f 1817 1811 1806
f 1818 1811 1817
f 1818 1812 1811
f 1818 1819 1812
f 1819 1820 1812
f 1820 1813 1812
f 1820 372 1813
f 372 371 1813
f 1814 371 370
f 368 1814 370
f 368 1821 1814
f 1815 1814 1821
f 1816 1815 331
f 1821 332 1815
f 332 331 1815
f 331 1776 1816
f 1821 1822 332
f 1822 333 332
f 1822 334 333
f 1822 1823 334
f 1824 334 1823
f 1824 330 334
f 1824 1777 330
f 1822 1821 361
f 361 1821 368
f 362 1822 361
f 362 1823 1822
f 362 1825 1823
f 1825 1826 1823
f 1824 1823 1826
f 1825 1827 1826
f 1827 1824 1826
f 1827 1828 1824
f 1828 1777 1824
f 1829 1777 1828
f 1829 1779 1777
f 337 342 1830
f 1831 339 338
f 1831 1832 339
f 1832 1604 339
f 1604 340 339
f 1604 341 340
f 1604 1603 341
f 1833 341 1603
f 1833 342 341
f 1833 1834 342
f 1834 1830 342
f 1836 1830 1835
f 1836 1837 1830
f 337 1830 1837
f 1838 1830 1834
f 1838 1835 1830
f 1837 1839 337
f 1839 336 337
f 336 1840 338
f 1840 1841 338
f 1841 1831 338
f 1839 1842 336
f 1842 1840 336
f 1843 1831 1841
f 1843 1844 1831
f 1844 1832 1831
f 1845 1832 1844
f 344 1832 1845
f 344 1604 1832
f 1833 1603 1602
f 1601 1833 1602
f 1601 1846 1833
f 1846 1834 1833
f 1846 1847 1834
f 1847 1838 1834
f 1295 1837 1296
f 1295 1839 1837
f 1296 1837 1836
f 1294 1839 1295
f 1294 1842 1839
f 1835 1296 1836
f 1848 1842 1294
f 1848 1849 1842
f 1849 1850 1842
f 1840 1842 1850
f 1850 1851 1840
f 1851 1841 1840
f 1851 1852 1841
f 1852 1843 1841
f 346 344 1845
f 1845 352 346
f 1844 1853 1845
f 1853 352 1845
f 1853 351 352
f 351 1854 348
f 1854 1855 348
f 1855 1856 348
f 348 1856 350
f 350 1662 349
f 1853 1857 351
f 1857 1854 351
f 1844 1858 1853
f 1858 1857 1853
f 1857 1859 1854
f 1859 1860 1854
f 1860 1855 1854
f 1858 1861 1857
f 1861 1859 1857
f 1863 1855 1862
f 1863 1856 1855
f 1855 1860 1862
f 1863 1864 1856
f 1864 1865 1856
f 1865 350 1856
f 1865 1663 350
f 1663 1662 350
f 1866 1007 353
f 359 1866 353
f 1008 1867 355
f 1868 355 1867
f 356 355 1868
f 1868 1869 356
f 1869 1870 356
f 1870 357 356
f 1870 1871 357
f 1871 1872 357
f 1872 358 357
f 1872 1873 358
f 1873 1874 358
f 1874 359 358
f 1874 1875 359
f 1875 1866 359
f 1877 1876 1007
f 1876 1008 1007
f 1866 1878 1007
f 1878 1877 1007
f 1876 1879 1008
f 1879 1867 1008
f 1880 1878 1866
f 1875 1880 1866
f 1867 1881 1868
f 1881 1882 1868
f 1882 1869 1868
f 1882 1883 1869
f 1883 1884 1869
f 1884 1870 1869
f 1884 1885 1870
f 1885 1871 1870
f 1886 1871 1885
f 1886 1887 1871
f 1887 1872 1871
f 1887 1888 1872
f 1888 1873 1872
f 1888 1889 1873
f 1889 1890 1873
f 1890 1874 1873
f 1890 1891 1874
f 1891 1875 1874
f 1891 1892 1875
f 1892 1880 1875
f 1879 1893 1867
f 1893 1881 1867
f 367 1825 362
f 368 363 361
f 363 374 364
f 374 1876 364
f 1876 1877 364
f 1877 365 364
f 1877 366 365
f 1877 1894 366
f 1895 366 1894
f 1895 367 366
f 1895 1896 367
f 1896 1825 367
f 1897 1825 1896
f 1897 1827 1825
f 375 363 368
f 374 363 375
f 373 1879 374
f 1879 1876 374
f 1878 1894 1877
f 1878 1898 1894
f 1898 1899 1894
f 1895 1894 1899
f 1899 1900 1895
f 1900 1896 1895
f 1901 1897 1896
f 1900 1901 1896
f 1820 1902 372
f 1902 373 372
f 1902 1893 373
f 1893 1879 373
f 1819 1903 1820
f 1903 1902 1820
f 1903 1904 1902
f 1904 1893 1902
f 1904 1881 1893
f 381 1905 382
f 1906 378 382
f 1907 380 379
f 1907 1908 380
f 1908 1909 380
f 1909 381 380
f 1909 1910 381
f 1910 1905 381
f 1905 1911 382
f 1911 1906 382
f 1910 1912 1905
f 1912 1913 1905
f 1913 1911 1905
f 1913 1914 1911
f 1915 1911 1914
f 1915 1906 1911
f 1916 429 1906
f 429 378 1906
f 1915 1916 1906
f 377 1917 379
f 1917 1918 379
f 1918 1907 379
f 428 1919 377
f 1919 1917 377
f 1920 1907 1918
f 1920 1921 1907
f 1921 1908 1907
f 1922 1908 1921
f 1908 1922 1923
f 1909 1908 1923
f 1909 1923 1924
f 1910 1909 1924
f 1925 1910 1924
f 1925 1912 1910
f 435 434 429
f 434 428 429
f 435 429 1916
f 434 1926 428
f 1926 1919 428
f 1926 1927 1919
f 1927 1928 1919
f 1917 1919 1928
f 1928 1929 1917
f 1929 1918 1917
f 1929 1930 1918
f 1930 1920 1918
f 388 1931 389
f 1931 1696 389
f 416 387 1932
f 416 414 387
f 414 388 387
f 387 386 1932
f 1933 388 414
f 1931 388 1933
f 1696 1931 1697
f 1934 1931 1933
f 1697 1931 1934
f 407 384 385
f 384 1935 386
f 1935 1936 386
f 1936 1932 386
f 407 1937 384
f 1937 1935 384
f 1939 1938 1936
f 1939 1940 1938
f 1940 1932 1938
f 1940 416 1932
f 1932 1936 1938
f 417 416 1940
f 1933 414 420
f 420 1941 1933
f 1941 1934 1933
f 406 1937 407
f 406 1942 1937
f 1942 1943 1937
f 1943 1935 1937
f 1943 1944 1935
f 1944 1936 1935
f 1944 1945 1936
f 1945 1939 1936
f 394 409 390
f 409 1946 390
f 1947 390 1946
f 1947 392 390
f 489 391 393
f 489 395 391
f 411 395 492
f 411 394 395
f 1754 1946 409
f 399 1754 409
f 1754 1753 1946
f 1753 1752 1946
f 1752 1947 1946
f 1949 1948 1947
f 1948 1950 1947
f 1950 392 1947
f 1752 1949 1947
f 1950 1951 392
f 1951 393 392
f 1951 527 393
f 491 1952 492
f 1952 1953 492
f 1953 411 492
f 1953 1954 411
f 1954 412 411
f 1955 1951 1950
f 1948 1956 1950
f 1956 1955 1950
f 1957 527 1951
f 1955 1957 1951
f 1949 1956 1948
f 1958 526 527
f 1957 1958 527
f 413 397 399
f 413 402 397
f 413 1959 402
f 1959 1960 402
f 1960 1744 402
f 1744 401 402
f 1754 399 398
f 412 1959 413
f 412 1961 1959
f 1961 1962 1959
f 1962 1960 1959
f 1962 1963 1960
f 1963 1745 1960
f 1745 1744 1960
f 1954 1961 412
f 1746 1942 406
f 1745 1964 1746
f 1964 1942 1746
f 1965 1942 1964
f 1943 1942 1965
f 1953 1961 1954
f 1952 1966 1953
f 1966 1961 1953
f 1966 1967 1961
f 1967 1962 1961
f 1940 1968 417
f 1968 1969 417
f 1969 418 417
f 1969 422 418
f 422 423 418
f 423 419 418
f 423 1970 419
f 1970 1971 419
f 1971 420 419
f 1971 1941 420
f 1939 1972 1940
f 1972 1968 1940
f 1972 1973 1968
f 1973 1974 1968
f 1974 1969 1968
f 1975 1969 1974
f 1975 422 1969
f 1970 1976 1971
f 1977 1971 1976
f 1977 1941 1971
f 1977 1978 1941
f 1934 1941 1978
f 424 422 1975
f 427 1970 423
f 1979 1970 427
f 1976 1970 1979
f 1975 1980 424
f 1980 1981 424
f 1981 425 424
f 1981 431 425
f 431 432 425
f 432 426 425
f 432 1982 426
f 1982 1983 426
f 1983 427 426
f 1983 1979 427
f 1974 1984 1975
f 1980 1975 1984
f 1984 1985 1980
f 1985 1986 1980
f 1986 1981 1980
f 1986 1987 1981
f 1987 431 1981
f 1982 1988 1983
f 1988 1989 1983
f 1979 1983 1989
f 433 431 1987
f 436 1982 432
f 436 1990 1982
f 1990 1988 1982
f 1989 1991 1979
f 1991 1976 1979
f 1992 435 1916
f 1992 436 435
f 433 1926 434
f 433 1993 1926
f 1993 1927 1926
f 1915 1994 1916
f 1994 1992 1916
f 1987 1993 433
f 1987 1995 1993
f 1992 1990 436
f 1987 1986 1995
f 1996 1993 1995
f 1996 1927 1993
f 1990 1992 1997
f 1997 1992 1994
f 1998 1990 1997
f 1998 1988 1990
f 1999 439 440
f 2000 438 439
f 2000 2001 438
f 2001 442 438
f 2001 2002 442
f 2002 2003 442
f 2004 442 2003
f 2004 441 442
f 2004 2005 441
f 2005 2006 441
f 440 441 2006
f 2006 2007 440
f 2007 1999 440
f 2005 2008 2006
f 2008 2009 2006
f 2007 2006 2009
f 2010 1999 2007
f 2012 2011 1999
f 2011 439 1999
f 2010 2012 1999
f 2011 2013 439
f 2013 2000 439
f 2013 2014 2000
f 2014 2015 2000
f 2015 2001 2000
f 2015 2016 2001
f 2016 2017 2001
f 2017 2002 2001
f 2018 2002 2017
f 2019 2002 2018
f 2003 2002 2019
f 2019 2020 2003
f 2020 2021 2003
f 2021 2004 2003
f 2005 2004 2022
f 2022 2004 2021
f 2023 2005 2022
f 2023 2008 2005
f 2008 2024 2009
f 2024 2007 2009
f 2024 2025 2007
f 2025 2010 2007
f 2027 2011 2026
f 2027 2013 2011
f 2026 2011 2012
f 2027 2028 2013
f 2028 2014 2013
f 2014 2016 2015
f 2028 2029 2014
f 2029 2030 2014
f 2030 2016 2014
f 2031 2032 443
f 2032 2033 443
f 2033 444 443
f 2033 2035 444
f 2035 2034 444
f 2037 2031 2036
f 2037 2032 2031
f 2035 2039 2034
f 2039 2038 2034
f 2040 2035 2033
f 2032 2041 2033
f 2040 2033 2041
f 2042 2035 2040
f 2042 2039 2035
f 2037 2043 2032
f 2043 2044 2032
f 2041 2032 2044
f 447 449 2046
f 446 2047 448
f 2047 2048 448
f 2048 2049 448
f 2049 450 448
f 449 451 2050
f 2051 449 2050
f 2051 2046 449
f 455 452 451
f 452 2050 451
f 452 2051 2050
f 455 451 450
f 2049 2052 450
f 2052 455 450
f 2053 2042 447
f 2042 446 447
f 2046 2053 447
f 2042 2040 446
f 2040 2047 446
f 2055 2054 2046
f 2054 2053 2046
f 2051 2055 2046
f 2054 2056 2053
f 2056 2039 2053
f 2039 2042 2053
f 2047 2057 2048
f 2040 2041 2047
f 2041 2057 2047
f 2057 2058 2048
f 2058 2059 2048
f 2059 2060 2048
f 2060 2049 2048
f 2060 2061 2049
f 2061 2052 2049
f 2052 2062 455
f 2062 454 455
f 2063 2051 452
f 453 2063 452
f 2064 2055 2051
f 2063 2064 2051
f 2061 2065 2052
f 2065 2062 2052
f 1002 2063 453
f 454 2066 453
f 2066 1004 453
f 2062 2067 454
f 2067 2066 454
f 2068 2064 2063
f 1002 2068 2063
f 2065 2069 2062
f 2069 2067 2062
f 2067 2070 2066
f 2070 2071 2066
f 2071 1004 2066
f 2071 459 1004
f 459 1003 1004
f 2072 2068 1002
f 1003 2072 1002
f 2069 2073 2067
f 2073 2070 2067
f 1003 459 456
f 2075 2074 456
f 2074 1003 456
f 457 2075 456
f 2071 2076 459
f 2076 458 459
f 2077 2075 457
f 458 472 457
f 472 473 457
f 473 2077 457
f 2076 2078 458
f 2078 472 458
f 474 472 2078
f 2079 474 2078
f 2081 2080 2075
f 2080 2074 2075
f 2077 2081 2075
f 2072 1003 2074
f 2082 2074 2080
f 2072 2074 2082
f 2070 2083 2071
f 2083 2076 2071
f 2083 2084 2076
f 2084 2078 2076
f 2083 2085 2084
f 2085 2086 2084
f 2079 2078 2084
f 2086 2079 2084
f 2087 473 465
f 2087 2077 473
f 2088 2081 2077
f 2087 2088 2077
f 2086 2089 2079
f 2090 474 2079
f 2089 2090 2079
f 2090 475 474
f 2091 2094 460
f 2095 461 460
f 2094 2095 460
f 2096 2092 461
f 2095 2096 461
f 2097 2098 2091
f 2098 2094 2091
f 2092 2096 2099
f 2099 2100 2092
f 2100 2093 2092
f 2100 1006 2093
f 2098 2101 2094
f 2101 2102 2094
f 2102 2095 2094
f 2103 2096 2095
f 2102 2103 2095
f 2104 2099 2096
f 2103 2104 2096
f 2105 2108 462
f 602 463 462
f 462 2108 602
f 600 2106 463
f 602 600 463
f 2109 2110 2105
f 2110 2108 2105
f 2106 600 2111
f 2112 2106 2111
f 2112 2107 2106
f 2112 2097 2107
f 2110 2113 2108
f 2113 2114 2108
f 2114 602 2108
f 2114 599 602
f 601 2111 600
f 475 2115 467
f 467 2115 469
f 2115 2116 469
f 2116 2117 469
f 2117 470 469
f 468 470 2118
f 2117 2119 470
f 481 470 2119
f 481 2118 470
f 2120 466 468
f 2121 2120 468
f 2118 2121 468
f 2122 2087 466
f 2087 465 466
f 2120 2122 466
f 2088 2087 2122
f 2123 2122 2120
f 2123 2124 2122
f 2124 2088 2122
f 2090 2125 475
f 475 2125 2115
f 2125 2126 2115
f 2126 2116 2115
f 2121 2118 2127
f 482 2118 481
f 482 2127 2118
f 2128 2117 2116
f 2129 2128 2116
f 483 481 2119
f 483 2119 2117
f 2128 483 2117
f 2130 2120 2121
f 2131 2130 2121
f 2127 2131 2121
f 2130 2123 2120
f 2129 2116 2126
f 2089 2132 2090
f 2090 2132 2125
f 2132 2133 2125
f 2133 2126 2125
f 2135 478 2134
f 476 2134 478
f 2135 2136 478
f 2136 1711 478
f 1712 1711 2136
f 2137 1712 2136
f 2138 2139 2134
f 2139 2135 2134
f 2135 2140 2136
f 2137 2136 2140
f 2137 2141 1712
f 2141 1713 1712
f 2139 2142 2135
f 2142 2140 2135
f 2128 2143 483
f 2143 485 483
f 2143 2144 485
f 485 2144 500
f 486 485 500
f 486 500 504
f 526 486 504
f 526 484 486
f 482 484 2145
f 1958 2145 484
f 526 1958 484
f 2145 2127 482
f 2146 2127 2145
f 2146 2131 2127
f 2129 493 2128
f 2128 493 2143
f 493 498 2143
f 2144 2143 498
f 498 2147 2144
f 2147 502 2144
f 502 500 2144
f 2145 1958 2148
f 1957 2148 1958
f 2148 2146 2145
f 2149 490 503
f 491 490 2149
f 2149 2150 491
f 2150 1952 491
f 502 2151 503
f 2151 2152 503
f 2152 2149 503
f 2153 2149 2152
f 2153 2150 2149
f 2153 2154 2150
f 2154 2155 2150
f 2155 1952 2150
f 2155 1966 1952
f 2129 495 493
f 2156 495 2129
f 507 495 2156
f 507 496 495
f 496 510 497
f 499 2147 498
f 2157 497 510
f 497 2157 2158
f 499 497 2158
f 499 2158 2159
f 2147 499 2159
f 2126 2156 2129
f 506 507 2160
f 2156 2160 507
f 2126 2133 2156
f 2133 2160 2156
f 509 2161 510
f 2161 2157 510
f 2147 2159 2151
f 502 2147 2151
f 2161 2162 2157
f 2162 2163 2157
f 2163 2158 2157
f 2163 2164 2158
f 2164 2159 2158
f 2164 2165 2159
f 2165 2151 2159
f 2165 2152 2151
f 2166 2152 2165
f 2166 2153 2152
f 993 506 2160
f 996 2167 508
f 509 508 2167
f 2168 509 2167
f 2168 2161 509
f 2133 2169 2160
f 2169 993 2160
f 2170 993 2169
f 2170 995 993
f 532 996 530
f 2171 996 532
f 2167 996 2171
f 2171 2172 2167
f 2167 2172 2168
f 2173 2168 2172
f 2174 2168 2173
f 2174 2161 2168
f 2162 2161 2174
f 2176 999 2175
f 2176 2177 999
f 2175 999 1001
f 2177 998 999
f 522 2177 2176
f 524 2177 522
f 2178 2177 524
f 998 2177 2178
f 524 2179 2178
f 2179 968 2178
f 968 966 2178
f 966 998 2178
f 1000 998 966
f 2180 2175 1001
f 2181 2180 1001
f 513 2181 1001
f 2175 2180 2182
f 2183 2175 2182
f 2183 2176 2175
f 2184 2176 2183
f 522 2176 2184
f 2179 524 523
f 2184 520 522
f 523 2185 2179
f 2185 2186 2179
f 2186 968 2179
f 969 968 2186
f 1000 966 971
f 971 2187 1000
f 2187 514 1000
f 2184 2183 2188
f 2182 2189 2183
f 2189 2188 2183
f 2190 520 2184
f 2190 2184 2188
f 2190 2191 520
f 2191 519 520
f 521 992 523
f 992 2185 523
f 2181 511 2192
f 2181 513 511
f 2192 511 2193
f 2193 511 516
f 2187 515 514
f 2193 516 529
f 2194 515 2187
f 2195 515 2194
f 2195 517 515
f 531 517 2195
f 2196 2192 2193
f 2197 2196 2193
f 529 2197 2193
f 2199 2192 2198
f 2199 2181 2192
f 2196 2198 2192
f 2199 2180 2181
f 2200 2187 971
f 2187 2200 2194
f 995 529 530
f 995 2197 529
f 2200 2201 2194
f 2201 2202 2194
f 2202 2195 2194
f 2203 531 2195
f 2195 2202 2203
f 2204 531 2203
f 532 531 2204
f 521 519 991
f 2191 2205 519
f 991 519 2205
f 2207 2190 2206
f 2207 2191 2190
f 2206 2190 2188
f 2208 2191 2207
f 2205 2191 2208
f 2205 2209 991
f 2209 987 991
f 2209 2205 2210
f 2208 2210 2205
f 990 2211 992
f 992 2211 2185
f 2211 2212 2185
f 2212 2186 2185
f 2148 1957 2213
f 1955 2213 1957
f 532 2204 2171
f 2197 995 2170
f 2214 2196 2197
f 2170 2214 2197
f 2215 2203 2202
f 2216 2203 2215
f 2204 2203 2216
f 2216 2217 2204
f 2217 2171 2204
f 2217 2172 2171
f 534 535 2218
f 2219 535 537
f 2220 535 2219
f 2220 2218 535
f 2221 542 534
f 536 534 542
f 2221 534 2218
f 545 538 536
f 2222 538 545
f 538 2222 639
f 539 538 639
f 637 537 539
f 637 2223 537
f 2223 2219 537
f 2225 2219 2224
f 2225 2220 2219
f 2223 2224 2219
f 2227 2226 2220
f 2226 2218 2220
f 2225 2227 2220
f 2226 2228 2218
f 2228 2221 2218
f 975 541 542
f 2221 975 542
f 2229 2221 2228
f 2229 975 2221
f 2230 545 544
f 545 2230 2222
f 2231 2223 637
f 641 2231 637
f 2230 2232 2222
f 2233 639 2222
f 2222 2232 2233
f 639 2233 640
f 2231 2234 2223
f 2234 2224 2223
f 541 2235 543
f 975 973 541
f 973 2235 541
f 2235 2236 543
f 2236 2237 543
f 2237 544 543
f 2238 544 2237
f 544 2238 2230
f 974 975 2229
f 2236 2235 2239
f 973 2240 2235
f 2239 2235 2240
f 976 2240 973
f 612 2236 2239
f 614 2236 612
f 2237 2236 614
f 2241 2237 614
f 2241 2238 2237
f 2241 2242 2238
f 2242 2243 2238
f 2243 2230 2238
f 2243 2232 2230
f 2245 2244 549
f 547 2245 549
f 2244 2246 549
f 2246 551 549
f 2246 552 551
f 2246 2247 552
f 2247 2248 552
f 552 2248 611
f 553 552 611
f 550 553 2239
f 612 553 611
f 2239 553 612
f 2249 548 550
f 2239 2240 550
f 2240 2249 550
f 2250 609 548
f 2249 2250 548
f 608 2245 547
f 976 2251 2249
f 2251 2250 2249
f 2240 976 2249
f 2251 609 2250
f 2251 2252 609
f 2253 558 2244
f 2245 2253 2244
f 558 2254 2244
f 2254 2246 2244
f 2254 2247 2246
f 2255 2253 2245
f 608 2255 2245
f 560 2254 558
f 560 2256 2254
f 2254 2256 2247
f 2256 2257 2247
f 2248 2247 2257
f 2257 2258 2248
f 613 611 2248
f 2248 2258 613
f 2252 607 609
f 606 2259 608
f 2259 2255 608
f 2260 555 556
f 2253 2261 556
f 2260 556 2261
f 558 2253 556
f 555 2262 557
f 2260 2263 555
f 2262 555 2263
f 2262 2264 557
f 2264 2265 557
f 2265 559 557
f 2266 559 2265
f 2267 559 2266
f 560 559 2267
f 2267 2256 560
f 2261 2253 2255
f 2269 2268 2261
f 2268 2260 2261
f 2255 2269 2261
f 2270 2260 2268
f 2263 2260 2270
f 2263 565 2262
f 565 567 2262
f 567 2264 2262
f 2271 565 2263
f 2271 2263 2270
f 567 2272 2264
f 2273 2264 2272
f 2265 2264 2273
f 2265 2273 2274
f 2265 2274 2266
f 2267 2266 2275
f 2267 2275 2276
f 2256 2267 2276
f 2274 2277 2266
f 2277 2275 2266
f 2257 2256 2276
f 2271 563 565
f 2271 2278 563
f 2278 2279 563
f 562 563 2279
f 2281 2280 564
f 2282 564 2280
f 2281 564 562
f 566 564 2282
f 566 2282 2283
f 566 2283 2272
f 567 566 2272
f 2279 2284 562
f 2284 2281 562
f 2285 2271 2270
f 2278 2271 2285
f 2287 2278 2286
f 2279 2278 2287
f 2286 2278 2285
f 2288 2284 2279
f 2288 2279 2287
f 2289 2281 2284
f 2290 2281 2289
f 2290 2280 2281
f 2288 2291 2284
f 2289 2284 2291
f 2280 2292 2282
f 2292 2293 2282
f 2293 2283 2282
f 2294 2280 2290
f 2294 2292 2280
f 2293 2295 2283
f 2295 2296 2283
f 2296 2272 2283
f 2296 2273 2272
f 2297 2300 568
f 2300 2301 568
f 569 568 2301
f 2301 2302 569
f 2302 2298 569
f 2303 2304 2297
f 2304 2300 2297
f 2305 2298 2302
f 2305 2306 2298
f 2306 2299 2298
f 2306 977 2299
f 2300 2307 2301
f 2307 2308 2301
f 2308 2302 2301
f 2308 2309 2302
f 2305 2302 2309
f 2310 2300 2304
f 2307 2300 2310
f 574 2311 571
f 954 2312 572
f 2312 573 572
f 2313 2311 574
f 2314 574 575
f 2314 2313 574
f 2312 581 573
f 582 2314 575
f 2313 2315 2311
f 2316 2312 954
f 2313 2314 2317
f 582 2318 2314
f 2317 2314 2318
f 2315 2313 2319
f 2319 2313 2317
f 2320 2312 2316
f 2320 581 2312
f 2321 581 2320
f 2321 2322 581
f 2322 583 581
f 2323 2318 582
f 584 2323 582
f 2324 579 576
f 2326 576 2325
f 2324 576 2326
f 577 2325 576
f 2328 2327 579
f 2324 2328 579
f 2327 2329 579
f 2329 578 579
f 2330 2325 577
f 578 701 577
f 701 702 577
f 702 2330 577
f 2329 2331 578
f 2331 701 578
f 703 701 2331
f 2333 2332 2325
f 2332 2326 2325
f 2330 2333 2325
f 2335 2334 2326
f 2334 2324 2326
f 2332 2335 2326
f 2336 2324 2334
f 2336 2328 2324
f 2338 2337 2327
f 2328 2338 2327
f 2337 2339 2327
f 2339 2329 2327
f 2339 2340 2329
f 2340 2331 2329
f 2341 2328 2336
f 2338 2328 2341
f 2342 702 704
f 2342 2330 702
f 2343 2333 2330
f 2342 2343 2330
f 2340 2344 2331
f 703 2331 2344
f 2340 2345 2344
f 2345 2346 2344
f 2347 703 2344
f 2346 2347 2344
f 2347 705 703
f 2348 2323 584
f 2348 2318 2323
f 2322 2349 583
f 2349 586 583
f 586 584 583
f 587 2348 584
f 586 587 584
f 2320 2350 2321
f 2350 2322 2321
f 2350 2351 2322
f 2316 2352 2320
f 2352 2350 2320
f 2353 2318 2348
f 2354 2348 587
f 2354 2353 2348
f 2317 2318 2355
f 2355 2318 2353
f 2349 2322 2351
f 2349 588 586
f 589 2354 587
f 2356 2349 2351
f 2356 588 2349
f 2357 588 2356
f 2357 2358 588
f 2358 590 588
f 589 591 2359
f 2360 589 2359
f 2360 2354 589
f 2361 2359 591
f 2361 2360 2359
f 2358 2362 590
f 2362 2363 590
f 2363 591 590
f 2364 2361 591
f 2363 2364 591
f 2365 2353 2354
f 2360 2365 2354
f 2356 2366 2357
f 2366 2358 2357
f 2366 2367 2358
f 2351 2368 2356
f 2368 2366 2356
f 2369 2360 2361
f 2370 2361 2364
f 2370 2369 2361
f 2365 2360 2371
f 2371 2360 2369
f 2362 2358 2367
f 2362 2372 2363
f 2372 2373 2363
f 2373 2364 2363
f 2367 2374 2362
f 2375 2370 2364
f 2373 2375 2364
f 2372 2362 2374
f 2377 2376 594
f 2376 2378 594
f 2378 593 594
f 598 2377 594
f 2379 595 593
f 2379 2380 595
f 2381 595 2380
f 2381 596 595
f 598 597 2382
f 2383 598 2382
f 2383 2377 598
f 2384 596 2381
f 2385 596 2384
f 597 596 2385
f 2385 2386 597
f 2386 2382 597
f 2378 2387 593
f 2387 2379 593
f 2388 2376 2377
f 2388 2377 2389
f 2389 2377 2383
f 2391 2376 2390
f 2378 2376 2391
f 2390 2376 2388
f 2392 2387 2378
f 2392 2378 2391
f 2393 2379 2387
f 2394 2379 2393
f 2394 2380 2379
f 2380 2395 2381
f 2395 2396 2381
f 2396 2384 2381
f 2397 2380 2394
f 2397 2395 2380
f 2398 2382 2386
f 2398 2399 2382
f 2399 2383 2382
f 2389 2383 2400
f 2400 2383 2399
f 738 2385 2384
f 738 736 2385
f 2386 2385 736
f 2396 2401 2384
f 2401 738 2384
f 2402 2386 736
f 2398 2386 2402
f 2392 2403 2387
f 2403 2393 2387
f 2234 2231 987
f 641 989 2231
f 987 2231 989
f 2404 989 641
f 642 2404 641
f 2404 990 989
f 2225 2224 2405
f 2406 2405 2224
f 2234 2406 2224
f 2209 2234 987
f 2209 2406 2234
f 640 2407 642
f 2407 2408 642
f 2404 642 2408
f 2408 2409 2404
f 2409 990 2404
f 2409 2211 990
f 2405 2406 2410
f 2410 2406 2210
f 2210 2406 2209
f 2114 2411 599
f 2411 2412 599
f 601 599 2412
f 607 2412 2411
f 606 607 2411
f 2413 601 2412
f 2111 601 2414
f 2413 2414 601
f 2414 2415 2111
f 2415 2112 2111
f 2113 2416 2114
f 2416 2411 2114
f 606 2411 2416
f 2414 2413 2417
f 607 2252 2412
f 2413 2412 2252
f 2252 2418 2413
f 2418 2417 2413
f 2417 2419 2414
f 2419 2415 2414
f 2416 2259 606
f 2291 603 2421
f 2291 604 603
f 2291 2288 604
f 2288 2420 604
f 2287 2422 2420
f 2287 2420 2288
f 978 2424 2421
f 2289 2291 2421
f 2289 2421 2424
f 2416 2255 2259
f 2418 2252 2251
f 2416 2269 2255
f 2113 2269 2416
f 2418 2251 2425
f 976 2425 2251
f 2258 2426 613
f 2426 615 613
f 616 2241 614
f 2426 619 615
f 619 2427 615
f 2427 616 615
f 2427 2428 616
f 2428 2241 616
f 2257 2429 2258
f 2429 2430 2258
f 2430 2426 2258
f 2428 2242 2241
f 2430 618 2426
f 618 619 2426
f 621 2427 619
f 2431 2428 2427
f 621 2431 2427
f 2432 2428 2431
f 2432 2242 2428
f 618 2433 620
f 2430 2433 618
f 2433 2434 620
f 2434 2435 620
f 2435 622 620
f 621 623 631
f 2435 2436 622
f 633 623 622
f 622 2436 633
f 631 2431 621
f 2433 2437 2434
f 2430 2438 2433
f 2438 2437 2433
f 2429 2438 2430
f 2437 2439 2434
f 2439 2440 2434
f 2440 2435 2434
f 2440 2441 2435
f 2441 2436 2435
f 2442 2431 631
f 634 2442 631
f 2441 2443 2436
f 2443 2444 2436
f 2444 633 2436
f 2444 635 633
f 2442 2432 2431
f 2445 636 626
f 636 625 626
f 625 2446 627
f 636 635 625
f 635 2446 625
f 2446 2447 627
f 2447 2448 627
f 627 2448 629
f 630 2449 628
f 2448 2450 629
f 2450 2451 629
f 2451 630 629
f 2451 2452 630
f 2452 2449 630
f 2453 626 628
f 2454 2453 628
f 2454 628 2449
f 2453 2445 626
f 2455 2445 2453
f 634 636 2445
f 2455 2456 2445
f 2456 634 2445
f 2446 2457 2447
f 635 2444 2446
f 2444 2457 2446
f 2457 2458 2447
f 2458 2459 2447
f 2447 2459 2448
f 2459 2460 2448
f 2460 2450 2448
f 2454 2449 2461
f 2452 2462 2449
f 2462 2461 2449
f 2463 2452 2451
f 2450 2464 2451
f 2463 2451 2464
f 2452 2463 2465
f 2462 2452 2465
f 2466 2453 2454
f 2467 2466 2454
f 2461 2467 2454
f 2466 2455 2453
f 2460 2468 2450
f 2464 2450 2468
f 2456 2442 634
f 2443 2457 2444
f 2442 2456 2469
f 2470 2469 2456
f 2455 2470 2456
f 2469 2432 2442
f 2233 2471 640
f 2407 640 2471
f 2232 2472 2233
f 2471 2233 2472
f 2472 2473 2471
f 2474 2407 2471
f 2473 2474 2471
f 2475 2408 2407
f 2474 2475 2407
f 2408 2475 2476
f 2409 2408 2476
f 2477 2186 2212
f 2186 2477 969
f 2212 2478 2477
f 2478 2479 2477
f 2479 2480 2477
f 2480 969 2477
f 2480 970 969
f 2211 2481 2212
f 2481 2478 2212
f 2409 2481 2211
f 646 2482 643
f 2482 2483 643
f 2484 643 2483
f 2484 645 643
f 2485 644 645
f 2485 2486 644
f 2486 647 644
f 2487 647 2486
f 2488 647 2487
f 2489 647 2488
f 2489 646 647
f 2490 646 2489
f 2490 2482 646
f 2491 2483 2482
f 2492 2482 2490
f 2492 2491 2482
f 2491 2493 2483
f 2494 2483 2493
f 2494 2484 2483
f 2496 2495 2484
f 2495 645 2484
f 2494 2496 2484
f 2495 2497 645
f 2497 2485 645
f 2497 2498 2485
f 2498 2499 2485
f 2499 2486 2485
f 2499 2500 2486
f 2487 2486 2500
f 2500 2501 2487
f 2501 2502 2487
f 2502 2488 2487
f 2502 2503 2488
f 2503 2504 2488
f 2504 2489 2488
f 2504 2505 2489
f 2505 2506 2489
f 2506 2490 2489
f 2506 2507 2490
f 2507 2492 2490
f 2509 2508 2495
f 2508 2497 2495
f 2496 2509 2495
f 2508 2510 2497
f 2510 2498 2497
f 2510 2511 2498
f 2512 2498 2511
f 2499 2498 2512
f 2512 2513 2499
f 2513 2500 2499
f 2516 2515 2514
f 2516 2517 2515
f 2518 2514 2515
f 2517 2519 2515
f 2520 2515 2519
f 2520 2518 2515
f 2521 2517 2516
f 2521 2522 2517
f 2522 2523 2517
f 2519 2517 2523
f 2522 2524 2523
f 2524 2525 2523
f 2526 2519 2523
f 2523 2525 2526
f 2527 2520 2519
f 2519 2526 2527
f 2527 2528 2520
f 2528 2529 2520
f 2529 2518 2520
f 2514 2518 2530
f 2531 2530 2518
f 2529 2531 2518
f 2533 2514 2532
f 2533 2516 2514
f 2530 2532 2514
f 2534 2516 2533
f 2534 2521 2516
f 2535 2522 2521
f 2535 2536 2522
f 2536 2524 2522
f 2534 2537 2521
f 2537 2535 2521
f 2536 2538 2524
f 2538 2539 2524
f 2524 2539 2525
f 2526 2525 2540
f 2539 2541 2525
f 2540 2525 2541
f 2526 2540 2542
f 2527 2526 2542
f 2527 2542 2543
f 2528 2527 2543
f 2545 2533 2544
f 2545 2534 2533
f 2532 2544 2533
f 2546 2534 2545
f 2537 2534 2546
f 2548 2537 2547
f 2535 2537 2548
f 2546 2547 2537
f 2548 2549 2535
f 2549 2536 2535
f 2551 649 2550
f 2551 2552 649
f 2552 648 649
f 2553 649 650
f 2553 2554 649
f 2554 2550 649
f 2552 2555 648
f 2555 2556 648
f 651 648 2556
f 2556 2557 651
f 2557 2558 651
f 2558 2559 651
f 2559 650 651
f 2559 2560 650
f 2560 2553 650
f 2561 2554 2553
f 2562 2553 2560
f 2562 2561 2553
f 2550 2554 2563
f 2561 2564 2554
f 2564 2563 2554
f 2566 2565 2550
f 2565 2551 2550
f 2563 2566 2550
f 2565 2552 2551
f 2565 2567 2552
f 2555 2552 2567
f 2555 2568 2556
f 2568 2569 2556
f 2557 2556 2569
f 2567 2570 2555
f 2569 2571 2557
f 2571 2572 2557
f 2572 2558 2557
f 2572 2573 2558
f 2573 2574 2558
f 2574 2575 2558
f 2575 2559 2558
f 2575 2576 2559
f 2576 2560 2559
f 2576 2577 2560
f 2577 2562 2560
f 2579 2578 2565
f 2578 2567 2565
f 2566 2579 2565
f 2578 2580 2567
f 2580 2570 2567
f 2570 2568 2555
f 2570 2581 2568
f 2580 2582 2570
f 2582 2581 2570
f 2583 655 653
f 2584 2583 654
f 2583 653 654
f 2586 2585 655
f 656 655 2585
f 2583 2586 655
f 2585 2587 656
f 2587 2588 656
f 2588 658 656
f 2589 658 2588
f 2589 2590 658
f 659 658 2590
f 2590 2591 659
f 2591 2592 659
f 2592 657 659
f 654 657 2593
f 2594 657 2592
f 2594 2593 657
f 2593 2584 654
f 2595 2584 2593
f 2463 2584 2465
f 2463 2583 2584
f 2465 2584 2595
f 2464 2583 2463
f 2464 2586 2583
f 2587 2585 2596
f 2586 2597 2585
f 2597 2596 2585
f 2468 2586 2464
f 2468 2597 2586
f 2596 2598 2587
f 2598 2599 2587
f 2588 2587 2599
f 2599 2600 2588
f 2600 2589 2588
f 2600 2601 2589
f 2601 2602 2589
f 2602 2590 2589
f 2602 2603 2590
f 2603 2591 2590
f 2603 2604 2591
f 2604 2605 2591
f 2592 2591 2605
f 2604 2606 2605
f 2606 2592 2605
f 2607 2594 2592
f 2606 2607 2592
f 2593 2594 2608
f 2609 2594 2607
f 2608 2594 2609
f 2608 2595 2593
f 2603 2602 661
f 2602 660 661
f 661 662 2610
f 2611 661 2610
f 2611 2603 661
f 2602 2601 660
f 2601 2612 660
f 2612 663 660
f 2612 2613 663
f 2614 663 2613
f 665 663 2614
f 662 663 665
f 665 666 662
f 666 2610 662
f 2615 2611 2610
f 666 2616 2610
f 2616 2615 2610
f 2604 2603 2611
f 2617 2611 2615
f 2617 2604 2611
f 2601 2618 2612
f 2618 2619 2612
f 2619 2613 2612
f 2619 2620 2613
f 2621 2613 2620
f 2613 2621 2614
f 2621 2622 2614
f 2622 667 2614
f 667 665 2614
f 670 2616 666
f 2600 2618 2601
f 668 667 680
f 680 2623 668
f 2623 673 668
f 673 669 668
f 673 671 669
f 671 2624 669
f 2624 670 669
f 2624 2625 670
f 2625 2616 670
f 2625 2626 2616
f 2626 2615 2616
f 2622 680 667
f 2621 2627 2622
f 2627 679 2622
f 679 680 2622
f 678 2623 680
f 678 2628 2623
f 2628 674 2623
f 674 673 2623
f 677 2629 671
f 2629 2624 671
f 2629 2630 2624
f 2630 2625 2624
f 2630 2631 2625
f 2631 2626 2625
f 2632 674 2628
f 2632 675 674
f 676 2633 677
f 2633 2634 677
f 2634 2629 677
f 2634 2635 2629
f 2630 2629 2635
f 2637 2628 2636
f 2637 2632 2628
f 2628 678 2636
f 2637 2638 2632
f 2638 2639 2632
f 2639 675 2632
f 2639 2640 675
f 676 675 2640
f 2641 676 2640
f 2639 2642 2640
f 2642 2643 2640
f 2643 2641 2640
f 2633 676 2641
f 2643 2644 2641
f 2644 2645 2641
f 2645 2633 2641
f 2646 2634 2633
f 2645 2646 2633
f 2646 2647 2634
f 2647 2635 2634
f 2638 2648 2639
f 2642 2639 2648
f 679 2649 681
f 2649 2650 681
f 2650 2651 681
f 2651 2652 681
f 2652 2636 681
f 2636 678 681
f 2627 2649 679
f 2627 2653 2649
f 2653 2654 2649
f 2654 2650 2649
f 2621 2655 2627
f 2655 2653 2627
f 2657 2650 2656
f 2650 2654 2656
f 2657 2651 2650
f 2657 2658 2651
f 2658 2659 2651
f 2659 2652 2651
f 2659 2636 2652
f 2659 2637 2636
f 2659 2660 2637
f 2660 2638 2637
f 2658 2661 2659
f 2661 2660 2659
f 2663 2662 682
f 2662 684 682
f 2664 2663 682
f 688 2664 682
f 2662 2665 684
f 2665 2666 684
f 2666 685 684
f 2666 2667 685
f 2667 2668 685
f 2668 686 685
f 2669 686 2668
f 2669 2670 686
f 2670 687 686
f 2670 2671 687
f 2671 2672 687
f 2672 688 687
f 2672 2673 688
f 2673 2664 688
f 2674 2663 2664
f 2675 2674 2664
f 2673 2675 2664
f 2677 2662 2676
f 2677 2665 2662
f 2663 2676 2662
f 2665 2678 2666
f 2678 2679 2666
f 2679 2667 2666
f 2679 2680 2667
f 2680 2681 2667
f 2681 2668 2667
f 2682 2668 2681
f 2682 2669 2668
f 2682 2683 2669
f 2683 2684 2669
f 2684 2670 2669
f 2684 2685 2670
f 2685 2671 2670
f 2685 2686 2671
f 2686 2687 2671
f 2672 2671 2687
f 2687 2688 2672
f 2688 2673 2672
f 2688 2689 2673
f 2689 2675 2673
f 2676 2663 2690
f 2674 2690 2663
f 2691 2665 2677
f 2691 2678 2665
f 2692 692 689
f 2694 2693 689
f 2693 2692 689
f 690 2694 689
f 2696 2695 692
f 2697 692 2695
f 2692 2696 692
f 2697 691 692
f 2695 2698 2697
f 2698 716 2697
f 714 691 2697
f 716 714 2697
f 2699 2694 690
f 691 2700 690
f 2700 2701 690
f 2701 2699 690
f 2700 691 714
f 719 2700 714
f 2702 2701 2700
f 719 2702 2700
f 2704 2703 2694
f 2703 2693 2694
f 2699 2704 2694
f 2705 2692 2693
f 2706 2693 2703
f 2705 2693 2706
f 2707 2696 2692
f 2705 2707 2692
f 2695 699 2698
f 2696 698 2695
f 699 2695 698
f 2708 698 2696
f 2707 2708 2696
f 699 2709 2698
f 2709 2710 2698
f 2710 716 2698
f 2710 717 716
f 2701 2702 2711
f 2712 2701 2711
f 2712 2699 2701
f 2711 2713 2712
f 2713 2699 2712
f 2714 2704 2699
f 2713 2714 2699
f 2715 719 720
f 2702 719 2715
f 2715 2716 2702
f 2716 2711 2702
f 2708 2717 695
f 2717 2718 695
f 694 695 2718
f 698 2708 695
f 696 694 986
f 2719 696 986
f 2719 2720 696
f 2720 697 696
f 2720 2721 697
f 2721 2709 697
f 2709 699 697
f 2717 985 2718
f 985 694 2718
f 2707 2722 2708
f 2722 2717 2708
f 2723 985 2717
f 2722 2724 2717
f 2724 2723 2717
f 984 2725 986
f 2725 2719 986
f 2725 2726 2719
f 2727 2719 2726
f 2727 2720 2719
f 2728 2720 2727
f 2721 2720 2728
f 2729 2709 2721
f 2729 2710 2709
f 2728 2730 2721
f 2730 2729 2721
f 2723 983 985
f 704 706 2731
f 2347 2732 705
f 2732 2733 705
f 2733 706 705
f 2733 2734 706
f 2734 2731 706
f 2735 2342 704
f 2731 2735 704
f 2736 2342 2735
f 2736 2343 2342
f 2346 2737 2347
f 2737 2732 2347
f 2738 2735 2731
f 2734 2739 2731
f 2739 2738 2731
f 2737 2740 2732
f 2741 2732 2740
f 2741 2733 2732
f 2742 2733 2741
f 2742 2734 2733
f 2743 2734 2742
f 2743 2739 2734
f 2738 2744 2735
f 2744 2736 2735
f 720 708 2715
f 720 2745 708
f 2715 708 709
f 2745 710 708
f 2746 710 2745
f 2746 2747 710
f 2747 711 710
f 713 2748 712
f 2748 2749 712
f 2750 712 2749
f 2750 709 712
f 2751 711 2747
f 2752 711 2751
f 2752 713 711
f 2753 713 2752
f 2753 2748 713
f 718 2745 720
f 2754 2745 718
f 2746 2745 2754
f 2716 2715 709
f 2750 2716 709
f 2754 2755 2746
f 2755 2756 2746
f 2756 2747 2746
f 2756 2757 2747
f 2757 2751 2747
f 2758 2749 2748
f 2759 2748 2753
f 2759 2758 2748
f 2758 2760 2749
f 2761 2749 2760
f 2761 2750 2749
f 2762 2716 2750
f 2761 2762 2750
f 2757 2763 2751
f 2763 2764 2751
f 2764 2752 2751
f 2764 2765 2752
f 2765 2753 2752
f 2765 2766 2753
f 2766 2759 2753
f 2711 2716 2762
f 2768 717 2767
f 2768 718 717
f 2767 717 2710
f 2768 2754 718
f 2767 2710 2729
f 2769 2768 2767
f 2770 2768 2769
f 2754 2768 2770
f 2729 2771 2767
f 2771 2769 2767
f 2755 2754 2770
f 2774 2773 2772
f 2775 2773 2774
f 2776 2773 2775
f 2776 792 2773
f 792 2777 2773
f 2777 2772 2773
f 2775 2778 2776
f 2779 2776 2778
f 790 792 2776
f 2779 790 2776
f 2777 792 2780
f 791 2780 792
f 2779 2781 790
f 2781 789 790
f 2782 2778 2775
f 2784 2783 2777
f 2783 2772 2777
f 2780 2784 2777
f 2774 2785 2775
f 2785 2782 2775
f 2783 2786 2772
f 2786 2787 2772
f 2774 2772 2787
f 2787 2788 2774
f 2788 2785 2774
f 2778 2790 2789
f 2782 2790 2778
f 2779 2778 2789
f 2779 2789 2791
f 2781 2779 2791
f 2780 791 2792
f 789 724 791
f 724 2792 791
f 2784 2780 2793
f 2792 2793 2780
f 2794 2781 2791
f 2794 2795 2781
f 789 2781 2795
f 2795 725 789
f 725 724 789
f 2792 2796 2793
f 722 2796 2792
f 724 722 2792
f 2797 2786 2783
f 2784 2798 2783
f 2798 2797 2783
f 2793 2799 2784
f 2799 2798 2784
f 2799 2793 2800
f 2796 2800 2793
f 2795 2801 725
f 2801 726 725
f 2802 726 2801
f 2803 726 2802
f 727 726 2803
f 723 727 801
f 2803 2804 727
f 727 2804 801
f 722 2805 2796
f 723 2805 722
f 2794 2806 2795
f 2806 2801 2795
f 2806 2807 2801
f 2807 2802 2801
f 801 799 723
f 799 2805 723
f 2808 2803 2802
f 2808 2809 2803
f 2804 2803 2809
f 2807 2810 2802
f 2810 2808 2802
f 2804 802 801
f 2811 2804 2809
f 802 2804 2811
f 2800 2796 2812
f 2812 2796 2805
f 2812 2805 2813
f 2813 2805 799
f 2813 799 800
f 2372 2392 2373
f 2391 2373 2392
f 2375 2373 2391
f 2814 2369 2370
f 2815 2370 2375
f 2815 2814 2370
f 2390 2815 2375
f 2391 2390 2375
f 2403 2372 2374
f 2403 2392 2372
f 2367 2816 2374
f 2816 2817 2374
f 2817 2403 2374
f 2817 2393 2403
f 2818 2814 2815
f 2819 2815 2390
f 2819 2818 2815
f 2388 2819 2390
f 2821 2820 730
f 2820 729 730
f 2821 730 2822
f 2822 730 734
f 2823 729 2820
f 731 729 2824
f 729 2823 2824
f 2825 731 2824
f 2825 2826 731
f 2826 732 731
f 2828 2827 733
f 2827 734 733
f 2826 770 732
f 770 2829 732
f 2829 733 732
f 2829 2828 733
f 2827 2830 734
f 2830 2822 734
f 2831 2821 2822
f 2830 2832 2822
f 2832 2831 2822
f 2831 2833 2821
f 2833 747 2821
f 747 2820 2821
f 747 746 2820
f 2823 2820 746
f 2823 2834 2824
f 2834 2835 2824
f 2835 2825 2824
f 746 2836 2823
f 2836 2834 2823
f 777 2825 2835
f 781 2826 2825
f 781 769 2826
f 769 770 2826
f 777 781 2825
f 2828 2837 2827
f 2837 2838 2827
f 2838 2830 2827
f 2838 2839 2830
f 2832 2830 2839
f 2840 2828 2829
f 2840 2841 2828
f 2841 2837 2828
f 774 2829 770
f 774 2840 2829
f 2401 2842 738
f 2842 735 738
f 2843 2842 2401
f 2843 2844 2842
f 739 735 2842
f 739 2842 2844
f 736 737 2402
f 2402 737 2845
f 2845 737 743
f 2844 2846 739
f 2846 741 739
f 2396 2847 2401
f 2843 2401 2847
f 2847 2848 2843
f 2848 2849 2843
f 2849 2844 2843
f 2850 2844 2849
f 2846 2844 2850
f 2851 2402 2845
f 2398 2402 2851
f 2852 2845 743
f 2853 743 742
f 2853 2852 743
f 2852 2854 2845
f 2854 2851 2845
f 2846 2850 744
f 2846 744 745
f 741 2846 745
f 2855 741 745
f 742 741 2855
f 2855 2856 742
f 2856 2853 742
f 2855 745 747
f 2855 747 2833
f 2856 2855 2833
f 2853 2856 2857
f 2858 2856 2833
f 2857 2856 2858
f 2859 2853 2857
f 2859 2852 2853
f 2854 2852 2860
f 2860 2852 2859
f 2836 746 744
f 2850 2861 744
f 2861 2836 744
f 2834 2836 2862
f 2862 2836 2861
f 2831 2858 2833
f 2861 2850 2863
f 2864 2861 2863
f 2862 2861 2864
f 2849 2863 2850
f 2867 2866 2865
f 2866 2868 2865
f 2867 2865 2869
f 2868 2870 2865
f 2871 2865 2870
f 2869 2865 2871
f 2866 2872 2868
f 2872 2873 2868
f 2874 2868 2873
f 2870 2868 2874
f 2873 2875 2874
f 2875 2876 2874
f 2876 2877 2874
f 2877 2870 2874
f 2877 2878 2870
f 2878 2871 2870
f 2878 2879 2871
f 2879 2880 2871
f 2880 2869 2871
f 2881 2867 2869
f 2882 2881 2869
f 2880 2882 2869
f 2884 2883 2866
f 2883 2872 2866
f 2867 2884 2866
f 2872 2885 2873
f 2885 2886 2873
f 2886 2875 2873
f 2886 2887 2875
f 2888 2875 2887
f 2876 2875 2888
f 2888 2889 2876
f 2889 2890 2876
f 2890 2877 2876
f 2890 2891 2877
f 2891 2878 2877
f 2891 2892 2878
f 2892 2879 2878
f 2894 2884 2893
f 2894 2895 2884
f 2884 2867 2893
f 2895 2883 2884
f 2895 2896 2883
f 2896 2897 2883
f 2897 2872 2883
f 2881 2893 2867
f 2872 2897 2885
f 2897 2898 2885
f 2898 2899 2885
f 2899 2886 2885
f 2896 2900 2897
f 2900 2898 2897
f 752 2901 748
f 2901 2902 748
f 2903 748 2902
f 2903 750 748
f 2904 749 751
f 2904 753 749
f 2904 2905 753
f 2906 2902 2901
f 2906 2907 2902
f 2908 2902 2907
f 2908 2903 2902
f 2910 2909 2903
f 2909 750 2903
f 2908 2910 2903
f 2909 2911 750
f 2911 751 750
f 751 2912 2904
f 2911 2913 751
f 2913 2912 751
f 2914 2904 2912
f 2914 2905 2904
f 2914 2915 2905
f 2917 2909 2916
f 2917 2911 2909
f 2910 2916 2909
f 2918 2911 2917
f 2918 2913 2911
f 2913 2919 2912
f 2919 2920 2912
f 2920 2914 2912
f 2920 2921 2914
f 2921 2915 2914
f 2918 2922 2913
f 2922 2919 2913
f 2924 2923 755
f 2923 2925 755
f 757 755 2925
f 756 2924 755
f 2925 2926 757
f 2926 2927 757
f 2927 758 757
f 756 760 2928
f 759 2929 760
f 2929 2930 760
f 2930 2928 760
f 2931 759 758
f 2932 759 2931
f 2929 759 2932
f 2927 761 758
f 761 2931 758
f 2923 773 2925
f 2933 2925 773
f 2933 2926 2925
f 2934 2924 756
f 2928 2934 756
f 2933 2935 2926
f 2935 2936 2926
f 2936 2927 2926
f 2936 763 2927
f 763 761 2927
f 2930 2937 2928
f 2937 2938 2928
f 2938 2934 2928
f 2930 2929 2939
f 2940 2929 2932
f 2939 2929 2940
f 2930 2939 2941
f 2937 2930 2941
f 767 2931 761
f 767 2942 2931
f 2931 2942 2932
f 2942 2943 2932
f 2943 2940 2932
f 2944 2841 2934
f 2924 2934 2841
f 2938 2944 2934
f 2841 2840 2924
f 2840 2923 2924
f 2840 774 2923
f 773 2923 774
f 765 2945 766
f 2945 2946 766
f 2946 2947 766
f 2947 767 766
f 2942 767 2947
f 763 2948 764
f 2948 2949 764
f 2949 2950 764
f 2950 765 764
f 2948 763 2936
f 2936 2951 2948
f 2951 2952 2948
f 2952 2949 2948
f 2935 2951 2936
f 2954 2950 2953
f 2954 2955 2950
f 2955 765 2950
f 2950 2949 2953
f 2955 2945 765
f 2952 2956 2949
f 2956 2953 2949
f 2955 2957 2945
f 2957 2958 2945
f 2958 2946 2945
f 2958 2959 2946
f 2959 2960 2946
f 2947 2946 2960
f 2960 2961 2947
f 2961 2942 2947
f 2961 2943 2942
f 2962 2955 2954
f 2957 2955 2962
f 780 769 781
f 780 771 769
f 780 2963 771
f 2963 2964 771
f 2964 772 771
f 2964 2965 772
f 2965 2933 772
f 2933 773 772
f 779 2963 780
f 2967 2963 2966
f 2967 2964 2963
f 2963 779 2966
f 2967 2968 2964
f 2968 2965 2964
f 2935 2933 2965
f 2968 2969 2965
f 2969 2935 2965
f 2835 2970 777
f 2970 776 777
f 2971 776 2970
f 2972 776 2971
f 2972 778 776
f 2973 778 2972
f 2973 2974 778
f 2974 779 778
f 2974 2966 779
f 2834 2975 2835
f 2970 2835 2975
f 2976 2970 2975
f 2976 2971 2970
f 2971 787 2972
f 2977 2972 787
f 2977 2973 2972
f 2976 788 2971
f 788 787 2971
f 2979 2973 2978
f 2979 2974 2973
f 2977 2978 2973
f 2980 2974 2979
f 2966 2974 2980
f 2980 2981 2966
f 2981 2967 2966
f 794 783 2982
f 2982 783 784
f 2983 785 797
f 786 785 2983
f 2976 2984 788
f 2984 784 788
f 2985 786 2983
f 2985 2977 786
f 2977 787 786
f 2986 2982 784
f 2984 2986 784
f 2987 2982 2986
f 2987 2988 2982
f 794 2982 2988
f 2988 2989 794
f 2989 795 794
f 2991 797 2990
f 2983 797 2991
f 797 796 2990
f 2991 2992 2983
f 2992 2985 2983
f 2976 2993 2984
f 2994 2984 2993
f 2986 2984 2994
f 2975 2993 2976
f 2995 2985 2992
f 2978 2985 2995
f 2977 2985 2978
f 2987 2986 2996
f 2996 2986 2994
f 2997 2794 2791
f 2998 2794 2997
f 2998 2806 2794
f 2789 2999 2791
f 2999 2997 2791
f 2790 3000 2789
f 3000 2999 2789
f 3001 795 2989
f 3002 795 3001
f 796 795 3002
f 3002 3003 796
f 3003 2990 796
f 3005 2988 3004
f 2989 2988 3005
f 3004 2988 2987
f 3006 2989 3005
f 3001 2989 3006
f 3007 3003 3002
f 803 3002 3001
f 803 3007 3002
f 3006 804 3001
f 804 803 3001
f 3009 3003 3008
f 3009 2990 3003
f 3007 3008 3003
f 3009 3010 2990
f 3010 2991 2990
f 3010 3011 2991
f 3011 2992 2991
f 2813 800 3012
f 3012 800 3013
f 3013 800 804
f 3013 804 3006
f 3007 803 802
f 2811 3007 802
f 3014 3012 3013
f 3006 3015 3013
f 3015 3014 3013
f 3017 3016 3012
f 3016 2813 3012
f 3012 3014 3017
f 3016 2812 2813
f 3015 3006 3005
f 3018 2811 2809
f 3018 3008 2811
f 3007 2811 3008
f 806 3020 805
f 3020 3021 805
f 3021 3019 805
f 3020 806 807
f 820 3020 807
f 3022 3023 819
f 3023 818 819
f 3024 3020 820
f 3024 3021 3020
f 3019 3021 3025
f 3024 3026 3021
f 3026 3025 3021
f 3025 3027 3019
f 3023 3028 818
f 3028 3029 818
f 3029 820 818
f 3030 3024 820
f 3029 3030 820
f 3031 3023 3022
f 3033 808 810
f 3032 808 3033
f 3034 3035 809
f 3035 810 809
f 3036 3033 810
f 3036 810 3035
f 3032 3033 3039
f 3040 3033 3036
f 3039 3033 3040
f 3039 3041 3032
f 3041 3037 3032
f 3042 3035 3034
f 3043 3035 3042
f 3036 3035 3043
f 3044 3034 3038
f 3042 3034 3044
f 3043 3045 3036
f 3045 3040 3036
f 3047 3046 814
f 815 814 3046
f 3048 814 813
f 3047 814 3048
f 3046 3049 815
f 3049 3050 815
f 3050 816 815
f 813 811 3051
f 3051 811 3052
f 3053 811 817
f 3052 811 3053
f 3050 3004 816
f 3004 3054 816
f 817 816 3054
f 3054 3055 817
f 3055 3053 817
f 3049 3046 3056
f 3047 3057 3046
f 3056 3046 3057
f 3058 3048 813
f 3051 3058 813
f 3060 3059 3048
f 3059 3047 3048
f 3058 3060 3048
f 3061 3047 3059
f 3057 3047 3061
f 3014 3049 3056
f 3014 3015 3049
f 3015 3050 3049
f 3005 3050 3015
f 3004 3050 3005
f 3053 3055 3062
f 2848 3053 3062
f 3052 3053 2848
f 3063 3051 3052
f 2847 3063 3052
f 2848 2847 3052
f 3064 3058 3051
f 3063 3064 3051
f 2987 3054 3004
f 2996 3054 2987
f 3055 3054 2996
f 2996 3065 3055
f 3065 3062 3055
f 3064 3066 3058
f 3066 3060 3058
f 3067 3023 3031
f 3067 3028 3023
f 3068 3028 3067
f 3068 3069 3028
f 3029 3028 3069
f 3069 3070 3029
f 3070 3030 3029
f 3030 3070 3071
f 3072 3030 3071
f 3072 3024 3030
f 3072 3026 3024
f 3073 823 828
f 824 3074 825
f 3074 3075 825
f 3075 3076 825
f 3076 826 825
f 3076 827 826
f 3076 3077 827
f 3078 827 3077
f 3078 828 827
f 3078 3079 828
f 3079 3073 828
f 3081 3080 3073
f 823 3073 3080
f 3082 3073 3079
f 3082 3081 3073
f 3080 3083 823
f 3083 822 823
f 822 3084 824
f 3084 3085 824
f 3085 3074 824
f 3086 822 3083
f 3086 3084 822
f 3087 3085 3084
f 3087 3074 3085
f 3087 3088 3074
f 3088 3089 3074
f 3089 3075 3074
f 3089 3090 3075
f 3091 3075 3090
f 3091 3076 3075
f 3091 3092 3076
f 3092 3077 3076
f 3092 3093 3077
f 3093 3094 3077
f 3078 3077 3094
f 3093 3095 3094
f 3095 3078 3094
f 3095 3096 3078
f 3096 3079 3078
f 3097 3082 3079
f 3096 3097 3079
f 3099 3098 3080
f 3098 3083 3080
f 3081 3099 3080
f 3098 3100 3083
f 3086 3083 3100
f 3100 3101 3086
f 3101 3102 3086
f 3102 3084 3086
f 3102 3103 3084
f 3103 3087 3084
f 3105 3104 829
f 831 829 3104
f 3106 829 835
f 3106 3105 829
f 3104 3107 831
f 3107 3108 831
f 3108 832 831
f 3110 3109 832
f 3110 3111 3109
f 3111 833 3109
f 3111 3112 833
f 833 832 3109
f 834 833 3112
f 3112 3113 834
f 3113 3114 834
f 3114 3115 834
f 3115 835 834
f 3116 3106 835
f 3115 3116 835
f 3118 3104 3117
f 3118 3119 3104
f 3119 3107 3104
f 3105 3117 3104
f 3121 3106 3120
f 3121 3105 3106
f 3116 3122 3106
f 3122 3120 3106
f 3123 3105 3121
f 3120 3123 3121
f 3119 3093 3107
f 3124 3107 3093
f 3108 3107 3124
f 3124 3125 3108
f 3125 3126 3108
f 3126 832 3108
f 3126 3110 832
f 3125 3127 3126
f 3127 3128 3126
f 3128 3110 3126
f 3128 3129 3110
f 3129 3111 3110
f 3130 3111 3129
f 3131 3111 3130
f 3131 3112 3111
f 3131 3132 3112
f 3132 3113 3112
f 3132 3114 3113
f 3132 3133 3114
f 3134 3114 3133
f 3134 3115 3114
f 3134 3135 3115
f 3135 3116 3115
f 3136 3116 3135
f 3136 3122 3116
f 3117 3105 3123
f 847 3139 848
f 3139 3137 848
f 3139 3140 3137
f 3142 3138 3141
f 845 3138 3142
f 3142 844 845
f 838 3143 3145
f 3146 3143 838
f 3144 3147 3145
f 3147 840 3145
f 840 838 3145
f 839 3146 838
f 3147 3144 3149
f 839 3150 3146
f 3150 3148 3146
f 3151 3147 3149
f 3151 3152 3147
f 840 3147 3152
f 842 840 3152
f 3150 839 3153
f 841 3153 839
f 3154 3148 3150
f 3155 3150 3153
f 3155 3154 3150
f 3159 3160 3156
f 3160 3157 3156
f 3158 3157 3161
f 3160 3161 3157
f 3153 841 3162
f 861 841 843
f 3162 841 861
f 842 3152 3163
f 863 842 3163
f 843 842 863
f 3153 3164 3155
f 3162 3164 3153
f 3151 3165 3152
f 3165 3163 3152
f 3166 861 865
f 3166 3162 861
f 3166 3167 3162
f 3167 3164 3162
f 3168 863 3163
f 864 863 3168
f 3165 3169 3163
f 3169 3168 3163
f 3142 3170 844
f 3170 3171 844
f 3171 849 844
f 3172 847 849
f 3173 3172 849
f 3171 3173 849
f 3172 3174 847
f 3174 3139 847
f 3140 3139 3175
f 3175 3139 3174
f 3142 3141 3176
f 3170 3142 3176
f 3173 3177 3172
f 3177 3178 3172
f 3178 3174 3172
f 3175 3174 3179
f 3179 3174 3178
f 3180 3170 3176
f 3180 3181 3170
f 3171 3170 3181
f 3181 3182 3171
f 3182 3173 3171
f 3183 3177 3173
f 3183 3173 3182
f 3159 850 3184
f 3184 850 3185
f 3185 850 851
f 3187 851 3186
f 3187 3185 851
f 3188 3184 3185
f 3187 3189 3185
f 3189 3188 3185
f 3190 3184 3188
f 3190 3160 3184
f 3159 3184 3160
f 3191 3192 3186
f 3192 3187 3186
f 3189 3187 3193
f 3193 3187 3192
f 3194 852 853
f 3194 853 3195
f 3195 853 3196
f 918 917 3197
f 3197 917 3198
f 3198 917 852
f 3198 852 3194
f 3198 3194 3199
f 3194 3195 3200
f 3199 3194 3200
f 920 3196 919
f 3201 3196 920
f 3201 3195 3196
f 3201 3202 3195
f 3202 3200 3195
f 3203 3197 3198
f 3199 3203 3198
f 857 855 929
f 930 855 856
f 3204 857 929
f 3205 857 3204
f 858 857 3205
f 856 860 3206
f 859 3207 860
f 860 3207 3208
f 3206 860 3208
f 3209 858 3205
f 3210 858 3209
f 859 858 3210
f 895 859 3210
f 3207 859 895
f 3211 930 856
f 3211 3212 930
f 927 930 3212
f 3206 3211 856
f 928 3213 929
f 3213 3204 929
f 3215 3204 3214
f 3205 3204 3215
f 3214 3204 3213
f 3215 3216 3205
f 3216 3209 3205
f 3217 3206 3208
f 3217 3218 3206
f 3211 3206 3218
f 895 896 3207
f 896 3219 3207
f 3219 3208 3207
f 3219 3220 3208
f 3220 3217 3208
f 3221 3209 3216
f 3221 3222 3209
f 3209 3222 3210
f 3222 897 3210
f 897 895 3210
f 3212 3211 3223
f 3223 3211 3218
f 3168 3224 864
f 3224 3225 864
f 3225 866 864
f 3226 865 866
f 3227 3226 866
f 3225 3227 866
f 3226 3228 865
f 3228 3166 865
f 3167 3166 3229
f 3228 3229 3166
f 3230 3168 3169
f 3224 3168 3230
f 3227 3231 3226
f 3231 3232 3226
f 3232 3228 3226
f 3229 3228 3233
f 3233 3228 3232
f 3234 3224 3230
f 3234 3235 3224
f 3225 3224 3235
f 3236 3225 3235
f 3236 3227 3225
f 3237 3227 3236
f 3231 3227 3237
f 3239 870 3238
f 3240 870 3239
f 871 870 3240
f 868 3238 870
f 3240 3241 871
f 3241 3242 871
f 3242 872 871
f 3243 868 869
f 3244 869 873
f 3245 869 3244
f 3245 3243 869
f 3246 872 3242
f 3246 3247 872
f 873 872 3247
f 3247 3248 873
f 3248 3244 873
f 3249 3241 3240
f 3250 3240 3239
f 3250 3249 3240
f 3251 868 3243
f 3251 3238 868
f 3252 3239 3238
f 3252 3253 3239
f 3253 3250 3239
f 3255 3241 3254
f 3255 3242 3241
f 3249 3254 3241
f 3255 3256 3242
f 3256 3246 3242
f 3251 3243 3257
f 3257 3243 3258
f 3258 3243 3245
f 3259 3244 3248
f 3260 3244 3259
f 3260 3245 3244
f 3258 3245 3261
f 3245 3260 3261
f 3262 3248 3247
f 3263 3246 3256
f 3264 3246 3263
f 3247 3246 3264
f 3264 3262 3247
f 3262 3265 3248
f 3259 3248 3265
f 3267 3266 3251
f 3266 3238 3251
f 3257 3267 3251
f 3252 3238 3266
f 2808 3268 2809
f 3268 3018 2809
f 3269 3018 3268
f 3270 3018 3269
f 3008 3018 3270
f 3270 3009 3008
f 2810 3271 2808
f 3271 3268 2808
f 3271 3272 3268
f 3269 3268 3272
f 3274 3272 3273
f 3274 3275 3272
f 3272 3275 3269
f 3271 3273 3272
f 3275 3276 3269
f 3276 3270 3269
f 3277 3271 2810
f 3273 3271 3277
f 3278 3270 3276
f 3009 3270 3278
f 2807 3279 2810
f 3279 3277 2810
f 3265 877 3280
f 3281 877 3265
f 3281 878 877
f 3280 877 876
f 3281 3282 878
f 3283 878 3282
f 879 878 3283
f 876 874 3284
f 880 3285 874
f 874 3285 3286
f 3284 874 3286
f 3287 879 3283
f 3288 879 3287
f 880 879 3288
f 882 880 3288
f 3285 880 882
f 3289 3280 876
f 3284 3289 876
f 3265 3262 3281
f 3290 3281 3262
f 3290 3282 3281
f 3259 3265 3280
f 3292 3282 3291
f 3283 3282 3292
f 3282 3290 3291
f 3292 3293 3283
f 3293 3287 3283
f 3294 3284 3286
f 3294 3295 3284
f 3295 3289 3284
f 882 883 3285
f 883 3296 3285
f 3296 3286 3285
f 3296 3297 3286
f 3297 3294 3286
f 3298 3287 3293
f 3298 3299 3287
f 3287 3299 3288
f 3299 884 3288
f 884 882 3288
f 3301 3300 3289
f 3300 3280 3289
f 3295 3301 3289
f 3259 3280 3300
f 3302 883 886
f 3302 3296 883
f 3303 884 3299
f 3303 885 884
f 885 3304 887
f 3304 3305 887
f 3305 3306 887
f 3306 886 887
f 3306 3307 886
f 3307 3302 886
f 3302 3308 3296
f 3308 3297 3296
f 3309 3302 3307
f 3309 3308 3302
f 3310 3303 3299
f 3310 3311 3303
f 3312 3303 3311
f 885 3303 3312
f 3304 885 3312
f 3298 3310 3299
f 3313 3306 3305
f 3314 3306 3313
f 3314 3307 3306
f 3314 3315 3307
f 3309 3307 3315
f 3316 3304 3312
f 3316 3317 3304
f 3317 3305 3304
f 3317 3318 3305
f 3305 3318 3313
f 3311 3319 3312
f 3319 3316 3312
f 890 888 3320
f 3320 888 892
f 3321 891 889
f 3322 891 3321
f 3323 891 3322
f 893 891 3323
f 3323 3324 893
f 3324 3325 893
f 3325 892 893
f 3326 3320 892
f 3325 3327 892
f 3327 3326 892
f 890 3328 889
f 3329 889 3328
f 3329 3321 889
f 3326 3330 3320
f 3330 3331 3320
f 3331 890 3320
f 3331 899 890
f 899 3328 890
f 3333 3321 3332
f 3322 3321 3333
f 3329 3332 3321
f 3334 3324 3323
f 3333 3335 3322
f 3335 3336 3322
f 3336 3323 3322
f 3336 3334 3323
f 3337 3325 3324
f 3338 3325 3337
f 3338 3327 3325
f 3334 3339 3324
f 3324 3339 3337
f 3340 900 3331
f 900 899 3331
f 3330 3340 3331
f 3330 3326 3341
f 3341 3326 3342
f 3342 3326 3327
f 3328 899 898
f 3343 3328 898
f 3343 3329 3328
f 3343 3344 3329
f 3332 3329 3344
f 3338 3345 3327
f 3342 3327 3345
f 3346 3340 3330
f 3341 3346 3330
f 3219 896 3347
f 3347 896 900
f 3348 897 3222
f 3348 898 897
f 3340 3347 900
f 3348 3343 898
f 3219 3347 3349
f 3220 3219 3349
f 3340 3350 3347
f 3350 3349 3347
f 3351 3348 3222
f 3352 3348 3351
f 3343 3348 3352
f 3221 3351 3222
f 3350 3340 3346
f 3344 3343 3352
f 3354 3353 902
f 3353 3355 902
f 904 902 3355
f 3354 902 903
f 3355 3356 904
f 3356 3357 904
f 3357 905 904
f 906 3358 907
f 3358 3359 907
f 3359 3360 907
f 3360 903 907
f 3361 905 3357
f 3361 3362 905
f 3362 906 905
f 3362 3363 906
f 3358 906 3363
f 3364 3355 3353
f 3365 3355 3364
f 3365 3356 3355
f 3366 3354 903
f 3360 3366 903
f 3354 3367 3353
f 3367 3368 3353
f 3368 3364 3353
f 3369 3356 3365
f 3369 3370 3356
f 3370 3357 3356
f 3370 3371 3357
f 3371 3361 3357
f 3366 3360 3372
f 3359 3358 3373
f 3374 3358 3363
f 3373 3358 3374
f 3360 3359 3375
f 3376 3359 3373
f 3376 3375 3359
f 3375 3372 3360
f 3371 3377 3361
f 3378 3361 3377
f 3362 3361 3378
f 3379 3362 3378
f 3363 3362 3379
f 3379 3380 3363
f 3380 3374 3363
f 3382 3381 3366
f 3381 3354 3366
f 3382 3366 3372
f 3367 3354 3381
f 909 910 3383
f 3383 910 3384
f 914 3385 910
f 3384 910 3385
f 3386 913 912
f 3386 3387 913
f 3387 3388 913
f 914 913 3388
f 3389 914 3388
f 3385 914 3389
f 3389 3390 3385
f 3390 3391 3385
f 3391 3384 3385
f 3392 3383 3384
f 3391 3393 3384
f 3393 3392 3384
f 3394 909 3383
f 3394 3395 909
f 911 909 3395
f 911 3396 912
f 3397 912 3396
f 3397 3386 912
f 3395 3398 911
f 3398 3396 911
f 3400 3386 3399
f 3400 3387 3386
f 3397 3399 3386
f 3401 3387 3400
f 3402 3387 3401
f 3388 3387 3402
f 3402 3403 3388
f 3403 3389 3388
f 3403 3404 3389
f 3404 3390 3389
f 3406 3405 3394
f 3405 3395 3394
f 3383 3407 3394
f 3407 3406 3394
f 3405 3408 3395
f 3408 3398 3395
f 3392 3407 3383
f 3409 3398 3408
f 3396 3398 3410
f 3398 3409 3410
f 3411 3396 3410
f 3411 3397 3396
f 3411 3412 3397
f 3399 3397 3412
f 3415 916 3414
f 3415 3416 916
f 3416 915 916
f 3417 3413 915
f 3416 3417 915
f 3415 3419 3416
f 3420 3416 3419
f 3417 3416 3420
f 3421 3422 3414
f 3422 3415 3414
f 3419 3415 3423
f 3423 3415 3422
f 3425 3424 3417
f 3424 3413 3417
f 3425 3417 3420
f 3418 3413 3424
f 3427 3426 918
f 3197 3427 918
f 3429 3428 3427
f 3426 3427 3428
f 3430 3427 3197
f 3430 3429 3427
f 933 3426 3428
f 3203 3430 3197
f 921 3431 920
f 3431 3201 920
f 3433 921 3432
f 3433 3431 921
f 3202 3201 3434
f 3434 3201 3431
f 3433 3435 3431
f 3434 3431 3435
f 3436 3437 3432
f 3437 3433 3432
f 3435 3433 3438
f 3438 3433 3437
f 3443 3442 3440
f 3442 3439 3440
f 3441 3439 3442
f 3445 3444 3441
f 3442 3445 3441
f 3443 3446 3442
f 3446 3445 3442
f 3451 3449 3447
f 3452 3449 3451
f 3452 3450 3449
f 3448 3453 3447
f 3453 3454 3447
f 3454 3451 3447
f 3452 3455 3450
f 3453 3448 3456
f 3459 3458 3453
f 3458 3454 3453
f 3456 3459 3453
f 3454 3460 3451
f 3461 3451 3460
f 3461 3452 3451
f 3461 3462 3452
f 3462 3455 3452
f 3457 3463 3456
f 3463 3459 3456
f 3458 3464 3454
f 3464 3460 3454
f 3466 3465 923
f 3465 922 923
f 3467 922 3465
f 3468 922 3467
f 3468 924 922
f 3468 3469 924
f 3466 3470 3465
f 3470 3471 3465
f 3471 3467 3465
f 3467 3472 3468
f 3472 3473 3468
f 3473 3469 3468
f 3471 3474 3467
f 3474 3472 3467
f 3475 3469 3473
f 3475 3476 3469
f 3470 3466 3477
f 3479 927 3478
f 926 927 3479
f 3478 927 3212
f 3480 926 3479
f 3480 3481 926
f 3213 928 3482
f 3481 928 926
f 3481 3482 928
f 3483 3478 3212
f 3223 3483 3212
f 3483 3484 3478
f 3484 3485 3478
f 3479 3478 3485
f 3485 3486 3479
f 3486 3480 3479
f 3487 3481 3480
f 3488 3481 3487
f 3482 3481 3488
f 3489 3480 3486
f 3480 3489 3487
f 3490 3213 3482
f 3214 3213 3490
f 3488 3491 3482
f 3491 3490 3482
f 931 932 3493
f 932 934 3494
f 3493 932 3494
f 3495 3492 931
f 3493 3495 931
f 3496 3492 3495
f 3496 3497 3492
f 3498 3493 3494
f 3498 3499 3493
f 3495 3493 3499
f 3494 934 3500
f 934 933 3500
f 3500 3501 3494
f 3501 3498 3494
f 3496 3495 3502
f 3502 3495 3499
f 3428 3500 933
f 3501 3500 3503
f 3503 3500 3428
f 3503 3428 3429
f 3510 3509 3508
f 3509 3511 3508
f 3512 3510 3508
f 3509 3513 3511
f 3513 3514 3511
f 3515 3510 3512
f 3516 3515 3512
f 3517 3510 3515
f 3517 3518 3510
f 3518 3509 3510
f 3518 3519 3509
f 3513 3509 3519
f 3513 3520 3514
f 3519 3521 3513
f 3523 3522 3518
f 3522 3519 3518
f 3517 3523 3518
f 3522 3524 3519
f 3524 3521 3519
f 3521 3520 3513
f 3524 3525 3521
f 3525 3526 3521
f 3526 3520 3521
f 3532 3531 3528
f 3531 3527 3528
f 3529 3532 3528
f 3531 3533 3527
f 941 3535 940
f 3536 937 940
f 3537 938 936
f 3537 939 938
f 3537 3538 939
f 3539 940 3535
f 3539 3536 940
f 3540 3541 3535
f 3539 3535 3541
f 3542 3536 3539
f 3544 3543 3536
f 3543 937 3536
f 3542 3544 3536
f 3543 3545 937
f 3545 936 937
f 936 3546 3537
f 3547 936 3545
f 3547 3546 936
f 3548 3537 3546
f 3548 3538 3537
f 3541 3549 3539
f 3549 3542 3539
f 3551 3550 3543
f 3550 3545 3543
f 3544 3551 3543
f 3550 3552 3545
f 3547 3545 3552
f 3552 3553 3547
f 3553 3554 3547
f 3554 3546 3547
f 3554 3555 3546
f 3555 3548 3546
f 3557 3556 942
f 3556 944 942
f 3558 942 948
f 3558 3557 942
f 3556 3559 944
f 3560 944 3559
f 945 944 3560
f 3560 3561 945
f 3561 3562 945
f 3562 946 945
f 3563 946 3562
f 3563 3564 946
f 947 946 3564
f 3564 3565 947
f 3565 3566 947
f 3566 948 947
f 3567 3558 948
f 3566 3567 948
f 3568 3557 3558
f 3569 3558 3567
f 3569 3568 3558
f 3570 3557 3568
f 3572 3556 3571
f 3572 3573 3556
f 3573 3559 3556
f 3557 3571 3556
f 3559 3574 3560
f 3574 3575 3560
f 3575 3561 3560
f 3575 3576 3561
f 3576 3577 3561
f 3577 3578 3561
f 3578 3562 3561
f 3577 3579 3578
f 3579 3562 3578
f 3579 3563 3562
f 3580 3564 3563
f 3580 3534 3564
f 3534 3565 3564
f 3534 3533 3565
f 3533 3581 3565
f 3566 3565 3581
f 3533 3582 3581
f 3582 3566 3581
f 3582 3583 3566
f 3583 3567 3566
f 3584 3569 3567
f 3583 3584 3567
f 3571 3557 3570
f 3573 3585 3559
f 3585 3574 3559
f 3587 3586 950
f 3586 949 950
f 3587 950 3588
f 3589 950 951
f 3588 950 3589
f 3590 949 3586
f 3591 949 3590
f 3591 952 949
f 3591 3592 952
f 3593 952 3592
f 3594 952 3593
f 951 952 3594
f 3594 3595 951
f 3595 3589 951
f 3595 3596 3589
f 3596 3597 3589
f 3597 3588 3589
f 3598 3587 3588
f 3597 3599 3588
f 3599 3598 3588
f 3587 2957 3586
f 2957 2962 3586
f 2962 3590 3586
f 3590 3600 3591
f 3600 3601 3591
f 3601 3592 3591
f 2962 3602 3590
f 3602 3600 3590
f 3603 3592 3601
f 3603 3604 3592
f 3593 3592 3604
f 3604 3605 3593
f 3605 3606 3593
f 3606 3594 3593
f 3606 3607 3594
f 3607 3595 3594
f 3607 3608 3595
f 3608 3596 3595
f 3587 2958 2957
f 2954 3602 2962
f 3598 2958 3587
f 2954 3609 3602
f 3609 3610 3602
f 3600 3602 3610
f 3610 3611 3600
f 3611 3601 3600
f 3612 3601 3611
f 3612 3603 3601
f 3614 3613 953
f 3613 3615 953
f 3613 3616 3615
f 3616 3617 3615
f 3621 3620 3618
f 3620 3614 3618
f 3620 3622 3614
f 3622 3613 3614
f 3623 3613 3622
f 3616 3613 3623
f 2389 3624 2388
f 3624 2819 2388
f 3625 3624 2389
f 2400 3625 2389
f 3626 2818 2819
f 3624 3626 2819
f 3627 3624 3625
f 3627 3626 3624
f 3625 2400 3628
f 3629 3625 3628
f 3629 3627 3625
f 2399 3630 2400
f 3630 3628 2400
f 3631 3630 2399
f 2398 3631 2399
f 3632 2352 2316
f 3634 3632 3633
f 3634 2352 3632
f 3634 3635 2352
f 3635 2350 2352
f 3636 2462 2465
f 2595 3636 2465
f 3637 2468 2460
f 3637 2597 2468
f 3638 2595 2608
f 3636 2595 3638
f 3640 3639 955
f 957 955 3639
f 3641 955 961
f 3641 3640 955
f 3639 3642 957
f 3642 3643 957
f 3643 958 957
f 3645 3644 958
f 3645 3646 3644
f 3646 959 3644
f 3646 3647 959
f 959 958 3644
f 3647 960 959
f 3647 3648 960
f 3649 960 3648
f 3649 961 960
f 3650 3641 961
f 3649 3650 961
f 3652 3651 3639
f 3651 3642 3639
f 3640 3652 3639
f 2657 3640 3641
f 2658 3641 3650
f 2658 2657 3641
f 3651 2686 3642
f 2686 3653 3642
f 3653 3643 3642
f 3653 3654 3643
f 3654 3655 3643
f 3655 958 3643
f 3655 3645 958
f 3654 3656 3655
f 3656 3657 3655
f 3657 3645 3655
f 3657 3658 3645
f 3658 3646 3645
f 3659 3646 3658
f 3660 3646 3659
f 3660 3647 3646
f 3660 3661 3647
f 3661 3648 3647
f 3661 3662 3648
f 3662 3663 3648
f 3649 3648 3663
f 3663 3664 3649
f 3664 3650 3649
f 2661 2658 3650
f 3664 2661 3650
f 3665 3640 2656
f 3665 3652 3640
f 2657 2656 3640
f 3667 962 3666
f 3667 964 962
f 963 3668 962
f 3668 3669 962
f 3669 3666 962
f 3670 964 3667
f 3670 3671 964
f 3671 965 964
f 3671 3672 965
f 3672 3673 965
f 3674 965 3673
f 3674 963 965
f 3675 963 3674
f 3675 3668 963
f 3676 3669 3668
f 3677 3668 3675
f 3677 3676 3668
f 3678 3666 3669
f 3676 3679 3669
f 3679 3678 3669
f 3680 3666 3678
f 3680 3681 3666
f 3681 3667 3666
f 3681 3682 3667
f 3682 3670 3667
f 3682 2645 3670
f 2645 2644 3670
f 2644 3671 3670
f 3683 3671 2644
f 3683 3672 3671
f 3683 3684 3672
f 3685 3672 3684
f 3673 3672 3685
f 3685 3686 3673
f 3686 3687 3673
f 3687 3674 3673
f 3687 3688 3674
f 3688 3675 3674
f 3688 3689 3675
f 3689 3677 3675
f 3691 3690 3681
f 3690 3682 3681
f 3680 3691 3681
f 3690 2646 3682
f 2646 2645 3682
f 2643 3683 2644
f 2200 971 972
f 2545 970 2480
f 2544 970 2545
f 2544 972 970
f 3692 972 2544
f 2200 972 3692
f 2546 2480 2479
f 2480 2546 2545
f 3692 2201 2200
f 2532 3692 2544
f 3693 3692 2532
f 2201 3692 3693
f 3694 2425 974
f 2425 976 974
f 2229 3694 974
f 3695 3694 2229
f 2228 3695 2229
f 3697 3694 3696
f 3697 2425 3694
f 3695 3696 3694
f 3697 2418 2425
f 2306 3698 977
f 978 977 3698
f 3698 2424 978
f 3699 3698 2306
f 3700 3698 3699
f 3700 2424 3698
f 2305 3699 2306
f 2290 2424 3700
f 2289 2424 2290
f 3701 3702 979
f 3702 3703 979
f 3703 980 979
f 2315 3702 3701
f 2315 2319 3702
f 3704 3702 2319
f 3704 3703 3702
f 980 3703 3705
f 3704 3706 3703
f 3706 3705 3703
f 3705 3707 980
f 3708 3704 2319
f 2317 3708 2319
f 3709 3707 3705
f 3710 3709 3705
f 3706 3710 3705
f 3712 3707 3709
f 3712 3711 3707
f 2723 3713 983
f 984 982 3714
f 3714 3715 984
f 3715 2725 984
f 3716 983 3713
f 3716 982 983
f 3716 3717 982
f 3717 3714 982
f 2724 3718 2723
f 3718 3713 2723
f 3718 3719 3713
f 3719 3720 3713
f 3716 3713 3720
f 3717 3721 3714
f 3721 3722 3714
f 3722 3715 3714
f 3722 3723 3715
f 3724 3715 3723
f 3724 2725 3715
f 2726 2725 3724
f 3720 3725 3716
f 3725 3717 3716
f 3725 3726 3717
f 3726 3721 3717
f 2292 3727 2293
f 3727 3728 2293
f 3728 2295 2293
f 3729 2292 2294
f 3729 3727 2292
f 3730 2295 3728
f 3731 2295 3730
f 3731 2296 2295
f 3731 3732 2296
f 3732 2273 2296
f 3733 3728 3727
f 3733 3734 3728
f 3734 3730 3728
f 3736 3735 3729
f 3736 3729 2294
f 3735 3737 3729
f 3737 3727 3729
f 3733 3727 3737
f 2290 3700 2294
f 3700 3736 2294
f 2481 2409 2476
f 2133 2132 2169
f 2132 3738 2169
f 3738 2170 2169
f 2214 2170 3738
f 3739 2180 2199
f 2182 2180 3739
f 3740 2072 2082
f 2068 2072 3740
f 3741 2068 3740
f 2064 2068 3741
f 1006 3743 1005
f 3743 3744 1005
f 3744 3742 1005
f 2100 3743 1006
f 3745 3743 2100
f 2099 3745 2100
f 3746 3744 3743
f 3745 3746 3743
f 3744 3746 3747
f 3748 3744 3747
f 3748 3742 3744
f 3747 3749 3748
f 3749 3742 3748
f 3749 3750 3742
f 3751 3745 2099
f 2104 3751 2099
f 3752 3746 3745
f 3751 3752 3745
f 3753 3747 3746
f 3752 3753 3746
f 1880 1898 1878
f 3755 3754 1010
f 3754 1009 1010
f 3756 3755 1010
f 3754 3757 1009
f 3757 3758 1009
f 3759 3755 3756
f 3760 3759 3756
f 3761 3754 3755
f 3761 3762 3754
f 3757 3754 3762
f 3757 3763 3758
f 3763 3764 3758
f 3762 3765 3757
f 3767 3766 3761
f 3766 3762 3761
f 3755 3768 3761
f 3768 3767 3761
f 3766 3769 3762
f 3769 3765 3762
f 3759 3768 3755
f 3765 3763 3757
f 3765 3770 3763
f 3769 3771 3765
f 3771 3770 3765
f 1769 1790 1015
f 1789 1764 1763
f 1768 3773 1769
f 3774 1769 3773
f 3774 1790 1769
f 1791 1790 3774
f 3775 1694 1705
f 3775 1736 1694
f 1699 3776 1705
f 3773 1705 3776
f 3773 3775 1705
f 1767 1735 1736
f 3775 1767 1736
f 3777 3776 1699
f 1701 3777 1699
f 1767 3775 1768
f 3773 1768 3775
f 3779 1019 3778
f 3779 1611 1019
f 1611 1021 1019
f 1020 3780 1019
f 3780 3781 1019
f 3778 1019 3781
f 1610 1020 1021
f 1609 3782 1610
f 3782 3783 1610
f 3783 1020 1610
f 3784 3780 1020
f 3783 3784 1020
f 3780 3785 3781
f 3785 3778 3781
f 3784 3786 3780
f 3786 3787 3780
f 3785 3780 3787
f 3788 3778 3785
f 3790 3789 3778
f 3789 3779 3778
f 3788 3790 3778
f 3789 1611 3779
f 1613 1611 3789
f 1664 3791 1609
f 3791 3782 1609
f 1664 3792 3791
f 3792 3782 3791
f 3792 3793 3782
f 3793 3794 3782
f 3794 3783 3782
f 3794 3795 3783
f 3795 3784 3783
f 3796 3786 3784
f 3795 3796 3784
f 3797 3787 3786
f 3797 3785 3787
f 3797 3798 3785
f 3798 3788 3785
f 3799 1612 3789
f 1612 1613 3789
f 3790 3799 3789
f 3802 3803 3800
f 3803 3804 3800
f 3804 1032 3800
f 3806 3802 3801
f 3808 1022 3807
f 3808 3809 1022
f 1024 1022 3809
f 1023 3810 1022
f 3807 1022 3810
f 3809 3811 1024
f 3811 1396 1024
f 1395 3812 1023
f 3810 1023 3812
f 1395 3813 3812
f 3813 3810 3812
f 3813 3814 3810
f 3814 3807 3810
f 3816 3809 3815
f 3816 3817 3809
f 3815 3809 3808
f 3817 3811 3809
f 3814 3818 3807
f 3818 3819 3807
f 3819 3815 3807
f 3815 3808 3807
f 3817 3820 3811
f 3820 3821 3811
f 3821 1383 3811
f 1383 1396 3811
f 3822 1395 1393
f 3822 3823 1395
f 3813 1395 3823
f 3824 3823 3822
f 3824 3813 3823
f 3824 3825 3813
f 3814 3813 3825
f 3825 3826 3814
f 3827 3814 3826
f 3827 3818 3814
f 3828 3816 3815
f 3828 3815 3819
f 1031 1051 1027
f 1051 1075 1027
f 1030 1028 1073
f 1073 1053 1030
f 1051 3829 1075
f 1042 1075 3829
f 1042 1040 1075
f 1040 1076 1075
f 1050 3829 1051
f 1050 1042 3829
f 3830 1073 1070
f 1053 1073 3830
f 3830 3831 1053
f 3831 1052 1053
f 3804 3832 1032
f 3832 1362 1032
f 3832 3804 3803
f 3832 3833 1362
f 3833 1363 1362
f 3834 3832 3803
f 3834 3835 3832
f 3835 3833 3832
f 3839 3841 3836
f 3841 3837 3836
f 3842 3838 3837
f 3841 3843 3837
f 3843 3842 3837
f 1037 1036 3845
f 3846 1037 3845
f 3846 3847 1037
f 1039 1037 3847
f 3847 1077 1039
f 1077 1076 1039
f 1076 1040 1039
f 1050 1041 1042
f 3848 3849 3845
f 3849 3846 3845
f 3847 3846 3849
f 3850 3847 3849
f 3850 1077 3847
f 1078 1077 3850
f 3851 3831 3830
f 1052 3831 3851
f 3851 3852 1052
f 1070 3853 3830
f 3853 3854 3830
f 3854 3851 3830
f 3853 1354 3854
f 1354 3851 3854
f 1355 3851 1354
f 3855 1067 1097
f 1065 1067 3855
f 3857 3856 1065
f 3856 1069 1065
f 3855 3857 1065
f 3856 1068 1069
f 3858 1068 3856
f 1071 1068 3858
f 3853 1070 1071
f 3858 3859 1071
f 3859 3853 1071
f 3850 1079 1078
f 3860 1079 3850
f 3860 1091 1079
f 3860 3861 1091
f 3861 3862 1091
f 3862 1087 1091
f 1088 1087 3862
f 1113 3863 1097
f 3863 3855 1097
f 3864 3857 3855
f 3863 3864 3855
f 3865 3856 3857
f 3864 3866 3857
f 3866 3865 3857
f 3865 3858 3856
f 3867 3859 3858
f 3865 3868 3858
f 3868 3867 3858
f 3867 3853 3859
f 1354 3853 1356
f 3867 1356 3853
f 3849 3860 3850
f 3869 3860 3849
f 3870 3860 3869
f 3861 3860 3870
f 3870 3862 3861
f 3862 3871 1088
f 3871 3872 1088
f 3872 1089 1088
f 3872 3873 1089
f 3873 1092 1089
f 3874 1092 3873
f 1114 1092 3874
f 3876 3872 3875
f 3877 3872 3876
f 3875 3872 3871
f 3878 3872 3877
f 3878 3873 3872
f 3879 3862 3870
f 3875 3862 3879
f 3871 3862 3875
f 3877 3880 3878
f 3880 3873 3878
f 3874 3873 3880
f 3880 3881 3874
f 3881 3882 3874
f 3882 1106 3874
f 1106 1114 3874
f 3883 1113 1112
f 3883 3863 1113
f 3883 3884 3863
f 3884 3864 3863
f 3882 3885 1106
f 1107 1106 3885
f 3885 3886 1107
f 3886 1122 1107
f 3886 1123 1122
f 3888 1110 3887
f 3888 1111 1110
f 3887 1110 1131
f 1112 1111 3888
f 3888 3889 1112
f 3889 3883 1112
f 3885 3882 3881
f 3890 3885 3881
f 3890 3891 3885
f 3891 3886 3885
f 3891 3892 3886
f 3892 3893 3886
f 3893 1123 3886
f 3893 3894 1123
f 1124 1123 3894
f 3892 3894 3893
f 1129 3895 1130
f 3895 1131 1130
f 3895 3896 1131
f 3896 3887 1131
f 3895 3897 3896
f 3887 3896 3897
f 3898 3888 3887
f 3897 3899 3887
f 3899 3898 3887
f 3898 3889 3888
f 3898 3900 3889
f 3900 3901 3889
f 3901 3883 3889
f 3902 3883 3901
f 3902 3884 3883
f 3902 3864 3884
f 3904 3910 3911
f 3912 3904 3911
f 3912 3905 3904
f 3913 3903 3912
f 3905 3912 3903
f 3914 3907 3903
f 3913 3914 3903
f 3914 3906 3907
f 3915 3909 3906
f 3914 3916 3906
f 3916 3915 3906
f 3915 3908 3909
f 3915 3917 3908
f 3917 3848 3908
f 3894 3918 1124
f 3918 1125 1124
f 3918 1343 1125
f 3919 1129 1342
f 3919 3895 1129
f 3920 3894 3892
f 3920 3921 3894
f 3918 3894 3921
f 3921 3842 3918
f 3842 3922 3918
f 3922 1343 3918
f 3922 3923 1343
f 3923 1344 1343
f 3842 3923 3922
f 1407 1342 1341
f 1407 3924 1342
f 3924 3919 1342
f 1407 3925 3924
f 3919 3924 3925
f 3925 3926 3919
f 3926 3828 3919
f 3828 3895 3919
f 3897 3895 3828
f 3927 1148 1145
f 3839 3840 1148
f 3840 1158 1148
f 3839 1148 3927
f 3840 1144 1158
f 3928 1144 3840
f 3928 3929 1144
f 3929 1143 1144
f 3929 3930 1143
f 3930 1149 1143
f 3927 1145 1344
f 1172 1149 3930
f 1183 3931 1154
f 3931 1155 1154
f 3931 1402 1155
f 3841 3839 3927
f 1344 3923 3927
f 3923 3841 3927
f 1181 3932 1182
f 3932 1183 1182
f 3932 3933 1183
f 3933 3931 1183
f 3932 3934 3933
f 3934 3931 3933
f 3934 3935 3931
f 3935 1402 3931
f 3934 3936 3935
f 3936 1402 3935
f 3936 3937 1402
f 3937 1403 1402
f 1180 1179 1201
f 3938 1181 1180
f 1201 3939 1180
f 3939 3938 1180
f 3932 1181 3938
f 1199 3940 1200
f 1201 1200 3940
f 3940 3941 1201
f 3941 3939 1201
f 3940 3942 3941
f 3942 3939 3941
f 3942 3943 3939
f 3943 3944 3939
f 3944 3938 3939
f 3945 3932 3938
f 3944 3945 3938
f 3934 3932 3945
f 3946 1198 1197
f 1230 3947 1197
f 3947 3946 1197
f 3948 1198 3946
f 3948 1199 1198
f 3948 3940 1199
f 1228 3949 1229
f 3949 1230 1229
f 3949 3950 1230
f 3950 3947 1230
f 3949 3951 3950
f 3951 3947 3950
f 3951 3952 3947
f 3946 3947 3952
f 3952 3953 3946
f 3953 3954 3946
f 3954 3948 3946
f 3940 3948 3955
f 3955 3948 3954
f 3942 3940 3955
f 1278 1310 1286
f 1310 1221 1286
f 1310 3956 1221
f 3956 1220 1221
f 3956 3957 1220
f 3957 1233 1220
f 3956 1310 1315
f 3958 3956 1315
f 3958 3957 3956
f 3958 1233 3957
f 3958 3959 1233
f 3959 1232 1233
f 3959 3960 1232
f 3960 3961 1232
f 3961 1234 1232
f 3962 1228 1234
f 3961 3962 1234
f 3962 3949 1228
f 3949 3962 3963
f 3964 3962 3961
f 3963 3962 3964
f 3951 3949 3963
f 3959 3958 3965
f 3966 3958 1315
f 3965 3958 3966
f 3967 3959 3965
f 3967 3960 3959
f 3961 3960 3967
f 3967 3968 3961
f 3968 3964 3961
f 1246 3969 1247
f 3970 1247 3969
f 1248 1247 3970
f 3970 3971 1248
f 3971 3972 1248
f 1248 3972 1249
f 1250 1249 3972
f 3969 1246 1284
f 3972 3973 1250
f 3973 1291 1250
f 3974 1255 1306
f 1312 1255 3974
f 1283 3975 1284
f 3975 3969 1284
f 3975 3976 3969
f 3970 3969 3976
f 3976 3977 3970
f 3977 3978 3970
f 3978 3971 3970
f 3978 3972 3971
f 3978 3979 3972
f 3979 3973 3972
f 3979 3980 3973
f 3980 3981 3973
f 3981 1291 3973
f 3981 3982 1291
f 3982 1292 1291
f 3982 3983 1292
f 1293 1292 3983
f 3983 1849 1293
f 1849 1848 1293
f 1848 1294 1293
f 1304 3984 1305
f 3984 1306 1305
f 3985 3974 1306
f 3984 3985 1306
f 3985 3986 3974
f 3987 3974 3986
f 3987 1312 3974
f 3987 1313 1312
f 1272 1282 1261
f 1271 3988 1272
f 3988 1282 1272
f 3988 1283 1282
f 1270 1269 1330
f 1330 3989 1270
f 3989 3990 1270
f 3990 1271 1270
f 3989 3991 3990
f 3991 1271 3990
f 3991 3988 1271
f 1330 1329 3992
f 3992 3989 1330
f 3992 3993 3989
f 3993 3991 3989
f 3988 3991 3994
f 3993 3995 3991
f 3994 3991 3995
f 1283 3988 3994
f 3975 1283 3994
f 3995 3996 3994
f 3996 3997 3994
f 3997 3975 3994
f 3996 3976 3997
f 3976 3975 3997
f 1835 1297 1296
f 1835 3998 1297
f 3998 1301 1297
f 3999 3981 3980
f 3999 4000 3981
f 4000 3982 3981
f 4000 4001 3982
f 3983 3982 4001
f 4001 4002 3983
f 4002 1849 3983
f 4002 1850 1849
f 3998 1835 1838
f 4004 4003 1301
f 1303 1301 4003
f 3998 4004 1301
f 1838 4005 3998
f 4005 4006 3998
f 4006 4004 3998
f 4004 4007 4003
f 4007 1303 4003
f 4007 4008 1303
f 4008 1304 1303
f 4009 1304 4008
f 3984 1304 4009
f 4011 4004 4010
f 4011 4007 4004
f 4010 4004 4006
f 4012 4007 4011
f 4012 4008 4007
f 4012 4013 4008
f 4013 4009 4008
f 4013 4014 4009
f 4014 4015 4009
f 4015 3984 4009
f 3985 3984 4015
f 3986 3985 4016
f 4015 4017 3985
f 4016 3985 4017
f 4016 3987 3986
f 1314 1313 3966
f 4018 1313 3987
f 3966 1313 4018
f 3966 1315 1314
f 4016 4019 3987
f 4019 4018 3987
f 4019 4020 4018
f 3965 4018 4020
f 3965 3966 4018
f 1327 1326 4021
f 4021 1326 1684
f 4022 1327 4021
f 4022 1328 1327
f 4022 1329 1328
f 4022 3992 1329
f 1781 4021 1684
f 1781 4023 4021
f 4023 4022 4021
f 3992 4022 4024
f 4024 4022 4023
f 3993 3992 4024
f 1677 1670 1792
f 3925 1407 1408
f 3843 3923 3842
f 3843 3841 3923
f 1349 1356 3867
f 3867 3868 1349
f 3868 4025 1349
f 4025 1351 1349
f 4026 1351 4025
f 4027 1351 4026
f 4027 4028 1351
f 1352 1351 4028
f 4028 4029 1352
f 4029 1353 1352
f 3868 4026 4025
f 3865 4026 3868
f 3865 4031 4026
f 4031 4032 4026
f 4032 4027 4026
f 4032 4028 4027
f 4032 4033 4028
f 4029 4028 4033
f 4034 4029 4033
f 4034 4035 4029
f 4030 4029 4035
f 4035 4036 4030
f 1364 1363 3833
f 1392 1364 3833
f 1391 1427 1365
f 1427 1366 1365
f 1427 1367 1366
f 1427 1426 1367
f 3835 1392 3833
f 3835 1394 1392
f 1425 1431 1426
f 3821 4037 1383
f 1382 1383 4037
f 4037 4038 1382
f 4038 4039 1382
f 4039 1385 1382
f 4039 4040 1385
f 4041 1385 4040
f 1386 1385 4041
f 1417 1386 4041
f 4038 4040 4039
f 3835 1393 1394
f 3835 3822 1393
f 4037 3821 3820
f 4042 4037 3820
f 4042 4043 4037
f 4043 4038 4037
f 4043 4044 4038
f 4044 4045 4038
f 4045 4040 4038
f 4045 4046 4040
f 4047 4040 4046
f 4040 4047 4041
f 4047 4048 4041
f 4048 1417 4041
f 4048 4049 1417
f 4049 1419 1417
f 4050 3835 3834
f 4050 3822 3835
f 3824 3822 4050
f 4044 4046 4045
f 3936 4051 3937
f 4051 1403 3937
f 4051 4052 1403
f 4052 1405 1403
f 4051 4053 4052
f 4053 1405 4052
f 4053 4054 1405
f 4054 4044 1405
f 4044 1404 1405
f 4043 1406 1404
f 4044 4043 1404
f 4043 1409 1406
f 4043 4042 1409
f 4042 3820 1409
f 3820 1408 1409
f 3817 3925 1408
f 3820 3817 1408
f 4055 3936 3934
f 3936 4055 4056
f 4051 3936 4056
f 4051 4056 4057
f 4053 4051 4057
f 4053 4057 4058
f 4046 4053 4058
f 4046 4054 4053
f 4046 4044 4054
f 3816 3925 3817
f 3816 3926 3925
f 4049 4059 1419
f 4059 4060 1419
f 1420 1419 4060
f 4060 1479 1420
f 1490 4061 1423
f 4061 1424 1423
f 1431 1425 1424
f 4061 1431 1424
f 4048 4059 4049
f 4047 4062 4048
f 4062 4063 4048
f 4063 4059 4048
f 4063 4064 4059
f 4064 4065 4059
f 4060 4059 4065
f 4065 4066 4060
f 4066 1480 4060
f 1480 1479 4060
f 1491 4061 1490
f 1491 1499 4061
f 1499 1432 4061
f 1432 1431 4061
f 4062 4064 4063
f 4068 1453 4067
f 4068 4069 1453
f 1452 4070 1453
f 4070 4067 1453
f 4069 1449 1453
f 4069 4071 1449
f 4071 1450 1449
f 1451 1450 4071
f 4072 1451 4071
f 4072 4073 1451
f 4073 1454 1451
f 1469 4074 1452
f 4074 4070 1452
f 4073 4075 1454
f 4075 4076 1454
f 1455 1454 4076
f 4076 4077 1455
f 4077 4078 1455
f 4078 1457 1455
f 4078 1456 1457
f 4078 4079 1456
f 1458 1456 4079
f 4079 4080 1458
f 4080 4081 1458
f 4081 4082 1458
f 4082 1459 1458
f 4081 4083 4082
f 4083 1459 4082
f 4083 1461 1459
f 4083 4084 1461
f 4084 4085 1461
f 4085 1462 1461
f 1460 1462 4085
f 4086 1463 1460
f 4085 4087 1460
f 4087 4086 1460
f 4088 1463 4086
f 4088 1466 1463
f 1465 1466 4088
f 1480 1464 1465
f 4088 1481 1465
f 1468 1464 4065
f 1480 4066 1464
f 4065 1464 4066
f 4065 1467 1468
f 4064 1467 4065
f 1469 1467 4064
f 4064 4089 1469
f 4089 4074 1469
f 4091 4069 4090
f 4091 4092 4069
f 4071 4069 4092
f 4090 4069 4068
f 4092 4093 4071
f 4093 4072 4071
f 4073 4072 4093
f 4093 4094 4073
f 4067 4090 4068
f 4075 4073 4094
f 4067 4070 4056
f 4074 4095 4070
f 4056 4070 4095
f 4095 4074 4057
f 4089 4096 4074
f 4057 4074 4096
f 4057 4056 4095
f 4055 4090 4067
f 4056 4055 4067
f 4075 4097 4076
f 4097 4098 4076
f 4098 4099 4076
f 4099 4077 4076
f 4099 4078 4077
f 4100 4078 4099
f 4079 4078 4100
f 4101 4075 4094
f 4101 4102 4075
f 4097 4075 4102
f 4100 4103 4079
f 4103 4104 4079
f 4104 4080 4079
f 4104 4081 4080
f 4104 1584 4081
f 1565 4081 1584
f 1565 4083 4081
f 1582 4083 1565
f 1582 4084 4083
f 4105 4085 4084
f 4106 4084 1582
f 4106 4105 4084
f 4105 4107 4085
f 4107 4087 4085
f 4086 4087 4107
f 4108 4088 4086
f 4107 4109 4086
f 4109 4108 4086
f 1482 4088 4108
f 1482 1481 4088
f 4062 4089 4064
f 4096 4089 4058
f 4058 4089 4062
f 4058 4057 4096
f 1482 4108 1483
f 4108 4110 1483
f 4110 1484 1483
f 4110 4111 1484
f 4111 4112 1484
f 4112 4113 1484
f 4113 1485 1484
f 4112 4114 4113
f 4114 1485 4113
f 4114 4115 1485
f 4115 1487 1485
f 4114 4116 4115
f 4116 1487 4115
f 4116 4117 1487
f 4117 4118 1487
f 4118 1486 1487
f 4119 1488 1486
f 4118 4119 1486
f 4119 1489 1488
f 4119 4120 1489
f 4120 1495 1489
f 1495 1491 1489
f 4109 4121 4108
f 4121 4110 4108
f 4122 4111 4110
f 4121 4122 4110
f 4122 4112 4111
f 4122 1532 4112
f 1511 4112 1532
f 1511 4114 4112
f 1530 4114 1511
f 1530 4116 4114
f 4124 4116 4123
f 4124 4117 4116
f 4123 4116 1530
f 4124 4118 4117
f 4124 4125 4118
f 4125 4126 4118
f 4126 4119 4118
f 4127 4119 4126
f 4127 4120 4119
f 1495 4120 4127
f 4127 1496 1495
f 4127 1497 1496
f 4128 1497 4127
f 1497 4128 1498
f 4128 4129 1498
f 4129 4130 1498
f 4127 4126 4128
f 4126 4131 4128
f 4131 4132 4128
f 4132 4129 4128
f 4132 4130 4129
f 4132 1548 4130
f 4133 1537 1535
f 4133 1578 1537
f 4134 1537 1578
f 1537 4134 1516
f 4134 4135 1516
f 4135 4136 1516
f 4136 1517 1516
f 4137 1518 1517
f 4136 4137 1517
f 4137 1519 1518
f 1521 1519 4138
f 4137 4139 1519
f 4138 1519 4139
f 1521 4138 4140
f 4141 1521 4140
f 4141 1522 1521
f 4141 1523 1522
f 4141 4142 1523
f 4142 4143 1523
f 4143 1524 1523
f 4144 1526 1524
f 4143 4144 1524
f 4144 1527 1526
f 4144 1549 1527
f 1547 1528 1527
f 1547 4145 1528
f 4145 1529 1528
f 1531 1529 4123
f 4145 4146 1529
f 4123 1529 4146
f 4123 1530 1531
f 4122 4147 1532
f 4147 1533 1532
f 1534 1533 4147
f 4148 1534 4147
f 4148 4149 1534
f 4149 1535 1534
f 4149 1580 1535
f 1580 4133 1535
f 1578 4133 1580
f 1578 1576 4134
f 1576 4150 4134
f 4150 4151 4134
f 4151 4135 4134
f 4151 4136 4135
f 4151 4152 4136
f 4152 4137 4136
f 4152 4153 4137
f 4139 4137 4153
f 4153 4154 4139
f 4154 4155 4139
f 4155 4156 4139
f 4156 4138 4139
f 4155 4157 4156
f 4138 4156 4157
f 4157 4158 4138
f 4158 4140 4138
f 4157 4159 4158
f 4140 4158 4159
f 4160 4141 4140
f 4159 4161 4140
f 4161 4160 4140
f 4162 4141 4160
f 4162 4142 4141
f 4143 4142 4162
f 4162 4163 4143
f 4163 4164 4143
f 4164 4144 4143
f 1550 4144 4164
f 1550 1549 4144
f 1546 4145 1547
f 4146 4145 4165
f 1546 4166 4145
f 4165 4145 4166
f 4165 4123 4146
f 4165 4124 4123
f 4121 4167 4122
f 4167 4147 4122
f 4167 4168 4147
f 4168 4148 4147
f 4149 4148 4168
f 4169 4149 4168
f 4169 1581 4149
f 1581 1580 4149
f 4170 1548 4132
f 1545 1548 4170
f 4170 1546 1545
f 4166 1546 4170
f 1550 4164 1551
f 4164 4171 1551
f 4171 4172 1551
f 4172 1552 1551
f 4174 4173 1552
f 4172 4174 1552
f 4175 4165 4170
f 4132 4175 4170
f 4165 4166 4170
f 4131 4175 4132
f 4163 4176 4164
f 4176 4171 4164
f 4176 4172 4171
f 4176 4177 4172
f 4177 4174 4172
f 4177 4178 4174
f 4179 4174 4178
f 4180 1589 1587
f 4180 4181 1589
f 1570 1589 4181
f 4181 4182 1570
f 4182 1571 1570
f 4182 4183 1571
f 4183 4184 1571
f 1571 4184 1572
f 4184 1573 1572
f 4184 4185 1573
f 4186 1573 4185
f 4186 1574 1573
f 4187 1575 1574
f 4188 1574 4186
f 4188 4187 1574
f 4187 4189 1575
f 4189 1577 1575
f 1576 1577 4189
f 4189 4150 1576
f 1583 1581 4106
f 4106 1581 4169
f 4106 1582 1583
f 4190 1584 4104
f 4190 1585 1584
f 1586 1585 4190
f 4191 1586 4190
f 4191 4192 1586
f 1587 1586 4192
f 4192 4193 1587
f 4193 4180 1587
f 4194 4181 4180
f 4194 4195 4181
f 4195 4196 4181
f 4182 4181 4196
f 4196 4197 4182
f 4197 4198 4182
f 4198 4183 4182
f 4198 4184 4183
f 4198 4199 4184
f 4185 4184 4199
f 4193 4200 4180
f 4200 4194 4180
f 4199 4201 4185
f 4201 4202 4185
f 4202 4203 4185
f 4203 4186 4185
f 4202 4204 4203
f 4204 4186 4203
f 4204 4205 4186
f 4205 4188 4186
f 4204 4206 4205
f 4206 4188 4205
f 4206 4207 4188
f 4207 4208 4188
f 4208 4187 4188
f 4209 4189 4187
f 4208 4209 4187
f 4209 4151 4189
f 4151 4150 4189
f 4168 4106 4169
f 4105 4106 4168
f 4103 4210 4104
f 4190 4104 4210
f 4210 4211 4190
f 4211 4191 4190
f 4192 4191 4211
f 4212 4192 4211
f 4212 4193 4192
f 4213 4193 4212
f 4213 4214 4193
f 4214 4200 4193
f 4195 4194 4200
f 4215 4200 4214
f 4215 4216 4200
f 4216 4195 4200
f 4217 1600 1597
f 4218 1846 1600
f 1846 1601 1600
f 4218 1600 4217
f 4219 1597 1612
f 4219 4217 1597
f 3799 4219 1612
f 4220 4218 4217
f 4221 4217 4219
f 4221 4220 4217
f 3799 4202 4219
f 4202 4221 4219
f 4222 1847 4218
f 1846 4218 1847
f 4220 4222 4218
f 1665 3792 1664
f 3790 4204 3799
f 4204 4202 3799
f 4157 1646 1628
f 1626 4159 1628
f 4159 4157 1628
f 4223 1630 1645
f 4223 4224 1630
f 4224 1647 1630
f 4159 1626 4161
f 1644 4225 1626
f 4161 1626 4225
f 4224 3796 1647
f 3796 4226 1647
f 1631 1647 4226
f 4226 4227 1631
f 4227 1632 1631
f 4227 4228 1632
f 4228 4229 1632
f 4229 1633 1632
f 4229 1634 1633
f 4230 1637 1636
f 4230 1638 1637
f 4230 4231 1638
f 4231 4232 1638
f 4232 1639 1638
f 4233 1640 1639
f 4232 4233 1639
f 1656 1640 4233
f 1656 4234 1640
f 1642 1640 4234
f 1656 1654 4234
f 1654 1642 4234
f 1654 4235 1642
f 4235 1643 1642
f 4235 4236 1643
f 4236 1644 1643
f 4225 1644 4237
f 4236 4238 1644
f 4237 1644 4238
f 4237 4161 4225
f 4160 4161 4237
f 4155 4239 1646
f 4157 4155 1646
f 4239 1645 1646
f 4239 4240 1645
f 4240 4223 1645
f 4240 4224 4223
f 4241 4224 4240
f 4241 3786 4224
f 3786 3796 4224
f 3796 3795 4226
f 3795 4242 4226
f 4242 4227 4226
f 4243 4228 4227
f 4243 4229 4228
f 4242 4244 4227
f 4244 4243 4227
f 4245 4231 4230
f 4232 4231 4245
f 4245 4246 4232
f 4246 4247 4232
f 4247 4233 4232
f 1650 1656 4233
f 4247 1650 4233
f 1652 4235 1654
f 1652 4248 4235
f 4248 4236 4235
f 4238 4236 4249
f 4248 4250 4236
f 4249 4236 4250
f 4249 4237 4238
f 4251 4237 4249
f 4251 4160 4237
f 4253 4252 4239
f 4155 4253 4239
f 4252 4240 4239
f 4252 3797 4240
f 3797 4241 4240
f 4154 4253 4155
f 3797 3786 4241
f 1651 1650 4247
f 4247 4254 1651
f 4254 4255 1651
f 4256 1653 4179
f 4256 4248 1653
f 4248 1652 1653
f 4246 4257 4247
f 4257 4254 4247
f 4257 4255 4254
f 4257 4258 4255
f 4178 4256 4179
f 4178 4248 4256
f 4250 4248 4178
f 4259 3792 1665
f 4259 4260 3792
f 4260 3793 3792
f 4261 4260 4259
f 4260 3794 3793
f 1791 4262 1792
f 4262 1677 1792
f 4263 1677 4262
f 4263 1678 1677
f 1679 1678 4263
f 4263 4264 1679
f 4264 4265 1679
f 4265 4266 1679
f 4266 1680 1679
f 4265 4267 4266
f 4267 1680 4266
f 4267 1682 1680
f 1775 1682 4267
f 1791 4268 4262
f 4268 4269 4262
f 4262 4269 4263
f 4269 4264 4263
f 4269 1800 4264
f 1800 1799 4264
f 1799 4265 4264
f 1799 1801 4265
f 1801 4267 4265
f 1801 1807 4267
f 1775 4267 1807
f 4023 1781 1782
f 1934 1698 1697
f 1978 1698 1934
f 1978 1702 1698
f 1800 3777 1701
f 4270 1702 1978
f 4271 1702 4270
f 1703 1702 4271
f 4271 1802 1703
f 1977 4270 1978
f 4269 3777 1800
f 4272 3776 3777
f 4269 4272 3777
f 3774 3776 4272
f 3774 3773 3776
f 4273 1802 4271
f 4273 1804 1802
f 1977 4274 4270
f 4274 4275 4270
f 4275 4271 4270
f 4275 4273 4271
f 2141 1751 1713
f 4276 2137 2140
f 4276 1956 2137
f 2137 1956 2141
f 1956 1949 2141
f 1751 2141 1949
f 1949 1752 1751
f 1725 3772 1724
f 4277 3772 1725
f 1730 4277 1725
f 1765 1730 1726
f 1765 4278 1730
f 4278 4277 1730
f 4278 2045 4277
f 4278 1765 1766
f 1766 4279 4278
f 4279 2045 4278
f 1963 1964 1745
f 4280 1963 1962
f 1963 4280 4281
f 1964 1963 4281
f 1964 4281 1965
f 4282 1766 1764
f 4279 1766 4282
f 1789 4282 1764
f 4283 4282 1789
f 1787 4283 1789
f 4272 1791 3774
f 1829 4284 1779
f 4284 1780 1779
f 4285 1782 1780
f 4284 4285 1780
f 4285 4286 1782
f 4023 1782 4286
f 4287 1829 1828
f 4287 4288 1829
f 4284 1829 4288
f 1827 4289 1828
f 4289 4287 1828
f 4288 4290 4284
f 4290 4285 4284
f 4291 4286 4285
f 4290 4291 4285
f 4291 4292 4286
f 4024 4286 4292
f 4024 4023 4286
f 4272 4268 1791
f 4269 4268 4272
f 4293 1804 4273
f 4294 1804 4293
f 1805 1804 4294
f 4294 1817 1805
f 4275 4295 4273
f 4293 4273 4295
f 4295 4296 4293
f 4296 4297 4293
f 4297 4294 4293
f 4297 4298 4294
f 4298 1817 4294
f 4298 1818 1817
f 4298 4299 1818
f 4299 1819 1818
f 4299 4300 1819
f 4300 1903 1819
f 4301 4298 4297
f 4301 4299 4298
f 4301 4302 4299
f 4302 4300 4299
f 4302 4303 4300
f 4303 4304 4300
f 4304 1903 4300
f 4304 1904 1903
f 1897 4289 1827
f 1901 4305 1897
f 4289 1897 4305
f 4305 4306 4289
f 4306 4287 4289
f 4307 4288 4287
f 4306 4307 4287
f 4307 4308 4288
f 4290 4288 4308
f 1847 4005 1838
f 1852 4309 1843
f 4309 1858 1843
f 1858 1844 1843
f 4005 1847 4006
f 4006 1847 4222
f 4002 4310 1850
f 4310 1851 1850
f 4310 4311 1851
f 4311 1852 1851
f 4311 4312 1852
f 4312 4309 1852
f 4312 4313 4309
f 4313 1861 4309
f 1861 1858 4309
f 4220 4314 4222
f 4010 4222 4314
f 4010 4006 4222
f 4315 4002 4001
f 4315 4310 4002
f 4315 4316 4310
f 4316 4311 4310
f 4316 4317 4311
f 4317 4312 4311
f 4317 4318 4312
f 4318 4313 4312
f 1861 4319 1859
f 4319 4320 1859
f 4320 1860 1859
f 4320 4321 1860
f 4321 1862 1860
f 4321 4322 1862
f 4322 4323 1862
f 1862 4323 1863
f 4323 4324 1863
f 4324 1864 1863
f 4313 4319 1861
f 4313 4325 4319
f 4325 4326 4319
f 4320 4319 4326
f 4326 4327 4320
f 4327 4321 4320
f 4327 4328 4321
f 4328 4322 4321
f 4318 4325 4313
f 4330 4322 4329
f 4330 4323 4322
f 4322 4328 4329
f 4330 4331 4323
f 4331 4324 4323
f 4332 1898 1880
f 1892 4332 1880
f 4333 1881 1904
f 1882 1881 4333
f 4333 4334 1882
f 4334 1883 1882
f 4334 4335 1883
f 4335 4336 1883
f 4336 1884 1883
f 4336 4337 1884
f 4337 1885 1884
f 4338 1885 4337
f 4338 1886 1885
f 1889 4339 1890
f 4339 4340 1890
f 1891 1890 4340
f 4338 4341 1886
f 4341 4342 1886
f 4342 1887 1886
f 4342 4343 1887
f 4343 1888 1887
f 4343 4344 1888
f 4344 1889 1888
f 4344 4345 1889
f 4345 4339 1889
f 4340 4346 1891
f 4346 1892 1891
f 4346 4347 1892
f 4347 4332 1892
f 4332 4348 1898
f 4348 1899 1898
f 4349 4348 4332
f 4347 4349 4332
f 1904 4304 4333
f 4304 4350 4333
f 4350 4334 4333
f 4350 4351 4334
f 4351 4335 4334
f 4351 4352 4335
f 4352 4353 4335
f 4353 4336 4335
f 4353 4354 4336
f 4354 4337 4336
f 4355 4337 4354
f 4355 4338 4337
f 4355 4356 4338
f 4356 4341 4338
f 4345 4357 4339
f 4357 4358 4339
f 4358 4340 4339
f 4358 4359 4340
f 4346 4340 4359
f 4360 4341 4356
f 4341 4360 4361
f 4342 4341 4361
f 4342 4361 4362
f 4343 4342 4362
f 4343 4362 4363
f 4344 4343 4363
f 4364 4344 4363
f 4364 4345 4344
f 4365 4345 4364
f 4365 4357 4345
f 4359 4366 4346
f 4366 4347 4346
f 4366 4367 4347
f 4367 4349 4347
f 4348 4368 1899
f 1900 1899 4368
f 4348 4369 4368
f 4369 1900 4368
f 4369 4370 1900
f 4370 1901 1900
f 4371 4305 1901
f 4370 4371 1901
f 4371 4372 4305
f 4306 4305 4372
f 4349 4373 4348
f 4373 4369 4348
f 4373 4374 4369
f 4374 4370 4369
f 4374 4375 4370
f 4375 4371 4370
f 4376 4371 4375
f 4376 4372 4371
f 4350 4304 4303
f 1913 1912 4377
f 4378 1912 1925
f 4377 1912 4378
f 4379 1913 4377
f 4379 1914 1913
f 1915 1914 4380
f 4379 4381 1914
f 4381 4380 1914
f 4380 1994 1915
f 1930 4382 1920
f 4382 4383 1920
f 4383 1921 1920
f 4383 4384 1921
f 1922 1921 4384
f 4384 4385 1922
f 4385 4386 1922
f 4386 1923 1922
f 4386 4387 1923
f 4387 1924 1923
f 4387 4388 1924
f 4388 1925 1924
f 4388 4389 1925
f 4389 4378 1925
f 4389 4390 4378
f 4390 4391 4378
f 4391 4377 4378
f 4391 4392 4377
f 4392 4379 4377
f 4393 4381 4379
f 4392 4393 4379
f 4381 4394 4380
f 4395 4380 4394
f 4395 1994 4380
f 4395 1997 1994
f 4393 4396 4381
f 4396 4394 4381
f 1927 4397 1928
f 4397 4398 1928
f 4398 1929 1928
f 4398 4399 1929
f 4399 1930 1929
f 4399 4400 1930
f 4400 4382 1930
f 1996 4397 1927
f 4400 4401 4382
f 4401 4402 4382
f 4402 4383 4382
f 4402 4403 4383
f 4384 4383 4403
f 4403 4404 4384
f 4404 4385 4384
f 4405 4385 4404
f 4405 4406 4385
f 4406 4386 4385
f 4406 4407 4386
f 4407 4387 4386
f 4407 4408 4387
f 4408 4388 4387
f 4408 4409 4388
f 4409 4389 4388
f 4409 4410 4389
f 4410 4390 4389
f 1995 4411 1996
f 1996 4412 4397
f 4412 4413 4397
f 4413 4398 4397
f 4414 4398 4413
f 4399 4398 4414
f 4412 1996 4411
f 4414 4415 4399
f 4415 4400 4399
f 4415 4416 4400
f 4416 4401 4400
f 4417 1939 1945
f 4417 1972 1939
f 4418 1943 1965
f 1944 1943 4418
f 4418 4419 1944
f 4419 1945 1944
f 4419 4420 1945
f 4420 4417 1945
f 4421 4420 4419
f 4421 4417 4420
f 4421 4422 4417
f 4422 4423 4417
f 4423 1972 4417
f 4423 1973 1972
f 4274 1977 1976
f 4281 4424 1965
f 4424 4418 1965
f 4424 4425 4418
f 4425 4419 4418
f 4425 4426 4419
f 4426 4421 4419
f 4276 1955 1956
f 2213 1955 4276
f 4427 2155 2154
f 4428 2155 4427
f 4428 1966 2155
f 4428 1967 1966
f 2140 4429 4276
f 4429 2213 4276
f 4429 4430 2213
f 4430 2148 2213
f 4430 2146 2148
f 4280 1962 1967
f 4428 4431 1967
f 4280 1967 4431
f 4431 4432 4280
f 4432 4281 4280
f 4432 4424 4281
f 4432 4433 4424
f 4433 4425 4424
f 4434 4428 4427
f 4431 4428 4434
f 4434 4435 4431
f 4435 4432 4431
f 4423 4436 1973
f 4436 4437 1973
f 4437 1974 1973
f 1984 1974 4437
f 1991 4274 1976
f 4438 4423 4422
f 4436 4423 4438
f 4438 4439 4436
f 4439 4440 4436
f 4440 4441 4436
f 4441 4437 4436
f 4440 4442 4441
f 4442 4437 4441
f 4442 1984 4437
f 4442 1985 1984
f 1989 4443 1991
f 4443 4444 1991
f 4274 1991 4444
f 4444 4275 4274
f 1988 4445 1989
f 4445 4443 1989
f 4446 1985 4442
f 4447 1985 4446
f 1986 1985 4447
f 4447 1995 1986
f 1998 4445 1988
f 4440 4448 4442
f 4446 4442 4448
f 4448 4449 4446
f 4449 4450 4446
f 4450 4447 4446
f 4450 4411 4447
f 4411 1995 4447
f 4451 1998 1997
f 4452 1998 4451
f 4452 4445 1998
f 4443 4445 4453
f 4453 4445 4452
f 4454 4443 4453
f 4454 4444 4443
f 4454 4295 4444
f 4295 4275 4444
f 4395 4451 1997
f 4450 4455 4411
f 4455 4412 4411
f 4394 4456 4395
f 4456 4451 4395
f 4455 4457 4412
f 4457 4413 4412
f 4456 4458 4451
f 4458 4452 4451
f 4458 4459 4452
f 4459 4453 4452
f 4460 2026 2012
f 4461 2012 2010
f 4461 4460 2012
f 2023 4462 2008
f 4462 4463 2008
f 2024 2008 4463
f 2010 2025 4464
f 4464 4461 2010
f 2030 4465 2016
f 4465 2017 2016
f 4465 4466 2017
f 2018 2017 4466
f 4466 4467 2018
f 4467 4468 2018
f 4468 2019 2018
f 4468 4469 2019
f 4469 2020 2019
f 2020 4469 4470
f 4470 4471 2020
f 4471 4472 2020
f 4472 2021 2020
f 4472 4473 2021
f 4473 2022 2021
f 4473 4474 2022
f 4474 2023 2022
f 4462 2023 4475
f 4475 2023 4474
f 4463 4476 2024
f 4476 2025 2024
f 4476 4477 2025
f 4464 2025 4477
f 4478 4462 4475
f 4478 4479 4462
f 4479 4463 4462
f 4479 4480 4463
f 4476 4463 4480
f 4481 4460 4461
f 4464 4482 4461
f 4482 4481 4461
f 4477 4483 4464
f 4483 4482 4464
f 4485 4484 2026
f 2027 2026 4484
f 4460 4485 2026
f 4484 4486 2027
f 4486 2028 2027
f 4487 4485 4460
f 4481 4487 4460
f 4486 4488 2028
f 4488 2029 2028
f 2029 4489 2030
f 4489 4490 2030
f 4490 4465 2030
f 4491 2029 4488
f 4491 4489 2029
f 4490 4492 4465
f 4492 4466 4465
f 4492 4493 4466
f 4493 4467 4466
f 4493 4494 4467
f 4494 4495 4467
f 4495 4468 4467
f 4495 3099 4468
f 3099 4496 4468
f 4496 4469 4468
f 3099 3081 4496
f 3081 4469 4496
f 3081 4470 4469
f 3081 3082 4470
f 3082 4497 4470
f 4497 4471 4470
f 4497 4472 4471
f 4497 4498 4472
f 4498 4473 4472
f 4498 4499 4473
f 4499 4500 4473
f 4500 4474 4473
f 4500 4501 4474
f 4501 4475 4474
f 4501 4502 4475
f 4502 4478 4475
f 4479 4439 4480
f 4439 4476 4480
f 4439 4438 4476
f 4438 4477 4476
f 4422 4477 4438
f 4422 4483 4477
f 4504 4503 4484
f 4503 4486 4484
f 4485 4504 4484
f 4503 4505 4486
f 4505 4488 4486
f 4507 4485 4506
f 4507 4504 4485
f 4487 4506 4485
f 4505 4508 4488
f 4508 4491 4488
f 4491 4509 4489
f 4509 4510 4489
f 4510 4490 4489
f 4510 4511 4490
f 4511 4492 4490
f 4508 4512 4491
f 4509 4491 4512
f 4513 4514 2036
f 4514 2037 2036
f 4514 4515 2037
f 4515 2043 2037
f 2056 2038 2039
f 4516 2038 2056
f 2057 2041 2044
f 2043 2057 2044
f 4515 4517 2043
f 4517 2058 2043
f 2057 2043 2058
f 4518 4519 4513
f 4519 4514 4513
f 4519 4520 4514
f 4520 4515 4514
f 4520 4521 4515
f 4521 4517 4515
f 4516 2056 4522
f 4522 2056 2054
f 4522 4523 4516
f 4517 4524 2058
f 4524 2059 2058
f 4521 4525 4517
f 4525 4524 4517
f 4523 4530 4526
f 4527 4526 4530
f 4530 4531 4527
f 4531 4529 4527
f 4531 4532 4529
f 4533 4528 4529
f 4532 4533 4529
f 4534 4528 4533
f 4536 4535 2055
f 4535 2054 2055
f 2064 4536 2055
f 4535 4522 2054
f 4524 2060 2059
f 4524 4537 2060
f 4537 2061 2060
f 4537 4538 2061
f 4538 2065 2061
f 4536 2064 3741
f 4538 4539 2065
f 4539 2069 2065
f 4531 4535 4536
f 4531 4536 4532
f 4532 4536 3741
f 4522 4535 4530
f 4530 4535 4531
f 4530 4523 4522
f 4525 4540 4524
f 4540 4537 4524
f 4540 4541 4537
f 4541 4538 4537
f 4541 4542 4538
f 4542 4539 4538
f 4539 4543 2069
f 4543 2073 2069
f 4544 4532 3741
f 3740 4544 3741
f 4542 4545 4539
f 4545 4543 4539
f 2073 4546 2070
f 4546 2083 2070
f 4543 4547 2073
f 4547 4546 2073
f 4548 4546 4547
f 4549 4548 4547
f 4550 4544 3740
f 2082 4550 3740
f 4545 4551 4543
f 4551 4547 4543
f 4545 4552 4551
f 4552 4553 4551
f 4549 4547 4551
f 4553 4549 4551
f 2085 4546 4548
f 2085 2083 4546
f 4554 4550 2082
f 2080 4554 2082
f 4553 4555 4549
f 4556 4548 4549
f 4555 4556 4549
f 4557 2085 4548
f 4556 4557 4548
f 4557 2086 2085
f 4559 2081 4558
f 2080 2081 4559
f 2088 4558 2081
f 4554 2080 4559
f 4557 4560 2086
f 4560 2089 2086
f 2124 4558 2088
f 4560 3738 2089
f 3738 2132 2089
f 4562 4561 4558
f 4561 4559 4558
f 2124 4562 4558
f 4563 4554 4559
f 4561 4563 4559
f 4564 4550 4554
f 4563 4564 4554
f 4565 4544 4550
f 4564 4565 4550
f 4556 4566 4557
f 4560 4557 4566
f 4566 2214 4560
f 2214 3738 4560
f 4567 4562 2124
f 2123 4567 2124
f 2112 2098 2097
f 2112 2415 2098
f 2415 2101 2098
f 2415 2419 2101
f 2419 4568 2101
f 4568 2102 2101
f 4568 4569 2102
f 4569 2103 2102
f 4570 2104 2103
f 4569 4570 2103
f 4571 3751 2104
f 4570 4571 2104
f 3751 4571 4572
f 4572 3752 3751
f 2419 4573 4568
f 4573 4574 4568
f 4574 4569 4568
f 4574 4575 4569
f 4570 4569 4575
f 4573 2419 2417
f 4575 4576 4570
f 4576 4571 4570
f 4577 4572 4571
f 4576 4577 4571
f 4578 4579 2109
f 4579 2110 2109
f 4579 4580 2110
f 4580 2113 2110
f 4580 2269 2113
f 4581 4582 4578
f 4582 4583 4578
f 4583 4579 4578
f 4583 4584 4579
f 4584 4580 4579
f 4584 2268 4580
f 2268 2269 4580
f 4585 2123 2130
f 4585 4567 2123
f 2130 2131 4586
f 4587 4586 2131
f 2146 4587 2131
f 4586 4585 2130
f 4588 4585 4586
f 4588 4589 4585
f 4589 4567 4585
f 4589 4590 4567
f 4590 4562 4567
f 4561 4562 4591
f 4590 4591 4562
f 4430 4587 2146
f 4586 4587 4592
f 4593 4592 4587
f 4430 4593 4587
f 4592 4588 4586
f 2138 4594 2139
f 4594 4595 2139
f 4595 2142 2139
f 4596 4594 2138
f 4595 4593 2142
f 4593 4429 2142
f 4429 2140 2142
f 4599 4598 4597
f 4595 4597 4598
f 4594 4597 4595
f 4596 4599 4594
f 4599 4597 4594
f 4598 4592 4595
f 4592 4593 4595
f 4593 4430 4429
f 2166 4600 2153
f 4600 2154 2153
f 4600 4601 2154
f 2154 4601 4427
f 4602 2165 2164
f 4602 2166 2165
f 4602 4603 2166
f 4603 4600 2166
f 4603 4604 4600
f 4601 4600 4604
f 4604 4605 4601
f 4605 4606 4601
f 4606 4427 4601
f 4606 4434 4427
f 4607 2162 2174
f 4607 4608 2162
f 4608 2163 2162
f 4608 4609 2163
f 4609 2164 2163
f 4609 4602 2164
f 2173 4610 2174
f 4610 4607 2174
f 4610 4611 4607
f 4611 4612 4607
f 4612 4608 4607
f 4613 4608 4612
f 4609 4608 4613
f 4609 4613 4614
f 4602 4609 4614
f 4603 4602 4614
f 4615 4603 4614
f 4604 4603 4615
f 4616 2172 2217
f 2172 4616 2173
f 4616 4617 2173
f 4617 4610 2173
f 4566 2196 2214
f 4618 2217 2216
f 4616 2217 4618
f 4618 4619 4616
f 4619 4617 4616
f 4620 4617 4619
f 4620 4621 4617
f 4621 4610 4617
f 4621 4611 4610
f 2189 2182 4622
f 4622 2182 3739
f 4555 2199 2198
f 4555 3739 2199
f 4553 4622 3739
f 4555 4553 3739
f 4552 4623 4622
f 4623 2189 4622
f 4553 4552 4622
f 4623 4624 2189
f 4624 2188 2189
f 4624 2206 2188
f 4626 4625 4623
f 4625 4624 4623
f 4552 4626 4623
f 4625 4627 4624
f 4627 2206 4624
f 4627 4628 2206
f 4628 2207 2206
f 4628 4629 2207
f 4629 2208 2207
f 4629 4630 2208
f 4630 2210 2208
f 4566 2198 2196
f 4555 2198 4556
f 4566 4556 2198
f 2201 3693 4631
f 2202 2201 4631
f 2202 4631 2215
f 2532 2530 3693
f 2530 4632 3693
f 4632 4631 3693
f 4632 4633 4631
f 4633 2215 4631
f 4633 4634 2215
f 4634 2216 2215
f 4634 4618 2216
f 4630 2410 2210
f 4625 4635 4627
f 4635 4636 4627
f 4636 4628 4627
f 4636 4637 4628
f 4637 4629 4628
f 4637 4638 4629
f 4630 4629 4638
f 4638 4639 4630
f 4639 2410 4630
f 4639 4640 2410
f 4640 2405 2410
f 2476 4641 2481
f 2481 4641 2478
f 4641 4642 2478
f 4642 2479 2478
f 4643 4633 4632
f 4633 4643 4644
f 4634 4633 4644
f 4645 4634 4644
f 4645 4618 4634
f 4619 4618 4645
f 4647 4646 2227
f 4646 2226 2227
f 4648 2227 2225
f 2405 4648 2225
f 4648 4647 2227
f 4646 4649 2226
f 4649 2228 2226
f 4649 3695 2228
f 2243 4650 2232
f 2472 2232 4650
f 4640 4648 2405
f 4640 4651 4648
f 4651 4647 4648
f 4652 4646 4647
f 4651 4653 4647
f 4653 4652 4647
f 4654 4649 4646
f 4652 4654 4646
f 4655 3695 4649
f 4654 4655 4649
f 4655 3696 3695
f 2242 4656 2243
f 4650 2243 4656
f 4656 4657 4650
f 4658 2472 4650
f 4657 4658 4650
f 4658 2473 2472
f 4656 2242 2432
f 2469 4656 2432
f 2469 4657 4656
f 2276 2429 2257
f 3697 2417 2418
f 2275 4659 2276
f 2276 4659 2429
f 4659 2438 2429
f 4584 2270 2268
f 4584 2285 2270
f 2274 2273 3732
f 3732 4660 2274
f 4660 2277 2274
f 4660 4661 2277
f 4661 4662 2277
f 2275 2277 4662
f 4662 4659 2275
f 4583 2285 4584
f 4583 2286 2285
f 3731 4663 3732
f 4663 4660 3732
f 4664 4660 4663
f 4664 4661 4660
f 4661 4665 4662
f 4665 4666 4662
f 4666 4659 4662
f 4666 2438 4659
f 4667 4661 4664
f 4665 4661 4667
f 4582 2422 2286
f 2422 2287 2286
f 4583 4582 2286
f 4581 2423 4582
f 2422 4582 2423
f 3736 3700 3699
f 3699 4668 3736
f 4668 3735 3736
f 3734 4669 3730
f 4670 3731 3730
f 4669 4670 3730
f 4663 3731 4670
f 2304 2303 4671
f 4671 4672 2304
f 4672 2310 2304
f 2309 4668 2305
f 4668 3699 2305
f 4672 4673 2310
f 4674 2307 2310
f 4673 4674 2310
f 4675 2308 2307
f 4674 4675 2307
f 4676 2308 4675
f 4676 2309 2308
f 4676 4677 2309
f 4677 4668 2309
f 4678 4679 4671
f 4679 4672 4671
f 4679 4680 4672
f 4680 4673 4672
f 4677 3735 4668
f 4673 4681 4674
f 4682 4675 4674
f 4681 4682 4674
f 4683 4676 4675
f 4682 4683 4675
f 4676 4683 4684
f 4677 4676 4684
f 4680 4685 4673
f 4685 4681 4673
f 4686 4677 4684
f 4686 3735 4677
f 2355 3708 2317
f 3635 4687 2350
f 4687 2351 2350
f 4688 3708 2355
f 4689 4688 2355
f 2353 4689 2355
f 4690 3708 4688
f 2365 4689 2353
f 4690 3704 3708
f 4690 3706 3704
f 4687 2368 2351
f 2332 2333 4691
f 4692 4691 2333
f 2343 4692 2333
f 4693 2335 2332
f 4691 4693 2332
f 4667 4694 2335
f 4694 2334 2335
f 4693 4667 2335
f 4694 4695 2334
f 4695 2336 2334
f 4695 4696 2336
f 4696 2341 2336
f 4698 4697 2337
f 2338 4698 2337
f 4697 4699 2337
f 4699 2339 2337
f 4699 4700 2339
f 4700 2340 2339
f 4698 2338 4701
f 2341 4701 2338
f 4700 4702 2340
f 4702 2345 2340
f 4696 4703 2341
f 4703 4701 2341
f 2346 2345 4702
f 4704 2346 4702
f 4705 4692 2343
f 2736 4705 2343
f 4704 4706 2346
f 2346 4706 2737
f 4691 4692 2439
f 2439 4692 2440
f 2440 4692 4705
f 4707 4693 4691
f 2439 4707 4691
f 4665 4667 4693
f 4707 4665 4693
f 4664 4694 4667
f 4664 4708 4694
f 4708 4695 4694
f 4708 4709 4695
f 4709 4696 4695
f 4709 4710 4696
f 4710 4703 4696
f 4698 4711 4697
f 2706 4697 4711
f 2703 4697 2706
f 2703 4699 4697
f 2703 2704 4699
f 2704 4700 4699
f 4712 4698 4701
f 4711 4698 4712
f 2704 2714 4700
f 2714 4702 4700
f 4703 4713 4701
f 4713 4712 4701
f 4704 4702 2714
f 4710 4714 4703
f 4714 4713 4703
f 2714 2713 4704
f 2713 4715 4704
f 4715 4706 4704
f 4716 4705 2736
f 2744 4716 2736
f 2440 4705 2441
f 4716 2441 4705
f 4717 4706 4715
f 4717 4718 4706
f 4719 4706 4718
f 4719 2737 4706
f 2740 2737 4719
f 3634 4720 3635
f 4720 4721 3635
f 4721 4687 3635
f 4721 4722 4687
f 4722 2368 4687
f 4723 2368 4722
f 4723 2366 2368
f 3633 4724 3634
f 4724 4720 3634
f 4689 2365 4725
f 4725 2365 2371
f 4726 4688 4689
f 4725 4727 4689
f 4727 4726 4689
f 4728 4688 4726
f 4728 4690 4688
f 4727 4728 4726
f 4729 2366 4723
f 4729 2367 2366
f 4729 2816 2367
f 2371 2369 4730
f 2814 4730 2369
f 4731 4725 2371
f 4730 4731 2371
f 4731 4732 4725
f 4732 4727 4725
f 4722 4733 4723
f 4733 4734 4723
f 4734 4729 4723
f 4734 4735 4729
f 2816 4729 4735
f 4735 4736 2816
f 4736 2817 2816
f 4721 4737 4722
f 4737 4733 4722
f 4730 2814 4738
f 2818 4738 2814
f 4739 4731 4730
f 4738 4739 4730
f 4740 4731 4739
f 4740 4732 4731
f 4736 4741 2817
f 4741 2393 2817
f 2394 4742 2397
f 4741 2394 2393
f 4741 4742 2394
f 2397 3064 2395
f 3064 3063 2395
f 3063 2396 2395
f 4742 3066 2397
f 3064 2397 3066
f 2847 2396 3063
f 2851 3631 2398
f 4736 4743 4741
f 4742 4741 4743
f 3066 4742 4744
f 4743 4744 4742
f 3060 3066 4744
f 3631 2851 4745
f 4745 2851 2854
f 4745 4746 3631
f 4746 3630 3631
f 3628 3630 4747
f 4747 3630 4746
f 4747 4748 3628
f 4748 3629 3628
f 4639 4749 4640
f 4749 4651 4640
f 2473 4750 2474
f 4750 4751 2474
f 4751 2475 2474
f 4751 4752 2475
f 4752 2476 2475
f 4752 4641 2476
f 4638 4753 4639
f 4753 4749 4639
f 3697 4573 2417
f 3696 4573 3697
f 3696 4574 4573
f 2437 2438 4666
f 2470 4657 2469
f 2437 4707 2439
f 4666 4707 2437
f 4716 2443 2441
f 4716 4754 2443
f 2457 2443 4754
f 4666 4665 4707
f 4754 4716 2744
f 2744 4755 4754
f 2458 2457 4754
f 4755 2458 4754
f 4756 2455 2466
f 4756 2470 2455
f 4755 4757 2458
f 2458 4757 2459
f 4757 4758 2459
f 4758 2460 2459
f 3637 2460 4758
f 4759 2462 3636
f 4759 2461 2462
f 3636 4760 4759
f 4760 2461 4759
f 2467 2461 4761
f 4760 4761 2461
f 4762 2466 2467
f 4763 4762 2467
f 4761 4763 2467
f 4762 4756 2466
f 4764 4756 4762
f 4764 4765 4756
f 4765 2470 4756
f 4657 2470 4765
f 2744 2738 4755
f 2738 4766 4755
f 4755 4766 4757
f 4766 4767 4757
f 4767 4758 4757
f 4768 3637 4758
f 4768 4758 4767
f 4768 4769 3637
f 3637 4769 2597
f 4770 4760 3636
f 3638 4770 3636
f 4770 4771 4760
f 4771 4761 4760
f 4772 4761 4771
f 4772 4763 4761
f 4769 2596 2597
f 4762 4763 4773
f 4774 4773 4763
f 4772 4774 4763
f 4773 4764 4762
f 4658 4765 4775
f 4658 4657 4765
f 4764 4775 4765
f 4658 4775 2473
f 4775 4750 2473
f 4764 4776 4775
f 4777 4775 4776
f 4777 4750 4775
f 4778 4750 4777
f 4778 4751 4750
f 4779 4751 4778
f 4779 4752 4751
f 4780 4752 4779
f 4780 4641 4752
f 4642 4641 4780
f 2547 2479 4642
f 2479 2547 2546
f 4780 4781 4642
f 4781 2547 4642
f 4781 2548 2547
f 4782 2496 2494
f 4783 2509 2496
f 4782 4783 2496
f 2507 4784 2492
f 4784 4785 2492
f 4785 2491 2492
f 4786 2491 4785
f 4786 2493 2491
f 4786 4787 2493
f 4788 2493 4787
f 4788 2494 2493
f 4788 4782 2494
f 2513 4789 2500
f 2501 2500 4789
f 4789 4790 2501
f 4790 4791 2501
f 4791 2502 2501
f 2502 4791 4792
f 4792 2503 2502
f 4792 4793 2503
f 4793 4794 2503
f 4794 2504 2503
f 4794 4795 2504
f 4795 2505 2504
f 4795 2506 2505
f 4795 4796 2506
f 4796 2507 2506
f 4796 4797 2507
f 4797 4784 2507
f 4797 4798 4784
f 4798 4799 4784
f 4799 4785 4784
f 4800 4786 4785
f 4799 4800 4785
f 4801 4786 4800
f 4801 4787 4786
f 4802 4782 4788
f 4803 4783 4782
f 4802 4803 4782
f 4801 4804 4787
f 4805 4787 4804
f 4805 4788 4787
f 4805 4802 4788
f 4807 4783 4806
f 4807 2509 4783
f 4803 4806 4783
f 4808 2509 4807
f 2508 2509 4808
f 2510 2508 4809
f 4808 4809 2508
f 2511 2510 4810
f 4809 4810 2510
f 2511 4811 2512
f 4811 4812 2512
f 4812 2513 2512
f 4812 4813 2513
f 4813 4789 2513
f 4811 2511 2543
f 4810 2543 2511
f 4813 4814 4789
f 4790 4789 4814
f 4814 4815 4790
f 4815 4816 4790
f 4816 4791 4790
f 4817 4791 4816
f 4817 4792 4791
f 4817 4818 4792
f 4818 4793 4792
f 4794 4793 4819
f 4818 4820 4793
f 4819 4793 4820
f 4794 4819 4821
f 4795 4794 4821
f 4822 4795 4821
f 4822 4796 4795
f 4822 4823 4796
f 4823 4797 4796
f 4823 3101 4797
f 3101 4798 4797
f 4825 4824 4807
f 4824 4808 4807
f 4806 4825 4807
f 4826 4808 4824
f 4826 4809 4808
f 4827 4809 4826
f 4827 4810 4809
f 2528 4810 4827
f 2528 2543 4810
f 4828 4811 2542
f 4812 4811 4828
f 2543 2542 4811
f 4828 4829 4812
f 4829 4813 4812
f 4829 4830 4813
f 4830 4814 4813
f 4827 2529 2528
f 4827 4831 2529
f 4831 2531 2529
f 2530 2531 4632
f 4632 2531 4643
f 4643 2531 4831
f 2549 4832 2536
f 4832 2538 2536
f 4832 4833 2538
f 4833 4834 2538
f 2538 4834 2539
f 4834 4835 2539
f 2541 2539 4835
f 4835 4836 2541
f 4836 4837 2541
f 4837 2540 2541
f 4837 4828 2540
f 4828 2542 2540
f 4826 4831 4827
f 4826 4838 4831
f 4838 4643 4831
f 4838 4644 4643
f 2548 4839 2549
f 4839 4840 2549
f 4840 4832 2549
f 4839 2548 4781
f 4840 4841 4832
f 4841 4833 4832
f 4841 4842 4833
f 4842 4843 4833
f 4833 4843 4834
f 4843 4844 4834
f 4835 4834 4844
f 4844 4845 4835
f 4835 4845 4836
f 4846 4836 4845
f 4836 4846 4847
f 4837 4836 4847
f 4837 4847 4829
f 4828 4837 4829
f 4780 4848 4781
f 4848 4839 4781
f 4849 4839 4848
f 4840 4839 4849
f 4849 4850 4840
f 4850 4841 4840
f 4818 2579 2566
f 4820 2566 2563
f 4820 4818 2566
f 2577 4851 2562
f 4851 4852 2562
f 4852 2561 2562
f 4853 2561 4852
f 4853 2564 2561
f 2563 2564 4854
f 4853 4855 2564
f 4854 2564 4855
f 4854 4820 2563
f 4856 2568 2581
f 4856 2569 2568
f 4856 4857 2569
f 2571 2569 4857
f 4857 4858 2571
f 4858 4859 2571
f 4859 2572 2571
f 4859 4860 2572
f 4860 2573 2572
f 4860 4861 2573
f 4861 4862 2573
f 4862 2574 2573
f 4862 2575 2574
f 4862 4863 2575
f 4863 2576 2575
f 4863 4864 2576
f 4864 2577 2576
f 4864 3585 2577
f 4851 2577 3585
f 3585 3573 4851
f 3573 4865 4851
f 4865 4852 4851
f 4866 4853 4852
f 4865 4866 4852
f 4867 4853 4866
f 4867 4855 4853
f 4819 4820 4854
f 4867 4868 4855
f 4869 4855 4868
f 4869 4854 4855
f 4869 4819 4854
f 4817 2579 4818
f 4817 4870 2579
f 2578 2579 4870
f 4870 4871 2578
f 4871 2580 2578
f 4871 4872 2580
f 4872 2582 2580
f 2582 4873 2581
f 4873 4874 2581
f 4874 4856 2581
f 4874 4875 4856
f 4875 4857 4856
f 4875 4876 4857
f 4858 4857 4876
f 4872 4877 2582
f 4877 4873 2582
f 4876 3691 4858
f 3691 3680 4858
f 3680 4859 4858
f 3680 3678 4859
f 3678 4860 4859
f 3678 3679 4860
f 3679 4861 4860
f 3679 4878 4861
f 4878 4879 4861
f 4879 4862 4861
f 4879 4880 4862
f 4880 4863 4862
f 4880 4881 4863
f 4881 4864 4863
f 4881 3574 4864
f 3574 3585 4864
f 4882 4870 4816
f 4882 4871 4870
f 4817 4816 4870
f 4883 4871 4882
f 4883 4884 4871
f 4884 4872 4871
f 4884 4885 4872
f 4885 4877 4872
f 4886 4873 4877
f 4886 4887 4873
f 4887 4874 4873
f 4887 4888 4874
f 4888 4875 4874
f 4885 4889 4877
f 4889 4886 4877
f 4769 4890 2596
f 4890 2598 2596
f 4890 4891 2598
f 4892 2598 4891
f 2599 2598 4892
f 4892 4893 2599
f 4893 2600 2599
f 4893 2618 2600
f 2617 4894 2604
f 4894 2606 2604
f 4895 2606 4894
f 4895 2607 2606
f 4896 2609 2607
f 4895 4896 2607
f 4896 4897 2609
f 4898 2609 4897
f 4898 2608 2609
f 4898 3638 2608
f 4899 3638 4898
f 4899 4770 3638
f 4900 4890 4769
f 4901 4890 4900
f 4901 4891 4890
f 4900 4769 4768
f 4902 4891 4901
f 4903 4891 4902
f 4891 4903 4892
f 4903 4904 4892
f 4904 4893 4892
f 4905 4893 4904
f 4905 2618 4893
f 4905 2619 2618
f 4906 2617 2615
f 4906 4907 2617
f 4907 4894 2617
f 4907 4908 4894
f 4895 4894 4908
f 4907 4909 4908
f 4909 4895 4908
f 4909 4910 4895
f 4910 4896 4895
f 4897 4896 4911
f 4912 4896 4910
f 4912 4911 4896
f 4911 4898 4897
f 4898 4911 4913
f 4914 4899 4898
f 4913 4914 4898
f 4914 4770 4899
f 2626 4906 2615
f 4905 4915 2619
f 4915 2620 2619
f 4915 4916 2620
f 2655 2620 4916
f 2620 2655 2621
f 2631 4917 2626
f 4917 4906 2626
f 4918 4906 4917
f 4918 4907 4906
f 4918 4919 4907
f 4919 4909 4907
f 4920 4905 4904
f 4920 4915 4905
f 4920 4921 4915
f 4921 4916 4915
f 4921 4922 4916
f 4923 4916 4922
f 4916 4923 2655
f 4923 2653 2655
f 4903 4924 4904
f 4924 4920 4904
f 2635 4925 2630
f 4925 2631 2630
f 4925 4926 2631
f 4926 4917 2631
f 4927 4918 4917
f 4926 4927 4917
f 4923 4928 2653
f 4928 2654 2653
f 2647 4929 2635
f 4929 4925 2635
f 4929 4930 4925
f 4930 4926 4925
f 4930 4931 4926
f 4931 4927 4926
f 2660 4932 2638
f 2648 2638 4932
f 2647 2646 3690
f 4933 2647 3690
f 4933 4929 2647
f 4933 4934 4929
f 4934 4930 4929
f 2661 4935 2660
f 4932 2660 4935
f 4935 4936 4932
f 4936 4937 4932
f 4937 2648 4932
f 4937 4938 2648
f 4938 2642 2648
f 4938 4939 2642
f 4939 2643 2642
f 4939 3683 2643
f 4940 4938 4937
f 4940 4941 4938
f 4941 4939 4938
f 4941 3684 4939
f 3684 3683 4939
f 3691 4933 3690
f 4876 4933 3691
f 4876 4934 4933
f 4942 4937 4936
f 4942 4940 4937
f 4928 4944 2654
f 4944 2656 2654
f 4944 3665 2656
f 3652 3665 4944
f 4922 4945 4923
f 4945 4928 4923
f 4945 4946 4928
f 4946 4944 4928
f 4946 4947 4944
f 4947 3652 4944
f 4947 3651 3652
f 4935 2661 3664
f 3664 4948 4935
f 4948 4949 4935
f 4949 4936 4935
f 3663 4948 3664
f 2690 2674 4950
f 2675 4951 2674
f 4951 4950 2674
f 4953 4952 2690
f 4952 2676 2690
f 4950 4953 2690
f 4952 4954 2676
f 4954 2677 2676
f 4954 4955 2677
f 4955 2691 2677
f 4956 4951 2675
f 2689 4956 2675
f 4955 4957 2691
f 4957 4958 2691
f 4958 2678 2691
f 4959 2678 4958
f 4959 2679 2678
f 4959 4960 2679
f 4960 2680 2679
f 4961 2680 4960
f 4961 4962 2680
f 4962 2681 2680
f 4963 2681 4962
f 4963 2682 2681
f 4963 4964 2682
f 4964 2683 2682
f 2686 3651 2687
f 3651 4965 2687
f 2688 2687 4965
f 4966 2683 4964
f 2683 4966 4967
f 2684 2683 4967
f 2684 4967 4968
f 2685 2684 4968
f 3653 2685 4968
f 3653 2686 2685
f 3651 4947 4965
f 4947 2688 4965
f 4947 4946 2688
f 4946 2689 2688
f 4946 4945 2689
f 4945 4956 2689
f 4969 4953 4950
f 4950 4951 4970
f 4956 4971 4951
f 4971 4970 4951
f 4970 4969 4950
f 4922 4956 4945
f 4922 4971 4956
f 4973 4972 4953
f 4972 4952 4953
f 4969 4973 4953
f 4972 4974 4952
f 4974 4954 4952
f 4974 4975 4954
f 4975 4955 4954
f 4975 4976 4955
f 4976 4957 4955
f 4958 4977 4959
f 4957 4978 4958
f 4978 4977 4958
f 4979 4959 4977
f 4979 4960 4959
f 4979 4980 4960
f 4961 4960 4980
f 4976 2766 4957
f 2766 4978 4957
f 4980 4981 4961
f 4981 2894 4961
f 2894 4962 4961
f 2894 2893 4962
f 2893 4963 4962
f 2893 2881 4963
f 2881 4964 4963
f 2882 4964 2881
f 4964 2882 4966
f 2882 4982 4966
f 4982 4983 4966
f 4983 4967 4966
f 4983 4984 4967
f 4984 4968 4967
f 4984 3654 4968
f 3654 3653 4968
f 4711 4985 2706
f 4985 2705 2706
f 4986 2707 2705
f 4986 2705 4985
f 4986 2722 2707
f 4715 2713 2711
f 2762 4715 2711
f 4712 4987 4711
f 4987 4985 4711
f 4988 4986 4985
f 4987 4988 4985
f 4989 2722 4986
f 4988 4989 4986
f 4989 2724 2722
f 2730 2771 2729
f 4717 2762 2761
f 4715 2762 4717
f 4989 4990 2724
f 4990 3718 2724
f 2726 4991 2727
f 4991 4992 2727
f 4992 2728 2727
f 3724 4993 2726
f 4993 4991 2726
f 4994 2728 4992
f 2730 2728 4994
f 4994 4995 2730
f 4995 2771 2730
f 4988 4996 4989
f 4996 4990 4989
f 4997 3718 4990
f 4996 4998 4990
f 4998 4997 4990
f 4997 3719 3718
f 3724 4999 4993
f 3723 4999 3724
f 4993 3627 4991
f 3627 3629 4991
f 3629 4992 4991
f 4999 3626 4993
f 3626 3627 4993
f 3629 4748 4992
f 4748 4994 4992
f 5000 4994 4748
f 5000 4995 4994
f 4995 5001 2771
f 5001 2769 2771
f 5002 4995 5000
f 5001 4995 5002
f 2738 2739 4766
f 5003 2739 2743
f 5003 4766 2739
f 4719 5004 2740
f 5005 2741 2740
f 5004 5005 2740
f 5006 2742 2741
f 5006 2741 5005
f 2742 5006 5007
f 5007 2743 2742
f 2743 5007 5008
f 5008 5003 2743
f 4718 5009 4719
f 5009 5004 4719
f 5009 4718 4717
f 5003 5008 5010
f 4767 5003 5010
f 4767 4766 5003
f 5009 5011 5004
f 5011 5012 5004
f 5012 5005 5004
f 5012 5013 5005
f 5006 5005 5013
f 5013 5014 5006
f 5014 5007 5006
f 5014 5015 5007
f 5015 5008 5007
f 5015 5016 5008
f 5016 5010 5008
f 2770 5017 2755
f 5017 5018 2755
f 2756 2755 5018
f 5019 2756 5018
f 5019 2757 2756
f 5019 5020 2757
f 2763 2757 5020
f 2766 4976 2759
f 4976 5021 2759
f 5021 2758 2759
f 5022 2760 2758
f 5021 5022 2758
f 5022 5011 2760
f 5009 2760 5011
f 5009 2761 2760
f 5009 4717 2761
f 5023 2763 5020
f 5023 5024 2763
f 5024 2764 2763
f 5024 5025 2764
f 5025 2765 2764
f 4978 2765 5025
f 2766 2765 4978
f 2769 5026 2770
f 5026 5017 2770
f 5027 5017 5026
f 5028 5017 5027
f 5018 5017 5028
f 5028 5029 5018
f 5029 5019 5018
f 5030 5019 5029
f 5020 5019 5030
f 5030 5031 5020
f 5031 5023 5020
f 4975 5021 4976
f 4975 5032 5021
f 5032 5022 5021
f 5033 5011 5022
f 5032 5033 5022
f 5033 5012 5011
f 5034 5023 5031
f 5023 5034 5035
f 5024 5023 5035
f 5036 5024 5035
f 5036 5025 5024
f 4977 5025 5036
f 4978 5025 4977
f 5026 2769 5001
f 5001 5037 5026
f 5037 5027 5026
f 5002 5037 5001
f 5039 5038 2786
f 5038 2787 2786
f 2797 5039 2786
f 5040 2787 5038
f 2788 2787 5040
f 5041 2782 2785
f 5042 2785 2788
f 5042 5041 2785
f 5041 5043 2782
f 2790 2782 5043
f 5040 5044 2788
f 5044 5042 2788
f 5043 5045 2790
f 5045 3000 2790
f 5046 5045 5043
f 5041 5047 5043
f 5047 5046 5043
f 5048 5041 5042
f 5047 5041 5048
f 5049 5042 5044
f 5048 5042 5049
f 5051 2797 5050
f 5039 2797 5051
f 2798 5050 2797
f 5052 5050 2798
f 2799 5052 2798
f 5053 2799 2800
f 5053 5052 2799
f 5054 5039 5051
f 5055 5039 5054
f 5038 5039 5055
f 5055 5056 5038
f 5056 5040 5038
f 5057 5040 5056
f 5044 5040 5057
f 5057 3045 5044
f 3045 5049 5044
f 5059 3000 5058
f 5058 3000 5045
f 5059 2999 3000
f 5045 5060 5058
f 5046 5060 5045
f 5059 5061 2999
f 5061 2997 2999
f 5061 5062 2997
f 2998 2997 5062
f 2800 5063 5053
f 2812 5063 2800
f 5064 2806 2998
f 2807 2806 5064
f 5062 5065 2998
f 5065 5064 2998
f 3016 5063 2812
f 5051 5050 5066
f 5066 5050 5067
f 5052 5067 5050
f 5068 5054 5051
f 5066 5068 5051
f 5067 5052 5069
f 5053 5069 5052
f 5069 5053 5070
f 5070 5053 5063
f 5070 5063 5071
f 5071 5063 3016
f 3279 2807 5064
f 5065 5072 5064
f 5072 3279 5064
f 5073 3279 5072
f 3277 3279 5073
f 5074 3277 5073
f 3273 3277 5074
f 5071 3016 3017
f 4738 2818 4999
f 3626 4999 2818
f 3723 4739 4738
f 4999 3723 4738
f 4734 5075 4735
f 5076 4735 5075
f 5076 4736 4735
f 4743 4736 5076
f 5077 2858 2831
f 2832 5077 2831
f 2839 5078 2832
f 5078 5077 2832
f 2975 2834 2862
f 2838 2837 5079
f 2841 2944 2837
f 5079 2837 2944
f 2838 5079 5080
f 2839 2838 5080
f 5081 2839 5080
f 5081 5078 2839
f 5077 5082 2858
f 2857 2858 5082
f 5082 5077 5083
f 5083 5077 5078
f 5081 5084 5078
f 5083 5078 5084
f 2862 2993 2975
f 2864 2993 2862
f 2938 5085 2944
f 5085 5079 2944
f 5085 5086 5079
f 5086 5080 5079
f 5086 5087 5080
f 5087 5081 5080
f 5088 5084 5081
f 5087 5088 5081
f 2849 2848 3062
f 2849 3062 2863
f 5089 2854 2860
f 4745 2854 5089
f 2863 3062 3065
f 3065 2864 2863
f 5090 4746 4745
f 5089 5090 4745
f 5091 2859 2857
f 5082 5091 2857
f 5092 2859 5091
f 5092 2860 2859
f 5092 5093 2860
f 5093 5089 2860
f 5090 5089 5094
f 5094 5089 5093
f 5095 5082 5083
f 5095 5091 5082
f 5095 5096 5091
f 5096 5092 5091
f 5093 5092 5097
f 5097 5092 5096
f 5098 5093 5097
f 5094 5093 5098
f 2993 2864 2994
f 2994 2864 3065
f 2994 3065 2996
f 2892 5099 2879
f 5099 5100 2879
f 5100 2880 2879
f 5100 4982 2880
f 4982 2882 2880
f 5101 2886 2899
f 5101 2887 2886
f 5101 5102 2887
f 5102 5103 2887
f 5103 2888 2887
f 5103 5104 2888
f 5104 2889 2888
f 5105 2890 2889
f 5105 5106 2890
f 5106 2891 2890
f 5106 5107 2891
f 5107 2892 2891
f 5104 5108 2889
f 5108 5105 2889
f 5107 2922 2892
f 2922 5099 2892
f 2922 2918 5099
f 2918 5109 5099
f 5109 5100 5099
f 5109 5110 5100
f 5110 4982 5100
f 5110 4983 4982
f 4981 2895 2894
f 4981 5111 2895
f 5111 2896 2895
f 5112 2896 5111
f 2900 2896 5112
f 2898 5113 2899
f 5113 5114 2899
f 5114 5101 2899
f 2900 5115 2898
f 5115 5113 2898
f 5102 5101 5116
f 5101 5114 5116
f 5112 5117 2900
f 5117 5115 2900
f 5118 5102 5116
f 5118 5119 5102
f 5119 5103 5102
f 5120 5103 5119
f 5104 5103 5120
f 5120 5121 5104
f 5121 5108 5104
f 5122 5108 5121
f 5122 5123 5108
f 5123 5105 5108
f 5123 5124 5105
f 5124 5106 5105
f 5125 5106 5124
f 5107 5106 5125
f 5107 5125 2919
f 2922 5107 2919
f 4980 5126 4981
f 5126 5111 4981
f 5126 5127 5111
f 5127 5112 5111
f 5127 5128 5112
f 5128 5117 5112
f 5117 5129 5115
f 5129 5130 5115
f 5113 5115 5130
f 5130 5131 5113
f 5131 5114 5113
f 5131 5132 5114
f 5132 5116 5114
f 5132 5133 5116
f 5133 5118 5116
f 5134 5117 5128
f 5134 5129 5117
f 5135 2910 2908
f 5136 2916 2910
f 5135 5136 2910
f 5137 2907 2906
f 5137 5138 2907
f 5139 2907 5138
f 5139 2908 2907
f 5139 5135 2908
f 2921 5140 2915
f 5140 5141 2915
f 5137 5142 5138
f 5142 5139 5138
f 5143 5142 5137
f 3659 5135 5139
f 3658 5136 5135
f 3659 3658 5135
f 5144 5139 5142
f 5144 3659 5139
f 3657 5145 5136
f 5145 2916 5136
f 3658 3657 5136
f 5145 5146 2916
f 5146 2917 2916
f 5146 5109 2917
f 5109 2918 2917
f 5125 2920 2919
f 5125 5147 2920
f 5147 2921 2920
f 5147 5148 2921
f 5148 5140 2921
f 5149 5140 5148
f 5149 5150 5140
f 5150 5141 5140
f 5143 5151 5142
f 5151 5144 5142
f 5110 5146 5152
f 5110 5109 5146
f 5145 5152 5146
f 5152 5145 3656
f 3657 3656 5145
f 5124 5147 5125
f 5124 5153 5147
f 5153 5148 5147
f 5153 5154 5148
f 5154 5149 5148
f 2951 2935 2969
f 2937 5155 2938
f 5155 5085 2938
f 2937 2941 5156
f 5155 2937 5156
f 2943 5157 2940
f 5157 5158 2940
f 5158 2939 2940
f 5158 5159 2939
f 5159 2941 2939
f 5159 5160 2941
f 5160 5156 2941
f 2961 5161 2943
f 5161 5157 2943
f 2968 5162 2969
f 5163 2951 2969
f 5163 2952 2951
f 5162 5163 2969
f 5155 5164 5085
f 5086 5085 5164
f 5165 5155 5156
f 5165 5164 5155
f 5160 5133 5156
f 5133 5165 5156
f 5157 5166 5158
f 5166 5167 5158
f 5167 5159 5158
f 5167 5168 5159
f 5160 5159 5168
f 5161 5169 5157
f 5169 5166 5157
f 5168 5118 5160
f 5118 5133 5160
f 2960 5170 2961
f 5170 5161 2961
f 5171 5161 5170
f 5169 5161 5171
f 5172 2960 2959
f 5170 2960 5172
f 3598 2959 2958
f 3598 5173 2959
f 2959 5173 5172
f 5163 5174 2952
f 5174 2956 2952
f 5174 5175 2956
f 5176 2956 5175
f 2953 2956 5176
f 5176 3609 2953
f 3609 2954 2953
f 5174 5163 5177
f 5163 5162 5177
f 5175 5174 5178
f 5174 5177 5178
f 3610 3609 5179
f 3609 5176 5179
f 5175 5180 5176
f 5180 5179 5176
f 5181 5175 5178
f 5181 5180 5175
f 5173 3598 3599
f 5173 5182 5172
f 5182 5183 5172
f 5183 5170 5172
f 5171 5170 5183
f 3599 5184 5173
f 5184 5182 5173
f 2981 5185 2967
f 5185 2968 2967
f 5162 2968 5185
f 2981 2980 5186
f 2979 5187 2980
f 5187 5186 2980
f 5188 5185 2981
f 5188 5189 5185
f 5162 5185 5189
f 5186 5188 2981
f 5189 5177 5162
f 5187 2979 5190
f 2979 2978 5190
f 2995 5190 2978
f 2995 5191 5190
f 5192 2995 2992
f 5192 5191 2995
f 5193 5187 5190
f 5193 5194 5187
f 5186 5187 5194
f 5191 5193 5190
f 5194 5195 5186
f 5195 5188 5186
f 5196 5188 5195
f 5196 5189 5188
f 3011 5192 2992
f 5197 3010 3278
f 5197 3011 3010
f 3278 3010 3009
f 5198 3011 5197
f 5192 3011 5198
f 5199 5192 5198
f 5199 5191 5192
f 5200 5191 5199
f 5193 5191 5200
f 5062 5202 5201
f 5061 5202 5062
f 5065 5062 5201
f 5059 5203 5061
f 5202 5061 5203
f 5204 5065 5201
f 5204 5072 5065
f 5205 5059 5058
f 5203 5059 5205
f 5060 5206 5058
f 5206 5205 5058
f 3276 5207 3278
f 5207 5197 3278
f 5208 5197 5207
f 5198 5197 5208
f 5208 5209 5198
f 5209 5199 5198
f 3017 3014 3056
f 5071 3017 5210
f 5210 3017 3056
f 3057 5210 3056
f 3057 5211 5210
f 5211 5212 5210
f 5212 5071 5210
f 5212 5070 5071
f 5214 3027 3025
f 5215 5214 3025
f 3026 5215 3025
f 3072 5216 3026
f 5216 5215 3026
f 5214 5217 3027
f 5217 5213 3027
f 5217 5218 5213
f 5219 5220 3031
f 5220 3067 3031
f 5221 3067 5220
f 5221 3068 3067
f 3071 5222 3072
f 5222 5216 3072
f 5223 5214 5215
f 5224 5223 5215
f 5216 5224 5215
f 5222 5225 5216
f 5225 5224 5216
f 5223 5226 5214
f 5226 5217 5214
f 4724 5218 5217
f 5226 4724 5217
f 5227 3069 3068
f 5227 5228 3069
f 3070 3069 5228
f 5221 5229 3068
f 5229 5227 3068
f 5228 5230 3070
f 5230 3071 3070
f 5231 5222 3071
f 5230 5231 3071
f 3037 3041 5219
f 3041 5220 5219
f 3041 5232 5220
f 5232 5221 5220
f 5233 3044 3038
f 3040 5234 3039
f 5234 5232 3039
f 5232 3041 3039
f 5057 3040 3045
f 5234 3040 5057
f 5235 3044 5233
f 5236 3044 5235
f 3042 3044 5236
f 5236 5237 3042
f 5237 3043 3042
f 5049 3043 5237
f 3045 3043 5049
f 5239 5233 5238
f 5235 5233 5239
f 5057 5056 5234
f 5056 5240 5234
f 5240 5232 5234
f 5240 5221 5232
f 5236 5235 5241
f 5242 5236 5241
f 5237 5236 5242
f 5242 5048 5237
f 5048 5049 5237
f 5239 5243 5235
f 5243 5241 5235
f 5244 3059 3060
f 5244 3060 4744
f 5211 3057 3061
f 5244 5245 3059
f 5245 3061 3059
f 5245 5246 3061
f 5246 5211 3061
f 5246 5247 5211
f 5247 5212 5211
f 4743 5248 4744
f 5248 5244 4744
f 5249 5245 5244
f 5249 5244 5248
f 5249 5250 5245
f 5246 5245 5250
f 5250 5251 5246
f 5251 5247 5246
f 5229 5221 5240
f 5240 5055 5229
f 5055 5054 5229
f 5054 5227 5229
f 5068 5228 5227
f 5054 5068 5227
f 5068 5252 5228
f 5230 5228 5252
f 5252 5253 5230
f 5253 5231 5230
f 5231 5253 5254
f 5255 5231 5254
f 5255 5222 5231
f 5255 5225 5222
f 3093 3119 3095
f 3097 4497 3082
f 5256 3087 3103
f 5256 3088 3087
f 5256 5257 3088
f 5258 3088 5257
f 3089 3088 5258
f 5259 3089 5258
f 3090 3089 5259
f 5259 5260 3090
f 5260 5261 3090
f 5261 3091 3090
f 3092 3091 5262
f 5262 3091 5261
f 3092 5262 3124
f 3093 3092 3124
f 5263 3095 3119
f 5263 3096 3095
f 5263 5264 3096
f 5264 3097 3096
f 5265 3097 5264
f 5265 4497 3097
f 5263 3119 3118
f 5265 4498 4497
f 3098 3099 4495
f 5266 3098 4495
f 5266 3100 3098
f 5267 3100 5266
f 5267 4798 3100
f 4798 3101 3100
f 3101 4823 3102
f 4823 5268 3102
f 5268 3103 3102
f 5268 5269 3103
f 5269 5256 3103
f 5269 5270 5256
f 5270 5257 5256
f 5270 5271 5257
f 5271 5272 5257
f 5258 5257 5272
f 5272 5273 5258
f 5273 5259 5258
f 5273 5274 5259
f 5274 5260 5259
f 5275 5260 5274
f 5275 5276 5260
f 5276 5261 5260
f 5276 5277 5261
f 5277 5278 5261
f 5278 5262 5261
f 5278 3125 5262
f 3125 3124 5262
f 3117 5263 3118
f 3117 5279 5263
f 5279 5264 5263
f 5280 5265 5264
f 5279 5280 5264
f 5280 5281 5265
f 5281 4498 5265
f 4494 5266 4495
f 4494 4799 5266
f 4799 5267 5266
f 4798 5267 4799
f 4822 5268 4823
f 4822 5282 5268
f 5282 5269 5268
f 5282 5283 5269
f 5283 5270 5269
f 5284 3123 3120
f 5285 5279 3123
f 5279 3117 3123
f 5284 5285 3123
f 3120 3122 5286
f 3136 5287 3122
f 5286 3122 5287
f 5286 5284 3120
f 5278 5288 3125
f 5288 3127 3125
f 5288 3128 3127
f 5288 5289 3128
f 5289 5290 3128
f 5290 3129 3128
f 5290 5291 3129
f 3130 3129 5291
f 5291 5292 3130
f 5292 5293 3130
f 5293 3131 3130
f 3132 3131 5294
f 5294 3131 5293
f 5295 3132 5294
f 5295 3133 3132
f 5295 3553 3133
f 3553 5296 3133
f 3134 3133 5296
f 5296 5297 3134
f 5297 3135 3134
f 5298 3136 3135
f 5297 5298 3135
f 5287 3136 5299
f 5298 5300 3136
f 5300 5299 3136
f 5299 5286 5287
f 5285 5280 5279
f 5285 5284 5301
f 5302 5284 5286
f 5302 5301 5284
f 5303 5286 5299
f 5303 5302 5286
f 5304 5280 5285
f 5301 5304 5285
f 5277 5305 5278
f 5305 5288 5278
f 5305 5289 5288
f 5305 5306 5289
f 5306 5307 5289
f 5290 5289 5307
f 5308 5290 5307
f 5291 5290 5308
f 5308 5309 5291
f 5309 5292 5291
f 3553 3552 5296
f 3552 5310 5296
f 5297 5296 5310
f 5292 5309 5311
f 5311 5312 5292
f 5312 5313 5292
f 5313 5293 5292
f 5313 5314 5293
f 5314 5294 5293
f 5314 5315 5294
f 5315 5295 5294
f 3553 5295 3554
f 3554 5295 5315
f 3552 5316 5310
f 5316 5297 5310
f 5316 5317 5297
f 5317 5298 5297
f 4401 5298 5317
f 4401 5300 5298
f 5299 5300 4415
f 4401 4416 5300
f 4415 5300 4416
f 4415 5303 5299
f 5323 5322 3555
f 5323 5324 5322
f 5324 5321 5322
f 3548 3555 5322
f 5324 5325 5321
f 3140 5239 5238
f 3175 5239 3140
f 5329 5330 3141
f 5330 3176 3141
f 5330 5329 3154
f 3179 5243 3175
f 5243 5239 3175
f 3155 5330 3154
f 3155 5331 5330
f 3176 5330 5331
f 5331 3180 3176
f 5332 5333 3149
f 5333 3151 3149
f 5334 3151 5333
f 3165 3151 5334
f 5333 5332 5335
f 5336 5333 5335
f 5334 5333 5336
f 3164 5331 3155
f 5337 3165 5334
f 5337 3169 3165
f 5336 5338 5334
f 5338 5337 5334
f 5331 3164 5339
f 5339 3164 3167
f 5339 3180 5331
f 3158 3161 5335
f 3161 3160 3190
f 5335 3161 5336
f 3190 5336 3161
f 3188 5338 3190
f 5338 5336 3190
f 3167 3229 5340
f 5339 3167 5340
f 5337 5341 3169
f 3230 3169 5341
f 5340 5342 5339
f 5342 3180 5339
f 5343 5337 5338
f 5341 5337 5343
f 5340 3229 5344
f 3233 5344 3229
f 5344 5345 5340
f 5345 5342 5340
f 5341 5346 3230
f 5346 3234 3230
f 5347 5341 5343
f 5347 5346 5341
f 3181 3180 5342
f 5342 5348 3181
f 5348 3182 3181
f 5349 3182 5348
f 3183 3182 5349
f 3178 3177 5350
f 5351 3177 3183
f 5350 3177 5351
f 3179 3178 5352
f 5350 5352 3178
f 5349 5353 3183
f 5353 5351 3183
f 5352 5354 3179
f 5354 5243 3179
f 5241 5243 5354
f 5351 5355 5350
f 5355 5356 5350
f 5356 5352 5350
f 5354 5352 5357
f 5356 5357 5352
f 5358 5351 5353
f 5355 5351 5358
f 5359 5354 5357
f 5359 5241 5354
f 5348 5342 5345
f 5345 5360 5348
f 5360 5349 5348
f 5360 5361 5349
f 5349 5361 5353
f 5361 5362 5353
f 5362 5358 5353
f 5338 3188 5343
f 5343 3188 3189
f 5347 3189 3193
f 5347 5343 3189
f 3192 3191 5363
f 5363 3191 5364
f 3192 5363 5365
f 3193 3192 5365
f 3193 5366 5347
f 5365 5366 3193
f 5366 5346 5347
f 5365 5363 5367
f 5364 5368 5363
f 5368 5367 5363
f 5367 5369 5365
f 5369 5366 5365
f 5364 5370 5368
f 5346 5366 5371
f 5371 5366 5369
f 5372 3199 3200
f 5372 5373 3199
f 3203 3199 5373
f 3202 5374 3200
f 5374 5372 3200
f 5375 3202 3434
f 5375 5374 3202
f 5376 3430 3203
f 5373 5376 3203
f 5377 3430 5376
f 5377 3429 3430
f 5373 5372 5378
f 5378 5372 5379
f 5379 5372 5374
f 5380 5376 5373
f 5378 5380 5373
f 5375 5381 5374
f 5381 5379 5374
f 3435 5382 3434
f 5382 5375 3434
f 5383 5375 5382
f 5383 5381 5375
f 5377 5376 5384
f 5384 5376 5380
f 5386 3215 5385
f 5386 3216 3215
f 3215 3214 5385
f 3490 5387 3214
f 5387 5385 3214
f 5386 5384 3216
f 5384 3221 3216
f 3218 3217 5388
f 5388 3217 5389
f 5389 3217 3220
f 5390 3223 3218
f 5388 5390 3218
f 5391 3220 3349
f 5391 5389 3220
f 5380 3221 5384
f 3351 3221 5380
f 5392 3483 3223
f 5392 3223 5390
f 5393 3484 3483
f 5392 5393 3483
f 5394 5387 3490
f 3491 5394 3490
f 5396 5387 5395
f 5396 5385 5387
f 5394 5395 5387
f 5397 5386 5385
f 5377 5386 5397
f 5384 5386 5377
f 5396 5397 5385
f 5390 5388 3256
f 5388 5389 3263
f 3256 5388 3263
f 3255 5392 5390
f 3256 3255 5390
f 5391 5398 5389
f 5398 3263 5389
f 3350 5399 3349
f 5399 5391 3349
f 5398 5391 3291
f 3291 5391 5399
f 5378 3351 5380
f 3352 3351 5378
f 3255 3254 5392
f 5393 5392 3254
f 5371 3234 5346
f 5400 3234 5371
f 3235 3234 5400
f 5400 5401 3235
f 5401 3236 3235
f 5401 5402 3236
f 3237 3236 5402
f 3231 5403 3232
f 5404 3232 5403
f 5404 3233 3232
f 5405 3231 3237
f 5403 3231 5405
f 5402 5406 3237
f 5406 5405 3237
f 5404 5407 3233
f 5407 5344 3233
f 5345 5344 5408
f 5408 5344 5407
f 5405 5409 5403
f 5409 5410 5403
f 5410 5404 5403
f 5410 5411 5404
f 5411 5407 5404
f 5406 5412 5405
f 5405 5412 5409
f 5408 5407 5413
f 5413 5407 5411
f 5414 5400 5371
f 5414 5415 5400
f 5401 5400 5415
f 5415 5416 5401
f 5416 5402 5401
f 5369 5414 5371
f 5417 5402 5416
f 5406 5402 5417
f 5418 5406 5417
f 5412 5406 5418
f 3267 5419 3266
f 5420 3266 5419
f 3252 3266 5420
f 5420 5421 3252
f 5421 3253 3252
f 5422 3250 3253
f 5423 3250 5422
f 5423 3249 3250
f 5424 3253 5421
f 5422 3253 5424
f 5425 3249 5423
f 3254 3249 5425
f 5425 5393 3254
f 5426 3267 3257
f 3257 3258 5427
f 5426 3257 5427
f 3261 5428 3258
f 5428 5427 3258
f 3300 3260 3259
f 5429 3260 3300
f 5429 3261 3260
f 5428 3261 5430
f 5430 3261 5429
f 5398 3264 3263
f 3290 3264 5398
f 3262 3264 3290
f 5393 5425 5431
f 5432 5425 5423
f 5431 5425 5432
f 5422 5433 5423
f 5433 5432 5423
f 5424 5434 5422
f 5434 5433 5422
f 5419 3267 5074
f 5426 5074 3267
f 5073 5435 5419
f 5435 5420 5419
f 5074 5073 5419
f 5436 5420 5435
f 5421 5420 5436
f 5436 5437 5421
f 5437 5424 5421
f 5438 5424 5437
f 5434 5424 5438
f 3484 5393 5431
f 3274 5426 5427
f 5428 5439 5427
f 5439 3274 5427
f 3274 3273 5426
f 3273 5074 5426
f 5428 5430 5440
f 5439 5428 5440
f 3301 5429 3300
f 5430 5429 5441
f 5429 3301 5441
f 5441 5442 5430
f 5442 5440 5430
f 5398 3291 3290
f 5443 3276 3275
f 5443 5207 3276
f 3274 5439 3275
f 5439 5443 3275
f 5443 5439 5440
f 5444 5443 5440
f 5207 5443 5444
f 5444 5208 5207
f 5072 5435 5073
f 5204 5435 5072
f 5399 3292 3291
f 5399 5445 3292
f 5445 3293 3292
f 5445 5446 3293
f 5446 3298 3293
f 3294 5447 3295
f 5448 3295 5447
f 3301 3295 5448
f 5447 3294 5449
f 5449 3294 3297
f 3308 5450 3297
f 5449 3297 5450
f 5451 3298 5446
f 3310 3298 5451
f 5441 3301 5448
f 3350 5445 5399
f 3346 5445 3350
f 5446 5445 3346
f 3341 5446 3346
f 5451 5446 3341
f 5448 5447 5452
f 5447 5449 5453
f 5452 5447 5453
f 5454 5441 5448
f 5452 5454 5448
f 5450 5455 5449
f 5455 5453 5449
f 5450 3308 5456
f 5456 3308 3309
f 5457 5450 5456
f 5457 5455 5450
f 3341 3342 5451
f 3342 5458 5451
f 5458 3310 5451
f 5458 3311 3310
f 5442 5441 5454
f 3315 5459 3309
f 5459 5456 3309
f 5458 5460 3311
f 5460 3319 3311
f 3318 5461 3313
f 5461 5462 3313
f 5462 3314 3313
f 3315 3314 5463
f 5463 3314 5462
f 5464 3316 3319
f 5465 3316 5464
f 3317 3316 5465
f 5466 3317 5465
f 3318 3317 5466
f 5466 5467 3318
f 5467 5461 3318
f 5468 3315 5463
f 5468 5459 3315
f 5459 5469 5456
f 5469 5457 5456
f 5468 5470 5459
f 5470 5469 5459
f 3345 5458 3342
f 3345 5460 5458
f 5471 5460 3345
f 5472 5460 5471
f 3319 5460 5472
f 5472 5464 3319
f 5467 5473 5461
f 5473 5474 5461
f 5474 5462 5461
f 5474 5475 5462
f 5475 5463 5462
f 5475 5476 5463
f 5476 5468 5463
f 5477 5468 5476
f 5477 5470 5468
f 5472 5478 5464
f 5478 5479 5464
f 5464 5479 5465
f 5479 5480 5465
f 5480 5466 5465
f 5480 5481 5466
f 5481 5467 5466
f 3368 5467 5481
f 5473 5467 3368
f 5482 5472 5471
f 5482 5478 5472
f 5383 3333 3332
f 5383 5483 3333
f 5483 3335 3333
f 3344 5381 3332
f 5381 5383 3332
f 5484 3336 3335
f 5485 3336 5484
f 3334 3336 5485
f 5486 3334 5485
f 3339 3334 5486
f 5483 5487 3335
f 5487 5484 3335
f 3339 5488 3337
f 5488 5489 3337
f 5489 3338 3337
f 3345 3338 5471
f 5471 3338 5489
f 5486 5490 3339
f 5490 5488 3339
f 5381 3344 5379
f 3344 3352 5379
f 5382 5483 5383
f 5491 5483 5382
f 5487 5483 5491
f 5487 5492 5484
f 5492 5493 5484
f 5484 5493 5485
f 5493 5494 5485
f 5494 5486 5485
f 5495 5490 5486
f 5494 5495 5486
f 5491 5496 5487
f 5496 5492 5487
f 5490 5497 5488
f 5497 5498 5488
f 5498 5489 5488
f 5498 5482 5489
f 5482 5471 5489
f 3409 5490 5495
f 5497 5490 3409
f 5378 5379 3352
f 3382 5499 3381
f 5499 5500 3381
f 5500 3367 3381
f 5500 5473 3367
f 3368 3367 5473
f 3368 5481 3364
f 5481 5501 3364
f 5501 3365 3364
f 5501 5502 3365
f 5502 3369 3365
f 5504 3369 5503
f 5504 3370 3369
f 3369 5502 5503
f 5505 3370 5504
f 3371 3370 5505
f 5506 3371 5505
f 5506 3377 3371
f 3372 3375 5507
f 3376 5508 3375
f 5508 5507 3375
f 5509 3382 3372
f 5507 5509 3372
f 3380 5510 3374
f 5510 5511 3374
f 5511 3373 3374
f 5511 5512 3373
f 5512 3376 3373
f 5513 3376 5512
f 5513 5508 3376
f 5514 3377 5506
f 5515 3377 5514
f 3378 3377 5515
f 5515 5516 3378
f 5516 3379 3378
f 5516 5517 3379
f 5517 3380 3379
f 5517 3474 3380
f 3474 5510 3380
f 5481 5480 5501
f 5480 5518 5501
f 5502 5501 5518
f 5518 5519 5502
f 5519 5503 5502
f 5499 3382 5520
f 5520 3382 5509
f 5522 5521 5499
f 5521 5500 5499
f 5520 5522 5499
f 5521 5474 5500
f 5474 5473 5500
f 3406 5503 5519
f 3407 5504 5503
f 3407 3392 5504
f 3392 5505 5504
f 3406 3407 5503
f 3392 3393 5505
f 3393 5506 5505
f 5523 5506 3393
f 5514 5506 5523
f 5508 5524 5507
f 5525 5507 5524
f 5525 5509 5507
f 5526 5520 5509
f 5525 5526 5509
f 5524 5508 5527
f 5527 5508 5513
f 5510 5528 5511
f 5528 5529 5511
f 5529 5512 5511
f 3474 3471 5510
f 5528 5510 3471
f 5529 5530 5512
f 5530 5513 5512
f 5530 5531 5513
f 5531 5527 5513
f 5532 5516 5515
f 5532 5533 5516
f 5533 5517 5516
f 5523 5534 5514
f 5534 5535 5514
f 5535 5515 5514
f 5535 5532 5515
f 3472 5517 5533
f 3474 5517 3472
f 5522 5520 5536
f 5526 5536 5520
f 3390 5538 3391
f 5538 5523 3391
f 5523 3393 3391
f 5539 3390 3404
f 5538 3390 5539
f 5541 3400 5540
f 3401 3400 5541
f 3400 3399 5540
f 3412 5542 3399
f 5542 5540 3399
f 5543 3403 3402
f 5544 3403 5543
f 3404 3403 5544
f 5541 5545 3401
f 5545 5546 3401
f 5546 3402 3401
f 5546 5543 3402
f 5547 3404 5544
f 5539 3404 5547
f 5523 5538 5534
f 5548 5538 5539
f 5534 5538 5548
f 5547 5549 5539
f 5549 5548 5539
f 5519 5550 3406
f 5550 3405 3406
f 5551 3405 5550
f 3408 3405 5551
f 5551 5497 3408
f 5497 3409 3408
f 3410 5552 3411
f 5552 5553 3411
f 5553 3412 3411
f 3409 5495 3410
f 5552 3410 5495
f 5554 3412 5553
f 5554 5542 3412
f 5555 5540 5542
f 5556 5542 5554
f 5555 5542 5556
f 5557 5541 5540
f 5557 5558 5541
f 5558 5545 5541
f 5555 5557 5540
f 5559 5546 5545
f 5559 5560 5546
f 5560 5543 5546
f 5560 5561 5543
f 5543 5561 5544
f 5558 5562 5545
f 5562 5559 5545
f 5561 5563 5544
f 5563 5547 5544
f 5563 3464 5547
f 3464 5549 5547
f 5518 5564 5519
f 5550 5519 5564
f 5564 5565 5550
f 5550 5565 5551
f 5565 5498 5551
f 5497 5551 5498
f 5552 5495 5494
f 5494 5566 5552
f 5566 5553 5552
f 5566 5567 5553
f 5567 5554 5553
f 5568 5554 5567
f 5568 5556 5554
f 5569 3424 3425
f 5569 5570 3424
f 5570 3418 3424
f 5570 5571 3418
f 3420 3419 5557
f 5558 3419 3423
f 5558 5557 3419
f 5555 3425 3420
f 5557 5555 3420
f 5572 5573 3421
f 5573 3422 3421
f 5573 5574 3422
f 5574 3423 3422
f 5574 5562 3423
f 5562 5558 3423
f 5569 3425 5556
f 5556 3425 5555
f 5568 5575 5569
f 5575 5570 5569
f 5556 5568 5569
f 5575 5576 5570
f 5576 5571 5570
f 5577 5571 5576
f 5572 5578 5573
f 5573 5578 5579
f 5574 5573 5579
f 5580 5574 5579
f 5580 5562 5574
f 5578 5572 5581
f 5580 5559 5562
f 3503 3429 5397
f 5397 3429 5377
f 3503 5397 5396
f 5396 3501 3503
f 3435 3438 5491
f 5382 3435 5491
f 5582 3436 5577
f 5582 3437 3436
f 5582 5583 3437
f 3438 3437 5583
f 5583 5496 3438
f 5496 5491 3438
f 5576 5582 5577
f 5584 5582 5576
f 5584 5583 5582
f 5496 5583 5585
f 5585 5583 5584
f 5492 5496 5585
f 3446 3443 5586
f 5588 5587 3446
f 3445 3446 5587
f 5586 5588 3446
f 5587 5589 3445
f 5589 3444 3445
f 5581 3444 5589
f 5537 5590 5586
f 5590 5588 5586
f 5592 5591 5587
f 5591 5589 5587
f 5592 5587 5588
f 5578 5589 5591
f 5589 5578 5581
f 5593 5592 5588
f 5590 5593 5588
f 5590 3455 3462
f 5590 5537 3455
f 3460 5594 3461
f 5594 5595 3461
f 5595 3462 3461
f 3464 5563 3460
f 5563 5594 3460
f 5595 5593 3462
f 5593 5590 3462
f 5596 3463 3457
f 5597 3463 5596
f 5597 5598 3463
f 5598 3459 3463
f 5598 5599 3459
f 5599 3458 3459
f 5599 5549 3458
f 5549 3464 3458
f 5597 5596 3475
f 3476 3475 5596
f 5601 5600 5598
f 5600 5599 5598
f 5597 5601 5598
f 5548 5599 5600
f 5549 5599 5548
f 5561 5594 5563
f 5595 5594 5602
f 5594 5561 5602
f 5603 5595 5602
f 5603 5593 5595
f 5603 5592 5593
f 5604 5601 5597
f 3475 5604 5597
f 5605 5606 3477
f 5606 5607 3477
f 5607 3470 3477
f 5607 5528 3470
f 5528 3471 3470
f 5533 3473 3472
f 5604 3473 5533
f 5604 3475 3473
f 5606 5605 5608
f 5610 5609 5606
f 5609 5607 5606
f 5608 5610 5606
f 5609 5529 5607
f 5529 5528 5607
f 5604 5533 5532
f 5532 5601 5604
f 5431 5611 3484
f 5611 3485 3484
f 5612 3485 5611
f 3486 3485 5612
f 5613 3486 5612
f 3489 3486 5613
f 3491 3488 5614
f 5615 3488 3487
f 5614 3488 5615
f 3489 5616 3487
f 5616 5615 3487
f 5613 5617 3489
f 5617 5616 3489
f 5618 3491 5614
f 5618 5394 3491
f 5432 5619 5431
f 5619 5611 5431
f 5619 5620 5611
f 5620 5612 5611
f 5620 5621 5612
f 5621 5613 5612
f 5622 5613 5621
f 5617 5613 5622
f 5623 5615 5616
f 5624 5615 5623
f 5614 5615 5624
f 5625 5616 5617
f 5625 5623 5616
f 5624 5626 5614
f 5626 5618 5614
f 5622 5418 5617
f 5418 5625 5617
f 5627 5394 5618
f 5395 5394 5627
f 5626 5628 5618
f 5628 5627 5618
f 5630 5629 3496
f 5629 3497 3496
f 3502 5630 3496
f 5631 3497 5629
f 3499 3498 5627
f 5627 3498 5395
f 5395 3498 3501
f 5628 3502 3499
f 5627 5628 3499
f 5396 5395 3501
f 5628 5632 3502
f 5630 3502 5632
f 5634 5630 5633
f 5629 5630 5634
f 5633 5630 5632
f 5635 5629 5634
f 5631 5629 5635
f 5635 5370 5631
f 5632 5628 5626
f 5636 5633 5632
f 5626 5636 5632
f 5638 5639 3504
f 5639 3505 3504
f 3505 5640 3506
f 5640 5641 3506
f 5643 3505 5639
f 5640 3505 5643
f 5645 5644 5637
f 5644 5638 5637
f 5646 5638 5644
f 5639 5638 5646
f 5646 5647 5639
f 5647 5643 5639
f 5643 5648 5640
f 5648 5649 5640
f 5649 5641 5640
f 5647 3608 5643
f 5648 5643 3608
f 5642 5641 5650
f 5641 5649 5650
f 5608 5642 5650
f 5651 3529 3530
f 5652 5651 3530
f 5654 3529 5653
f 5654 3532 3529
f 5653 3529 5651
f 5656 5655 3507
f 5328 5656 3507
f 5660 5656 5328
f 5327 5660 5328
f 5662 5657 5661
f 5662 5658 5657
f 5655 5661 5657
f 5661 5655 5663
f 5656 5663 5655
f 3689 5658 5662
f 3689 5659 5658
f 5663 5656 5665
f 5665 5656 5660
f 3688 5659 3689
f 3688 5664 5659
f 5673 5672 5668
f 5672 5669 5668
f 5666 5673 5668
f 5674 5673 5666
f 5667 5674 5666
f 5672 5675 5669
f 5675 5670 5669
f 5677 5674 5667
f 5671 5677 5667
f 5678 5670 5675
f 5678 5676 5670
f 5679 3523 3517
f 3516 5680 3515
f 5681 3515 5680
f 5681 3517 3515
f 5681 5679 3517
f 4943 5680 3516
f 3526 5682 3520
f 5683 5679 5681
f 4943 5684 5680
f 5684 5685 5680
f 5685 5681 5680
f 5685 5683 5681
f 4941 4940 5679
f 4940 3523 5679
f 5683 4941 5679
f 4940 4942 3523
f 4942 3522 3523
f 4942 5686 3522
f 5686 3524 3522
f 5686 5687 3524
f 5687 3525 3524
f 3525 5688 3526
f 5688 5689 3526
f 5689 5682 3526
f 5689 5690 5682
f 5687 3662 3525
f 3662 5688 3525
f 4936 5686 4942
f 4949 5686 4936
f 4949 4948 5686
f 4948 5687 5686
f 4948 3663 5687
f 3663 3662 5687
f 3662 3661 5688
f 3661 5691 5688
f 5691 5689 5688
f 5691 5151 5689
f 5151 5690 5689
f 5692 3531 3532
f 3531 3582 3533
f 3582 3531 5692
f 5693 5652 5309
f 5693 5651 5652
f 5311 5309 5652
f 5308 5651 5693
f 5308 5653 5651
f 5309 5308 5693
f 5307 5694 5653
f 5694 5654 5653
f 5308 5307 5653
f 5694 3532 5654
f 5694 5692 3532
f 5306 5695 5694
f 5695 5692 5694
f 5307 5306 5694
f 5695 3583 5692
f 3583 3582 5692
f 5696 3544 4404
f 5696 3551 3544
f 4405 3544 3542
f 4405 4404 3544
f 5318 3541 3540
f 5318 5697 3541
f 3549 3541 5697
f 5698 3542 3549
f 5698 4405 3542
f 5697 5699 3549
f 5699 5698 3549
f 5319 5697 5318
f 5319 5700 5697
f 5699 5697 5700
f 5698 4406 4405
f 5701 5698 5699
f 5701 4406 5698
f 4403 5696 4404
f 4403 3551 5696
f 4403 5702 3551
f 3550 3551 5702
f 5316 3550 5702
f 5316 3552 3550
f 5315 3555 3554
f 5315 5323 3555
f 5324 5323 5315
f 5700 5703 5699
f 5703 5701 5699
f 4402 5702 4403
f 4402 5317 5702
f 5317 5316 5702
f 5314 5324 5315
f 3569 5704 3568
f 5273 3568 5704
f 5273 3570 3568
f 5272 5705 3570
f 5705 3571 3570
f 5273 5272 3570
f 5705 4865 3571
f 4865 3572 3571
f 3573 3572 4865
f 5704 3569 5274
f 3584 5275 3569
f 5275 5274 3569
f 5274 5273 5704
f 4881 3575 3574
f 4881 5706 3575
f 5706 3576 3575
f 5706 5665 3576
f 5665 5660 3576
f 5660 3577 3576
f 5660 5327 3577
f 5327 3579 3577
f 5695 3584 3583
f 5707 3584 5695
f 5707 5275 3584
f 5707 5276 5275
f 5271 5705 5272
f 5271 4866 5705
f 4866 4865 5705
f 4880 5706 4881
f 4880 5708 5706
f 5708 5665 5706
f 5708 5663 5665
f 5306 5707 5695
f 5306 5305 5707
f 5305 5276 5707
f 3596 5709 3597
f 5709 5710 3597
f 5710 3599 3597
f 5647 3596 3608
f 5709 3596 5647
f 5710 5184 3599
f 5524 3603 5525
f 5524 3604 3603
f 3603 3612 5525
f 5527 3604 5524
f 3605 3604 5527
f 5711 3606 3605
f 5711 5712 3606
f 5712 3607 3606
f 5648 3607 5712
f 3608 3607 5648
f 5527 5531 3605
f 5531 5711 3605
f 5646 5709 5647
f 5710 5709 5713
f 5713 5709 5646
f 5714 5710 5713
f 5714 5184 5710
f 5714 5715 5184
f 5715 5182 5184
f 5716 3610 5179
f 5716 3611 3610
f 5716 5717 3611
f 3612 3611 5717
f 5717 5526 3612
f 5526 5525 3612
f 5531 5718 5711
f 5719 5711 5718
f 5712 5711 5719
f 5649 5712 5719
f 5648 5712 5649
f 5530 5718 5531
f 5180 5720 5179
f 5720 5716 5179
f 5717 5716 5721
f 5716 5720 5721
f 5536 5717 5721
f 5536 5526 5717
f 5722 3622 3620
f 5722 5723 3622
f 5723 3623 3622
f 3623 5724 3616
f 5724 5725 3616
f 5725 3617 3616
f 5723 5726 3623
f 5726 5724 3623
f 5727 3617 5725
f 5727 3619 3617
f 5722 3620 5728
f 3621 5728 3620
f 5727 5645 3619
f 5724 5729 5725
f 5729 5730 5725
f 5730 5727 5725
f 5726 5731 5724
f 5731 5729 5724
f 5645 5727 5732
f 5727 5730 5732
f 5728 3621 5149
f 5150 5149 3621
f 5154 5733 5728
f 5733 5722 5728
f 5149 5154 5728
f 5733 5734 5722
f 5734 5723 5722
f 5734 5735 5723
f 5735 5726 5723
f 5735 5736 5726
f 5736 5731 5726
f 5644 5645 5732
f 5000 4748 4747
f 4746 5737 4747
f 5737 5000 4747
f 5737 4746 5090
f 5218 4724 3633
f 5226 4720 4724
f 5226 5738 4720
f 5738 4721 4720
f 5738 4737 4721
f 4771 4770 5739
f 4914 5739 4770
f 4767 5010 4768
f 5010 4900 4768
f 4913 5740 4914
f 5740 5739 4914
f 4984 3656 3654
f 5144 3660 3659
f 5691 3660 5144
f 5691 3661 3660
f 4983 5152 4984
f 5152 3656 4984
f 4983 5110 5152
f 5151 5691 5144
f 3689 5662 3677
f 5662 5741 3677
f 5741 3676 3677
f 4878 3679 3676
f 5741 4878 3676
f 5683 3684 4941
f 3684 5683 3685
f 5683 5685 3685
f 5685 3686 3685
f 5684 3686 5685
f 5684 5742 3686
f 5742 3687 3686
f 5742 5664 3687
f 5664 3688 3687
f 5661 5741 5662
f 5661 5743 5741
f 5743 4878 5741
f 5743 4879 4878
f 4875 4934 4876
f 4655 4574 3696
f 4654 4575 4655
f 4575 4574 4655
f 4690 5744 3706
f 5744 3710 3706
f 3709 3710 5745
f 5746 3709 5745
f 5746 3712 3709
f 5747 5745 3710
f 5744 5747 3710
f 3712 5748 3711
f 4728 5744 4690
f 5749 5744 4728
f 5747 5744 5749
f 5750 5748 3712
f 5746 5750 3712
f 5745 5747 5751
f 5752 5745 5751
f 5752 5746 5745
f 5753 5750 5746
f 5752 5753 5746
f 5754 5751 5747
f 5749 5754 5747
f 5750 4678 5748
f 4678 5750 4679
f 4679 5750 5753
f 5755 3720 3719
f 4997 5756 3719
f 5756 5755 3719
f 5755 5757 3720
f 3725 3720 5757
f 4740 4739 3722
f 3723 3722 4739
f 3721 4740 3722
f 5758 4740 3721
f 5758 3721 3726
f 5757 5759 3725
f 5759 3726 3725
f 5759 5760 3726
f 5760 5758 3726
f 4998 5761 4997
f 5761 5756 4997
f 5762 5755 5756
f 5761 5763 5756
f 5763 5762 5756
f 5764 5757 5755
f 5762 5764 5755
f 5764 5765 5757
f 5759 5757 5765
f 5758 4732 4740
f 5766 4732 5758
f 5766 5758 5760
f 5764 5767 5765
f 5767 5759 5765
f 5767 5754 5759
f 5754 5760 5759
f 5754 5749 5760
f 5749 5766 5760
f 3737 5768 3733
f 5768 5769 3733
f 5769 3734 3733
f 3735 4686 3737
f 4686 5768 3737
f 5769 5770 3734
f 5770 4669 3734
f 5770 4710 4669
f 4709 4670 4669
f 4710 4709 4669
f 4708 4663 4670
f 4709 4708 4670
f 4663 4708 4664
f 4686 5771 5768
f 5771 5772 5768
f 5772 5769 5768
f 5772 5773 5769
f 5773 5770 5769
f 5773 4714 5770
f 4714 4710 5770
f 4684 5771 4686
f 4533 4532 4544
f 4565 4533 4544
f 3747 3753 5774
f 5775 3749 3747
f 5774 5775 3747
f 5775 5776 3749
f 5776 3750 3749
f 5777 3753 3752
f 4572 5777 3752
f 5778 5774 3753
f 5777 5778 3753
f 5774 5778 5779
f 5780 5775 5774
f 5779 5780 5774
f 5781 5776 5775
f 5780 5781 5775
f 5781 4518 5776
f 5782 5777 4572
f 4577 5782 4572
f 5783 5778 5777
f 5782 5783 5777
f 5784 5779 5778
f 5783 5784 5778
f 5785 3767 3768
f 3768 3759 5786
f 3760 5787 3759
f 5787 5786 3759
f 5786 5785 3768
f 5788 3763 3770
f 5788 3764 3763
f 5788 5789 3764
f 5790 5785 5786
f 5786 5787 5791
f 5792 5791 5787
f 5791 5790 5786
f 5794 5785 5793
f 5794 3767 5785
f 5790 5793 5785
f 5795 3767 5794
f 3766 3767 5795
f 5795 5796 3766
f 5796 3769 3766
f 5796 4410 3769
f 4410 3771 3769
f 3770 5797 5788
f 3771 5798 3770
f 5798 5797 3770
f 5799 5788 5797
f 5799 5789 5788
f 5799 5320 5789
f 4410 4409 3771
f 4409 5798 3771
f 5801 5800 5794
f 5800 5795 5794
f 5793 5801 5794
f 5800 5802 5795
f 5802 5796 5795
f 5802 4390 5796
f 4390 4410 5796
f 4409 4408 5798
f 4408 5803 5798
f 5803 5797 5798
f 5803 5703 5797
f 5703 5799 5797
f 3788 4206 3790
f 4206 4204 3790
f 3798 5804 3788
f 5804 4206 3788
f 4260 5805 3794
f 5805 4242 3794
f 4242 3795 3794
f 4252 3798 3797
f 4252 5806 3798
f 5806 5804 3798
f 5804 4207 4206
f 4207 5804 4208
f 5806 5807 5804
f 4208 5804 5807
f 4261 5808 4260
f 5808 5805 4260
f 5808 4242 5805
f 5808 4244 4242
f 4253 5806 4252
f 5807 5806 5809
f 4253 5810 5806
f 5809 5806 5810
f 5809 4208 5807
f 4201 4221 4202
f 5811 3802 3806
f 5811 5812 3802
f 5812 3803 3802
f 5812 4050 3803
f 4050 3834 3803
f 4036 5813 3805
f 5813 5814 3805
f 3806 3805 5814
f 5814 5815 3806
f 5815 5811 3806
f 5815 5812 5811
f 5816 5812 5815
f 3824 5812 5816
f 4050 5812 3824
f 5818 5814 5817
f 5819 5814 5818
f 5817 5814 5813
f 5815 5814 5819
f 5817 4036 4035
f 5813 4036 5817
f 5819 5816 5815
f 3926 3816 3828
f 3828 3819 3897
f 3818 5820 3819
f 3899 3819 5820
f 3899 3897 3819
f 5820 3818 5821
f 5821 3818 3827
f 5821 3899 5820
f 5816 3825 3824
f 3826 3825 5822
f 5816 5823 3825
f 5822 3825 5823
f 5822 3827 3826
f 5824 3827 5822
f 5824 5821 3827
f 3898 3899 5821
f 5824 5825 5821
f 5825 3898 5821
f 5823 5816 5819
f 5819 5822 5823
f 5819 5826 5822
f 5826 5824 5822
f 5826 5827 5824
f 5828 5824 5827
f 5828 5825 5824
f 3921 3838 3842
f 3921 5829 3838
f 3844 3838 5829
f 5830 5829 3921
f 5830 3844 5829
f 5830 5831 3844
f 5830 3921 3920
f 3892 5830 3920
f 3892 5832 5830
f 5831 5830 5832
f 5832 5833 5831
f 3849 3848 3917
f 3917 3869 3849
f 3870 3869 3917
f 3870 3917 3915
f 4031 3864 5834
f 4031 3866 3864
f 5834 3864 3902
f 4031 3865 3866
f 3915 3916 3870
f 3916 3879 3870
f 3916 3875 3879
f 3875 3916 3914
f 3914 3913 3875
f 3913 3876 3875
f 3913 3877 3876
f 5835 3902 3901
f 5835 5834 3902
f 4032 4031 5834
f 5835 5836 5834
f 5836 4032 5834
f 3913 3912 3877
f 3912 3911 3877
f 3911 5837 3877
f 5837 3880 3877
f 5837 5838 3880
f 3881 3880 5838
f 3911 5838 5837
f 5838 5839 3881
f 5839 3890 3881
f 3910 5840 3911
f 5840 5838 3911
f 5840 5841 5838
f 5841 5839 5838
f 3910 5841 5840
f 5841 5842 5839
f 5842 5843 5839
f 5843 3891 5839
f 3891 3890 5839
f 3898 5825 3900
f 3901 3900 5825
f 5825 5828 3901
f 5828 5835 3901
f 5843 5832 3891
f 5832 3892 3891
f 5832 5843 5842
f 5833 5832 5842
f 5827 5844 5828
f 5844 5835 5828
f 5845 5835 5844
f 5845 5836 5835
f 5845 4032 5836
f 5846 5841 3910
f 3934 3945 4055
f 3944 4090 3945
f 4090 4055 3945
f 3942 3955 4093
f 4092 3942 4093
f 4092 3943 3942
f 4092 3944 3943
f 4092 4091 3944
f 4091 4090 3944
f 3954 4094 3955
f 4094 4093 3955
f 3952 3951 5847
f 5848 3951 3963
f 5847 3951 5848
f 4102 3952 5847
f 4102 3953 3952
f 4102 3954 3953
f 4102 4101 3954
f 4101 4094 3954
f 3964 5849 3963
f 5849 5850 3963
f 5850 5848 3963
f 5849 5851 5850
f 5851 5848 5850
f 5851 5852 5848
f 5852 5853 5848
f 5853 5847 5848
f 4097 4102 5847
f 5853 4097 5847
f 5854 3967 3965
f 4020 5854 3965
f 5855 3967 5854
f 5855 3968 3967
f 5855 3964 3968
f 5855 5849 3964
f 5849 5855 5856
f 5857 5855 5854
f 5856 5855 5857
f 5851 5849 5856
f 5854 4020 4019
f 4019 5858 5854
f 5858 5857 5854
f 3996 5859 3976
f 5859 3977 3976
f 5859 5860 3977
f 5860 5861 3977
f 5861 3978 3977
f 5861 3979 3978
f 5862 3979 5861
f 3980 3979 5862
f 5862 5863 3980
f 5863 3999 3980
f 5864 3996 3995
f 5864 5859 3996
f 5865 5859 5864
f 5860 5859 5865
f 5865 5866 5860
f 5866 5867 5860
f 5867 5861 5860
f 5862 5861 5867
f 5868 5862 5867
f 5868 5863 5862
f 5868 5869 5863
f 5869 4376 5863
f 5863 4376 3999
f 5870 3999 4376
f 4000 3999 5870
f 5871 4000 5870
f 4001 4000 5871
f 5871 4315 4001
f 4215 4014 4013
f 4215 4015 4014
f 4017 4015 5872
f 5873 4015 4215
f 5873 5872 4015
f 5872 4016 4017
f 5874 4016 5872
f 5874 4019 4016
f 5874 5858 4019
f 5875 3993 4024
f 3995 3993 5875
f 5875 5864 3995
f 4292 5875 4024
f 4291 5875 4292
f 4291 5864 5875
f 5865 5864 4291
f 4372 5869 5868
f 4372 4376 5869
f 4376 4375 5870
f 4375 5876 5870
f 5876 5871 5870
f 5876 5877 5871
f 5877 4315 5871
f 5877 4316 4315
f 5879 5878 4010
f 5878 4011 4010
f 4314 5879 4010
f 5878 5880 4011
f 4012 4011 5880
f 5879 4314 4220
f 5878 4196 5880
f 4196 4012 5880
f 4195 4013 4012
f 4196 4195 4012
f 4195 4216 4013
f 4215 4013 4216
f 4198 5878 5879
f 4220 5881 5879
f 5881 4199 5879
f 4199 4198 5879
f 4198 4197 5878
f 4196 5878 4197
f 4214 5873 4215
f 5872 5873 5882
f 4214 5883 5873
f 5882 5873 5883
f 5882 5874 5872
f 5858 5874 5857
f 5884 5874 5882
f 5884 5857 5874
f 4033 4032 5845
f 5845 5885 4033
f 5885 4034 4033
f 5885 4035 4034
f 5817 4035 5885
f 5885 5845 5844
f 5886 5885 5844
f 5817 5885 5886
f 5886 5818 5817
f 4046 4058 4047
f 4058 4062 4047
f 5853 5887 4097
f 5887 4098 4097
f 5887 4099 4098
f 5888 4099 5887
f 4099 5888 4100
f 5888 5889 4100
f 5889 4210 4100
f 4210 4103 4100
f 4167 4107 4105
f 4168 4167 4105
f 4167 4121 4107
f 4121 4109 4107
f 5853 5890 5887
f 5890 5888 5887
f 5852 5890 5853
f 5890 5891 5888
f 5891 5892 5888
f 5892 5889 5888
f 5892 4210 5889
f 4211 4210 5892
f 4175 4124 4165
f 4175 4125 4124
f 4126 4125 4175
f 4175 4131 4126
f 4209 4152 4151
f 4209 5809 4152
f 4153 4152 5809
f 5809 5810 4153
f 5810 4253 4153
f 4253 4154 4153
f 4251 4162 4160
f 4176 4162 4251
f 4176 4163 4162
f 5809 4209 4208
f 4177 4176 4251
f 4249 4177 4251
f 4178 4177 4249
f 4249 4250 4178
f 5881 4221 4199
f 4221 4201 4199
f 5892 5893 4211
f 5893 4212 4211
f 5893 5894 4212
f 5894 4213 4212
f 4214 4213 5894
f 5883 4214 5894
f 4220 4221 5881
f 5891 5893 5892
f 5895 5893 5891
f 5895 5896 5893
f 5896 5894 5893
f 5882 5894 5896
f 5882 5883 5894
f 5808 4243 4244
f 5897 4257 4245
f 4257 4246 4245
f 4258 4257 5897
f 4454 4296 4295
f 4435 4433 4432
f 4307 5866 4308
f 5866 4290 4308
f 5866 5865 4290
f 5865 4291 4290
f 4372 5868 4306
f 5868 4307 4306
f 5867 4307 5868
f 5867 5866 4307
f 4454 5898 4296
f 5898 5899 4296
f 5899 4297 4296
f 5899 4301 4297
f 5898 4454 4453
f 5900 4301 5899
f 5900 4302 4301
f 4453 4459 5898
f 4459 5901 5898
f 5901 5899 5898
f 5901 5900 5899
f 5900 5902 4302
f 5902 4303 4302
f 5902 5903 4303
f 4350 4303 5903
f 5901 5904 5900
f 5904 5902 5900
f 5904 5905 5902
f 5905 5903 5902
f 5906 5903 5905
f 4351 5903 5906
f 4350 5903 4351
f 5877 5907 4316
f 5907 4317 4316
f 5907 5908 4317
f 5908 4318 4317
f 5908 5909 4318
f 5909 4325 4318
f 5910 4325 5909
f 5910 4326 4325
f 5911 5877 5876
f 5911 5907 5877
f 5911 5912 5907
f 5912 5908 5907
f 5912 4367 5908
f 4367 5909 5908
f 4367 4366 5909
f 4366 5910 5909
f 5910 5913 4326
f 4327 4326 5913
f 5913 5914 4327
f 5914 4328 4327
f 5914 5915 4328
f 5915 4329 4328
f 5915 5916 4329
f 5916 5917 4329
f 4329 5917 4330
f 5917 5918 4330
f 5918 4331 4330
f 4359 5910 4366
f 4359 5913 5910
f 4359 4358 5913
f 4358 5914 5913
f 4358 4357 5914
f 4357 5915 5914
f 4357 4365 5915
f 4365 5916 5915
f 5916 4365 5919
f 5920 5917 5916
f 5920 5921 5917
f 5921 5918 5917
f 5919 5920 5916
f 5912 4373 4349
f 4367 5912 4349
f 5906 4352 4351
f 5906 5922 4352
f 5922 5923 4352
f 5923 4353 4352
f 5923 5924 4353
f 5924 4354 4353
f 5925 4354 5924
f 5925 4355 4354
f 5925 5926 4355
f 5926 4356 4355
f 5927 4356 5926
f 4356 5927 4360
f 5927 5928 4360
f 5928 5929 4360
f 5929 4361 4360
f 5929 5930 4361
f 5930 4362 4361
f 5930 5931 4362
f 5931 4363 4362
f 5931 5932 4363
f 5932 4364 4363
f 5932 5919 4364
f 5919 4365 4364
f 5912 5911 4373
f 5911 4374 4373
f 5905 5933 5906
f 5933 5922 5906
f 5933 5934 5922
f 5934 5935 5922
f 5935 5923 5922
f 5935 5936 5923
f 5936 5924 5923
f 5937 5924 5936
f 5937 5925 5924
f 5937 5938 5925
f 5938 5926 5925
f 5939 5926 5938
f 5926 5939 5927
f 5939 5940 5927
f 5940 5928 5927
f 5940 5678 5928
f 5678 5675 5928
f 5675 5929 5928
f 5675 5672 5929
f 5672 5930 5929
f 5672 5673 5930
f 5673 5931 5930
f 5673 5674 5931
f 5674 5932 5931
f 5674 5677 5932
f 5677 5919 5932
f 5677 5920 5919
f 5911 5876 4374
f 5876 4375 4374
f 5920 5671 5921
f 5920 5677 5671
f 5791 5792 5942
f 5941 5942 5792
f 5942 5941 5943
f 5676 5943 5941
f 4396 5944 4394
f 5944 4456 4394
f 4391 4390 5802
f 5802 5945 4391
f 5945 4392 4391
f 5945 5946 4392
f 5946 4393 4392
f 4396 4393 5947
f 5947 4393 5946
f 5948 4396 5947
f 5948 5944 4396
f 4402 4401 5317
f 5701 4407 4406
f 5701 5803 4407
f 5803 4408 4407
f 5800 5945 5802
f 5800 5949 5945
f 5949 5946 5945
f 5949 5950 5946
f 5950 5947 5946
f 5950 5951 5947
f 5951 5948 5947
f 5944 5952 4456
f 5952 4458 4456
f 5948 5953 5944
f 5953 5952 5944
f 5953 5948 5934
f 5934 5948 5951
f 4457 5954 4413
f 4414 4413 5954
f 5954 5303 4414
f 5303 4415 4414
f 5703 5803 5701
f 4450 5955 4455
f 5955 5956 4455
f 5956 4457 4455
f 4449 5955 4450
f 5957 5956 5955
f 5957 4457 5956
f 5957 5958 4457
f 5958 5954 4457
f 5302 5954 5958
f 5303 5954 5302
f 5959 4426 4425
f 5959 4421 4426
f 5959 4483 4421
f 4483 4422 4421
f 4433 5960 4425
f 5960 5959 4425
f 4482 5959 5960
f 4482 4483 5959
f 4435 5961 4433
f 5961 5960 4433
f 5961 5962 5960
f 5962 4482 5960
f 4605 4506 4606
f 4506 5963 4606
f 5963 4434 4606
f 5963 4435 4434
f 5963 5961 4435
f 5963 5964 5961
f 5964 4481 5961
f 4481 5962 5961
f 4481 4482 5962
f 5963 4506 4487
f 4487 5964 5963
f 4487 4481 5964
f 4479 4440 4439
f 4479 4448 4440
f 4478 4448 4479
f 4449 4448 4478
f 4478 4502 4449
f 4502 5955 4449
f 4501 5965 4502
f 5965 5955 4502
f 5965 5957 5955
f 5952 5966 4458
f 5966 4459 4458
f 5966 5901 4459
f 5953 5967 5952
f 5967 5966 5952
f 5968 5957 5965
f 5968 5958 5957
f 5968 5301 5958
f 5302 5958 5301
f 5967 5904 5966
f 5904 5901 5966
f 4804 4511 4510
f 4804 4492 4511
f 4804 4801 4492
f 4801 4493 4492
f 4800 4493 4801
f 4494 4493 4800
f 4800 4799 4494
f 5281 4499 4498
f 5281 4500 4499
f 5281 5969 4500
f 5969 4501 4500
f 5969 5970 4501
f 5970 5965 4501
f 4605 4507 4506
f 4605 4504 4507
f 5971 4504 4605
f 5971 4503 4504
f 5972 4503 5971
f 5972 4505 4503
f 5973 4505 5972
f 5973 5974 4505
f 5974 4508 4505
f 5974 5975 4508
f 5975 4512 4508
f 4512 5976 4509
f 5976 5977 4509
f 5977 4510 4509
f 5977 4805 4510
f 4805 4804 4510
f 5975 5978 4512
f 5978 5976 4512
f 5280 5304 5281
f 5304 5969 5281
f 5304 5968 5969
f 5968 5970 5969
f 5968 5965 5970
f 4604 5971 4605
f 4604 4615 5971
f 4615 5972 5971
f 4615 5979 5972
f 5979 5973 5972
f 5974 5973 5979
f 5979 5980 5974
f 5975 5974 5980
f 5980 5981 5975
f 5978 5975 5981
f 5978 5982 5976
f 5982 5983 5976
f 5977 5976 5983
f 5983 4802 5977
f 4802 4805 5977
f 5981 5984 5978
f 5982 5978 5984
f 5781 4519 4518
f 5781 5985 4519
f 5985 4520 4519
f 5986 4520 5985
f 5986 4521 4520
f 5986 5987 4521
f 5987 4525 4521
f 5987 5988 4525
f 5988 4540 4525
f 5780 5985 5781
f 5780 5989 5985
f 5989 5986 5985
f 5990 5986 5989
f 5990 5987 5986
f 5990 5991 5987
f 5991 5988 5987
f 5988 5992 4540
f 5992 4541 4540
f 5991 5993 5988
f 5993 5992 5988
f 4565 4534 4533
f 5994 4534 4565
f 4564 5994 4565
f 5996 5995 5994
f 4564 5996 5994
f 5997 5995 5996
f 5992 5998 4541
f 5998 4542 4541
f 5998 4626 4542
f 4626 4545 4542
f 4626 4552 4545
f 5993 4635 5992
f 4635 5998 5992
f 4635 4625 5998
f 4625 4626 5998
f 4563 5996 4564
f 5999 5996 4563
f 4561 5999 4563
f 4591 5999 4561
f 4591 4590 6000
f 6001 6000 4590
f 4589 6001 4590
f 6002 5999 4591
f 6000 6002 4591
f 5997 5996 5999
f 6002 5997 5999
f 6003 6001 4589
f 4588 6003 4589
f 4654 4576 4575
f 4654 4652 4576
f 4577 4576 4652
f 4652 4653 4577
f 4653 5782 4577
f 4653 6004 5782
f 6004 5783 5782
f 4651 6004 4653
f 4598 4588 4592
f 4598 6003 4588
f 4599 6003 4598
f 6005 6003 4599
f 6001 6003 6005
f 4613 5979 4614
f 5979 4615 4614
f 4621 5984 4611
f 5981 4611 5984
f 5981 4612 4611
f 5980 4612 5981
f 4613 4612 5980
f 5980 5979 4613
f 6006 4621 4620
f 5984 4621 6006
f 6006 5982 5984
f 6007 4619 4645
f 6007 4620 4619
f 6008 4620 6007
f 4620 6008 6006
f 4644 6009 4645
f 6009 6007 4645
f 4825 6007 6009
f 6007 4825 6008
f 4825 4806 6008
f 4806 6010 6008
f 6010 6006 6008
f 6010 5982 6006
f 5993 4636 4635
f 6011 4637 4636
f 5993 6011 4636
f 6012 4638 4637
f 6011 6012 4637
f 6012 4753 4638
f 4838 6009 4644
f 5991 6011 5993
f 6013 6012 6011
f 5991 6013 6011
f 6014 4753 6012
f 6013 6014 6012
f 6015 4749 4753
f 6014 6015 4753
f 6004 4651 4749
f 6015 6004 4749
f 4779 4848 4780
f 4826 4824 4838
f 4824 6009 4838
f 4825 6009 4824
f 6015 5783 6004
f 5753 4680 4679
f 5753 6016 4680
f 6016 4685 4680
f 6016 6017 4685
f 6017 6018 4685
f 6018 4681 4685
f 6019 4682 4681
f 6018 6019 4681
f 6020 4683 4682
f 6019 6020 4682
f 6021 4684 4683
f 6020 6021 4683
f 4684 6021 5771
f 5752 6016 5753
f 5752 6022 6016
f 6022 6017 6016
f 6017 5762 6018
f 5762 5763 6018
f 5763 6019 6018
f 6023 6020 6019
f 6023 6019 5763
f 6024 6021 6020
f 6023 6024 6020
f 6025 5771 6021
f 6024 6025 6021
f 5771 6025 5772
f 6022 5764 6017
f 5764 5762 6017
f 5766 4728 4727
f 4732 5766 4727
f 5749 4728 5766
f 4713 6026 4712
f 6026 4987 4712
f 4714 6027 4713
f 6027 6026 4713
f 5773 6027 4714
f 6026 6028 4987
f 6028 4988 4987
f 6027 6029 6026
f 6029 6028 6026
f 5773 6030 6027
f 6030 6029 6027
f 5772 6030 5773
f 5223 5738 5226
f 6031 5738 5223
f 6031 4737 5738
f 6032 4737 6031
f 6032 4733 4737
f 6033 4733 6032
f 6033 4734 4733
f 5075 4734 6033
f 6032 6034 6033
f 6034 6035 6033
f 6035 5075 6033
f 6031 6036 6032
f 6036 6034 6032
f 6035 6037 5075
f 6037 5076 5075
f 6037 5248 5076
f 5248 4743 5076
f 6031 5224 6036
f 5223 5224 6031
f 6037 5249 5248
f 5094 6038 5090
f 6038 5737 5090
f 5000 5737 5002
f 5002 5737 6038
f 5783 6015 5784
f 5784 6015 6014
f 4776 4773 4777
f 6039 4778 4777
f 4773 6039 4777
f 6040 4779 4778
f 6039 6040 4778
f 4779 6040 4848
f 4773 4776 4764
f 6041 6014 6013
f 6041 5784 6014
f 6042 4772 4771
f 5739 6042 4771
f 6043 4772 6042
f 6043 4774 4772
f 6042 6044 6043
f 6044 4774 6043
f 4773 4774 6039
f 6039 4774 6045
f 6044 6045 4774
f 5016 4900 5010
f 4901 4900 5016
f 6046 5739 5740
f 6042 5739 6046
f 6047 6044 6042
f 6046 6047 6042
f 6047 4850 6044
f 4850 6045 6044
f 6040 6045 4849
f 6040 6039 6045
f 4850 4849 6045
f 4849 4848 6040
f 4806 4803 6010
f 5983 4803 4802
f 5983 6010 4803
f 4830 6048 4814
f 4815 4814 6048
f 6048 6049 4815
f 6049 4882 4815
f 4882 4816 4815
f 4869 4821 4819
f 4869 5282 4821
f 5282 4822 4821
f 6010 5983 5982
f 4847 4830 4829
f 4847 6050 4830
f 6050 6048 4830
f 6051 6050 4847
f 6051 6048 6050
f 6051 6052 6048
f 6052 6049 6048
f 6052 6053 6049
f 6053 4884 6049
f 4884 4883 6049
f 4883 4882 6049
f 4868 5282 4869
f 4868 5283 5282
f 4846 6051 4847
f 4850 6047 4841
f 6047 4842 4841
f 6047 6054 4842
f 6054 6055 4842
f 6055 4843 4842
f 6056 4843 6055
f 6056 6057 4843
f 4844 4843 6057
f 6057 6058 4844
f 4844 6058 4845
f 6056 6058 6057
f 6058 6059 4845
f 4846 4845 6059
f 6059 6060 4846
f 6060 6051 4846
f 6046 6054 6047
f 6055 6054 6046
f 5740 6055 6046
f 5740 6061 6055
f 6061 6056 6055
f 6062 6056 6061
f 6058 6056 6062
f 6063 6058 6062
f 6059 6058 6063
f 6063 6064 6059
f 6064 6060 6059
f 6064 6065 6060
f 6065 6052 6060
f 6052 6051 6060
f 5271 4867 4866
f 5271 5270 4867
f 5270 4868 4867
f 5270 5283 4868
f 4888 4934 4875
f 5708 4879 5743
f 5708 4880 4879
f 4885 4884 6053
f 6053 6066 4885
f 4889 4885 6066
f 6067 4887 4886
f 6067 4931 4887
f 4931 4888 4887
f 4931 4930 4888
f 4930 4934 4888
f 4889 6068 4886
f 6067 4886 6068
f 6069 4889 6066
f 6069 6068 4889
f 5661 5663 5743
f 5663 5708 5743
f 6065 6053 6052
f 6065 6066 6053
f 6065 6070 6066
f 6070 6069 6066
f 6068 6071 6067
f 6071 4927 6067
f 4927 4931 6067
f 6072 6068 6069
f 6072 6073 6068
f 6073 6071 6068
f 6070 6074 6069
f 6074 6072 6069
f 6073 6072 6074
f 5016 6075 4901
f 6075 4902 4901
f 6076 4902 6075
f 6076 6077 4902
f 4903 4902 6077
f 6077 4924 4903
f 6078 4909 4919
f 6078 4910 4909
f 6079 4912 4910
f 6078 6079 4910
f 4911 4912 6080
f 6079 6081 4912
f 6080 4912 6081
f 6080 4913 4911
f 6061 4913 6080
f 5740 4913 6061
f 6075 5016 5015
f 5015 6082 6075
f 6082 6076 6075
f 6084 6076 6083
f 6084 6077 6076
f 6076 6082 6083
f 6084 6085 6077
f 4924 6077 6085
f 6085 6086 4924
f 6086 4920 4924
f 6086 4921 4920
f 6071 4918 4927
f 6071 4919 4918
f 6071 6073 4919
f 6078 4919 6073
f 6073 6074 6078
f 6074 6079 6078
f 6087 6081 6079
f 6074 6087 6079
f 6087 6088 6081
f 6062 6081 6088
f 6062 6080 6081
f 6062 6061 6080
f 6086 4971 4921
f 4971 4922 4921
f 4970 6086 6085
f 4970 4971 6086
f 6084 4969 6085
f 4969 4970 6085
f 6084 4973 4969
f 6089 4973 6083
f 6089 4972 4973
f 6084 6083 4973
f 6090 4972 6089
f 6090 4974 4972
f 5032 4974 6090
f 5032 4975 4974
f 5036 4979 4977
f 6091 4979 5036
f 6091 4980 4979
f 6091 5126 4980
f 6082 6092 6083
f 6092 6089 6083
f 6092 6093 6089
f 6093 6090 6089
f 5033 6090 6093
f 5033 5032 6090
f 5035 6091 5036
f 5035 6094 6091
f 6094 5126 6091
f 6094 5127 5126
f 4996 4988 6028
f 6029 6095 6028
f 6095 4996 6028
f 4998 4996 6095
f 6096 4998 6095
f 5761 4998 6096
f 6038 5037 5002
f 6097 6096 6095
f 6029 6097 6095
f 6024 6023 6096
f 6023 5761 6096
f 6097 6024 6096
f 5763 5761 6023
f 6098 5037 6038
f 5027 5037 6098
f 6038 5094 6098
f 5033 6093 5012
f 6093 5013 5012
f 6093 6092 5013
f 5014 5013 6092
f 5014 6092 6082
f 5015 5014 6082
f 6099 5027 6098
f 6099 5028 5027
f 6099 6100 5028
f 6100 5029 5028
f 6100 6101 5029
f 6101 5030 5029
f 6101 6102 5030
f 6102 5031 5030
f 6102 6103 5031
f 5034 5031 6103
f 6103 6104 5034
f 6104 6094 5034
f 6094 5035 5034
f 5098 6099 6098
f 6105 6099 5098
f 6100 6099 6105
f 5094 5098 6098
f 6106 6100 6105
f 6106 6101 6100
f 6106 6107 6101
f 6102 6101 6107
f 6108 6102 6107
f 6108 6103 6102
f 6109 6103 6108
f 6104 6103 6109
f 5127 6094 6104
f 6109 5128 6104
f 5128 5127 6104
f 5056 5055 5240
f 5359 5046 5047
f 5242 5047 5048
f 5242 5359 5047
f 5359 5357 5046
f 5060 5046 5357
f 5357 5356 5060
f 5356 5206 5060
f 5241 5359 5242
f 6110 5066 5067
f 6110 5252 5066
f 5252 5068 5066
f 5067 6111 6110
f 5069 6111 5067
f 5070 6112 5069
f 6112 6111 5069
f 5212 6112 5070
f 6114 6113 5205
f 6113 5203 5205
f 5206 6114 5205
f 6114 5206 5355
f 5355 5206 5356
f 6115 5203 6113
f 5202 5203 6115
f 6115 6116 5202
f 6116 5201 5202
f 6116 6117 5201
f 6117 5204 5201
f 5436 5204 6117
f 5435 5204 5436
f 5253 6110 6118
f 5252 6110 5253
f 6118 6110 6111
f 6118 6111 6119
f 6119 6111 6112
f 6119 6112 5247
f 5212 5247 6112
f 6035 6120 6037
f 5249 6037 6120
f 6034 6121 6035
f 6120 6035 6121
f 5084 6122 5083
f 6122 5095 5083
f 5088 6123 5084
f 6123 6122 5084
f 5164 6124 5086
f 6124 5087 5086
f 6124 6125 5087
f 6125 5088 5087
f 6123 5088 6126
f 6126 5088 6125
f 6127 5096 5095
f 6122 6127 5095
f 6123 6128 6122
f 6128 6127 6122
f 6129 6123 6126
f 6129 6128 6123
f 5165 6130 5164
f 6130 6124 5164
f 6130 6131 6124
f 6131 6125 6124
f 6131 6132 6125
f 6132 6126 6125
f 6132 6133 6126
f 6133 6129 6126
f 6127 6134 5096
f 5097 5096 6134
f 6105 5098 5097
f 6134 6105 5097
f 6134 6127 6135
f 6135 6127 6128
f 6106 6134 6135
f 6106 6105 6134
f 5168 5119 5118
f 5168 6136 5119
f 6136 5120 5119
f 6136 6137 5120
f 6137 5121 5120
f 6137 6138 5121
f 6138 5122 5121
f 6138 6139 5122
f 6139 6140 5122
f 6140 5123 5122
f 6140 5153 5123
f 5124 5123 5153
f 6109 5134 5128
f 5129 6132 5130
f 6132 6131 5130
f 6131 5131 5130
f 6131 6130 5131
f 5132 5131 6130
f 6130 5165 5132
f 5165 5133 5132
f 6133 5129 5134
f 6132 5129 6133
f 6109 6141 5134
f 6141 6133 5134
f 5167 6136 5168
f 6142 6136 5167
f 6137 6136 6142
f 6142 6143 6137
f 6143 6138 6137
f 6144 6138 6143
f 6144 6139 6138
f 6144 5734 6139
f 5734 5733 6139
f 6140 6139 5733
f 5154 6140 5733
f 5153 6140 5154
f 6108 6141 6109
f 6141 6129 6133
f 6108 6145 6141
f 6145 6129 6141
f 5151 5143 5690
f 6146 5169 5171
f 6147 5169 6146
f 6147 5166 5169
f 5167 5166 6142
f 6142 5166 6147
f 5183 6148 5171
f 6148 6146 5171
f 6149 5177 5189
f 6149 5189 5196
f 6149 5178 5177
f 6146 6150 6147
f 6150 6143 6147
f 6143 6142 6147
f 6148 5736 6146
f 5736 6150 6146
f 5182 6151 5183
f 6151 6148 5183
f 6151 5731 6148
f 5731 5736 6148
f 5715 6151 5182
f 5178 6149 6152
f 6152 5181 5178
f 6154 5181 6153
f 6154 5180 5181
f 5181 6152 6153
f 5720 5180 6154
f 5196 6155 6149
f 6155 6152 6149
f 6155 6156 6152
f 6156 6153 6152
f 6154 6157 5720
f 6157 5721 5720
f 6158 6154 6153
f 6158 6157 6154
f 6159 6153 6156
f 6159 6158 6153
f 5715 5729 6151
f 5729 5731 6151
f 5714 5730 5715
f 5729 5715 5730
f 5732 5714 5713
f 5730 5714 5732
f 5194 6160 5195
f 6161 5194 5193
f 6161 6160 5194
f 6155 5196 6162
f 5196 5195 6162
f 6160 6162 5195
f 5200 6161 5193
f 6164 6161 6163
f 6164 6160 6161
f 6161 5200 6163
f 5199 6165 5200
f 6165 6163 5200
f 6165 5199 5209
f 6166 6160 6164
f 6162 6160 6166
f 6166 6167 6162
f 6167 6155 6162
f 6167 6156 6155
f 5444 6168 5208
f 6168 5209 5208
f 6168 6169 5209
f 6169 6165 5209
f 6169 6170 6165
f 6170 6163 6165
f 6170 6171 6163
f 6171 6164 6163
f 6173 6172 6116
f 6172 6117 6116
f 6115 6173 6116
f 6173 6115 6174
f 6174 6115 6113
f 6172 5437 6117
f 5437 5436 6117
f 6114 6175 6113
f 6174 6113 6175
f 5358 6114 5355
f 6175 6114 5358
f 5440 5442 5444
f 5442 6168 5444
f 5454 6168 5442
f 6169 6168 5454
f 5452 6169 5454
f 5452 6170 6169
f 6119 5247 5251
f 5225 6036 5224
f 5255 6176 5225
f 6176 6036 5225
f 5254 6177 5255
f 6177 6176 5255
f 6176 6034 6036
f 6177 6121 6176
f 6121 6034 6176
f 6118 5254 5253
f 6178 6177 5254
f 6118 6178 5254
f 6120 5250 5249
f 6120 6179 5250
f 5251 5250 6179
f 6179 6178 5251
f 6178 6119 5251
f 6178 6118 6119
f 6121 6179 6120
f 6177 6178 6179
f 6121 6177 6179
f 5305 5277 5276
f 5301 5968 5304
f 5326 5312 5311
f 5326 5313 5312
f 5326 5325 5313
f 5325 5314 5313
f 5325 5324 5314
f 5799 5700 5320
f 5700 5319 5320
f 5703 5700 5799
f 5360 5345 5408
f 5413 6180 5408
f 6180 5360 5408
f 6180 5361 5360
f 6181 5361 6180
f 5362 5361 6181
f 5362 6175 5358
f 6182 5362 6181
f 6182 6175 5362
f 6174 6175 6182
f 6183 6180 5413
f 6181 6180 6183
f 6183 6184 6181
f 6184 6182 6181
f 6185 6182 6184
f 6174 6182 6185
f 5370 5635 5368
f 5635 6186 5368
f 6186 5367 5368
f 5369 5367 6187
f 6187 5367 6186
f 5414 5369 6187
f 5634 6186 5635
f 6188 6186 5634
f 6188 6187 6186
f 6188 6189 6187
f 6189 5414 6187
f 5415 5414 6189
f 6189 6190 5415
f 6190 5416 5415
f 6191 5416 6190
f 5417 5416 6191
f 6191 5625 5417
f 5625 5418 5417
f 5412 6192 5409
f 6192 6193 5409
f 6193 5410 5409
f 5411 5410 6194
f 6194 5410 6193
f 5413 5411 6195
f 6194 6195 5411
f 6192 5412 5622
f 5418 5622 5412
f 6195 6183 5413
f 6196 6193 6192
f 6197 6193 6196
f 6197 6194 6193
f 6197 6198 6194
f 6198 6195 6194
f 5621 6192 5622
f 6196 6192 5621
f 6183 6195 6199
f 6199 6195 6198
f 6183 6199 6184
f 6188 6200 6189
f 6189 6200 6190
f 6200 6201 6190
f 6201 6191 6190
f 5623 6191 6201
f 5625 6191 5623
f 5438 5437 6172
f 5432 5433 6202
f 6203 5433 5434
f 6202 5433 6203
f 5619 5432 6202
f 5438 6204 5434
f 6204 6203 5434
f 6172 6205 5438
f 6205 6204 5438
f 6206 5619 6202
f 6206 5620 5619
f 6203 6207 6202
f 6207 6206 6202
f 6208 6203 6204
f 6207 6203 6208
f 6209 6204 6205
f 6208 6204 6209
f 6173 6205 6172
f 6173 6185 6205
f 6185 6209 6205
f 6170 5452 5453
f 5455 6171 5453
f 6171 6170 5453
f 5457 6210 5455
f 6210 6171 5455
f 6211 5457 5469
f 6211 6210 5457
f 6210 6164 6171
f 6164 6210 6166
f 6166 6210 6211
f 5470 6212 5469
f 6211 5469 6212
f 6212 6167 6211
f 6167 6166 6211
f 6212 5470 6159
f 6159 5470 5477
f 5521 5475 5474
f 5521 6213 5475
f 6213 5476 5475
f 6213 6214 5476
f 6214 5477 5476
f 5518 5480 5479
f 5565 5478 5482
f 5564 5478 5565
f 5479 5478 5564
f 5564 5518 5479
f 6214 6158 5477
f 6158 6159 5477
f 6156 6212 6159
f 6156 6167 6212
f 5565 5482 5498
f 6213 5521 5522
f 6213 5522 6215
f 6214 6213 6215
f 6157 6214 6215
f 6157 6158 6214
f 6216 5492 5585
f 5493 5492 6216
f 6216 5566 5493
f 5566 5494 5493
f 5567 5566 6216
f 5584 6217 5585
f 6217 6216 5585
f 6217 5567 6216
f 5536 6215 5522
f 5609 5530 5529
f 5609 5718 5530
f 5600 5535 5534
f 5600 5601 5535
f 5601 5532 5535
f 5548 5600 5534
f 5721 6215 5536
f 5721 6157 6215
f 5610 5718 5609
f 5719 5718 5610
f 6218 5559 5580
f 5560 5559 6218
f 5602 5560 6218
f 5561 5560 5602
f 5568 5567 6217
f 6217 5575 5568
f 6219 5580 5579
f 6218 5580 6219
f 6219 5603 6218
f 5603 5602 6218
f 5575 6217 5584
f 5576 5575 5584
f 5591 5579 5578
f 5591 6219 5579
f 6219 5591 5592
f 5592 5603 6219
f 5650 5610 5608
f 5650 5719 5610
f 5649 5719 5650
f 6196 5620 6206
f 5621 5620 6196
f 5624 5636 5626
f 6201 5624 5623
f 6201 5636 5624
f 6207 6197 6206
f 6197 6196 6206
f 5636 6201 6200
f 5633 5636 6200
f 6188 5633 6200
f 6188 5634 5633
f 5732 5713 5644
f 5713 5646 5644
f 5943 5676 5678
f 5940 5943 5678
f 5940 6220 5943
f 6220 5942 5943
f 5939 6220 5940
f 6144 5735 5734
f 6144 6150 5735
f 6150 5736 5735
f 6150 6144 6143
f 5751 5754 5767
f 6022 5751 5767
f 6022 5752 5751
f 5764 6022 5767
f 6025 6030 5772
f 6024 6097 6025
f 6097 6030 6025
f 6097 6029 6030
f 5779 5784 6041
f 5989 5780 5779
f 6041 5989 5779
f 5990 5989 6041
f 6013 5990 6041
f 5793 5790 6221
f 6222 5801 5793
f 6222 5793 6221
f 6223 5790 5791
f 6223 6221 5790
f 5942 6223 5791
f 6224 6221 6223
f 6225 6222 6221
f 6224 6225 6221
f 6220 6223 5942
f 6220 6224 6223
f 6227 6226 6222
f 6226 5801 6222
f 6225 6227 6222
f 6226 5949 5801
f 5949 5800 5801
f 6227 6228 6226
f 6228 5950 6226
f 5950 5949 6226
f 5886 5819 5818
f 5819 5886 5826
f 5827 5826 5844
f 5844 5826 5886
f 5890 5852 5851
f 6229 5851 5856
f 6229 5890 5851
f 5857 5884 5856
f 5884 6230 5856
f 6230 6229 5856
f 5884 5896 6230
f 5896 6229 6230
f 5896 5895 6229
f 5895 5891 6229
f 5891 5890 6229
f 5896 5884 5882
f 5967 5905 5904
f 5967 5933 5905
f 5953 5933 5967
f 5934 5933 5953
f 5951 5935 5934
f 5951 6228 5935
f 6228 5936 5935
f 6227 5936 6228
f 6227 5937 5936
f 6227 6225 5937
f 6225 5938 5937
f 6224 5938 6225
f 5938 6224 5939
f 6224 6220 5939
f 5950 6228 5951
f 6013 5991 5990
f 6070 6065 6064
f 6088 6063 6062
f 6087 6063 6088
f 6087 6064 6063
f 6070 6064 6087
f 6070 6087 6074
f 6107 6106 6135
f 6135 6145 6107
f 6145 6108 6107
f 6128 6145 6135
f 6128 6129 6145
f 6185 6173 6174
f 6209 6185 6184
f 6199 6209 6184
f 6209 6199 6208
f 6198 6208 6199
f 6207 6198 6197
f 6208 6198 6207
f 6231 160 6232
f 160 6233 6232
f 6234 199 6235
f 6236 6235 199
f 6237 206 6238
f 207 6239 6238
f 206 207 6238
f 208 6240 6239
f 207 208 6239
f 208 6241 6240
f 6242 6243 1032
f 1049 6245 6246
f 1054 6245 1049
f 1049 6246 6247
f 6247 1046 1049
f 6248 1046 6247
f 6248 6244 1046
f 6249 1345 6250
f 1345 6251 6250
f 1346 6252 6251
f 1345 1346 6251
f 1346 6253 6252
f 1345 6249 6254
f 1347 1345 6254
f 1347 6255 6256
f 6254 6255 1347
f 1352 6257 6253
f 6253 1346 1352
f 1352 6258 6257
f 1353 6258 1352
f 1353 6259 6258
f 1347 6256 6260
f 6260 1355 1347
f 6261 1355 6260
f 1357 6262 6263
f 1358 6264 6262
f 1357 1358 6262
f 1358 6231 6264
f 160 6231 1358
f 160 6265 6233
f 1361 6265 160
f 1361 6266 6265
f 6267 6266 1361
f 1362 6268 6242
f 1032 1362 6242
f 1357 6263 6268
f 1362 1357 6268
f 1368 6269 6267
f 1361 1368 6267
f 1369 6270 6269
f 1368 1369 6269
f 1369 6271 6270
f 1428 6272 6271
f 1369 1428 6271
f 1428 6273 6272
f 1429 6273 1428
f 6273 1429 6274
f 1429 6275 6274
f 1429 6234 6275
f 199 6234 1429
f 1493 6276 6236
f 199 1493 6236
f 1494 6277 6276
f 1493 1494 6276
f 1494 6278 6277
f 1494 6279 6278
f 1497 6279 1494
f 1497 6280 6279
f 1498 6280 1497
f 6281 6280 1498
f 6237 6282 206
f 206 6282 6283
f 1538 206 6283
f 208 6284 6241
f 1543 6284 208
f 1543 6285 6284
f 1544 6285 1543
f 6286 6285 1544
f 6287 1538 6283
f 6288 1538 6287
f 1538 6288 6289
f 1548 1538 6289
f 1544 6290 6291
f 1552 6290 1544
f 6291 6286 1544
f 6292 1648 6293
f 1648 6294 6293
f 6295 1649 6296
f 1649 6297 6296
f 1649 6292 6297
f 1648 6292 1649
f 1650 6298 6294
f 1648 1650 6294
f 1651 6299 6298
f 1650 1651 6298
f 6300 6299 1651
f 1651 6301 6300
f 1652 6303 6302
f 1653 1652 6302
f 6304 1653 6302
f 1649 6295 6303
f 1652 1649 6303
f 3800 6305 6306
f 6307 6305 3800
f 6308 3801 6309
f 3802 6310 6309
f 3801 3802 6309
f 3802 6306 6310
f 3800 6306 3802
f 3800 6243 6307
f 1032 6243 3800
f 3805 6311 6312
f 3805 6313 6311
f 3806 6313 3805
f 3806 6308 6313
f 3801 6308 3806
f 1054 6314 6245
f 1052 6315 6314
f 6314 1054 1052
f 1052 6316 6315
f 3852 6316 1052
f 1355 6318 6317
f 6317 3851 1355
f 3851 6317 6319
f 6319 3852 3851
f 6319 6316 3852
f 6318 1355 6261
f 1353 6320 6259
f 4029 6320 1353
f 4030 6321 6320
f 4029 4030 6320
f 6321 4030 6322
f 4030 6323 6324
f 4036 6323 4030
f 6324 6322 4030
f 4036 6325 6323
f 4036 6326 6325
f 1498 6327 6328
f 4130 6327 1498
f 6328 6281 1498
f 4130 6289 6329
f 1548 6289 4130
f 6329 6327 4130
f 1552 6330 6290
f 4173 6330 1552
f 4173 6331 6332
f 4174 6331 4173
f 6332 6330 4173
f 4174 6333 6331
f 4179 6333 4174
f 6334 6333 4179
f 6335 1653 6304
f 1651 6336 6301
f 4255 6336 1651
f 4255 6337 6336
f 4255 6338 6337
f 4179 6339 6334
f 1653 6335 6339
f 4179 1653 6339
f 4255 6340 6338
f 4258 6340 4255
f 3805 6312 6326
f 4036 3805 6326
f 850 6342 6343
f 6344 851 6345
f 850 6343 6345
f 851 850 6345
f 852 6347 6346
f 853 852 6346
f 852 6348 6347
f 6349 853 6346
f 915 6350 6351
f 6352 916 6353
f 915 6351 6353
f 916 915 6353
f 917 6354 6355
f 918 6354 917
f 918 6356 6354
f 6355 6357 917
f 919 6359 6358
f 920 919 6358
f 919 6360 6359
f 6361 921 6362
f 920 6358 6362
f 921 920 6362
f 931 6363 6364
f 6365 932 6366
f 931 6364 6366
f 932 931 6366
f 933 6367 6368
f 934 6369 6367
f 933 934 6367
f 6370 6369 934
f 3156 6371 6372
f 3156 6372 6373
f 6373 3159 3156
f 6373 6374 3159
f 3159 6374 6342
f 6342 850 3159
f 851 6344 6375
f 6375 3186 851
f 3186 6375 6376
f 3186 6376 6377
f 6377 3191 3186
f 3191 6377 6378
f 917 6357 6348
f 852 917 6348
f 853 6349 6379
f 3196 853 6379
f 6380 919 6381
f 3196 6379 6381
f 919 3196 6381
f 6360 919 6380
f 6382 6383 3413
f 915 6383 6350
f 3413 6383 915
f 916 6352 6384
f 3414 916 6384
f 6384 6385 3414
f 3413 6386 6382
f 3418 6386 3413
f 3418 6387 6386
f 3414 6385 6388
f 6388 3421 3414
f 6389 3421 6388
f 918 6391 6356
f 3426 6391 918
f 6392 6391 3426
f 3426 6368 6392
f 933 6368 3426
f 921 6361 6393
f 3432 921 6393
f 3432 6393 6394
f 3432 6394 6395
f 6395 3436 3432
f 6396 3436 6395
f 3439 6397 6398
f 3439 6399 6397
f 3441 6399 3439
f 3441 6400 6399
f 3444 6401 6400
f 6400 3441 3444
f 3444 6402 6401
f 931 6403 6363
f 3492 6403 931
f 6404 6403 3492
f 932 6365 6370
f 6370 934 932
f 3497 6405 6404
f 6404 3492 3497
f 6406 6405 3497
f 3191 6378 6407
f 5364 3191 6407
f 6408 5364 6407
f 5364 6408 6409
f 6409 5370 5364
f 5370 6409 6410
f 3418 6411 6387
f 5571 6411 3418
f 6412 6411 5571
f 3421 6389 6413
f 6413 5572 3421
f 5572 6413 6414
f 5577 6415 6412
f 5571 5577 6412
f 5577 6416 6415
f 5572 6414 6417
f 5581 5572 6417
f 6418 5581 6417
f 3436 6396 6416
f 5577 3436 6416
f 5581 6418 6402
f 6402 3444 5581
f 5631 6419 6406
f 3497 5631 6406
f 5631 6420 6419
f 5631 6410 6420
f 5370 6410 5631
f 922 6422 6421
f 923 922 6421
f 924 6423 6422
f 922 924 6422
f 924 6424 6423
f 6425 923 6421
f 6426 953 6427
f 6428 6427 953
f 1009 6430 6429
f 6429 1010 1009
f 6431 6430 1009
f 232 6432 6433
f 1658 6432 232
f 232 6433 6434
f 6434 1659 232
f 1658 6435 6436
f 1663 6435 1658
f 6437 1658 6436
f 6432 1658 6437
f 1659 6434 6438
f 6439 1659 6438
f 1659 6439 6440
f 6440 1660 1659
f 1660 6440 6441
f 6441 1665 1660
f 1663 6442 6435
f 1865 6442 1663
f 1865 6443 6444
f 1864 6443 1865
f 6444 6442 1865
f 753 6445 6446
f 2905 6445 753
f 6447 753 6446
f 753 6447 6448
f 752 753 6448
f 752 6448 6449
f 752 6449 6450
f 2901 752 6450
f 2901 6450 6451
f 2901 6451 6452
f 2906 2901 6452
f 2905 6453 6454
f 2915 6453 2905
f 6454 6445 2905
f 3439 6456 6455
f 3440 3439 6455
f 6457 3440 6455
f 3440 6459 6458
f 3443 3440 6458
f 6459 3440 6457
f 3447 6461 6460
f 3448 3447 6460
f 3449 6462 6461
f 3447 3449 6461
f 6463 6462 3449
f 3448 6460 6464
f 3450 6465 6463
f 3449 3450 6463
f 3450 6466 6465
f 6467 3448 6464
f 3455 6469 6468
f 6468 3450 3455
f 6466 3450 6468
f 3456 6471 6470
f 3457 3456 6470
f 3448 6467 6471
f 3456 3448 6471
f 3457 6470 6472
f 923 6474 6473
f 3466 923 6473
f 6474 923 6425
f 3469 6476 6475
f 6475 924 3469
f 6424 924 6475
f 6477 3466 6473
f 3476 6478 6476
f 6476 3469 3476
f 3476 6479 6478
f 3466 6477 6480
f 6480 3477 3466
f 6481 3504 6482
f 3504 6483 6482
f 3505 6484 6483
f 3504 3505 6483
f 3506 6485 6484
f 3505 3506 6484
f 6486 6485 3506
f 3506 6487 6486
f 6488 6489 3507
f 6490 3507 6489
f 3508 6491 6492
f 3511 6491 3508
f 6493 3508 6492
f 3508 6493 6494
f 6494 3512 3508
f 3511 6495 6496
f 3514 6495 3511
f 6491 3511 6496
f 3514 6497 6495
f 6498 3512 6494
f 3512 6498 6499
f 6499 3516 3512
f 3514 6500 6501
f 3520 6500 3514
f 6501 6497 3514
f 6502 6503 3527
f 6504 3527 6503
f 3528 6506 6505
f 3529 3528 6505
f 6507 6506 3528
f 3530 6508 6509
f 3529 6505 6508
f 3530 3529 6508
f 3527 6504 6507
f 3528 3527 6507
f 6510 3530 6509
f 3527 6511 6502
f 3533 6511 3527
f 3534 6512 6511
f 3533 3534 6511
f 6513 6512 3534
f 3538 6515 6514
f 6514 939 3538
f 939 6514 6516
f 939 6516 6517
f 941 939 6517
f 6518 941 6517
f 941 6518 6519
f 6519 3535 941
f 3535 6519 6520
f 6520 3540 3535
f 3538 6521 6522
f 3548 6521 3538
f 6522 6523 3538
f 6515 3538 6523
f 6524 3540 6520
f 3563 6525 6526
f 3579 6525 3563
f 3563 6526 6527
f 6527 3580 3563
f 3615 6528 6428
f 6428 953 3615
f 953 6426 6529
f 3614 953 6529
f 3615 6530 6528
f 3615 6531 6530
f 3617 6531 3615
f 3614 6529 6532
f 3618 3614 6532
f 6533 3618 6532
f 3619 6534 6531
f 3617 3619 6531
f 6535 6534 3619
f 6536 3618 6533
f 3618 6536 6537
f 6537 3621 3618
f 1010 6429 6538
f 1010 6538 6539
f 3756 1010 6539
f 3758 6540 6431
f 6431 1009 3758
f 3758 6541 6540
f 6542 3756 6539
f 3756 6542 6543
f 6543 3760 3756
f 3764 6544 6541
f 6541 3758 3764
f 3764 6545 6544
f 1634 6546 6547
f 4229 6546 1634
f 6547 6548 1634
f 1634 6548 6549
f 6549 1636 1634
f 6549 6550 1636
f 1636 6550 6551
f 6551 4230 1636
f 4229 6552 6553
f 4243 6552 4229
f 6553 6546 4229
f 6554 4230 6551
f 4230 6554 6555
f 6555 4245 4230
f 4258 6556 6557
f 1665 6441 6558
f 1665 6558 6559
f 4259 1665 6559
f 6560 6443 1864
f 6561 4259 6559
f 4259 6561 6562
f 4261 4259 6562
f 4324 6563 6560
f 6560 1864 4324
f 4331 6565 6564
f 6564 4324 4331
f 4324 6564 6563
f 3760 6566 6567
f 3760 6543 6566
f 4943 6568 6569
f 4943 6570 6568
f 4943 6571 6570
f 3516 6571 4943
f 3516 6499 6571
f 6572 2906 6452
f 2906 6572 6573
f 5137 2906 6573
f 2915 6574 6453
f 5141 6574 2915
f 5141 6575 6574
f 6576 5137 6573
f 5137 6576 6577
f 6577 5143 5137
f 5150 6579 6578
f 6578 5141 5150
f 6575 5141 6578
f 3580 6580 6513
f 3534 3580 6513
f 3580 6581 6580
f 6527 6581 3580
f 5318 6583 6582
f 5319 5318 6582
f 6584 5319 6582
f 5318 6585 6583
f 5318 6586 6585
f 3540 6586 5318
f 3540 6524 6586
f 5319 6584 6587
f 5320 5319 6587
f 6588 5320 6587
f 5321 6590 6589
f 5322 5321 6589
f 6591 5322 6589
f 5321 6592 6590
f 6593 6592 5321
f 5322 6591 6521
f 3548 5322 6521
f 5321 6594 6593
f 5325 6594 5321
f 5326 6595 6594
f 5325 5326 6594
f 6596 6595 5326
f 5326 6597 6596
f 5327 6599 6598
f 3579 5327 6598
f 5327 6600 6599
f 6525 3579 6598
f 5328 6601 6600
f 5327 5328 6600
f 5328 6602 6601
f 3507 6490 6602
f 5328 3507 6602
f 6603 6479 3476
f 6604 3457 6472
f 5537 6605 6469
f 3455 5537 6469
f 5537 6606 6605
f 5537 6607 6606
f 6608 3443 6458
f 3443 6608 6609
f 6609 5586 3443
f 5586 6609 6607
f 6607 5537 5586
f 3457 6604 6610
f 5596 3457 6610
f 5596 6610 6603
f 3476 5596 6603
f 3477 6480 6611
f 5605 3477 6611
f 5605 6611 6612
f 6613 5605 6612
f 5605 6613 6614
f 6614 5608 5605
f 6615 5637 6616
f 5637 6617 6616
f 5638 6618 6617
f 5637 5638 6617
f 3504 6481 6618
f 5638 3504 6618
f 3506 6619 6487
f 5641 6619 3506
f 5642 6620 6619
f 5641 5642 6619
f 6621 6620 5642
f 5642 6622 6621
f 5637 6615 6623
f 6623 5645 5637
f 5642 6614 6622
f 5608 6614 5642
f 5645 6623 6624
f 3619 5645 6624
f 3619 6624 6535
f 3530 6510 6625
f 5652 3530 6625
f 6626 5652 6625
f 3507 6627 6488
f 5655 6627 3507
f 5657 6628 6627
f 5655 5657 6627
f 5657 6629 6628
f 5658 6630 6629
f 5657 5658 6629
f 5658 6631 6630
f 5659 6632 6631
f 5658 5659 6631
f 5659 6633 6632
f 5664 6634 6633
f 5659 5664 6633
f 5664 6635 6634
f 5666 6637 6636
f 5667 5666 6636
f 5666 6638 6637
f 5667 6636 6639
f 5668 6640 6638
f 5666 5668 6638
f 5668 6641 6640
f 5669 6642 6641
f 5668 5669 6641
f 5669 6643 6642
f 5670 6644 6643
f 5669 5670 6643
f 5670 6645 6644
f 5667 6639 6646
f 5671 5667 6646
f 6647 5671 6646
f 5676 6648 6645
f 5670 5676 6645
f 5676 6649 6648
f 3520 6650 6500
f 5682 6650 3520
f 5682 6651 6650
f 4943 6569 6652
f 6652 5684 4943
f 5682 6653 6651
f 5690 6653 5682
f 5690 6654 6653
f 5652 6626 6655
f 6655 5311 5652
f 5311 6655 6597
f 5326 5311 6597
f 3621 6537 6656
f 5150 3621 6656
f 5150 6656 6579
f 5684 6652 6657
f 6657 5742 5684
f 6657 6658 5742
f 5742 6658 6635
f 6635 5664 5742
f 3760 6567 6659
f 6659 5787 3760
f 5789 6660 6545
f 6545 3764 5789
f 5789 6661 6660
f 5787 6659 6662
f 6662 5792 5787
f 6663 5792 6662
f 5320 6588 6661
f 6661 5789 5320
f 6664 4261 6562
f 4261 6664 6665
f 4261 6665 6666
f 6666 5808 4261
f 4243 6666 6667
f 5808 6666 4243
f 6667 6552 4243
f 4245 6555 6668
f 5897 4245 6668
f 6669 5897 6668
f 6670 5897 6669
f 5897 6670 6556
f 6556 4258 5897
f 6671 6565 4331
f 5918 6672 6671
f 6671 4331 5918
f 5921 6674 6673
f 6673 5918 5921
f 5918 6673 6672
f 5921 6675 6674
f 5671 6647 6675
f 5921 5671 6675
f 5792 6663 6676
f 5941 5792 6676
f 6677 5941 6676
f 5941 6677 6649
f 5676 5941 6649
f 5143 6678 6654
f 5690 5143 6654
f 5143 6577 6678
f 6340 6679 6680
f 4258 6679 6340
f 6557 6679 4258
f 6681 6390 6682
f 6390 6681 6683
f 6683 6398 6390
f 6398 6683 6456
f 3439 6398 6456
f 1 6685 6684
f 6686 2 6687
f 3 6689 6688
f 4 3 6688
f 3 6690 6689
f 2 6688 6687
f 4 6688 2
f 6691 443 6692
f 444 6693 6692
f 443 444 6692
f 444 6694 6693
f 6695 460 6696
f 461 6697 6698
f 461 6698 6696
f 460 461 6696
f 6699 462 6700
f 463 6701 6702
f 463 6702 6700
f 462 463 6700
f 6703 568 6704
f 569 6705 6706
f 569 6706 6704
f 568 569 6704
f 570 6707 6708
f 571 6707 570
f 570 6708 6709
f 6709 572 570
f 6710 603 6711
f 604 6712 6711
f 603 604 6711
f 604 6713 6712
f 805 6715 6714
f 806 805 6714
f 6716 806 6714
f 6716 6717 806
f 806 6717 6718
f 6718 807 806
f 6719 808 6720
f 809 6721 6722
f 808 6719 6723
f 810 808 6723
f 810 6723 6721
f 809 810 6721
f 6724 836 6725
f 836 6726 6725
f 572 6728 6727
f 954 572 6727
f 6729 954 6727
f 6729 6730 954
f 6731 977 6732
f 978 6733 6734
f 977 6734 6732
f 978 6734 977
f 979 6735 6736
f 980 6735 979
f 6736 6737 979
f 1005 6739 6738
f 1006 1005 6738
f 6740 1006 6738
f 1034 6741 6685
f 6685 1 1034
f 1034 6742 6741
f 1034 6743 6742
f 1041 6743 1034
f 1041 6744 6743
f 6745 6744 1041
f 2 6686 6746
f 1043 2 6746
f 3 6747 6690
f 1046 6747 3
f 6748 1043 6746
f 1050 6749 6750
f 1044 6749 1050
f 1044 6748 6749
f 1043 6748 1044
f 6751 1050 6750
f 6752 2031 6753
f 443 6691 6753
f 2031 443 6753
f 2034 6754 6694
f 6694 444 2034
f 2034 6755 6754
f 6756 2036 6757
f 2031 6752 6757
f 2036 2031 6757
f 2034 6758 6755
f 2038 6758 2034
f 2038 6759 6758
f 6760 2091 6761
f 460 6695 6761
f 2091 460 6761
f 2092 6762 6697
f 6697 461 2092
f 2092 6763 6762
f 2093 6763 2092
f 2093 6764 6763
f 2093 6765 6764
f 6766 2097 6767
f 2097 6760 6767
f 2091 6760 2097
f 2093 6740 6765
f 1006 6740 2093
f 6768 2105 6769
f 462 6699 6769
f 2105 462 6769
f 2106 6770 6701
f 6701 463 2106
f 2106 6771 6770
f 2107 6771 2106
f 2107 6772 6771
f 6773 6772 2107
f 6774 2109 6775
f 2105 6768 6775
f 2109 2105 6775
f 2097 6766 6773
f 6773 2107 2097
f 6776 2297 6777
f 568 6703 6777
f 2297 568 6777
f 2298 6778 6705
f 6705 569 2298
f 2298 6779 6778
f 2299 6779 2298
f 2299 6780 6779
f 6781 6780 2299
f 6782 2303 6783
f 2297 6776 6783
f 2303 2297 6783
f 977 6731 6781
f 6781 2299 977
f 571 6784 6785
f 2311 6784 571
f 6785 6786 571
f 6707 571 6786
f 6728 572 6709
f 6787 6784 2311
f 2315 6788 6787
f 6787 2311 2315
f 954 6730 6789
f 2316 954 6789
f 6790 603 6710
f 2420 6791 6713
f 604 2420 6713
f 603 6790 6792
f 2421 603 6792
f 2420 6793 6791
f 2421 6792 6733
f 978 2421 6733
f 2420 6794 6793
f 2422 6794 2420
f 2422 6795 6794
f 2423 6795 2422
f 2423 6796 6795
f 805 6797 6715
f 6798 819 6799
f 807 6718 6799
f 819 807 6799
f 3019 6800 6797
f 6797 805 3019
f 3019 6801 6800
f 6802 3022 6803
f 819 6798 6803
f 3022 819 6803
f 3019 6804 6801
f 3027 6804 3019
f 6805 3022 6802
f 3022 6805 6806
f 3031 3022 6806
f 6807 6720 808
f 6808 809 6722
f 3032 6809 6807
f 6807 808 3032
f 809 6808 6810
f 3034 809 6810
f 3037 6811 6809
f 3032 3037 6809
f 3037 6812 6811
f 3038 6813 6814
f 3034 6810 6813
f 3038 3034 6813
f 848 6815 6726
f 836 848 6726
f 848 6816 6815
f 3137 6816 848
f 6817 6816 3137
f 3138 6818 6819
f 845 6820 6818
f 3138 845 6818
f 845 6724 6820
f 836 6724 845
f 3137 6821 6817
f 6822 3138 6819
f 3140 6823 6821
f 6821 3137 3140
f 3138 6822 6824
f 3141 3138 6824
f 6825 3143 6826
f 3143 6827 6826
f 3144 6828 6829
f 3143 6825 6830
f 3145 3143 6830
f 3144 6830 6828
f 3145 6830 3144
f 3146 6831 6827
f 6827 3143 3146
f 6832 3148 6833
f 3148 6832 6831
f 3146 3148 6831
f 3144 6829 6834
f 3149 6834 6835
f 3144 6834 3149
f 3148 6836 6833
f 3154 6837 6836
f 6836 3148 3154
f 3156 6838 6839
f 3157 6838 3156
f 3157 6840 6838
f 3158 6841 6840
f 3157 3158 6840
f 3158 6842 6841
f 6843 3632 6844
f 2316 6789 6844
f 3632 2316 6844
f 3633 6845 6846
f 3632 6843 6845
f 3633 3632 6845
f 6847 3701 6848
f 979 6737 6848
f 3701 979 6848
f 6849 3701 6847
f 3701 6849 6788
f 6788 2315 3701
f 980 6850 6735
f 980 6851 6850
f 3707 6851 980
f 3707 6852 6851
f 3711 6852 3707
f 3711 6853 6852
f 1005 6854 6739
f 1005 6855 6854
f 3742 6855 1005
f 3742 6856 6855
f 3742 6857 6856
f 3750 6857 3742
f 1041 6751 6745
f 1050 6751 1041
f 6858 4513 6859
f 2036 6756 6859
f 4513 2036 6859
f 4516 6860 6759
f 6759 2038 4516
f 4516 6861 6860
f 6862 4518 6863
f 4513 6858 6863
f 4518 4513 6863
f 4516 6864 6861
f 4523 6864 4516
f 2109 6774 6865
f 2109 6865 6866
f 4578 2109 6866
f 6867 4581 6868
f 4581 6869 6868
f 4578 6866 6869
f 4581 4578 6869
f 6870 2303 6782
f 2303 6870 6871
f 4671 2303 6871
f 6872 4678 6873
f 4671 6871 6873
f 4678 4671 6873
f 2423 6874 6796
f 2423 6867 6874
f 4581 6867 2423
f 5213 6875 6804
f 3027 5213 6804
f 5213 6876 6875
f 5213 6877 6876
f 5213 6878 6877
f 5218 6878 5213
f 6879 5219 6880
f 3031 6806 6880
f 5219 3031 6880
f 6812 3037 6881
f 5219 6879 6881
f 3037 5219 6881
f 6882 3038 6814
f 3038 6882 6883
f 5233 3038 6883
f 5238 6884 6885
f 5233 6883 6884
f 5238 5233 6884
f 3140 6886 6823
f 5238 6886 3140
f 5238 6885 6886
f 6887 5329 6888
f 3141 6824 6888
f 5329 3141 6888
f 6889 5329 6887
f 5329 6889 6837
f 3154 5329 6837
f 6890 5332 6891
f 3149 6835 6891
f 5332 3149 6891
f 5332 6890 6892
f 5335 6892 6893
f 5332 6892 5335
f 6894 6842 3158
f 5335 6893 6894
f 6894 3158 5335
f 6878 5218 6895
f 3633 6846 6895
f 5218 3633 6895
f 3711 6896 6853
f 3711 6897 6896
f 5748 6897 3711
f 5748 6898 6897
f 4678 6872 6898
f 6898 5748 4678
f 3750 6899 6857
f 5776 6901 6900
f 6900 3750 5776
f 6900 6899 3750
f 5776 6902 6901
f 5776 6862 6902
f 4518 6862 5776
f 6903 6244 6904
f 6244 6903 6747
f 1046 6244 6747
f 6341 6905 6906
f 6371 6907 6905
f 6905 6341 6371
f 3156 6839 6907
f 6371 3156 6907
