v 219730.2311016658 8959442.800531115 -565.2909118629427
v 219761.7382620472 8959418.172587141 -583.9942657296072
v 219793.2271541606 8959442.641659627 -565.1320403744912
v 220328.6835447662 8959411.94890948 -580.9145419578317
v 219793.2271541606 8959392.092386223 -603.6726387857686
v 219761.7376066147 8959367.677595366 -622.5242090825845
v 219824.7403473909 8959367.766419979 -621.8298836462022
v 219824.7247895923 8959417.908686573 -583.764303823777
v 220360.1916266133 8959386.910353461 -598.4906060240633
v 220328.8729158015 8959360.64385863 -618.2976465333034
v 220391.9019021878 8959359.615719177 -617.525307190564
v 220394.442964061 8959412.031943321 -579.4628998213168
v 219793.1524953367 8959282.525435748 -686.6729830850668
v 219753.8906885042 8959272.030731179 -695.2504359565685
v 219761.8555507258 8959315.511465684 -662.1752597500426
v 219793.1655019701 8959240.757424725 -718.175183923054
v 219824.725180408 8959265.050356643 -699.3552887400172
v 219856.1412986883 8959282.335923137 -685.7876466806738
v 219824.8715705045 8959314.95512932 -661.7578168445543
v 220360.0820600657 8959284.317702925 -672.6892676895402
v 220320.8805088044 8959316.425436134 -650.5911163654514
v 220360.0404937412 8959327.062684173 -641.8448626356003
v 220297.0704193155 8959285.477261567 -673.5994532053196
v 220391.6896528607 8959308.906354362 -654.1214146446946
v 220423.0970692733 8959283.098399436 -671.7415256109468
v 220328.6936003659 8959258.129533097 -692.4344651934898
v 220360.2669242428 8959233.982663475 -708.7880891679306
v 220391.6896528607 8959257.032585656 -691.3375177525372
v 219765.3633146692 8958699.361746952 -1114.952439160495
v 219730.2311016658 8958727.479326757 -1097.227912901315
v 219761.2938903441 8958753.888679763 -1076.66135251458
v 219698.5951446681 8958699.367973754 -1119.065235109736
v 219793.2271541606 8958725.276174096 -1095.024760239768
v 219824.8136706096 8958699.287614653 -1111.299547156784
v 219730.2311016658 8958675.253599415 -1134.092057373333
v 219762.2777402814 8958646.56521124 -1152.029582007723
v 219793.2271541606 8958672.869579108 -1131.708037066158
v 218627.7942928232 8959412.874973273 -576.5140422319641
v 219163.2666292132 8959441.125474416 -563.6158551629151
v 219194.8522792798 8959417.045707831 -583.2143670244932
v 219226.2626817079 8959441.582666764 -564.0730475124251
v 217556.8812780475 8959412.998595053 -580.0039673372089
v 218060.8998449657 8959408.740814781 -576.1114987354247
v 217556.8689366448 8959368.375578079 -624.473257089538
v 217588.3653168446 8959390.701981131 -602.2822336930171
v 217619.8585111416 8959368.014498578 -624.1137788129777
v 217619.8673912286 8959413.185114294 -580.1655038010317
v 218092.3337368025 8959384.620497903 -596.200750463908
v 218061.0094490281 8959360.306363611 -617.2255761094652
v 218123.9764162053 8959359.657423493 -616.7089355330263
v 218123.8880895588 8959408.337500881 -575.7794990717389
v 218659.2982092552 8959386.85510828 -598.4353608421218
v 218627.7578514395 8959361.532251684 -618.4885462423865
v 218690.7577616053 8959362.226297231 -619.0930569775542
v 218690.7941542164 8959412.323044475 -578.21942478955
v 219226.2626817079 8959391.955649242 -603.5359018037566
v 219194.7656359939 8959367.813323677 -622.4106629981175
v 219257.7615542903 8959367.639776884 -623.0732527799914
v 219257.8459881062 8959417.477083031 -583.5587502698534
v 218631.6357661372 8959314.979685659 -656.5380156010945
v 218659.4596663049 8959281.861218894 -684.0639692561897
v 218596.5170969739 8959289.076724971 -677.1689468316047
v 218627.8001830078 8959263.954928948 -698.2598610436385
v 218659.4409928719 8959240.282119071 -718.1189347782861
v 218690.7962355026 8959264.529840603 -698.8347727012967
v 218722.4603114512 8959282.059351813 -684.973807412779
v 218690.7115876616 8959312.76269801 -659.4367551501059
v 219194.7784047885 8959316.784711977 -662.9967645923603
v 219226.2626817079 8959292.613035308 -682.3730314972431
v 219194.7823269519 8959274.844375532 -696.2809518869853
v 219257.784807672 8959316.982512448 -663.1824354897262
v 219257.7919983073 8959274.872989925 -696.442643538373
v 219226.3329416945 8959243.869573906 -720.9676519707314
v 217660.8465315472 8958889.098607417 -1079.863674222775
v 217682.8593955867 8958906.574156215 -1053.598062824979
v 217714.107098719 8958878.848605571 -1066.75435962986
v 217658.3883715737 8958928.767164256 -1041.183816822647
v 217617.6197419169 8958919.546281729 -1066.291192232734
v 217618.840268958 8958876.12828787 -1112.022703817086
v 217682.8593955867 8958860.982631937 -1097.096410359108
v 217661.012641184 8958844.743755909 -1125.013906148565
v 218092.1979191338 8959288.478535946 -676.7271681739476
v 218033.1266426402 8959286.533143464 -680.0847763046038
v 218061.0383890727 8959319.433576643 -651.5506583744655
v 218123.9948919129 8959319.177726854 -650.4128138801923
v 218155.2767538664 8959287.741982616 -676.062926201794
v 218060.8357105552 8959263.835620139 -698.1405522358032
v 218092.2557426404 8959239.407856962 -717.3714389285424
v 218123.8317630499 8959262.904317278 -697.2092493752439
v 217621.6186033524 8958747.415335529 -1250.590143897459
v 217578.9486019713 8958777.814548058 -1236.400506583147
v 217620.742469157 8958791.016288167 -1205.456293256888
v 217651.3613693393 8958762.233187282 -1221.071645240452
v 217674.8885676436 8958734.300056927 -1237.800608665815
v 217580.851685418 8958737.010691762 -1274.313142066309
v 217620.6046654783 8958700.392766235 -1292.752035935114
v 217651.3613693393 8958717.236252965 -1265.164582736983
v 218628.0337896423 8958779.624499697 -1105.682491511089
v 218667.1316285075 8958749.903890971 -1130.730604861313
v 218628.0496794846 8958740.109541815 -1140.210559379259
v 218690.7962355026 8958731.57639109 -1145.869913140835
v 218659.1324579296 8958708.8279441 -1166.622224697285
v 218722.1484166028 8958747.594283331 -1131.09067139689
v 218691.0725398972 8958778.856553782 -1105.09215494032
v 219194.7646554605 8958719.3854305 -1133.678952550216
v 219163.5410841876 8958694.711168451 -1154.402407299671
v 219163.2270638364 8958743.302548882 -1116.761029155163
v 219225.0788255707 8958743.95019808 -1113.201541537665
v 219226.6739545465 8958692.39931911 -1152.578417129738
v 218061.1067611584 8958781.90346688 -1107.131736702204
v 218092.3337368025 8958759.27447816 -1129.02306430366
v 218061.1579351077 8958737.553585796 -1151.654954723129
v 218124.0329428931 8958781.517053798 -1106.811180549814
v 218124.0974300142 8958736.823795414 -1151.013433162178
v 217399.7601222242 8958565.580401324 -1470.492988634373
v 217367.879133113 8958592.651554814 -1452.394435934729
v 217398.8897875598 8958615.541416025 -1430.019210644246
v 217336.3441805974 8958568.99421747 -1472.767695467176
v 217430.8751856077 8958588.338958541 -1448.081839662419
v 217463.5372168114 8958558.990927801 -1464.517148962576
v 217367.879133113 8958543.416688083 -1492.249441017171
v 217400.1644816118 8958515.288837302 -1509.877638498984
v 217430.8751856077 8958537.902162557 -1486.734915493413
v 219762.0244849605 8958163.761133295 -1466.332012210168
v 218659.1472608823 8958660.992383312 -1208.228689873769
v 218690.7962355026 8958683.747279905 -1187.130673770073
v 218722.1768088244 8958659.280403288 -1206.647286507004
v 218722.1306987336 8958707.559141284 -1165.392664411212
v 219257.7607079553 8958140.807541506 -1535.089653511261
v 219226.8939812609 8958118.55609161 -1552.464492854275
v 219225.5311587253 8958172.055858031 -1519.491713326294
v 219285.9052578316 8958112.448339038 -1549.095864961813
v 219291.6831279594 8958165.157868957 -1516.021887239604
v 218657.6085453916 8958164.624162385 -1601.852532701104
v 218697.8383357466 8958126.930434801 -1620.26145229262
v 218660.3227777774 8958116.647307277 -1632.639325952768
v 218722.29426175 8958103.373526905 -1631.29044663215
v 218690.3394096688 8958077.014377918 -1652.576792697982
v 218756.3089087795 8958126.271674996 -1611.673217420546
v 218723.6264825319 8958155.934006413 -1597.397748615919
v 217525.3692643498 8957967.379625207 -1851.656032189831
v 217493.5125980241 8957944.514462495 -1856.216148739399
v 217494.3127924023 8957990.623278726 -1841.157960374887
v 217557.4235216031 8957991.666524671 -1845.163735599247
v 217559.599783477 8957939.346657267 -1864.159414804712
v 217526.0294875204 8957901.080158159 -1873.464674502849
v 217714.3574218341 8957834.162092477 -1896.618243087613
v 217682.8187443089 8957810.033367379 -1901.300716513711
v 217682.885670528 8957858.714111794 -1890.66462644022
v 217745.8900777722 8957858.442344064 -1889.889467898582
v 217745.9597166454 8957810.26432942 -1901.524406454459
v 217714.1684275284 8957757.789064439 -1912.729580476567
v 217808.8525169551 8957718.721803939 -1921.926826918828
v 217745.8685212869 8957718.644629214 -1921.419540943386
v 217777.2686719418 8957758.945574459 -1913.151028473618
v 217777.2900356174 8957673.315869763 -1930.335234697004
v 217840.2227175072 8957673.666949693 -1929.470060605536
v 217874.5562620302 8957722.89162601 -1919.247001661696
v 217840.8203169894 8957758.096462198 -1912.552835559065
v 217966.341631813 8957607.967608823 -1937.693374874372
v 217934.9134863628 8957587.128245568 -1940.87270972071
v 217934.8213067788 8957635.819165852 -1933.676459009755
v 217998.2441375716 8957580.07298952 -1941.302871157573
v 217997.9450740026 8957628.874010693 -1933.179027229128
v 217966.4268272441 8957541.90234811 -1947.996380426009
v 217493.8712381025 8958676.582071587 -1358.14520908038
v 217464.7057937307 8958657.023903742 -1382.944793673219
v 217466.5541475136 8958703.031916767 -1339.805803975534
v 217526.7475134704 8958694.027785566 -1331.514127295512
v 217527.4864493478 8958646.905631363 -1373.717855106291
v 217566.750924342 8958711.169744112 -1302.877898813507
v 217522.1586642171 8958741.459895875 -1289.47373201917
v 217588.3653168446 8958682.671239013 -1319.689440599587
v 217564.8809221416 8958664.138761919 -1345.40566803054
v 218124.1599573248 8958692.881091664 -1196.026644676042
v 218092.3337368025 8958715.116319817 -1173.954777775143
v 218061.1799716679 8958694.10332511 -1197.188903719934
v 218155.3297892973 8958714.343062447 -1173.18152040618
v 218187.1414584836 8958691.906436855 -1195.159470299382
v 218092.3337368025 8958671.707443843 -1219.635773615049
v 218124.1906838814 8958649.438994313 -1241.644500309115
v 218155.3297892973 8958670.381351892 -1218.309681664988
v 217396.343467949 8958077.905246878 -1787.10225217966
v 217367.879133113 8958103.367019009 -1764.918746455865
v 217391.8314539167 8958128.165999047 -1755.844029565579
v 217337.6750123022 8958076.418077705 -1772.391831379479
v 217433.3996664081 8958114.019002622 -1773.389213650406
v 217360.902392342 8958038.754037334 -1799.262238014162
v 217398.2904615854 8958028.136939893 -1814.358278614559
v 217430.8751856077 8958056.38927082 -1807.030870081585
v 217463.1198368014 8958079.821844511 -1798.601672408547
v 218095.2221020883 8958216.852953054 -1659.44272361629
v 218116.8555054765 8958247.660012338 -1632.076206270249
v 218154.7724963145 8958213.73747623 -1651.622083124611
v 218062.0029976153 8958246.479219779 -1642.084648047145
v 218053.9757375382 8958203.060810244 -1676.73132718508
v 218096.3205445922 8958165.171254817 -1696.718539163377
v 218123.8317630499 8958190.618669089 -1673.990652907641
v 218148.9550164596 8958114.038202532 -1722.029703868204
v 218123.8317630499 8958138.098390702 -1710.560246335504
v 218155.9367883516 8958164.810657391 -1686.673805541033
v 218093.6258038231 8958112.762511788 -1732.135810219116
v 218126.5102490071 8958082.147117853 -1745.700804778331
v 218188.4459896484 8958076.207090279 -1738.735366359841
v 218185.8389731385 8958124.012044387 -1709.052050405648
v 217305.2085528409 8958434.364603709 -1565.782889461587
v 217240.0973074088 8958432.74566387 -1561.740745167953
v 217280.383832138 8958470.336635854 -1542.906430071572
v 217336.3380353186 8958473.158286422 -1544.203135151783
v 217367.7360730654 8958439.443044757 -1563.99926272771
v 217273.3850543709 8958408.440219773 -1579.997652242473
v 217304.5999209458 8958378.029061353 -1597.894041471636
v 217336.3811068656 8958409.376136925 -1580.933569394969
v 217651.3590561456 8957896.28172157 -1880.899799317944
v 217588.4674009527 8957896.227559537 -1880.411266166126
v 217619.8340824274 8957938.183121489 -1867.501594311499
v 217619.8592319059 8957858.675665872 -1890.501289614544
v 217557.1638140215 8956960.778193219 -2063.627003050703
v 217494.0951143153 8956961.25939342 -2058.732087459503
v 217522.3369318912 8957010.676199099 -2052.922878421588
v 217525.9624337752 8956922.984303232 -2067.312200931929
v 217564.5739353641 8956907.631483112 -2072.812189849005
v 217588.3653168446 8956937.97071993 -2069.505332309427
v 217620.3104982704 8956967.291046247 -2066.695531486476
v 217588.5260786219 8957005.770196833 -2058.078380659263
v 213812.8639646617 8955892.400646491 -573.6078922742047
v 213789.3633978119 8955842.206644382 -567.9134484753654
v 214002.845621533 8955892.128054827 -750.4028291391446
v 213987.3997216743 8955848.453977576 -748.5547054124581
v 213965.2869682955 8955892.094593974 -714.9151615093729
v 213940.7138711829 8955847.285847962 -704.9655880239384
v 213952.0094362109 8955811.121361453 -725.5001204876542
v 213991.8999907491 8955805.319766721 -763.9223265232986
v 214462.7727228704 8955760.842410777 -1214.202120158631
v 214423.9286644881 8955759.364105761 -1178.863973913814
v 214439.5300833249 8955803.461685002 -1197.103750033326
v 214446.2399915263 8955718.184480388 -1194.253194420887
v 214485.3600213844 8955714.819169855 -1225.621723557146
v 214501.2300596461 8955759.527524592 -1247.791784269437
v 214479.5912302152 8955810.633481184 -1236.430968080225
v 213705.8229634103 8955272.16745572 -632.1283391129468
v 213666.8550322612 8955269.369810784 -601.3651437645503
v 213692.9493971528 8955308.702950275 -614.4739668487798
v 213682.9095916415 8955225.008258341 -623.0929960269209
v 213725.520068923 8955219.110011093 -658.1520877796111
v 213747.0233506039 8955270.212738587 -665.5956761570637
v 213731.023012795 8955313.914746691 -644.2527231445906
v 214004.6785432599 8956333.247680761 -574.7886439500212
v 214029.2990946512 8956383.47925454 -572.4720572091669
v 214091.8007762252 8956471.73728903 -583.0040560271977
v 214122.9411049066 8956515.877062041 -586.863117798601
v 214418.3719249204 8956998.956499217 -572.8751766462874
v 214388.4505617871 8956953.386961404 -572.0244908460481
v 214538.39083938 8957007.150158657 -661.0764772980333
v 214571.7805994295 8956995.861955769 -691.7397914651842
v 214549.0194635012 8956962.07737525 -690.144318072294
v 214510.070079421 8956956.322171029 -663.5312666226769
v 214525.8810846749 8956928.041253697 -688.8308056663377
v 214562.7368068459 8956917.212679401 -721.6670859483822
v 214587.7994275826 8956967.637298318 -717.0691334542664
v 214911.4199930962 8956651.251291612 -1106.710680767219
v 214952.8350711177 8956643.089838371 -1151.454494706555
v 214921.5792658778 8956598.807815839 -1151.496093634316
v 214877.8378511611 8956603.832096485 -1109.755943903422
v 214995.1671897928 8956575.861605475 -1261.789420924525
v 214957.080030038 8956551.612534516 -1237.622131350227
v 214981.7695574661 8956595.111914333 -1225.705625991055
v 215013.8119738979 8956605.717887994 -1258.081053924348
v 214974.0291383127 8956539.794891486 -1270.425080701644
v 214995.124999968 8956530.892338241 -1306.197800168866
v 215022.4717570372 8956571.619522346 -1301.986031522154
v 214061.360765649 8956428.655847438 -578.3802350056549
v 214101.5065390313 8956420.846905401 -618.0174428274313
v 214072.8297330258 8956374.183358537 -616.2819955222312
v 214647.3193532943 8956389.564715331 -1119.949316018888
v 214627.5508495916 8956403.54390992 -1089.629163229762
v 214650.9623680888 8956437.955083162 -1078.925214896343
v 214605.6947437422 8956370.185599905 -1101.145191741253
v 214691.9934402622 8956431.808170546 -1117.556961659186
v 214619.8293534231 8956347.682682198 -1133.777651924005
v 214648.8141636493 8956344.307522122 -1163.842445006454
v 214691.9182998489 8956386.29253074 -1161.510713054277
v 215022.8169333555 8956526.251359977 -1345.9404418455
v 215054.9844039812 8956571.200115398 -1346.011617396826
v 215512.0021533197 8956918.076787736 -1595.702845846085
v 215533.4955252465 8956883.073722217 -1624.307805665503
v 215479.4967787683 8956873.377719808 -1598.37182652029
v 215509.495584518 8956850.989928035 -1626.165053157378
v 215539.7102803878 8956828.764560916 -1650.161796456016
v 215565.9815034838 8956926.228325691 -1621.520298130203
v 215571.7608671439 8956871.395380177 -1647.499460233056
v 215098.3239244132 8956469.881381532 -1474.482727785369
v 215060.9616331902 8956477.123475738 -1430.057361636424
v 215091.8061110492 8956522.63852562 -1430.895274216142
v 215069.0049699224 8956425.677164091 -1476.839897985566
v 215126.2208131288 8956520.695601847 -1473.619958385069
v 215103.3425224153 8956425.179872898 -1512.45283846381
v 215131.7493408686 8956474.26166521 -1511.170447519965
v 215168.982528719 8956467.652513713 -1555.370409787474
v 215200.3932998383 8956462.625393819 -1585.847290284023
v 215178.6732427438 8956427.538144367 -1581.476840148566
v 215141.5724627845 8956420.050027629 -1553.153632903906
v 215157.3251893059 8956392.288636379 -1576.418038862844
v 215193.5976267721 8956382.416693572 -1604.51046004827
v 215222.8877515609 8956429.276095582 -1612.029446700543
v 215165.8632024487 8956337.014296049 -1595.34818872111
v 215123.1109486248 8956340.437526446 -1567.041056486412
v 215144.0932364258 8956289.509664521 -1594.945652201723
v 215188.9384872413 8956302.719270691 -1620.320462110788
v 215210.6030126217 8956338.448272552 -1625.411198357778
v 214876.1255339892 8956026.224847255 -1524.922706278186
v 214821.4785086969 8956018.065982942 -1498.974572394808
v 214852.2700898057 8956068.879145749 -1507.139300833519
v 214848.1025731133 8955982.103019314 -1514.481306300245
v 214894.8646488519 8955982.088785296 -1537.393443678325
v 214913.9147795856 8956027.65617951 -1543.750345296947
v 214904.9871802789 8956081.231650651 -1533.131015989269
v 214754.3100511635 8955982.421720121 -1469.349279383122
v 214781.8560526963 8955936.753320372 -1486.327250374916
v 214729.8892789494 8955938.335500253 -1460.81470328855
v 214749.162822384 8955892.813001789 -1473.592319469744
v 214798.4276841761 8955892.998913482 -1495.596163408876
v 214820.5526734234 8955937.677000349 -1503.813788903992
v 214800.7359219878 8955982.088785296 -1492.33182219041
v 215003.1313857028 8956161.151832208 -1562.623033665416
v 214948.9879141128 8956150.357683465 -1540.030614259219
v 214979.9341385196 8956195.990111567 -1541.89847210263
v 214971.7884667854 8956114.077053808 -1560.318298058839
v 215033.5838145074 8956206.048663 -1564.482370007231
v 215020.9400939277 8956115.723593017 -1581.820518905034
v 215043.8794484097 8956149.753670134 -1583.409449799868
v 215277.4303919339 8956387.793159129 -1657.032851926454
v 215231.9967566565 8956372.924064364 -1629.631667206165
v 215265.6144280468 8956425.005577967 -1640.652583820329
v 215251.7194548925 8956338.161213005 -1655.504704133911
v 215290.6472870186 8956338.111509886 -1684.867033072852
v 215307.0554960954 8956427.538144367 -1667.186531732848
v 215321.5899820885 8956382.568735007 -1689.472458326923
v 215357.7449081379 8956508.199009042 -1676.161742429894
v 215327.0835915413 8956461.370336987 -1672.694720145358
v 215318.527201312 8956517.363375399 -1652.713337229681
v 215290.3065471971 8956473.179211453 -1647.066146150782
v 215380.8360538009 8956472.9060822 -1697.318317681402
v 215349.446207442 8956425.236884715 -1694.555775414668
v 215225.4849303565 8956293.799014764 -1652.956439083096
v 215265.0955336275 8956288.590424558 -1688.445481669512
v 215237.6144765348 8956240.698808011 -1685.845853585062
v 215273.5754331688 8956249.358400738 -1714.534490792761
v 215296.2255145263 8956283.112433363 -1716.256471172928
v 215064.5956104269 8956250.692350768 -1565.952331795518
v 215011.3452192168 8956241.123621086 -1542.610005291012
v 215043.0540359879 8956285.627437372 -1542.270782851342
v 215096.1344501499 8956295.153468441 -1566.924029947986
v 215074.5506067021 8956195.717828449 -1585.998040084321
v 215105.2911314396 8956241.610753316 -1588.417297954889
v 215311.1403159812 8956255.720732609 -1742.554901256005
v 215342.2861739852 8956300.174192393 -1742.456097635317
v 215352.9741821556 8956249.661149498 -1777.932886120904
v 215386.4789636293 8956294.281835767 -1774.085010232322
v 214594.8062195733 8955804.981900565 -1338.770621589132
v 214552.8458866475 8955798.758969158 -1301.386880814077
v 214571.3537295192 8955851.479829269 -1328.329176350679
v 214580.8467375703 8955759.364105761 -1313.307794035628
v 214618.0717257587 8955751.935545696 -1341.951683712834
v 214634.505104659 8955805.159440795 -1372.450411470541
v 214608.9489595888 8955848.453977576 -1362.655122338249
v 214692.088822536 8956341.59044227 -1205.925091436344
v 215539.5408791345 8956695.295714986 -1694.414704958829
v 215484.0281452006 8956686.635714082 -1676.00698091452
v 215515.925803847 8956730.577083956 -1674.838249324619
v 215507.6328282616 8956650.953015313 -1695.010903232952
v 215572.0302459476 8956738.179615974 -1692.396850924168
v 215565.3726087608 8956659.931356383 -1712.443923253084
v 215597.5999769309 8956703.160014378 -1710.096200102249
v 215448.9183928538 8956248.975145387 -1823.431671815951
v 215471.9612663378 8956212.970859777 -1843.03637305135
v 215415.7162812822 8956207.494440172 -1827.510245755828
v 215440.1392338968 8956169.391622309 -1844.460285441325
v 215477.0419984178 8956161.985239604 -1857.153476493989
v 215511.2695798099 8956253.456394661 -1841.819195875028
v 215508.4931934148 8956207.332620457 -1855.001315421711
v 216394.3296652874 8957228.867279457 -1820.824337898071
v 216415.7020637777 8957194.465421923 -1846.239387349048
v 216361.7196051962 8957184.648760267 -1822.469998034148
v 216391.4403194445 8957162.135984449 -1848.221237757115
v 216421.4236446251 8957140.566795973 -1873.501458382115
v 216448.3691816236 8957237.465428226 -1843.041112548932
v 216453.8658612773 8957181.911985764 -1868.97466704602
v 215476.2106663529 8956606.358416887 -1694.967597961982
v 215420.7861958333 8956597.562100029 -1676.370989367586
v 215452.3310726163 8956642.200518074 -1676.398214842333
v 215444.4236001835 8956561.838019133 -1695.491901451246
v 215501.7914413061 8956571.920441221 -1714.350357416809
v 215533.609929781 8956616.156549394 -1713.588327656219
v 215358.6123959144 8956194.420679096 -1806.605958574537
v 215337.8236540993 8956160.268528925 -1801.853529022526
v 215321.3598657772 8956204.828784557 -1775.563359784175
v 215382.5192247724 8956159.745815547 -1826.958831160614
v 215383.5034795286 8956228.968460536 -1805.95243198494
v 215475.4129377012 8956072.463426018 -1873.234197440162
v 215418.4757331404 8956072.446355227 -1852.805492645375
v 215445.1637825652 8956116.964332119 -1855.740614232842
v 215449.5996489846 8956028.032762861 -1869.565737450484
v 215505.3800887145 8956117.656040099 -1874.457607489676
v 215510.7964580742 8956025.171028391 -1889.172647829626
v 215535.0438395348 8956080.082285244 -1888.205183395073
v 216268.8817205514 8957316.096546451 -1732.897565936852
v 216292.7368739511 8957280.298868509 -1749.612385832158
v 216240.9478529843 8957271.276951896 -1728.01384142442
v 216260.6866928537 8957235.539977238 -1750.179295345161
v 216301.603331807 8957228.578912573 -1772.136861844602
v 216322.2964071373 8957327.915745899 -1755.425770493925
v 216332.7967196262 8957272.166059393 -1773.34257747341
v 215892.2808814864 8957094.51769105 -1687.278472128154
v 215920.1772821396 8957048.75115508 -1709.424957888247
v 215858.4471476733 8957050.44456861 -1690.034257930054
v 215882.0056388186 8957013.819999427 -1707.635712708441
v 215917.2619509275 8957002.210287951 -1721.259228547369
v 215956.2111172361 8957043.37203192 -1721.335223034084
v 215951.5239449186 8957093.830911588 -1706.211312519462
v 216044.9604868896 8957229.36753309 -1692.727018223309
v 216013.464004476 8957250.439518012 -1669.255155878818
v 216037.181785656 8957283.772438884 -1656.75544854946
v 215988.8393683122 8957220.641579295 -1674.281711592788
v 216010.1068042107 8957185.576373484 -1696.754484749808
v 216083.4724221132 8957269.363574795 -1685.610676612436
v 216068.8258451594 8957194.752026731 -1713.453942293574
v 216102.0139633726 8957237.158306044 -1708.925134719946
v 215756.8321145368 8956919.050878385 -1697.040655590331
v 215697.1257118214 8956920.00932348 -1677.949606285346
v 215734.6346921981 8956955.916367643 -1679.9663287072
v 215723.1950043874 8956875.137802314 -1699.160959926859
v 215790.6789581607 8956962.831878684 -1694.893984550779
v 215769.3124489172 8956862.43556064 -1715.623511466711
v 215792.9778207444 8956894.027615704 -1713.747676733269
v 215817.4704852277 8956927.111217815 -1712.193420555877
v 216832.5038372214 8956872.816300891 -2014.776012999912
v 216769.5524775949 8956872.663034458 -2012.88640224826
v 216801.0020467004 8956917.335567562 -2009.172431281806
v 216800.9387240842 8956828.274803622 -2017.379116196667
v 216863.9756858857 8956828.512310198 -2016.642789281118
v 216895.5506906148 8956872.931928065 -2015.216133745131
v 216864.0157106706 8956917.341450583 -2011.436039929673
v 216927.2651229198 8956739.081550017 -2018.431046988059
v 216863.8579059051 8956739.073610794 -2017.334526154419
v 216895.548595332 8956784.019712813 -2016.890408755782
v 216895.5485895211 8956693.829701979 -2019.658008098327
v 216959.1075561761 8956693.639676563 -2023.70670789192
v 216990.6958031496 8956738.757696746 -2023.845181315377
v 216958.86279913 8956783.873857588 -2019.379946914337
v 216642.4802892556 8956956.253374845 -1985.226373871834
v 216674.6100128201 8956918.16165024 -1995.121177486795
v 216611.0242901352 8956918.624023212 -1985.577231486006
v 216643.0868728078 8956873.355229385 -1996.773512251842
v 216576.0344157351 8957008.207729876 -1963.833727949355
v 216516.214005882 8957008.533779189 -1945.031251429619
v 216547.1972294863 8957046.907768108 -1944.169286244826
v 216544.1515624397 8956963.988808235 -1964.090523276531
v 216611.918113792 8957051.524330886 -1960.147895552256
v 216605.5736915717 8956970.703786662 -1977.587823650365
v 216644.0818257935 8957005.10919111 -1977.064410117084
v 216524.0449962643 8957138.82828884 -1908.872595427548
v 216550.0757393496 8957093.312076766 -1931.257157746603
v 216488.9896701526 8957094.853357092 -1912.296820963125
v 216512.1688216996 8957058.25323296 -1929.962088270539
v 216586.8013185279 8957087.777088314 -1943.029526230055
v 216578.5403474695 8957142.404814946 -1923.265251881388
v 216485.2947644338 8956428.989540197 -2031.24092277981
v 216520.076417105 8956379.399278715 -2044.796613701868
v 216453.9040797966 8956384.209844345 -2034.793302938289
v 216486.3345505079 8956335.994851217 -2048.378762760552
v 215893.6341404882 8956419.479592783 -1898.658967619004
v 215854.4543847109 8956378.778004456 -1899.935122147249
v 215857.1173226449 8956425.000994498 -1886.604839630728
v 215919.4014026812 8956384.771964075 -1916.06265349163
v 215883.3573018175 8956339.670076054 -1919.094575081994
v 215605.3990640241 8956027.951684641 -1915.18560584796
v 215544.6583550194 8956027.888463791 -1897.740924435523
v 215571.5768886779 8956072.41543195 -1898.942313082973
v 215634.3655149917 8956071.709122155 -1916.448474139601
v 214687.3851272418 8955850.337198094 -1431.024493412577
v 214645.1836174911 8955841.873160113 -1392.85711571868
v 214665.7791092642 8955896.894858927 -1419.019485716265
v 214673.3728842504 8955803.909041667 -1405.180742061625
v 214711.1907413731 8955798.514159346 -1435.052858336245
v 214729.7210158079 8955846.789603567 -1460.24956242483
v 214704.7753378939 8955892.998913482 -1449.86083804123
v 216925.2944301548 8959324.552376002 -580.7542446027373
v 216958.4047918971 8959350.757228436 -562.3374809979159
v 216674.0509673067 8959235.528096471 -580.7569054703163
v 216714.0598309027 8959260.452567436 -571.9262213317766
v 215824.3447084826 8958744.805646058 -576.2219957428542
v 215863.0276154722 8958779.530937156 -570.6191544483515
v 217019.6386112558 8959359.305626558 -570.0699226524284
v 217085.6205172705 8959364.016238205 -581.1756552531251
v 216638.658517301 8958792.191015387 -987.4895096763594
v 216611.926503176 8958810.330539454 -957.3544460635617
v 216636.1854937998 8958842.15310579 -943.7266650239742
v 216588.3512137393 8958778.527612591 -970.4652868487055
v 216675.3084580454 8958828.942407701 -976.3840670716697
v 216604.2038274783 8958752.540566642 -999.5758577728841
v 216643.42720095 8958743.929257473 -1028.859831641972
v 216685.2017369927 8958783.875267889 -1020.059799388273
v 217020.0539075895 8959316.792482382 -616.8013140632584
v 217052.8988706393 8959299.322873035 -644.5379333187079
v 217020.4940825109 8959274.34583074 -663.6380901288867
v 217082.9414877091 8959323.90394735 -624.6238198721421
v 217080.1942989744 8959281.170987707 -671.0945971246476
v 216699.1507470982 8958664.076133294 -1122.104069169292
v 216674.9225556708 8958680.923779828 -1095.217301879269
v 216698.928424808 8958707.970854912 -1088.314951253042
v 216654.7037267804 8958649.16695537 -1108.579361388603
v 216737.9810490381 8958699.212227941 -1116.387881430621
v 216674.9225556708 8958630.845326442 -1134.228720306218
v 216702.5415122249 8958613.082425943 -1164.014830705203
v 216737.8566206602 8958649.944233486 -1154.558764813323
v 215865.2282349919 8958732.179718502 -612.5473774612663
v 215879.9637474494 8958707.571181342 -642.4885388553657
v 215823.7499725576 8958693.747678343 -619.1696231103938
v 215855.9738732391 8958681.128432922 -649.9725959033242
v 215879.1858866108 8958665.295351969 -677.922528699318
v 215915.4301120068 8958747.027765434 -630.6535096892087
v 215919.1105474348 8958702.619875971 -670.8066463836365
v 215887.5309676688 8958120.332606364 -1113.867648274023
v 215847.4243856927 8958131.593084456 -1079.041758256483
v 215879.1420602598 8958169.348348217 -1073.101284841407
v 215853.3524671436 8958078.697974211 -1120.061708240467
v 215921.6312663023 8958161.727255266 -1106.731830946878
v 215895.9735634604 8958070.900629437 -1153.940935169087
v 215927.3938655243 8958109.067141982 -1148.252777375102
v 216643.1875192212 8958695.129587606 -1065.995181867033
v 216603.969501824 8958709.393138122 -1033.371403896465
v 216607.3894532443 8958657.903461514 -1075.620195003982
v 216683.2876696535 8958733.498034064 -1059.453802565815
v 216800.9466548279 8958571.398713138 -1251.598986767598
v 216769.4166344129 8958585.651350712 -1222.669552297505
v 216794.1996703633 8958618.903765734 -1210.532967587645
v 216747.161182035 8958553.954930395 -1236.462014856645
v 216835.6479516359 8958607.756268149 -1242.071851523577
v 216761.68902769 8958529.028277172 -1266.064836803589
v 216800.8083652211 8958519.211781355 -1295.681237097691
v 216844.8348135496 8958559.706802815 -1286.157323762928
v 216706.2856984852 8958564.46671023 -1205.689462627401
v 216750.3494635194 8958604.166415308 -1197.202321987889
v 216769.4166344129 8958635.760541348 -1183.688871119199
v 215248.5742578269 8958214.703321388 -583.8232094291839
v 215213.4780034503 8958172.408232734 -585.7873868958036
v 215738.4577501505 8958688.51222034 -568.880135795539
v 215782.6471839548 8958704.566875661 -583.9427805355483
v 215144.5023111349 8958112.192668643 -571.9485246234121
v 215185.1696129581 8958133.055938559 -590.3172239120254
v 214764.1910075764 8957578.371208332 -572.9728658566551
v 214734.6915825569 8957532.412772786 -571.8401510403501
v 215761.479794497 8958672.682872705 -596.9820997788215
v 215737.7650392912 8958645.988479812 -603.8254353266641
v 215790.6284417001 8958657.111607343 -628.9166372602335
v 215299.2812409334 8958158.589630481 -662.629527008618
v 215320.5074270338 8958142.339708311 -690.2680380844497
v 215296.2345244408 8958110.821695654 -693.0770934711934
v 215264.2472643173 8958116.128839526 -664.5052488811016
v 215344.9597196853 8958173.819580521 -687.1671463932075
v 215341.8899581622 8958126.332582211 -718.0611796265071
v 215306.9608409797 8958083.952965889 -719.9384910663671
v 215224.8835171138 8958122.458986701 -629.0832895470821
v 215187.1674351613 8958080.246358309 -627.5867051372309
v 215258.6881564435 8958166.255905962 -625.5663722569766
v 215226.6951670488 8958077.58251173 -660.8550009411224
v 215393.4424469511 8957579.374422193 -1108.159495426128
v 215407.150978818 8957551.926867027 -1135.491044357229
v 215360.9842386772 8957535.353940172 -1108.606712167191
v 215383.5034795286 8957519.356697395 -1136.363488935953
v 215404.9792155401 8957503.033277448 -1163.590565540784
v 215439.1887645994 8957595.620246056 -1133.876152223965
v 215437.8031746714 8957546.643732982 -1162.79066773555
v 214809.2418773042 8957546.181411777 -627.7344633023199
v 214778.2746090795 8957551.258549489 -598.7502689331864
v 214801.4291146506 8957585.706477949 -600.4527815850597
v 214784.2550986021 8957496.073418174 -631.9419378343639
v 214838.7077063365 8957592.090921568 -628.8847310968813
v 214820.6007497548 8957497.523446267 -662.0680037031166
v 214848.378650745 8957541.631295301 -663.3144048482548
v 216959.0390203491 8958831.707717884 -1112.397420868076
v 216989.9028181445 8958815.830556829 -1141.034207065346
v 216959.5039707361 8958785.691717207 -1155.619577095912
v 217012.6922299601 8958843.285239808 -1123.629325112051
v 217013.2298125363 8958798.228958186 -1167.555324629915
v 216895.3186243626 8958480.156173378 -1383.849413456264
v 216863.910713155 8958493.789407441 -1353.532288563738
v 216891.5489943944 8958524.474767668 -1343.604019428455
v 216839.8411978259 8958468.70566237 -1362.487978510116
v 216853.802218322 8958444.223664124 -1392.854100256879
v 216937.0017139488 8958516.518421229 -1376.50850605857
v 216895.3160678501 8958431.099950589 -1427.690740398211
v 216934.1338909715 8958467.57807095 -1416.979984778775
v 217208.53686858 8958345.684314193 -1608.178053845075
v 217178.8909756287 8958367.677173661 -1583.779542038471
v 217202.9963497345 8958395.291575234 -1577.303796625137
v 217153.023989867 8958335.532775391 -1588.216585850849
v 217177.5577997972 8958299.647538917 -1613.116312136898
v 217241.1340927105 8958384.423837848 -1590.709469274625
v 217270.6300653915 8958344.35031889 -1614.221719351566
v 217217.3825785551 8958289.640471019 -1629.48723612791
v 217241.8870281235 8958318.128626959 -1623.320867150099
v 217052.307766042 8958388.428975528 -1516.387064328038
v 217021.4008443919 8958411.716630368 -1494.184191023256
v 217046.5340512812 8958439.150548857 -1486.074387464908
v 216991.8215297479 8958380.971639149 -1504.642672774408
v 217089.8771247763 8958428.388624219 -1508.800281791997
v 217014.0381605662 8958349.731654491 -1531.701494282336
v 217051.6241036398 8958334.386087447 -1551.814788887338
v 217084.3968968866 8958368.004141741 -1539.561574211202
v 217108.3971323496 8958396.619640466 -1534.235614442551
v 216989.2142621394 8958432.784176765 -1472.632362122126
v 216958.4047918971 8958451.170327339 -1444.548016182145
v 216984.4700714427 8958480.332670443 -1432.575541224312
v 216933.5022646431 8958424.974936193 -1453.570116814721
v 216949.2127496171 8958398.910908494 -1480.036331718678
v 217029.2236487542 8958466.792107169 -1461.732633388316
v 217120.5945178252 8958294.22645699 -1599.488216312845
v 217147.3929493814 8958269.329547472 -1619.066723570636
v 217116.272457832 8958251.900566077 -1646.469603660524
v 217174.7178519169 8958246.419073278 -1637.648840693229
v 217147.3365267765 8958165.042991988 -1693.32901243072
v 217146.4545915411 8958213.349543076 -1665.428805759225
v 217178.8909756287 8958191.176092144 -1674.548075963438
v 217210.4082308172 8958164.845020959 -1692.975796661684
v 217207.1873256337 8958216.768787881 -1658.164089269397
v 217060.0017127412 8958202.052275201 -1675.379323388821
v 217021.1397985983 8958163.546473078 -1690.024525900686
v 217018.8359029394 8958216.445740554 -1658.955884723611
v 217080.534363258 8958165.699501894 -1694.306501111748
v 216958.4047918971 8958097.549442798 -1714.556234339116
v 216933.4620368506 8958067.467778619 -1719.748952628582
v 216925.8967729265 8958121.82900933 -1695.042135911803
v 216893.3572902966 8958077.899443362 -1704.072818114086
v 216990.5282195055 8958123.950035043 -1707.487669659236
v 216992.5876242601 8958073.298079198 -1729.291447365968
v 216958.4442082896 8958029.9353367 -1736.802169417163
v 216893.7775056544 8958026.689602943 -1720.85732431038
v 216858.3106861944 8958038.359135926 -1707.830497449233
v 216862.9769718244 8957988.58293898 -1723.487655743129
v 216923.8235896268 8957987.491993211 -1739.923755467278
v 217338.280372533 8958128.114407951 -1742.276672220907
v 217276.173670977 8958118.991809562 -1732.838321274006
v 217312.7226478799 8958156.772626301 -1718.147659590109
v 217369.5380303538 8958160.098360416 -1730.421123063103
v 217304.8830806182 8958093.036354039 -1754.588081486296
v 216616.2498279739 8957986.985259809 -1639.881728049604
v 216636.9909987172 8957950.221322885 -1665.4163726179
v 216579.9865561629 8957940.394622931 -1646.784616380347
v 216611.926503176 8957918.346020017 -1668.987619278362
v 216646.5989279179 8957896.83566618 -1688.942815947792
v 216672.5931406832 8957994.907570215 -1659.567369332305
v 216681.3680487123 8957940.920078348 -1684.72103608461
v 216800.9146606603 8957963.284941755 -1713.926541016193
v 216777.0882024113 8957932.12276835 -1716.460068011761
v 216766.2861213743 8957987.420463698 -1695.957587897261
v 216735.9483413094 8957944.428302046 -1701.056680215994
v 216825.5491661489 8957995.53402479 -1711.337172288528
v 216834.6413682645 8957939.292033235 -1729.640609030215
v 216805.2131927474 8957896.166158725 -1733.639861784073
v 216744.3333726788 8957889.032446008 -1719.692070110877
v 216704.7164538694 8957848.360591233 -1720.441579166209
v 216707.3609429973 8957895.337702233 -1708.006604062985
v 216769.0240858154 8957850.801267274 -1736.480396885631
v 216735.2855963464 8957809.168906033 -1739.54105708691
v 216669.3686858807 8957860.203477181 -1707.789306239241
v 216674.0294648723 8957810.525311209 -1723.092743710528
v 216636.4837827635 8957817.480092276 -1711.572197317539
v 216645.626265109 8957761.287182504 -1729.933159446638
v 216699.9937823632 8957765.697163224 -1742.901767783227
v 216615.3796671392 8957718.314036263 -1734.45554092705
v 216554.7618239464 8957711.61997298 -1721.284380523849
v 216587.7085599244 8957754.451258894 -1717.521945582242
v 216580.5733760159 8957676.613347428 -1738.076772950398
v 216645.1780692318 8957679.216647327 -1754.001280168167
v 216675.8984833768 8957717.132226679 -1750.830604742342
v 216518.879127578 8957723.392110668 -1707.623440998264
v 216516.2943762083 8957677.390413281 -1720.870041298231
v 216479.8796177675 8957682.681474481 -1709.155441769774
v 216488.2601877692 8957627.638622576 -1728.550004094456
v 216543.4765376085 8957631.712639537 -1742.136414939167
v 216446.8105065037 8957640.227089196 -1713.467842130302
v 216458.6800201861 8957584.559608314 -1733.546367672529
v 216422.9383456918 8957609.665618053 -1716.666704570423
v 216398.0151061459 8957577.076944761 -1719.324814662168
v 216422.9799605512 8957541.490319593 -1737.403042144592
v 216487.7363469069 8957545.515498267 -1753.627281941086
v 216518.3756743559 8957583.570906121 -1750.332515729392
v 216111.8486211068 8957406.717469791 -1593.893595379981
v 216132.1736282534 8957372.776056547 -1623.710934483688
v 216076.603148344 8957362.88096297 -1603.116093388322
v 216107.9580832181 8957344.992661268 -1630.17349141281
v 216132.9190079959 8957326.525812317 -1656.177197800216
v 216155.2142035266 8957407.52673432 -1625.877318221225
v 216169.1497262576 8957360.303006433 -1653.097036286628
v 216283.5121215888 8957505.206935864 -1698.806828859096
v 216238.9384211051 8957489.042487513 -1678.079019230167
v 216270.1215902477 8957534.675649319 -1679.612520315759
v 216253.066026469 8957460.51359538 -1698.889884403048
v 216322.2651193484 8957542.734360721 -1702.808269218182
v 216295.2132711034 8957454.613534831 -1720.880793033837
v 216326.1732412709 8957492.795861799 -1722.165394309172
v 216268.2084864436 8957410.475076277 -1721.929252366143
v 216238.6610139416 8957353.711268503 -1721.319856819103
v 216229.8974323859 8957408.763748385 -1703.588816682866
v 216199.9631974466 8957364.011800157 -1700.656294869196
v 216292.6216943519 8957361.500301762 -1739.695065598992
v 215986.5829630086 8957496.038875172 -1506.627464620126
v 216007.6050281776 8957459.538439374 -1530.280433726461
v 215950.607573192 8957450.932381598 -1512.973478335467
v 215981.9659782286 8957428.505634997 -1535.506721515467
v 216014.0546185583 8957406.496818228 -1557.11198465998
v 216040.3827440684 8957503.193577889 -1527.580881885996
v 216050.3783734481 8957450.965358604 -1549.972787724078
v 216261.6533912659 8958301.581043353 -1209.606043023928
v 216233.9501882076 8958318.798649333 -1178.541530454721
v 216259.0103213442 8958350.981803628 -1165.660189977637
v 216211.3792274732 8958287.106394157 -1192.11019852924
v 216296.9921777448 8958337.954730507 -1198.493655735012
v 216226.4012853872 8958262.160820052 -1221.66933373882
v 216265.4973903709 8958256.829604305 -1249.627105288394
v 216306.8743354397 8958293.678113773 -1242.753240129846
v 216180.5041355657 8958152.361894185 -1280.536060001285
v 216195.9638034052 8958127.847296162 -1308.580653298664
v 216148.3179402937 8958115.448642155 -1287.501387841188
v 216170.9541357128 8958098.18151065 -1314.283879027005
v 216192.8882195849 8958080.885862863 -1340.870966895546
v 216225.3253074998 8958169.236075459 -1295.800164560474
v 216234.1681004587 8958120.540026331 -1338.250800618057
v 217014.0826131708 8957550.402746525 -1890.478054424132
v 216959.0062672762 8957539.465104345 -1881.97340040122
v 216985.7238488492 8957586.833895929 -1874.063389832979
v 216989.9028181445 8957519.790677495 -1894.061379455224
v 217020.9933091202 8957497.850679398 -1906.347563118097
v 217054.1239559161 8957590.327225346 -1887.598239638795
v 217052.1967997407 8957543.240820156 -1900.058926137968
v 215644.2347018783 8957580.651594969 -1287.559151494587
v 215666.9857157549 8957562.041657289 -1312.683256552044
v 215643.0741183273 8957531.473891247 -1315.931595887934
v 215605.4214196428 8957542.27812916 -1285.35297214306
v 215691.9852695637 8957594.050042581 -1309.336933791111
v 215696.283082713 8957540.273716139 -1343.025812176993
v 215656.2679455586 8957502.722398609 -1341.351253603206
v 215203.8708341132 8957133.312650912 -1196.688602059148
v 215240.6062469839 8957133.479970731 -1234.35990682773
v 215210.812665469 8957095.712182973 -1224.210281294717
v 215176.0999635553 8957089.237664478 -1190.635844289317
v 215181.4083216194 8957061.240547348 -1211.235203858482
v 215217.5448964657 8957057.579000678 -1252.715834503286
v 215244.9386347881 8957104.981079029 -1255.173734984705
v 216226.0372214851 8958219.445548156 -1256.480770237605
v 216265.1920123384 8958210.011607256 -1287.943042479119
v 215704.5988164459 8957666.88200672 -1275.240777046987
v 215680.0914653989 8957622.680361971 -1285.512636223484
v 215666.7140724566 8957674.350641897 -1246.88034318565
v 215721.9594543365 8957641.196167799 -1300.658972284292
v 215751.482031736 8957680.586997233 -1296.457948248592
v 215737.4962785398 8957709.580934003 -1271.415667268443
v 215699.8761770044 8957720.251504868 -1241.413914232156
v 215320.2393303455 8957540.74881215 -1071.768474559189
v 215277.4102260879 8957548.86883511 -1031.035372808723
v 215308.7840623388 8957593.380655862 -1031.020735949287
v 215288.8134089107 8957496.272089094 -1071.471257425997
v 215351.776139465 8957585.390479971 -1071.043547055165
v 215329.0954551831 8957490.969158035 -1108.74345703312
v 215879.3966942892 8957552.173774213 -1433.712002985758
v 215830.2544351741 8957536.458563138 -1417.507643664377
v 215861.1731135553 8957579.046186108 -1411.424821013612
v 215914.2858067694 8957586.022258461 -1434.766179809301
v 215849.2457929044 8957504.94712602 -1443.283411366572
v 215889.7157582907 8957496.776400771 -1465.604886482251
v 215925.0997094135 8957536.29438689 -1462.560298793239
v 216454.5023267778 8958120.463420136 -1472.007016501342
v 216415.8716598998 8958128.255715469 -1443.441758548845
v 216450.4090063374 8958168.160479357 -1432.5496104746
v 216411.305566708 8958081.730561506 -1475.232784480314
v 216495.9871783569 8958159.849435195 -1465.445565870167
v 216457.8163554228 8958072.669297317 -1508.397582713711
v 216495.0969835486 8958108.398769062 -1504.012522842221
v 216778.6038998085 8958687.908874238 -1147.523163732927
v 216793.9800934097 8958662.757326627 -1175.947679547151
v 216832.1605569973 8958704.95560953 -1162.59382119115
v 216832.4210261764 8958654.739489507 -1203.253919862476
v 216417.0466811349 8958703.151507137 -942.8608403040198
v 216391.4403194445 8958722.32636798 -913.8952104954346
v 216414.8728317351 8958753.909747306 -900.0112538511885
v 216366.5335097334 8958691.117795641 -927.7305109461438
v 216454.7447561423 8958739.563901979 -931.8755505101433
v 216391.4403194445 8958673.601515681 -954.260230011459
v 216422.1223201883 8958658.062973639 -982.5778541329801
v 216466.2323150655 8958693.897869881 -974.9150304155248
v 217018.5064535557 8956342.032458955 -2099.496928781318
v 216958.3992421307 8956338.454609713 -2093.615018214459
v 216989.7352782726 8956383.72798498 -2086.505967681869
v 217052.530850277 8956383.72137228 -2093.925023397625
v 216990.3292807293 8956292.042036779 -2108.04267315986
v 217045.9811627563 8956302.41465045 -2111.906417742088
v 217084.9270168984 8956336.493952367 -2109.076201341393
v 215976.0160606339 8957141.874733105 -1699.211243736071
v 215920.9680678381 8957138.576748356 -1681.561789952866
v 215955.433108923 8957178.42532056 -1679.309037955146
v 215988.3893462733 8957087.049448773 -1719.505751970712
v 216020.6130900681 8957130.553613555 -1717.43866124663
v 216138.2877759692 8957274.501357678 -1704.542845537336
v 216107.9580832181 8957299.621942623 -1673.892644582841
v 216172.0210565224 8957317.449791856 -1690.664393713932
v 216138.3516739107 8957225.715665378 -1723.290183625958
v 216178.7851333451 8957265.553625153 -1717.839495869026
v 215737.7885709192 8956684.541409165 -1760.490599423075
v 215705.0385110737 8956641.675412536 -1763.940181596117
v 215694.0240653047 8956695.922874084 -1742.403082500004
v 215665.0538775232 8956652.36390103 -1747.254335865323
v 215760.8674708491 8956647.820058975 -1780.800200102374
v 215728.0973123109 8956606.124434993 -1784.154092994339
v 215382.867670303 8956960.809987128 -1478.063268261491
v 215339.8806863608 8956970.555983795 -1432.732555070535
v 215370.0891014508 8957015.765895382 -1433.270596197122
v 215351.7380203987 8956916.431236256 -1476.936288338097
v 215414.1017347308 8957005.408728223 -1477.796160483592
v 215389.0457144352 8956913.915478345 -1511.389094698045
v 215420.850927281 8956958.340208301 -1511.308852574485
v 214873.2518057868 8956962.535140846 -943.1984348005874
v 214834.2046673996 8956962.07737525 -910.4606376292761
v 214854.9172385227 8956995.565769263 -914.6570326478745
v 214847.5192369339 8956917.677362375 -939.0334176663134
v 214898.5257595317 8957012.308208294 -945.9377629685123
v 214887.5578313251 8956911.522851013 -975.2340780825728
v 214912.7038822261 8956964.218867647 -976.9394688533298
v 214238.3901558289 8955854.906341316 -990.9760964186939
v 214203.0763240767 8955848.453977576 -956.6571181211493
v 214227.4889367322 8955884.550514784 -973.6719839888051
v 214218.1351940901 8955803.959016807 -979.6953107408262
v 214256.0249305792 8955801.286335921 -1016.852728943725
v 214269.7814122466 8955892.998913482 -1015.824419880011
v 214274.7827853812 8955846.737507598 -1029.091261587145
v 219164.0684874754 8958072.087496348 -1588.381856989778
v 219202.3726203536 8958082.975195628 -1577.106466582057
v 219194.383838057 8958032.652926378 -1607.747322959291
v 219226.2626817079 8958059.875682211 -1587.792601936208
v 219254.7540779524 8958030.435325168 -1601.523035139115
v 219257.1838192417 8958078.932433076 -1572.696985985314
v 217336.3642308382 8958522.125785023 -1510.437765916114
v 217367.879133113 8958492.981331274 -1530.903956022785
v 217392.8023782652 8958470.402220177 -1543.57163623893
v 217434.2169976438 8958484.935950719 -1527.253462443634
v 217659.1642181065 8958807.526585503 -1166.240277095757
v 217682.8593955867 8958816.580414785 -1141.784065023075
v 217714.0998977519 8958784.927063957 -1159.660472694716
v 217619.9444304173 8958834.660477575 -1157.125357113581
v 217673.4561363027 8958777.320443466 -1191.168032451231
v 217556.8432379947 8959279.273930963 -713.5524237526251
v 217525.3692643498 8959301.934235455 -691.6942316446789
v 217556.8570150561 8959323.796556702 -668.9853651846167
v 217493.8524282421 8959280.201610103 -714.4929011400723
v 217588.3653168446 8959300.969442446 -690.7294386353065
v 217614.9728561037 8959277.78637718 -712.0850745852567
v 217525.3692643498 8959257.771333335 -736.6212013382074
v 217561.1007696654 8959234.665880933 -758.0371220516427
v 217588.3653168446 8959256.144121645 -734.9939896485998
v 217935.2469479179 8958784.310273305 -1109.449038902548
v 217966.341631813 8958761.222669885 -1130.971256028803
v 217935.2028106159 8958740.652812151 -1154.739597949626
v 217998.1970393306 8958782.730081473 -1107.901720448766
v 217998.2192403404 8958738.72230972 -1152.774186260828
v 217769.4966690991 8958814.569093436 -1106.339008278072
v 217808.0990688438 8958838.726818403 -1073.998895857052
v 217808.3211814527 8958792.606437629 -1117.781838671176
v 217753.6459324844 8958840.014474906 -1087.14566203056
v 219289.2855934013 8959145.56347334 -798.2720010030234
v 219320.75676045 8959117.996046068 -819.5705936074282
v 219289.4055497804 8959092.468024062 -839.9277131063857
v 219352.2907880091 8959145.656041376 -797.5778104524065
v 219352.4271381217 8959091.880822631 -839.4840386966171
v 218722.2973352419 8959142.141137602 -799.5247520070238
v 218753.7922879973 8959118.12077811 -819.6953256490006
v 218722.2994945755 8959092.964368029 -840.0551637788758
v 218785.2951057873 8959146.366802502 -796.8156493308097
v 218785.3078922884 8959093.312838664 -840.3784022198761
v 220328.6936003659 8958678.86506083 -1093.158582881769
v 220297.3013555444 8958654.492383236 -1111.259669852417
v 220296.7379968093 8958708.414455591 -1075.603626306838
v 220359.8802301295 8958705.57882767 -1073.544288119244
v 220360.4664632853 8958653.954161942 -1107.461939643183
v 219824.565015794 8959104.160287429 -819.3684633771859
v 219769.4707819096 8959106.622603495 -819.1455031091391
v 219793.4483559316 8959137.140210683 -795.7498220725779
v 219793.2271541606 8959086.952369008 -833.0718524538206
v 219824.6067635113 8959061.517052263 -850.8955993221757
v 219856.2232066554 8959085.851269003 -831.9707524488404
v 219887.5690820799 8959103.806995973 -817.7538949705518
v 219856.4851713304 8959136.021439496 -794.9013342188086
v 220832.8953234928 8959404.557020232 -573.415803411868
v 220769.8565636538 8959405.828912579 -574.3596971890634
v 220800.9739862701 8959371.68499716 -597.4877202790565
v 220832.6620203239 8959353.293000387 -609.4181888562275
v 219667.2350491711 8959442.891132202 -565.3815129496888
v 219698.7528438013 8959418.359103618 -584.1632372167769
v 219730.2311016658 8959392.360094937 -603.9403474991332
v 219856.2232066554 8959442.416968189 -564.9073489363682
v 219604.2389966764 8959442.913002539 -565.4033832867085
v 219635.7679422325 8959418.46792357 -584.2703797023401
v 219667.2350491711 8959392.559397032 -604.1396495951863
v 219698.7367426369 8959367.593386754 -623.098353211931
v 219730.2311016658 8959341.844338346 -642.5144627215832
v 219793.2271541606 8959341.462262653 -642.1323870280644
v 219887.7126145223 8959417.570419526 -583.4766688389293
v 219856.2232066554 8959391.757018149 -603.3372707109538
v 219919.2192591501 8959442.12783636 -564.6182171079852
v 220234.1995216238 8959439.771684946 -562.2620656944891
v 220265.6821997631 8959411.844580095 -582.2394435304204
v 220297.1955741186 8959387.708740965 -599.2889935258684
v 220171.2034691291 8959440.358276978 -562.8486577256617
v 220202.6828867484 8959411.717746792 -583.4961020988449
v 220234.1995216238 8959388.456094926 -600.036347487616
v 220265.8467535196 8959361.61012602 -619.0283192022298
v 220297.1955741186 8959336.176738948 -636.8468633234543
v 220454.700776724 8959412.103173293 -578.0579403737461
v 220423.187679108 8959386.062851904 -597.6431044659755
v 219887.7451435386 8959367.854540646 -621.0221954883332
v 219856.2232066554 8959341.01323217 -641.6833565450875
v 219633.2724846691 8959367.517009676 -623.5563233354505
v 219667.2350491711 8959342.157450061 -642.8275744367838
v 219698.8417184727 8959315.988228623 -662.5324971164941
v 219730.2311016658 8959291.249911575 -681.0099077646539
v 219887.8901264253 8959314.320274943 -661.2817861200128
v 219919.2192591501 8959391.357715983 -602.9379685442202
v 219950.7520687638 8959367.93736862 -620.1119642701406
v 219919.2192591501 8959340.498473389 -641.1685977639288
v 219950.7019591442 8959417.158148328 -583.132538826279
v 220454.9336567031 8959358.527581748 -616.7131802794984
v 220423.0429005346 8959326.744568819 -640.4052023573975
v 220202.8234560795 8959362.512621945 -619.7153742817104
v 220234.1995216238 8959337.033672519 -637.7037968934299
v 220265.9014915469 8959318.915803332 -650.126537452616
v 220454.6857053554 8959307.874844288 -653.0899045705769
v 220486.0472135588 8959326.41119916 -638.9031412152951
v 220486.1837316028 8959385.168105412 -596.7483579740492
v 220517.9681108735 8959357.381287603 -615.8630698892148
v 220517.7207772675 8959412.159242958 -576.5253271613485
v 220801.0342358282 8959328.513644679 -627.7850051762043
v 220832.6620203239 8959300.823305009 -646.038365291801
v 220801.282559849 8959278.278696276 -662.8106599531147
v 220832.6620203239 8959248.221787313 -682.5267194089542
v 219698.8655669497 8959274.334870497 -694.2312503210753
v 219730.1742442684 8959241.446632257 -718.7496469499433
v 219856.160097948 8959239.988880498 -717.5434961398432
v 219761.7291279132 8959214.864913503 -738.2597174136872
v 219790.0027684642 8959189.379731916 -756.8084445972099
v 219824.725180408 8959214.139773846 -737.5345777575071
v 219887.7212329027 8959264.387873778 -698.692805874864
v 219919.1321968094 8959282.124629388 -684.808276465171
v 219635.8298787343 8959316.383656411 -662.8272754941204
v 219667.2350491711 8959291.682402126 -681.4423983160043
v 219635.853299439 8959274.48776071 -694.887448409715
v 219667.1861820196 8959242.054220511 -719.2641083825888
v 219698.7330754185 8959215.522680875 -738.9174847864942
v 219730.2275214927 8959189.217283409 -758.1880567503977
v 219856.2536941363 8959189.551809894 -755.1722582319801
v 219761.7291279132 8959163.988469049 -776.4731447747777
v 219824.725180408 8959163.129509527 -775.6141852519681
v 219919.1580519949 8959239.143258145 -716.8573305158704
v 219887.7212329027 8959213.350101246 -736.7449051571803
v 219950.7172853975 8959263.661649311 -697.9665814076911
v 219982.1256704182 8959281.892989606 -683.7411323295705
v 219950.9107541301 8959313.610480269 -660.7508731620369
v 220234.0622500047 8959286.575038929 -674.4701087366091
v 220265.6975478712 8959259.180252628 -693.4851847253681
v 220297.2321054297 8959233.947299613 -710.7552637981958
v 220423.3045099891 8959233.977267586 -706.7830639132778
v 220328.6936003659 8959206.243245585 -729.6380494954592
v 220360.4119081666 8959186.090047341 -742.9283505773374
v 220391.6896528607 8959205.032516461 -728.4273203721139
v 220486.1267327186 8959278.387712529 -673.1931694945183
v 220454.6857053554 8959255.891476143 -690.1964082404179
v 220202.884899511 8959319.211635683 -651.4162592194964
v 220171.0576407394 8959287.608956268 -675.2991641081821
v 220202.7014953764 8959260.182589034 -694.4875211308843
v 220234.0204168202 8959233.870756069 -712.6866391782387
v 220265.6975478712 8959207.409771772 -730.8045756827491
v 220297.5334218061 8959179.514786033 -749.7541077918077
v 220332.4796329942 8959152.666153366 -767.688418546762
v 220391.4355598727 8959154.261959806 -764.4195478327388
v 220423.4394533348 8959185.660219762 -741.0533283032805
v 220486.3769086205 8959228.473820049 -708.618125635918
v 220454.6857053554 8959203.779687587 -727.1744914979211
v 220517.6817578502 8959306.799297666 -652.014357948992
v 220549.1439048205 8959278.428219847 -671.1941576431989
v 220517.6817578502 8959254.708179947 -689.0131120431988
v 219698.4250062535 8958747.435420731 -1084.845955826338
v 219726.9094000528 8958781.154778456 -1059.149991154912
v 219667.2350491711 8958729.651595542 -1099.400181686658
v 219635.4555228892 8958705.675221751 -1118.454028479897
v 219667.2350491711 8958677.614721207 -1136.45317916437
v 219699.090962844 8958649.501234604 -1154.192545136893
v 219821.2184674007 8958647.045586184 -1147.787122431258
v 219729.7808187178 8958614.424204174 -1176.533588945563
v 219792.8775538523 8958613.569077794 -1172.738588882255
v 219824.3971675641 8958751.43800788 -1074.766192519184
v 219856.2232066554 8958723.045385301 -1092.793971445011
v 219887.9573524712 8958699.120881474 -1107.458714167803
v 219856.2232066554 8958670.465506764 -1129.303964723028
v 219793.6106992442 8958784.768484723 -1052.886968427604
v 219604.6793977317 8958739.846331321 -1095.662377157562
v 219643.2100347694 8958750.245287735 -1086.017372674427
v 219667.673915301 8958780.392659515 -1062.883313367889
v 219698.7330754185 8958806.372035112 -1042.485813535232
v 219730.3167643055 8958833.113879001 -1021.552201362058
v 219761.7291279132 8958804.457568856 -1040.571347278591
v 219572.3458968274 8958708.212307956 -1120.438970024477
v 219604.2389966764 8958679.949745568 -1138.788203525459
v 219635.8742629724 8958654.820675246 -1154.620654604863
v 219667.2350491711 8958625.343633262 -1173.271963033929
v 219691.652064241 8958604.014120899 -1186.473324536303
v 219729.9386660453 8958570.900483673 -1206.54142926836
v 219761.7291279132 8958595.135017436 -1187.608283115034
v 219793.1374403999 8958565.918951767 -1205.301816356435
v 219824.725180408 8958592.473030064 -1184.946295743099
v 219855.7441913062 8958619.059679329 -1164.636873367254
v 219888.2089456125 8958650.801621526 -1140.713169636416
v 219887.5026688795 8958748.931105008 -1072.855777683191
v 219919.2192591501 8958720.78987724 -1090.538463382901
v 219951.1761302226 8958692.137942545 -1108.305800948654
v 219926.7845185776 8958661.414424907 -1130.951775350423
v 219848.6892307055 8958781.9134988 -1051.917562161998
v 219793.408685922 8958833.17157696 -1018.334766270961
v 219824.725180408 8958802.503471935 -1038.617250358581
v 218564.7956915756 8959413.421927551 -574.8696574140567
v 218596.3021567605 8959386.203983894 -597.7842364552685
v 218501.7975837382 8959409.576671008 -576.9391980267333
v 218533.3061042657 8959385.596099596 -597.1763521575488
v 218564.7620794021 8959360.872453647 -617.9123123128168
v 218596.3021567605 8959337.189836496 -637.8599608722011
v 218659.2982092552 8959337.804610295 -638.474734670476
v 218749.3576928283 8959411.844601441 -579.7935781799843
v 218722.29426175 8959387.528135085 -599.1083876482344
v 219100.2705767184 8959440.607834168 -563.0982149155093
v 219131.8554120873 8959416.544643085 -582.8094336221002
v 219163.2666292132 8959391.585568916 -603.1658214772369
v 219289.2587342027 8959441.975723378 -564.4661041253319
v 219037.2745242237 8959440.034598555 -562.524979302229
v 219068.8550714291 8959415.978454782 -582.3475296546385
v 219100.2705767184 8959391.150220662 -602.7304732252726
v 219131.7688492128 8959368.044128876 -621.5742669226015
v 219163.2666292132 8959342.020375282 -642.6904996566573
v 219226.2626817079 8959342.298003145 -642.9681275189355
v 219320.8369523452 8959417.835323105 -583.8400845441256
v 219289.2587342027 8959392.257232876 -603.8374854383333
v 219352.2547866974 8959442.301966801 -564.792347548309
v 217492.2167692426 8959412.232339691 -579.26470509516
v 217525.3692643498 8959390.522507632 -602.1027601934713
v 217430.8258106981 8959410.918654691 -577.8861920977145
v 217462.3732118551 8959389.719952315 -601.3002048762155
v 217493.8823545525 8959368.151333785 -624.2674931864876
v 217525.3692643498 8959346.190691723 -646.8608160987251
v 217588.3653168446 8959345.825373629 -646.4954980047514
v 217682.8555993535 8959412.942207482 -579.9188495599383
v 217651.3613693393 8959390.389088914 -601.9693414765263
v 217997.9028493887 8959409.317955876 -576.6023479455826
v 218029.3376843078 8959385.192302054 -596.7725546165948
v 217934.8958676438 8959410.034841262 -577.229045599187
v 217966.341631813 8959385.946845241 -597.5270978036056
v 217998.0263688287 8959361.193501018 -617.9516476548647
v 218029.3376843078 8959337.037819339 -637.7079437143525
v 218092.3337368025 8959336.232454924 -636.9025792994457
v 218186.8705952191 8959408.123551741 -575.6144000816157
v 218155.3297892973 8959384.248001395 -595.828253956651
v 217618.6937270194 8959324.186659975 -666.7677805941407
v 217679.5468562643 8959368.953014778 -621.7598090369424
v 217651.3613693393 8959344.943820389 -645.6139447647242
v 217433.6208695595 8959365.568919944 -625.1590651697161
v 217462.3732118551 8959345.886584658 -646.556709034377
v 217493.8758689291 8959324.122979885 -669.3250068034072
v 217682.929128084 8959321.426588504 -666.6658043989905
v 217651.3613693393 8959299.459295003 -689.2192911923355
v 217714.3574218341 8959389.719983593 -601.3002361539284
v 217745.9057479036 8959366.11038194 -622.283675053448
v 217714.3574218341 8959343.706999661 -644.3771240373826
v 217749.9651639067 8959411.107582228 -580.4891044875924
v 218186.9343548646 8959359.254760163 -616.4018138772517
v 218155.3297892973 8959335.683104243 -636.3532286178217
v 217935.0220498743 8959362.288030382 -618.8708035955851
v 217966.341631813 8959338.090785587 -638.7609099630131
v 217998.2003923366 8959312.815239372 -659.1473449732257
v 218186.9450707468 8959319.015089009 -649.6987633789977
v 218218.325841792 8959384.075355049 -595.6556076111433
v 218249.8901854229 8959359.088881966 -616.2925359360715
v 218218.325841792 8959335.380264916 -636.0503892903744
v 218249.8509003626 8959408.099243037 -575.6127935046452
v 218753.7601369863 8959362.931946339 -619.7063983721218
v 218722.29426175 8959338.436591566 -639.1067159404624
v 218501.7721250301 8959360.272976903 -617.3864595574737
v 218533.3061042657 8959336.615792986 -637.2859173614902
v 218564.7524440852 8959319.434773676 -651.7473713373292
v 218753.717220815 8959313.418720847 -660.0117244949333
v 218785.2903142447 8959388.204393126 -599.784645688454
v 218816.7635799364 8959363.629774926 -620.3117117480226
v 218785.2903142447 8959339.065748945 -639.7358733200035
v 218816.8135098823 8959411.347698128 -581.5522587946348
v 219322.6819382533 8959367.517471688 -623.5712714356705
v 219289.2587342027 8959342.502487829 -643.1726122034775
v 219068.7709503715 8959368.334113793 -620.5681894604888
v 219100.2705767184 8959341.672216125 -642.3423404996959
v 219131.7714065201 8959316.505235968 -662.7421205105061
v 219163.2666292132 8959292.4346254 -682.1946215891749
v 219320.7909242899 8959317.096354399 -663.2977884808438
v 219289.2587342027 8959292.713521408 -682.4735175979604
v 219383.7540970283 8959367.454136653 -623.872492166493
v 219352.2547866974 8959392.488130001 -604.0683825635915
v 219352.2547866974 8959342.632257629 -643.3023820038563
v 219383.8256483062 8959418.117935903 -584.0567928632545
v 218533.500714352 8959288.475968836 -676.660354617803
v 218564.8041305131 8959263.396904582 -697.7018366788166
v 218596.4322247823 8959239.670850147 -717.6035961426483
v 218722.4456592089 8959240.893765396 -718.6314833632518
v 218627.8001830078 8959214.978920814 -738.3737247240647
v 218659.3300586323 8959188.22040201 -760.7709731496579
v 218690.7962355026 8959215.521081064 -738.9158849757237
v 218753.7922879973 8959265.098352071 -699.4032841681096
v 218785.4564886106 8959282.253648654 -685.8620555713881
v 218501.764933626 8959319.257909805 -650.9161779963724
v 218470.4790915636 8959287.946211703 -676.2099768660496
v 218501.8080780184 8959262.883771045 -697.1887031419776
v 218533.4202627293 8959239.087870365 -717.1099341064287
v 218564.8041305131 8959214.441350002 -737.8361539129774
v 218596.322602577 8959188.626123697 -759.4694958085047
v 218722.3356708041 8959187.848096367 -762.012812800132
v 218627.8001830078 8959166.068456598 -778.5531323233356
v 218659.2984422568 8959141.641511548 -799.0855015197285
v 218690.7962355026 8959166.573966989 -779.0586427143469
v 218785.4456541984 8959241.483151387 -719.121371465008
v 218753.7922879973 8959216.044295428 -739.4390993391401
v 218816.7883404921 8959265.641279524 -699.9462116202903
v 218848.4483442234 8959282.438381568 -686.7018506975573
v 218816.7256455413 8959314.057261042 -660.5725233549633
v 219131.7723910803 8959274.789213914 -695.9976765845233
v 219163.3568646691 8959243.769554501 -720.9161277749786
v 219289.30847249 8959243.879716042 -720.9429300857569
v 219194.7646554605 8959218.045813199 -741.4406171095325
v 219226.2919784542 8959193.587858221 -760.7701899345043
v 219257.7607079553 8959218.016487118 -741.4112910286985
v 219320.8015388483 8959274.874754466 -696.481735797772
v 219068.7635902379 8959316.147514116 -662.420958253407
v 219100.2705767184 8959292.180131517 -681.9401277065301
v 219068.762120677 8959274.708173465 -695.5956282533027
v 219100.3794554338 8959243.581445469 -720.7887003512174
v 219131.7686029658 8959217.990438255 -741.3852421658644
v 219163.3056959598 8959193.629174929 -760.818816731809
v 219289.2782337614 8959193.450082989 -760.6421655693089
v 219194.7646554605 8959168.368686205 -780.8533619296259
v 219226.2827984436 8959145.49048326 -798.7956472882993
v 219257.7607079553 8959168.21365438 -780.69833010502
v 219352.2841923484 8959243.799165696 -720.8425122546669
v 219320.75676045 8959217.902487215 -741.2972911263128
v 219383.8111166708 8959274.849661246 -696.3986497957478
v 219352.2547866974 8959292.735254362 -682.4952505522801
v 219383.7971113558 8959317.12490046 -663.3423884661042
v 217588.3653168446 8958946.24868043 -1048.727651132003
v 217616.4289775992 8958963.538123013 -1021.262318034617
v 217554.9769968683 8958929.718068345 -1077.109746307895
v 217588.3653168446 8958903.603001384 -1095.171843900442
v 217564.5794507512 8958886.395544842 -1122.606358616572
v 217588.3653168446 8958861.503984563 -1142.162698894018
v 217713.6231867211 8958830.869296569 -1111.439053340173
v 217715.9491637645 8958923.84719165 -1026.037005779161
v 217745.8554480814 8958894.757740969 -1041.781647577875
v 217768.507357067 8958867.201125862 -1058.956716460659
v 217675.0380734559 8958948.561667586 -1017.556722213533
v 217659.0312288026 8958973.590834945 -997.8267531070996
v 217518.6093759574 8958951.133726392 -1063.172622937129
v 217555.6988290298 8958972.120982388 -1030.184370637931
v 217523.319318856 8958911.19112958 -1107.080024033829
v 217588.3653168446 8958989.559533428 -1002.94863231604
v 217615.3567450049 8959007.982196456 -976.6906490357162
v 217526.6062824922 8958871.647890018 -1151.293934032638
v 217566.5289244283 8958844.051118664 -1169.571983304549
v 217580.8684867987 8958815.574452821 -1195.925157691819
v 217745.8554480814 8958801.259543668 -1126.463193906651
v 217779.2532321784 8958913.524852058 -1016.779604032698
v 217811.1539813274 8958883.846754085 -1034.449496236282
v 217713.3115132439 8958971.622468527 -984.3155772486782
v 217745.8554480814 8958942.752837066 -1000.686871859929
v 217673.221051489 8959000.29566475 -969.0417149214541
v 217966.0479734367 8959282.284901869 -686.2228788034056
v 217997.8396580604 8959265.126313347 -699.4312454445685
v 218029.1706226247 8959240.701711288 -718.4939181147556
v 218155.3074528589 8959238.522687839 -716.6158951083562
v 218060.8357105552 8959215.11018189 -738.5049858007126
v 218092.3252976281 8959188.834817631 -758.9424410142653
v 218123.8317630499 8959214.053386359 -737.44819027014
v 218218.3365786078 8959287.314566374 -675.6813304213229
v 218186.8278155446 8959262.309323166 -696.6142552630449
v 217935.2106130898 8959314.292497663 -660.3525281950015
v 217927.4283283058 8959272.59467525 -696.4128216767645
v 217966.0396204322 8959242.413226891 -720.015041636867
v 217997.8396580604 8959216.605373934 -740.0001778449976
v 218029.2898467453 8959187.808492463 -762.2259970778314
v 218153.5579537746 8959189.453208255 -756.8803746918079
v 218060.8357105552 8959166.22414425 -778.7088199757068
v 218092.4954242549 8959140.765529236 -798.3077370550575
v 218123.8317630499 8959165.091883212 -777.5765589374489
v 218218.3386550152 8959238.009045338 -716.1826576637659
v 218186.8278155446 8959213.390728157 -736.785532068207
v 218242.0386835528 8959316.927654557 -651.1328013511577
v 218281.3832030407 8959287.163735287 -675.54557485644
v 218249.8238680394 8959262.01256457 -696.3174966672395
v 217556.8672905972 8958803.714246958 -1218.007769010452
v 217522.2727836959 8958786.565288246 -1245.291325795504
v 217556.8672905972 8958759.389036184 -1262.77243004876
v 217674.7652230141 8958689.638495723 -1282.451277404318
v 217619.434704627 8958656.792555677 -1333.076617696514
v 217651.3613693393 8958671.121969359 -1308.14017094588
v 217717.6068626029 8958703.250505278 -1251.402354786717
v 217715.4920961091 8958745.577338347 -1204.717110617794
v 217493.8712381025 8958811.91266348 -1226.206185532073
v 217526.0779115485 8958829.483531307 -1198.757667375943
v 217461.6729824403 8958793.079126863 -1251.919427114972
v 217493.8712381025 8958768.194148771 -1271.57754263547
v 217461.5313791907 8958749.062135344 -1296.792860734621
v 217493.8712381025 8958722.971834067 -1315.44509974722
v 217674.4728762311 8958644.94237769 -1326.745900261116
v 217588.3653168446 8958636.166960089 -1362.275033487584
v 217618.7044135438 8958608.808459152 -1379.52165241885
v 217651.3613693393 8958626.089563098 -1352.197636497028
v 217712.9565650497 8958660.732229523 -1297.986975304581
v 217745.8554480814 8958718.381698735 -1221.765092600109
v 217779.2424347427 8958692.776181525 -1239.910619101201
v 217745.8554480814 8958676.712371323 -1269.18563700314
v 217769.6281833091 8958735.132143307 -1193.429457577874
v 217745.8554480814 8958759.182579856 -1173.476101906216
v 218596.3021567605 8958804.103838392 -1084.762552722121
v 218627.9205993097 8958827.414288551 -1064.081408669621
v 218565.0022147413 8958780.234600622 -1106.144051836488
v 218659.2982092552 8958803.654898742 -1084.313613072584
v 218596.3021567605 8958756.694524612 -1126.443110755511
v 218561.1894545167 8958735.9272938 -1145.655423596842
v 218596.1445584244 8958709.939733319 -1167.746481958861
v 218627.8001830078 8958685.13005849 -1188.513452355499
v 218753.7922879973 8958730.440929217 -1144.734451268835
v 218789.0374475119 8958751.863893643 -1125.446672839066
v 218754.1186784577 8958777.930241516 -1104.376700760841
v 218690.9409457263 8958826.979351904 -1063.74488591827
v 218722.29426175 8958803.065668631 -1083.724382961306
v 218533.3061042657 8958804.41325547 -1085.071969799957
v 218564.9054590281 8958827.698135126 -1064.289156234916
v 218501.9775970054 8958780.691430539 -1106.476736209465
v 218533.3061042657 8958757.316609502 -1127.065195644881
v 218596.3021567605 8958851.681051467 -1043.249893983772
v 218627.8385913247 8958875.379946511 -1022.62338005544
v 218659.2982092552 8958851.492786042 -1043.061628559314
v 218502.0965208766 8958733.798297597 -1148.799472288779
v 218533.1647625336 8958703.018153729 -1175.824471302793
v 218564.8041305131 8958686.387934022 -1189.771327886489
v 218596.1283498319 8958662.553053079 -1209.725379781667
v 218627.8001830078 8958637.666354075 -1230.139619754304
v 218659.2077286885 8958613.075578114 -1249.766130294061
v 218690.7962355026 8958635.864890886 -1228.338156565325
v 218785.1399711566 8958706.135747457 -1164.063697654636
v 218753.7922879973 8958682.243690269 -1185.627084133653
v 218817.0306202245 8958784.838065296 -1096.821220526498
v 218848.0976527766 8958753.582050323 -1121.953770350952
v 218816.7883404921 8958729.178517656 -1143.472039708051
v 218753.9671268149 8958826.390579758 -1063.280859296794
v 218785.2903142447 8958802.338708265 -1082.997422594516
v 218690.8430981636 8958875.221275721 -1022.49861778413
v 218722.29426175 8958851.168713544 -1042.737556060386
v 219131.7686029658 8958721.23982488 -1135.533346931728
v 219100.3899041417 8958700.334299929 -1153.497788678158
v 219131.7686029658 8958671.102461696 -1174.485855560583
v 219159.7839998238 8958646.926980594 -1191.390385696771
v 219194.7646554605 8958668.969476271 -1172.352870135719
v 219218.9981998105 8958648.653264705 -1186.308065653539
v 219257.3680116724 8958658.782673538 -1176.176718246537
v 219194.3159871975 8958619.413544571 -1210.011841034523
v 219257.7607079553 8958717.460536849 -1131.754058899181
v 219289.8111439768 8958689.991232159 -1150.713945463836
v 219289.3689128229 8958744.508741964 -1109.479017146844
v 219226.0980036835 8958794.582336215 -1074.072793198656
v 219194.7646554605 8958769.624150513 -1094.827800750295
v 219257.7607079553 8958767.954876166 -1093.158526402934
v 219163.0687029212 8958796.224119645 -1075.462506731928
v 219131.7686029658 8958771.212875126 -1096.416525362472
v 219100.1757544084 8958747.427898044 -1116.541022528909
v 219100.8145680421 8958646.156000376 -1195.66523921002
v 219131.3957598141 8958613.746765571 -1218.589924024171
v 219257.4483593033 8958616.66054222 -1207.766992519792
v 219163.2666292132 8958594.21349401 -1231.231695596497
v 219194.6784528571 8958565.409179159 -1250.527064231591
v 219226.2626817079 8958591.62483703 -1228.643038616281
v 219289.2587342027 8958640.169734674 -1188.098064445408
v 219324.3661815834 8958662.660766024 -1169.103349925071
v 219352.6587695808 8958695.870104462 -1142.578536760648
v 219320.75676045 8958715.472229015 -1129.765751066732
v 219352.5097716513 8958739.378905913 -1110.035869180922
v 219289.1356465896 8958792.830771212 -1072.62112248502
v 219320.75676045 8958766.212237287 -1091.415887524123
v 219194.7646554605 8958819.719526846 -1055.833305269527
v 219226.0608939653 8958836.670439811 -1041.379736453676
v 219257.7607079553 8958818.292976847 -1054.406755269579
v 219100.0484881095 8958797.749090781 -1076.783363968544
v 219132.0710200742 8958828.995681223 -1050.848908064198
v 219170.9052668564 8958839.156480782 -1041.527988251457
v 219068.772550471 8958772.713537714 -1097.917187950162
v 219037.1411647884 8958749.163946325 -1118.012566101074
v 219068.772550471 8958723.016331015 -1137.30985306666
v 219035.8889847941 8958699.465698039 -1157.618413267754
v 219068.772550471 8958673.170069942 -1176.553463807292
v 218029.3376843078 8958804.864371045 -1085.523085375533
v 218061.0516059546 8958827.392974598 -1063.722833675597
v 218092.3337368025 8958804.4038864 -1085.062600731208
v 218029.3376843078 8958759.955214759 -1129.703800902944
v 218029.3376843078 8958716.246068146 -1175.084526104471
v 218155.3297892973 8958758.922646891 -1128.671233035179
v 218187.056468632 8958736.326539807 -1150.622323917175
v 218186.9847437237 8958781.368550001 -1106.732123421748
v 218123.9823293863 8958827.146094393 -1063.504093623873
v 218155.3297892973 8958804.290318547 -1084.949032877466
v 217966.341631813 8958805.926592879 -1086.585307208923
v 217998.1295390697 8958828.140379053 -1064.42926189259
v 218029.3376843078 8958851.066443861 -1042.635286377032
v 218060.9773045824 8958874.092052968 -1021.349284871767
v 218092.3337368025 8958850.58372031 -1042.152562825678
v 217966.341631813 8958718.012017468 -1176.850475426176
v 217998.1608430269 8958695.790475076 -1198.899725968058
v 218029.3376843078 8958673.427718429 -1221.356048200931
v 218061.1328226791 8958651.232762823 -1243.450601885489
v 218218.325841792 8958758.730415368 -1128.479001512364
v 218250.0358980946 8958735.924079578 -1150.335985225442
v 218218.325841792 8958713.744607929 -1172.583065887747
v 218249.9584009917 8958781.322058866 -1106.757184515924
v 218186.9348255025 8958827.182019649 -1063.563288371901
v 218218.325841792 8958804.35442749 -1085.013141820062
v 218123.9332801829 8958873.779455384 -1021.054948273573
v 218155.3297892973 8958850.51694666 -1042.085789176938
v 217336.3947321437 8958617.02113176 -1431.44124228421
v 217304.8830806182 8958592.091416126 -1451.834297247079
v 217273.0634475447 8958565.565623034 -1470.51055737812
v 217304.8830806182 8958543.527703257 -1492.360456191708
v 217456.1423486214 8958515.375432154 -1499.941349705563
v 217496.736671757 8958528.751724027 -1482.153884338448
v 217462.2087361041 8958610.400853464 -1425.120151380361
v 217518.3292573041 8958559.092867088 -1453.424610671494
v 217493.8712381025 8958581.326410322 -1441.069291443402
v 217367.879133113 8958640.102939529 -1410.755948836867
v 217398.7355211958 8958662.571921866 -1388.065129946958
v 217430.8751856077 8958636.913083257 -1407.566092563878
v 217268.7125379305 8958613.242461575 -1428.102086711591
v 217336.4971454885 8958663.388273325 -1388.890738259467
v 217304.8830806182 8958639.073738314 -1409.726747621905
v 217241.8870281235 8958586.756383423 -1446.499264543661
v 217211.5999507609 8958560.569930976 -1460.772923147752
v 217241.8870281235 8958538.246016087 -1487.078769021962
v 217272.6163784907 8958515.60203192 -1510.052405346052
v 217304.8830806182 8958492.687686237 -1530.610310986762
v 217430.6178099027 8958432.669336038 -1564.689912940495
v 217493.2129827497 8958482.74622426 -1519.742114255718
v 217462.3732118551 8958459.47898186 -1541.946542517176
v 217556.2923978613 8958525.162034199 -1473.548134598605
v 217525.3692643498 8958503.696370512 -1497.074059354876
v 217518.1971751893 8958601.673021954 -1417.631145628945
v 217555.3437742151 8958573.043795571 -1432.041498952762
v 217493.8712381025 8958629.718439106 -1400.371448413083
v 217367.879133113 8958686.203897566 -1367.767035058519
v 217398.7087569222 8958708.207102444 -1344.833936118396
v 217430.8751856077 8958683.575054897 -1365.138192390003
v 219764.9122979616 8958216.317055976 -1434.183953249785
v 219730.2311016658 8958191.848380454 -1452.495684737282
v 219701.6697372824 8958165.239422521 -1471.516849772533
v 219793.2271541606 8958187.990363799 -1448.637668084077
v 219730.2311016658 8958136.243006652 -1485.980182750028
v 219699.3271757872 8958116.933938073 -1500.615365567566
v 219824.337085085 8958211.050226018 -1431.633742176586
v 219660.0426001473 8958202.549668785 -1453.02531411271
v 219698.1350848743 8958213.360189237 -1442.525161852498
v 219635.237674388 8958166.861538932 -1477.279107192549
v 219667.2350491711 8958140.276063368 -1490.013239465489
v 219793.8164344202 8958250.352327321 -1410.435073663063
v 219731.0775817153 8958245.254575983 -1419.597497691187
v 219636.5578104086 8958112.735788736 -1509.641751395664
v 219889.6040324299 8958209.596349765 -1426.351614193108
v 219848.6158802032 8958246.745933674 -1407.544981904742
v 218724.7946331337 8958609.710250875 -1248.635200678695
v 218785.2171479518 8958657.420472572 -1204.986209946381
v 218753.7922879973 8958633.959923627 -1226.433189306098
v 218533.1191290297 8958663.962485034 -1211.134835764198
v 218564.8041305131 8958639.360312544 -1231.833578222067
v 218596.1513910462 8958615.13559421 -1251.663042858152
v 218627.8001830078 8958590.099964198 -1271.663101690082
v 218656.8958582271 8958566.481248068 -1290.033190105489
v 218690.7962355026 8958587.84925005 -1269.41238754293
v 218722.5644444338 8958562.234473266 -1288.789689570069
v 218785.3896008708 8958611.746751601 -1243.106112270898
v 218753.7922879973 8958585.51658172 -1267.079719212538
v 218816.7883404921 8958680.625638552 -1184.009032417945
v 218851.0116120588 8958654.401829779 -1203.933520881229
v 218816.7883404921 8958631.957661387 -1224.430927065237
v 218848.1603805156 8958704.562551618 -1162.642626484629
v 219194.7646554605 8958145.518155737 -1539.800267741368
v 219163.6036623342 8958120.305927096 -1559.292748766177
v 219289.2587342027 8958055.007907594 -1582.92482732047
v 219320.2035373373 8958077.856786503 -1565.708086495561
v 219344.9353336267 8958113.215338271 -1541.691116381483
v 219320.75676045 8958136.196890667 -1530.479002672516
v 219352.6623675994 8958163.710381681 -1509.848290682271
v 219383.1033560261 8958124.05745535 -1530.664399442387
v 219250.4570514454 8958202.46912834 -1497.332438439533
v 219288.6101611045 8958213.088118445 -1486.110264673046
v 219320.75676045 8958191.154853024 -1496.347093213977
v 219226.2626817079 8958224.980552739 -1485.62785702425
v 219258.2373511859 8958253.023574464 -1463.725550383199
v 219191.6082652649 8958201.876308847 -1504.618106515724
v 219162.6205009582 8958168.281740213 -1529.495273247509
v 219124.1656629978 8958157.562376484 -1541.092307672868
v 219099.6804899052 8958122.130506182 -1566.230018758607
v 219131.7686029658 8958095.218384517 -1578.59036833654
v 219321.8729772465 8958022.297227642 -1598.017745930053
v 219226.2626817079 8958003.506088067 -1620.512879606743
v 219250.6711239254 8957979.577090606 -1631.102632165955
v 219288.5543087139 8957990.590841705 -1620.165527735005
v 219384.3473187599 8958075.817356743 -1559.42410338019
v 219352.2547866974 8958050.250798026 -1578.167717752148
v 219415.2508391921 8958101.639717596 -1540.466765509337
v 219445.874158534 8958129.196816957 -1520.448725116313
v 219412.5007160498 8958158.443540096 -1506.373890336951
v 219351.4487000599 8958217.968650101 -1475.937843356417
v 219383.7528129448 8958186.791583357 -1491.983823548021
v 219317.8545777663 8958247.106552381 -1460.992134960012
v 219195.311240933 8958253.932397697 -1470.325992100854
v 219163.2666292132 8958229.450536678 -1490.097840962467
v 219132.3521772554 8958208.28403997 -1507.565999709223
v 218658.2871587537 8958217.809516437 -1565.376111835053
v 218627.8001830078 8958192.982294448 -1587.264406452369
v 218595.5816737467 8958170.456466546 -1607.707315142546
v 218690.7962355026 8958187.233387141 -1581.515499145213
v 218627.8001830078 8958139.63483 -1623.006813820231
v 218597.1057521396 8958119.066932371 -1641.20121599023
v 218630.9546611726 8958083.323151546 -1658.240370385259
v 218750.0818988399 8958074.786795735 -1644.665983877275
v 218659.2982092552 8958054.255733931 -1671.262525471328
v 218688.1103310052 8958024.53082977 -1684.194211389895
v 218722.29426175 8958048.019733213 -1665.026524753644
v 218778.5455107795 8958158.369711645 -1587.658167021992
v 218819.4697708214 8958120.751527093 -1605.744675175691
v 218785.2903142447 8958097.44737727 -1625.364296996022
v 218724.8661270112 8958209.53262065 -1561.2502523036
v 218753.7922879973 8958181.605631771 -1575.887743775616
v 218603.2822913824 8958215.715353571 -1575.323930717761
v 218561.7299504562 8958201.272954036 -1591.947898821808
v 218532.3886034419 8958168.368598104 -1619.357224471375
v 218564.8041305131 8958145.786628421 -1629.158612241443
v 218683.1385317256 8958246.867752079 -1541.230363733851
v 218625.2755876525 8958247.302640839 -1549.411664481785
v 218535.701633139 8958120.720287675 -1650.370522441661
v 218564.8041305131 8958091.523237236 -1663.985092869785
v 218588.712689798 8958068.175349694 -1674.449014125033
v 218625.818366045 8958030.486655336 -1690.720714662619
v 218721.5150204252 8957989.345500484 -1698.935524138915
v 218746.6415261471 8958023.991173137 -1675.430196194821
v 218658.4492511017 8957990.364914596 -1708.306656706304
v 218784.4955627338 8958034.752086077 -1663.297654120716
v 218813.8700371917 8958068.541508809 -1638.79623169209
v 218815.9491181001 8958168.560951831 -1575.458874610094
v 218848.2863667395 8958146.371904219 -1585.198952131688
v 218880.3895404803 8958119.054598529 -1597.917987100422
v 218848.2863667395 8958091.671782162 -1619.588701889137
v 218785.8468990579 8958208.950043447 -1552.755114624585
v 218725.2913377497 8958261.19781613 -1524.959566951438
v 218753.7922879973 8958234.535870345 -1539.728110537015
v 217522.680573145 8958031.72253089 -1827.031926615503
v 217462.3732118551 8957963.000301441 -1847.276708424119
v 217437.4265803237 8957934.161725732 -1853.717997361548
v 217465.5959718536 8957894.542585282 -1869.123266775172
v 217494.1288865128 8957851.01504289 -1884.459874919679
v 217557.1715157276 8957857.839744048 -1888.013968512377
v 217588.3653168446 8957970.580676127 -1854.857083110798
v 217612.0515305881 8957994.732795589 -1845.511837855443
v 217588.4375678136 8958032.865442039 -1828.671433025726
v 217643.7232360848 8957978.864322141 -1852.338777484056
v 217461.9770947696 8958029.32345283 -1824.206559434848
v 217501.6155974252 8958068.339099512 -1808.028520787622
v 217556.8388971532 8958071.454823382 -1808.84322332546
v 217428.2087394054 8957989.187672963 -1834.795034059151
v 217398.9296523356 8957899.262975208 -1859.438155569567
v 217428.6630105767 8957855.460320784 -1876.214204398258
v 217400.2676342837 8957946.950096529 -1844.435054806792
v 217455.1673848185 8957816.871215701 -1889.517944635064
v 217493.2122075234 8957802.916911125 -1896.42172363609
v 217525.3692643498 8957829.777208621 -1892.233359231749
v 217556.5795820806 8957810.195454741 -1899.017478293793
v 217588.3653168446 8957832.870347146 -1895.326497757085
v 217683.1156076989 8957937.770308804 -1866.931352634622
v 217682.7429797657 8957991.720149064 -1845.781571057799
v 217651.3373657213 8958032.525242571 -1828.328031313597
v 217620.1175164814 8958071.512922212 -1809.059181142138
v 217368.6581737249 8957985.236365771 -1825.175723864274
v 217334.4983204368 8957943.748647157 -1833.575432441021
v 217367.879133113 8957919.186315821 -1848.007658710713
v 217714.3597583183 8957896.388487633 -1879.674629731915
v 217651.3613693393 8957833.788383931 -1896.244534540623
v 217619.7180539598 8957809.923418142 -1900.935641997869
v 217654.2598344639 8957760.066244284 -1911.814488710604
v 217682.8352972467 8957718.671870053 -1920.789599343139
v 217809.1016835734 8957810.637159929 -1900.506884070313
v 217777.3534743288 8957833.619957438 -1896.076108048408
v 217808.7715597306 8957857.762015801 -1887.767000576814
v 217776.8906960308 8957902.847833518 -1875.045971185152
v 217743.1354029062 8957939.677709177 -1863.701804125729
v 217588.2876581016 8957764.388977602 -1910.054750030034
v 217620.0014132483 8957726.087995702 -1918.639929805253
v 217651.3119493644 8957673.072850604 -1929.995990164151
v 217714.3101681776 8957673.097892063 -1930.245670941499
v 217872.3484330807 8957804.082559871 -1899.74063375789
v 217840.3495268236 8957831.658208406 -1894.114359016323
v 217871.723484894 8957850.771605372 -1885.921697780846
v 217843.7970275328 8957898.987530315 -1872.100663434017
v 217809.1930686709 8957945.324940231 -1857.112245664544
v 217816.2997505805 8957639.545594985 -1935.259841302045
v 217777.3359557299 8957623.85035467 -1938.844436316461
v 217871.5668186235 8957636.134414155 -1934.872163924399
v 217903.3020229026 8957673.934790604 -1927.789187404531
v 217903.5029845753 8957764.994303964 -1908.220881430379
v 217934.5026980945 8957722.477910563 -1916.903184783818
v 217682.8593955867 8957649.191264071 -1934.372094215812
v 217714.2925733614 8957624.106477179 -1939.557467818814
v 217745.8554480814 8957649.163546653 -1934.34437679962
v 217745.8444769849 8957586.790062716 -1946.241653129567
v 217808.8481492502 8957586.835941423 -1944.537592418602
v 217840.3495268236 8957609.666791258 -1939.392557311406
v 217871.8475597806 8957586.927641956 -1942.45575915477
v 217903.3455793183 8957608.469483616 -1938.195249668423
v 217966.3683120942 8957674.047491701 -1925.665810513629
v 217966.64511739 8957765.737514142 -1904.050601513953
v 217994.9095538245 8957717.835154509 -1914.626412247605
v 217927.8807495853 8957800.43677339 -1897.590894547673
v 217903.3455793183 8957828.611239284 -1891.067389895369
v 217903.3444074014 8957541.823289284 -1949.237587299545
v 217935.0429156836 8957492.016741559 -1958.060434293951
v 217997.9597178614 8957491.238666045 -1957.73100357841
v 218029.5838622497 8957542.073712016 -1947.872205463836
v 218061.475262175 8957579.871581104 -1940.37778613984
v 218029.3376843078 8957606.850700743 -1936.576466796958
v 218060.9184390013 8957628.762953024 -1930.758956032725
v 218029.3670111814 8957674.146376541 -1922.669878737208
v 217840.3495560657 8957541.734345192 -1951.4368109078
v 217867.8698338613 8957495.11982242 -1959.372015272228
v 217903.2881193782 8957450.905386932 -1967.885160563059
v 217966.3602078739 8957451.030378461 -1966.742962696741
v 218060.9753322266 8957491.505485192 -1957.787359973466
v 218029.4128251505 8957451.097446634 -1966.614735452162
v 218092.6353034015 8957542.380454032 -1947.063304721096
v 218116.2171114724 8957576.16230322 -1939.664261646298
v 218092.3337368025 8957604.666890739 -1934.392656790513
v 218123.8417954121 8957628.902036924 -1927.139156514235
v 218155.2877583239 8957591.071903743 -1934.029138269946
v 218091.7519729423 8957678.658771362 -1917.456505923758
v 218058.3270125946 8957716.354816686 -1910.331547027124
v 217558.0527131144 8958615.985823963 -1392.105633683117
v 217430.8751856077 8958729.083546052 -1321.556811731511
v 217588.3653168446 8958590.664203273 -1405.862148486397
v 217430.8751856077 8958773.475824554 -1276.859218417927
v 217398.7828220559 8958752.764710773 -1300.578018791962
v 217367.879133113 8958731.23644153 -1323.709707208337
v 217336.5666085585 8958708.622748366 -1345.315092707446
v 218187.2202685952 8958647.905116579 -1240.183302439812
v 218092.3337368025 8958628.743428919 -1265.761630505578
v 218124.1700273448 8958606.230631933 -1287.580702154888
v 218155.3297892973 8958626.800827237 -1263.819028822057
v 218250.1361912655 8958691.035408458 -1194.426545172537
v 218218.325841792 8958669.259296682 -1217.187626453919
v 217932.6735028275 8958696.243772244 -1204.235040875739
v 217966.341631813 8958675.829014424 -1223.757344197035
v 217993.7941920669 8958653.718251057 -1246.092822050569
v 218029.3376843078 8958631.092924612 -1268.111126196752
v 218061.0000579764 8958608.619454155 -1290.061811733861
v 218187.2776051085 8958604.096343268 -1285.470382772174
v 218092.3337368025 8958585.905158792 -1312.013232192107
v 218124.1036600398 8958562.998943709 -1333.526888116205
v 218155.3297892973 8958583.338825054 -1309.446898453998
v 218250.2484774816 8958646.485273203 -1238.898218530766
v 218218.325841792 8958625.083608685 -1262.101810270787
v 218281.3218942868 8958713.201754929 -1172.040212888173
v 218313.1462541072 8958690.171193855 -1193.725376384715
v 218281.3218942868 8958668.215642275 -1216.143972046751
v 217280.6693439729 8958067.874880882 -1763.670003088595
v 217306.2475200681 8958034.591211597 -1787.431182168847
v 217336.3811068656 8958010.888323834 -1806.074859001914
v 217493.7089258947 8958119.566900425 -1778.076183435449
v 217429.0581910563 8958165.238987526 -1739.729632023053
v 217462.3732118551 8958142.952945028 -1759.959736568075
v 217364.8357787008 8958210.522019008 -1697.478379354681
v 217336.3811068656 8958181.407400878 -1709.32432060372
v 217399.3771593604 8958190.147806412 -1718.064726138311
v 217245.0059161579 8958028.582330313 -1777.686381956281
v 217266.6265562359 8957993.920199517 -1798.664694410546
v 217303.6365538085 8957982.7713836 -1811.561625259703
v 217238.7634491744 8958083.320300523 -1747.096516880679
v 217525.3692643498 8958091.249685396 -1797.346348749815
v 217556.8668354268 8958120.15498532 -1781.304170049358
v 217494.648217429 8958173.065196373 -1743.249300713845
v 217525.3692643498 8958146.450861027 -1763.457652568075
v 217431.9320626948 8958212.974727325 -1708.343277230867
v 217469.8038915368 8958202.778793178 -1720.187144922019
v 218029.3376843078 8958274.875108743 -1624.612284841538
v 218057.3060111226 8958296.532294625 -1601.97057277573
v 217996.711665393 8958254.426958513 -1646.470341368631
v 218092.3337368025 8958269.179061372 -1618.916237470062
v 218029.3376843078 8958225.243196411 -1664.070244323183
v 217999.0496036826 8958201.549310675 -1686.667255210959
v 218032.1549439582 8958171.835963322 -1702.766783131089
v 218060.8357105552 8958144.454995243 -1716.916850875556
v 218157.9803293951 8958260.921982672 -1614.560727074044
v 218186.8278155446 8958235.390207782 -1629.672319787685
v 218215.2977655494 8958209.873702185 -1644.006638320378
v 218186.8278155446 8958184.286802465 -1667.658786284065
v 218125.1399525854 8958289.912491042 -1596.301048404479
v 217997.4392470366 8958302.106215 -1606.854961742704
v 217966.341631813 8958280.372479064 -1630.109655162978
v 217934.2982207621 8958259.031065175 -1652.46254039728
v 217966.341631813 8958230.921301264 -1669.748349176443
v 218062.4260686722 8958341.683326257 -1561.715257928917
v 218029.3376843078 8958322.987763694 -1583.635067978339
v 218092.3337368025 8958317.569335688 -1578.216639973032
v 217933.2638942404 8958209.623675721 -1690.903430434839
v 217966.341631813 8958179.754253199 -1707.671172925508
v 217990.2367653617 8958157.66122641 -1719.370968075629
v 218029.9679398246 8958120.379980952 -1737.796962264033
v 218068.2426246665 8958082.947395906 -1754.974081745248
v 218215.5177217061 8958157.16681109 -1681.644872863727
v 218217.8450285795 8958257.847811103 -1606.87987947819
v 218249.8238680394 8958229.268549019 -1623.550661025597
v 218278.9430233981 8958202.74973651 -1638.251619804544
v 218256.857377821 8958171.322600298 -1664.641469040907
v 218179.107040379 8958291.714433383 -1585.987848623622
v 218124.5360933425 8958338.289302906 -1554.843907017305
v 218155.3297892973 8958312.077138824 -1572.724443109499
v 218092.3337368025 8958059.033287721 -1765.129951074165
v 218124.6685037932 8958029.051391203 -1776.659300703998
v 218155.3297892973 8958052.397719698 -1758.494383052794
v 218187.8994355107 8958027.605918661 -1766.968569266159
v 218218.325841792 8958101.109091204 -1718.115882744283
v 218251.1845530217 8958068.324589834 -1732.489569745022
v 218225.5155082709 8958038.363615807 -1754.628003005163
v 218249.1534165172 8958121.623636324 -1699.412797004359
v 217965.4053167816 8958128.122628439 -1742.726960443884
v 217997.8396580604 8958096.362093708 -1757.913821155201
v 218030.32490526 8958072.264377147 -1767.213975258061
v 218064.2479208918 8958032.527139664 -1784.509506233931
v 218158.4168827758 8957993.653782543 -1790.191075881999
v 218099.5731196976 8957994.080519836 -1799.505088477443
v 218220.0896898413 8957987.466422979 -1783.275593505828
v 218249.8238680394 8958013.583257969 -1764.224857229991
v 218283.8795249983 8958037.267915249 -1745.041336085563
v 218306.581799052 8958069.45565274 -1722.185344182874
v 218281.3218942868 8958094.294978241 -1711.301769782151
v 218281.3218942868 8958148.235875843 -1676.152795569154
v 218310.4343483483 8958119.866316505 -1689.83193666372
v 217238.8551820703 8958484.773030931 -1526.46857552319
v 217210.3890018761 8958457.089042673 -1539.556603328825
v 217179.9545720012 8958426.246368837 -1549.382718804926
v 217367.7820565035 8958384.71590301 -1595.86810920408
v 217336.8243508281 8958346.136025518 -1616.825151828179
v 217399.3771593604 8958409.393605337 -1580.951037806759
v 217178.6935442824 8958476.699853081 -1515.2386165615
v 217217.0470885431 8958514.891844749 -1498.853577126737
v 217139.7486848612 8958442.05644042 -1522.603360312779
v 217146.7354569269 8958386.090383966 -1558.151192244254
v 217272.9233607258 8958295.206007564 -1635.938648112213
v 217304.8830806182 8958321.657851337 -1626.850091528687
v 217335.6526988627 8958295.783741631 -1643.418613655565
v 217367.879133113 8958325.059090817 -1630.251331009126
v 217399.8700235304 8958346.733920868 -1619.599108526835
v 217430.9797715407 8958380.541533101 -1598.759426198619
v 217494.0806882369 8958432.044591567 -1559.212804759532
v 217462.3732118551 8958407.771875711 -1579.32930818107
v 218658.7289381152 8957633.25355177 -1873.788920666362
v 218691.6019734066 8957670.682944575 -1855.17531707577
v 218625.1953172666 8957672.562501479 -1862.363249582151
v 218596.0636142823 8957627.908167079 -1882.801286740135
v 218564.8041305131 8957608.152329616 -1893.333159762452
v 218533.6524193947 8957587.868495595 -1903.698621079871
v 218504.2196897878 8957543.676010294 -1921.291570358999
v 218730.0168851464 8957683.080637546 -1845.54809871427
v 218532.7803425486 8957634.644100767 -1887.328193149551
v 218562.7208244366 8957673.412858732 -1869.585124885811
v 217525.2153582993 8957764.693094449 -1907.544972957912
v 217714.3574218341 8957969.70606925 -1853.982476231663
v 218029.501741984 8957100.846301805 -2051.884324699919
v 217558.5852029239 8957049.833944589 -2048.641384655763
v 217525.0023409232 8956874.397095 -2074.998749495348
v 217588.1405255194 8956874.032166312 -2080.452803207267
v 217619.5867526275 8956919.073936613 -2075.131559700018
v 217651.3613693393 8956941.532654164 -2073.06726654366
v 217675.3102524574 8956971.391943635 -2069.057720705523
v 217651.5559500339 8957005.366010848 -2061.718751056375
v 217620.4850728606 8957055.879656686 -2050.888814966097
v 217493.8070483463 8957051.52828753 -2044.30431829747
v 217525.2486184383 8957096.544176295 -2038.742037407311
v 217588.3010323865 8957096.295591202 -2042.077510415634
v 217462.2874456811 8957006.758863064 -2049.10804487095
v 217462.7300627785 8956916.426050793 -2062.880295474934
v 217486.2083899612 8956883.012851719 -2069.929303771243
v 217428.174839928 8956965.750498543 -2052.452896476344
v 217493.5506438881 8956829.503817229 -2078.993189836732
v 217556.7049689474 8956829.085443994 -2085.158731392136
v 217621.5753224118 8956826.149885513 -2091.318202240252
v 217651.240985403 8956873.673577936 -2085.345358233459
v 217682.6798308901 8956918.7782612 -2079.330884805149
v 217714.0604609709 8956956.254954621 -2074.063345056242
v 217714.566070015 8957004.981157411 -2064.844120191088
v 217682.9334400676 8957050.5684005 -2054.736861457525
v 217654.1018924264 8957092.09871426 -2045.668142232356
v 217430.728058103 8957051.852453385 -2039.721642827947
v 217462.1711442045 8957096.82775249 -2034.795126983384
v 217399.2885341883 8957006.974735111 -2043.924860358968
v 217399.5986708943 8956916.953978555 -2056.753221576884
v 217431.3694165354 8956871.666100521 -2066.371796134731
v 217462.3732118551 8956851.694556721 -2072.319040913763
v 217371.8726363454 8956960.784515969 -2047.956656567821
v 213776.4291181391 8955758.728792509 -580.5390377582107
v 213798.4433432254 8955811.960266376 -585.0997074575121
v 213838.397154454 8955935.58578041 -582.977504154524
v 213825.9330503767 8955848.453977576 -599.1195326052664
v 213852.7470746113 8955886.508260857 -612.020328186019
v 213815.3260154269 8955757.888513058 -615.460414679053
v 213839.6114394433 8955803.430202808 -624.7487331377108
v 213861.7406753223 8955856.274499945 -629.5154690937786
v 213752.0888269801 8955713.344803633 -571.3231039116022
v 213790.4092345935 8955714.819169855 -604.812858766029
v 213876.2856633321 8955937.002445249 -617.4612812920941
v 213889.0903311959 8955892.998913482 -643.4364572291613
v 213861.141604848 8955990.181430934 -585.3391617950087
v 213826.8061153291 8955721.464942284 -635.4528836365375
v 213853.4449551335 8955759.364105761 -649.3016955854869
v 213878.206990258 8955802.535254484 -659.9952618632728
v 213902.5530357444 8955847.89085649 -669.517786842342
v 213924.6833498179 8955900.863837501 -674.1485129902128
v 213916.121420917 8955803.909041667 -694.2985953538428
v 213929.8716916463 8955760.569109693 -718.1532696438294
v 213967.7223540159 8955760.863935443 -752.6450532785443
v 213987.2975468869 8955945.702521 -718.9877372063825
v 214027.8757754942 8955936.019408027 -761.0071404335818
v 214016.2210282532 8955848.453977576 -775.4610526059
v 214041.8361989764 8955886.034537546 -789.5639230718662
v 214008.2484805604 8955753.474599319 -791.5864531273173
v 214029.7844622784 8955804.609972222 -799.543627768393
v 214053.4400199544 8955850.133023998 -810.3608608923055
v 213889.6366313106 8955766.170130927 -680.2586013853404
v 213952.0106851204 8955937.54384939 -688.0884470808555
v 213915.8714827821 8955930.944518749 -656.3601637924016
v 213905.413568745 8955716.838138491 -706.7924054852524
v 213946.6741168241 8955708.292687889 -745.8864946801259
v 213983.3536963362 8955714.819169855 -777.3975432549548
v 214064.6316849836 8955937.02583538 -796.3204224829215
v 214077.7035891124 8955892.998913482 -822.1463889104066
v 214014.7272872133 8955982.088785296 -733.0285855361233
v 214049.6492307642 8955990.728078501 -763.9956371723631
v 213978.7782303806 8955975.503221557 -700.9068684105789
v 214020.9591873736 8955717.397171907 -810.8584207299846
v 214044.9117212602 8955759.364105761 -823.9761572556015
v 214070.5445469111 8955795.281091809 -840.0428127827647
v 214091.678633237 8955848.037517192 -847.7141159683708
v 213939.5289179384 8955981.684167245 -661.4897651681233
v 214422.4076404826 8955848.453977576 -1181.015026691125
v 214402.7152961913 8955803.983631084 -1161.198636653401
v 214450.2670114636 8955848.453977576 -1210.704062642633
v 214406.2499640243 8955714.935200078 -1159.759399514812
v 214392.9153204792 8955759.364105761 -1150.933263171659
v 214433.0590359382 8955659.179796509 -1177.046116216536
v 214467.9744616137 8955670.80115499 -1205.542809589814
v 214493.0559373096 8955849.515302058 -1253.287600464818
v 214516.5795999862 8955803.909041667 -1270.560443900909
v 214510.3346075291 8955673.493173055 -1238.172549698545
v 214525.6699288317 8955716.719013795 -1258.188688724599
v 214543.5761166911 8955768.190817647 -1285.258757728033
v 214442.0767163722 8955893.661500655 -1199.662941026225
v 214475.6589237821 8955893.832050357 -1235.354740084297
v 214406.8554154662 8955892.697297117 -1161.735042726024
v 214392.5855529799 8955848.453977576 -1150.726729670812
v 214367.8921076749 8955803.848087497 -1126.651007062353
v 214367.7228913342 8955715.180811893 -1126.087675099501
v 214397.2940201979 8955670.274233947 -1149.692518769398
v 214349.2529795152 8955759.410292648 -1109.692948362476
v 214408.2539874423 8955625.443441831 -1155.692936947359
v 214459.4087165233 8955625.72929804 -1194.910092060714
v 214496.2598338813 8955614.94868736 -1220.987671576551
v 214532.8305243217 8955848.560757555 -1292.465524848961
v 214520.7779208935 8955892.998913482 -1283.507255682166
v 214532.533293818 8955625.810012193 -1247.897278665988
v 214550.8563968104 8955670.274233947 -1266.630668864496
v 214566.7406581456 8955712.927931806 -1288.104110758801
v 213650.9649375495 8955313.816309685 -579.3335895904856
v 213674.0263434199 8955361.174174258 -588.112611709098
v 213714.9134695171 8955358.987237647 -622.0875282426214
v 213658.3470604986 8955182.004760776 -611.9768095371776
v 213699.2176172911 8955180.27993897 -644.6874089157736
v 213770.0929846994 8955316.336532921 -675.3433272153343
v 213757.1605959644 8955352.581707463 -657.8777696881914
v 213738.5606108381 8955182.776865596 -675.2342276589002
v 213763.5907759895 8955224.824874878 -687.2848225527625
v 213790.0159948603 8955262.854021296 -701.3236267503044
v 213699.2977799348 8955403.004618505 -600.02910591094
v 213738.0918068064 8955405.427409623 -631.5267094974538
v 213661.4312324071 8955397.790423686 -569.897293460017
v 213673.7792295965 8955138.802669603 -632.5183847131225
v 213715.5418292548 8955136.550083516 -665.7296980883502
v 213810.8976805968 8955315.232106913 -708.4605506424782
v 213794.9435833566 8955358.459682599 -687.4901930628348
v 213778.5901645432 8955403.956065321 -665.2471469974175
v 213759.0345873355 8955129.076022604 -701.0470703037927
v 213779.8940017477 8955181.811800107 -707.9193533221242
v 213803.1248420342 8955226.81124994 -718.1791391002271
v 213827.7531588072 8955269.369810784 -730.1803182988156
v 213977.2758210824 8956285.606262354 -572.2852386789111
v 214013.3264200485 8956293.903336646 -601.3749031586399
v 214035.3890712411 8956328.505998086 -604.7762640606461
v 213983.0756072025 8956255.812112752 -591.2910302067494
v 214021.8967753003 8956254.58905163 -627.8751876272145
v 214049.0900774477 8956302.167589491 -630.3926577698735
v 214077.6297979883 8956344.611971892 -635.4938819056765
v 214116.2821922844 8956393.987614818 -644.9476037243944
v 214148.7467145705 8956565.455721695 -582.6079329381703
v 214130.697445641 8956467.095248207 -619.4289307787724
v 214159.3000485023 8956517.856099028 -617.0125963817327
v 214187.0956076808 8956561.933434967 -616.7420311768681
v 214178.721114647 8956610.98982143 -583.4187345179562
v 214138.4331628073 8956427.538144367 -647.1719303400105
v 214161.7006634278 8956462.16852279 -648.8970938239968
v 214192.5925342026 8956507.734475642 -650.7753440598531
v 214357.7865514037 8956912.23871598 -568.677758422331
v 214448.069819947 8957044.685005117 -573.8444955340483
v 214432.3573056909 8956971.177345626 -596.9598787973682
v 214463.2420808124 8957016.695184864 -598.800050187499
v 214401.3796816869 8956925.811710473 -595.4032196415492
v 214361.5008174348 8956882.318221513 -586.5906393161783
v 214406.6458469616 8956872.841790721 -625.8782111034834
v 214437.8320301317 8956917.322830088 -627.5069126113899
v 214468.9529105283 8956961.813897567 -629.5464675406924
v 214318.4602593114 8956864.386231441 -562.1536405003469
v 214331.0629519816 8956837.047461113 -586.0374235476743
v 214375.3943008902 8956828.370127164 -624.5824390949419
v 214500.0195309101 8957006.312261738 -632.0551569376948
v 214486.4990312474 8957051.167247064 -600.3818176629866
v 214477.5477151976 8957090.577170137 -574.9374723285136
v 214418.8747036359 8956820.635217648 -661.7640103708304
v 214449.6236271589 8956865.632696107 -662.1763458552614
v 214480.0341996526 8956910.849128732 -662.7565868411577
v 214525.1088479711 8957056.555115554 -627.8764076649172
v 214565.574858119 8957051.440425176 -661.4416284461777
v 214494.8133594787 8956882.751885209 -687.4778355016172
v 214531.5715440098 8956872.623814635 -719.9129055511037
v 214617.0183393715 8957013.807661261 -718.3322695326315
v 214602.3672180056 8957041.671975788 -694.293800666703
v 214572.6963107324 8956867.567117509 -752.8832287683147
v 214601.438638793 8956918.017714029 -750.2172617404522
v 214628.7057556747 8956962.3058377 -750.3459165571394
v 214554.2808084756 8957102.731330331 -629.163607715742
v 214596.4712759896 8957095.82878975 -665.2096761313712
v 214508.9700504236 8957084.644257244 -602.0800077615711
v 214463.5958950331 8956837.702104475 -686.5762163709255
v 214500.2955013001 8956828.022453547 -718.900665332214
v 214541.984114675 8956822.579358188 -752.4816278387818
v 214659.5407236318 8957006.713168498 -754.063063718799
v 214645.8135446404 8957060.302622944 -719.860571434117
v 214640.6924478533 8957090.390468337 -702.435382936013
v 214588.6783208616 8956839.057527699 -778.3079920148011
v 214612.1021337667 8956872.987503437 -779.1116938600965
v 214634.9607338504 8956906.589932665 -780.3871808346216
v 214665.5875359449 8956952.266059689 -782.7504689632096
v 214902.4342954792 8956700.8047908 -1073.719138603417
v 214871.7761925631 8956655.149481911 -1072.956209711665
v 214943.4415045616 8956696.264812 -1111.833007514344
v 214837.283741033 8956611.88203977 -1074.248780937275
v 214847.0078402036 8956562.705889983 -1117.678394657629
v 214885.7189404464 8956557.303264778 -1154.353403225025
v 214980.3465194985 8956690.137707969 -1153.921215596848
v 214957.1078698863 8956595.904383689 -1193.062181942485
v 214987.1526927982 8956640.846886659 -1193.744062383536
v 214922.9036853733 8956553.553742582 -1195.087395685796
v 214930.0109416847 8956748.748993848 -1076.37276109323
v 214970.3457552773 8956738.980258426 -1119.253659819949
v 214864.5007675918 8956694.807759808 -1045.795225478412
v 214886.8278604797 8956728.409464505 -1047.821652604178
v 214840.291873934 8956660.92194753 -1046.145958939893
v 214807.0876618937 8956573.466557989 -1080.009419531456
v 214804.0615984625 8956523.112157494 -1119.787968883576
v 214848.6838170538 8956518.19143391 -1159.79315670478
v 214885.3763618999 8956513.031605072 -1199.066975029398
v 214816.5390070759 8956628.991706491 -1047.807344358114
v 214791.5988953419 8956597.407353027 -1051.493635155244
v 215014.1423887823 8956688.266303554 -1196.657299010299
v 215019.2823597808 8956640.15414916 -1237.550134147006
v 215005.5542319564 8956739.546803132 -1157.727605161503
v 214921.4118429513 8956510.081936888 -1240.584978804961
v 214956.1309408963 8956507.859995976 -1282.914229268081
v 215045.8656914497 8956605.717887994 -1302.478554390474
v 215050.6911595613 8956640.034264192 -1281.985203520846
v 214974.0291383127 8956496.135751929 -1315.855812959264
v 214997.6640901796 8956493.590667224 -1346.735597729541
v 215046.176922571 8956687.735967001 -1240.633725596077
v 214879.5821041923 8956466.225771565 -1245.426586534484
v 214919.3783979892 8956466.913601074 -1286.510813696156
v 214954.9608323232 8956464.240356166 -1328.449285128159
v 215077.5083831972 8956605.717887994 -1346.980182986959
v 215081.8496457809 8956640.144628651 -1326.693025860268
v 215077.4554936535 8956687.841405151 -1285.244041964784
v 214981.762710955 8956462.169164276 -1360.042173803924
v 215023.8722298842 8956480.591767669 -1389.091232114224
v 214995.4422306004 8956441.026620435 -1394.098070110459
v 215056.8077477187 8956524.811200529 -1388.675483745877
v 215087.5649869143 8956570.568874326 -1389.684943436427
v 214091.9866300544 8956293.478961583 -674.3442576858838
v 214116.826649503 8956343.204977371 -672.1050670185323
v 214145.4603103794 8956389.672388248 -673.7246974504121
v 214061.5519376316 8956250.835564284 -666.6461719695235
v 214174.6967900621 8956435.674099183 -674.9612375179297
v 214100.6699924883 8956242.94466814 -707.3768391996414
v 214127.3500808495 8956294.898219213 -706.6242864065634
v 214155.0880470478 8956338.777806791 -709.5452138596665
v 214184.8631321112 8956380.480444921 -714.2227468768156
v 214609.7839619973 8956419.575681482 -1061.42324557692
v 214575.2370465219 8956331.878407968 -1107.26267563426
v 214572.230809026 8956378.361811535 -1064.621645803102
v 214596.0528233442 8956318.303172601 -1138.023233630397
v 214618.1004037577 8956306.420898706 -1170.135650051221
v 214650.2700515349 8956299.083618332 -1207.690943440028
v 214728.0395273547 8956424.182317145 -1154.775729458026
v 214727.5771660862 8956379.842487402 -1199.499152355025
v 214684.3576848048 8956475.414115299 -1072.185851884757
v 214723.1715781374 8956469.727932459 -1106.905129501561
v 214627.5508495916 8956451.19460072 -1048.189982215489
v 214651.908969342 8956480.417722307 -1042.965520497774
v 214605.7816539578 8956466.443439517 -1019.218871577859
v 214636.8984526438 8956504.176001277 -1012.970782042961
v 214565.0719465296 8956425.708988085 -1019.200864121889
v 214539.9576452251 8956289.446039701 -1109.35810603702
v 214532.841335903 8956336.831601894 -1063.598027832897
v 214577.9863728452 8956285.41297329 -1149.975296646956
v 214533.8367496673 8956383.185877651 -1026.802601785102
v 214596.0528233442 8956270.851819396 -1179.661752239452
v 214614.6409533738 8956257.377280785 -1210.267508799994
v 214762.4845171748 8956460.611402376 -1146.63038705957
v 214762.119788647 8956416.589378076 -1191.49689592593
v 214652.5174507262 8956253.352032041 -1251.012766258404
v 214691.8709460462 8956296.392275937 -1249.545548737414
v 214727.0694909074 8956335.517456807 -1244.285560032496
v 214766.8504955103 8956375.46624051 -1239.535928678239
v 214721.171399641 8956516.715498995 -1064.326459389437
v 214761.7617527368 8956505.932163008 -1103.222905550275
v 214679.6843589458 8956522.587208319 -1029.896793451139
v 214917.6459920731 8956423.519115331 -1332.267326339118
v 214954.7569376315 8956420.058354722 -1373.469183891332
v 215026.9815717625 8956433.671313966 -1431.213758762465
v 215120.5818239043 8956569.615302557 -1433.125054200912
v 215109.3343964589 8956605.717887994 -1391.233931359699
v 215113.1398260418 8956640.203798417 -1371.388831518621
v 215108.5397455742 8956688.143981719 -1330.073475480427
v 215505.432742222 8956966.466981422 -1566.943042870094
v 215467.2054987096 8956924.276151136 -1564.461584219269
v 215550.6805113817 8956956.477060327 -1599.256035207309
v 215434.5392330839 8956880.611123636 -1565.202703030086
v 215447.3356555254 8956828.695434067 -1600.3572858404
v 215485.4614670176 8956818.33403302 -1627.498533072679
v 215507.0759459719 8956784.519369293 -1652.07960473022
v 215606.2992102719 8956917.277129889 -1644.068716177346
v 215548.0167797115 8956774.309890091 -1673.187562162421
v 215572.4916370128 8956807.463891996 -1671.72888893397
v 215596.2226424316 8956838.871493092 -1669.575780317132
v 215628.8287942479 8956881.904782314 -1666.497007423388
v 215598.5452549729 8956969.305428788 -1618.545302228548
v 215585.6521335751 8956999.078524211 -1597.765218831675
v 215538.4596954944 8957006.215301678 -1566.618635751779
v 215453.5904188177 8956952.397523837 -1539.364877058666
v 215485.7569399796 8956996.17217904 -1537.649201777712
v 215421.6643702791 8956908.306391235 -1540.423995292471
v 215402.5218278128 8956836.557624174 -1565.642236313789
v 215415.4402340276 8956784.059465861 -1601.698217975155
v 215453.421226013 8956774.482386142 -1628.95862956368
v 215389.9853007583 8956863.881025443 -1540.799599259439
v 215474.8249091256 8956740.220931418 -1653.473374455562
v 215639.5325642574 8956961.655996596 -1640.837280476118
v 215661.2791648762 8956925.161272887 -1663.861743750213
v 215606.6461261397 8956783.131927392 -1690.047279867217
v 215640.4942620228 8956827.066310871 -1687.607099529058
v 215669.0585746265 8956870.469543105 -1683.563269510308
v 215627.8996633329 8957017.07084091 -1611.412782881274
v 215031.1370278437 8956386.522046804 -1473.225564682772
v 215068.9938116079 8956381.000633005 -1509.224983379825
v 215160.7713779345 8956515.46697155 -1518.940719052885
v 215113.8246809088 8956377.54114403 -1548.357552818267
v 215153.7333532014 8956568.412010007 -1476.46170746393
v 214996.8410075641 8956394.564661825 -1436.426805839889
v 214995.2072358547 8956344.541776996 -1475.457252885115
v 215037.5153792783 8956339.531787233 -1510.611569647741
v 215074.8063553466 8956329.926041752 -1541.664826558033
v 215187.6073427771 8956566.472348837 -1519.156570572065
v 215195.8017001282 8956519.984061135 -1554.792272207347
v 215141.8160661986 8956605.717887994 -1435.192730241434
v 215181.0231710439 8956616.185232095 -1479.345623800129
v 215243.8688597723 8956477.832872238 -1614.293373453534
v 215236.8258064718 8956508.84624787 -1597.58844031018
v 215225.9006653487 8956560.974541506 -1563.257708301663
v 215274.7020756426 8956516.628016181 -1623.851305912309
v 215264.1896390052 8956556.530926084 -1599.896257342982
v 215150.6612477941 8956257.767117852 -1609.634756039333
v 215196.7969874988 8956251.827147983 -1645.722142578207
v 215124.4622953464 8956206.01702608 -1610.352074498773
v 215165.3964483819 8956204.119788015 -1638.890647304457
v 215201.161613816 8956193.711891519 -1672.206715191158
v 214841.983306013 8956124.903468501 -1487.724023679093
v 214806.3746854174 8956069.672444668 -1482.062580527363
v 214880.3476523919 8956115.435427966 -1512.738196789685
v 214781.1966616083 8956028.887203246 -1476.512832781587
v 214876.3472155259 8955936.201111458 -1531.64359132627
v 214944.9064988816 8956069.761200877 -1555.607202794381
v 214915.2766883777 8955934.379995529 -1552.573739669237
v 214939.544920739 8955981.090084774 -1561.922469106732
v 214964.185399272 8956025.243559472 -1570.630015772118
v 214926.1490116263 8956115.723593017 -1537.695609459593
v 214872.7330688139 8956170.078658722 -1489.412482307313
v 214908.2307285806 8956157.392264502 -1515.82371670413
v 214825.3839340391 8956154.477580003 -1465.509524446228
v 214795.8609411138 8956108.324336857 -1464.653774806203
v 214758.4519975996 8956063.429829216 -1455.291621821836
v 214735.658012755 8956026.633721203 -1450.73107631726
v 214844.2190633356 8955892.2635988 -1517.77739975063
v 214891.3338096422 8955892.998913482 -1542.386804375256
v 214998.8278028556 8956081.314879578 -1578.683307394906
v 214935.5217072719 8955892.146280412 -1567.974739859237
v 214960.4831013897 8955937.54384939 -1578.22974587849
v 214979.7061958992 8955971.852927329 -1585.353262852181
v 215010.2543023255 8956023.708070766 -1595.554099044414
v 214715.6844905982 8955992.917371195 -1445.26155223267
v 214687.135682704 8955940.272278488 -1434.036912114928
v 214781.6631171661 8955848.352010686 -1487.30391351932
v 214819.2668204624 8955848.139080411 -1506.259540838902
v 214720.0528753454 8956069.365382098 -1427.184899214376
v 214691.4581304998 8956026.289653085 -1420.027266115274
v 214670.0955418453 8955976.634580057 -1415.905619532081
v 214644.6383793126 8955937.54384939 -1401.272532745611
v 214755.931737341 8955802.616102489 -1467.581198898244
v 214799.8066186227 8955803.909041667 -1493.646055612851
v 214843.8574388471 8955804.153798802 -1518.914388046526
v 214873.4486760111 8955859.542967699 -1534.224257138304
v 214941.2494580869 8956205.10051156 -1517.345781013863
v 214972.9824887064 8956249.501273794 -1517.071287230009
v 215038.4624741896 8956070.402511533 -1601.169411061458
v 215066.4220496389 8956113.704770317 -1604.813149993349
v 215097.9385581363 8956160.900630141 -1608.781530683369
v 215006.2472368078 8956295.178354993 -1515.044647656893
v 214935.9700868362 8956258.14964615 -1488.052821205417
v 214965.6005423981 8956305.427386753 -1480.037587796931
v 214904.065751059 8956214.462502273 -1489.485221683148
v 215062.3548027857 8956036.406380571 -1622.113807140319
v 215083.7295818162 8956071.178657111 -1626.657581279737
v 215106.0077976208 8956106.074411128 -1630.047180360748
v 215142.9986665708 8956155.535582574 -1639.248541360029
v 215327.5445488452 8956328.311770599 -1717.164005314996
v 215358.7037846325 8956373.286336813 -1718.072757685218
v 215389.9069957745 8956418.368072327 -1719.026488813498
v 215379.5923017827 8956342.83371895 -1744.85119172887
v 215411.8664585809 8956383.039041124 -1744.958059751371
v 215296.3047588929 8956550.127130434 -1626.799612528634
v 215348.8019361825 8956562.133913497 -1654.379194984162
v 215412.3922615286 8956517.328116966 -1696.468903956553
v 215389.3241858846 8956552.874440081 -1676.177330588953
v 215421.7463818647 8956462.740954278 -1718.371679137275
v 215327.0466998994 8956596.103843961 -1629.300656153216
v 215289.4716393724 8956606.28006685 -1597.186386758403
v 215379.6620583325 8956606.974926339 -1654.942135267133
v 215453.9764493869 8956506.428779624 -1716.479305876164
v 215444.0429393782 8956427.793273743 -1742.045989562788
v 215477.0600788918 8956472.2092063 -1738.870330967513
v 215244.0301196933 8956210.966896201 -1704.304592413105
v 215284.2517252491 8956204.934840282 -1743.422701282736
v 215219.6292276054 8956160.845077937 -1700.832579411092
v 215258.0782556552 8956160.889792295 -1736.12821091603
v 215299.1634237755 8956155.38419598 -1773.133625181226
v 215180.9206001638 8956160.268528925 -1667.388468619805
v 215407.1519651261 8956259.285498492 -1802.825460880847
v 215421.6847409378 8956329.31413481 -1774.995859672792
v 215440.6449477071 8956301.331952129 -1797.505684304307
v 215479.5877987142 8956292.757881654 -1816.196637888983
v 215470.2934433207 8956344.164178407 -1789.938966480907
v 215451.7453096071 8956376.207746306 -1767.593324324279
v 214549.9875624178 8955892.998913482 -1312.404322152847
v 214588.1925456951 8955893.899544312 -1348.950877606757
v 214609.8347442478 8955721.065169189 -1324.77001093674
v 214626.1273072916 8955893.458091579 -1384.840303567529
v 214659.7860930621 8955758.638515215 -1379.550086893478
v 214646.2378546558 8955714.819169855 -1354.465597115672
v 214571.1243243386 8955939.179222964 -1331.165923608534
v 214613.8382863089 8955937.54384939 -1373.601370543319
v 214532.8976454041 8955937.472033463 -1292.809937761967
v 214590.4008108437 8955667.69119524 -1297.199405771683
v 214630.4010248362 8955668.315150427 -1330.148302240315
v 214672.1453014927 8955676.698158849 -1369.335422096442
v 214684.2510154471 8955712.744830582 -1388.405184570069
v 214702.5688757381 8955768.252879858 -1418.852662766144
v 214571.9993458398 8956239.231725702 -1182.05841265518
v 214689.8861435345 8956249.671317851 -1289.928946611258
v 214727.5612638576 8956290.594861994 -1288.517233875938
v 214765.9492818167 8956331.255743889 -1284.533215790584
v 214808.168465577 8956393.497659046 -1258.012741467024
v 214785.0409808285 8956404.43481455 -1224.15487557962
v 214785.0409808285 8956361.507127374 -1270.317060218941
v 214803.758732941 8956434.252871862 -1209.600505136039
v 214785.0409808285 8956447.393437808 -1178.023627024592
v 215442.740128626 8956695.953509141 -1654.539671315299
v 215576.7087276233 8956604.416699603 -1732.657680995557
v 215610.4323064747 8956648.30652879 -1730.673285258703
v 215634.5088008991 8956696.785720494 -1723.275670050968
v 215630.1731704528 8956746.496022429 -1707.36675610662
v 215421.5196325147 8956730.482876327 -1630.074785936609
v 215410.9648677826 8956651.568796294 -1655.048525170124
v 215389.746734458 8956686.173480144 -1630.699053100619
v 215543.6135531735 8956560.389000373 -1734.171144513063
v 215598.5628440096 8956568.40966361 -1752.163893280406
v 215637.4832516194 8956609.571533628 -1752.228116927688
v 215665.3384646531 8956734.947106518 -1721.139612718839
v 215668.251201321 8956781.590143727 -1709.051970325869
v 215537.1718117567 8956161.837966271 -1874.179907232905
v 215570.5118798368 8956205.501843873 -1872.659190392894
v 215546.6534172025 8956242.188077394 -1855.712809726702
v 215534.6016604044 8956295.296808951 -1833.754024932887
v 215514.6324971602 8956332.067282468 -1812.696690574917
v 215355.9656389114 8956113.058498288 -1819.402372211083
v 215409.5411448428 8956123.94565231 -1842.286547967287
v 215379.8318713098 8956070.491011677 -1836.438657436557
v 215603.4792821928 8956246.975584568 -1870.069966757706
v 215579.7536247193 8956284.752605606 -1851.466575550983
v 215566.2013262672 8956124.984435 -1889.043992845069
v 215597.7839914158 8956169.046500657 -1888.441425113086
v 215629.8651392527 8956212.490338564 -1886.515668654053
v 215570.322898825 8956338.877710165 -1829.016722110072
v 216385.9900870298 8957281.735555712 -1797.348857993617
v 216354.550218566 8957236.982253714 -1797.058244373855
v 216427.171657895 8957272.904292526 -1819.749857944421
v 216322.315099086 8957192.938672539 -1798.602006352911
v 216327.4146808098 8957138.270742755 -1825.589890641657
v 216367.5096448528 8957129.753882864 -1849.682220737166
v 216389.5849285172 8957096.175702814 -1874.007276712821
v 216491.3670155634 8957228.457960483 -1863.909787621641
v 216430.1959021699 8957085.39732882 -1894.853655049765
v 216454.4363719392 8957118.574567165 -1893.749692288311
v 216478.4914067367 8957149.80568039 -1890.961849059637
v 216511.8706887265 8957191.938013505 -1885.888748882461
v 216481.0478858479 8957280.388319558 -1839.74933716743
v 216417.3349755072 8957326.333692914 -1797.618628798808
v 216460.5257959734 8957316.864092909 -1818.422560839214
v 216363.4711973566 8957316.959924096 -1776.705858749787
v 216289.4263570321 8957149.881116785 -1802.056155661984
v 216295.8221846602 8957095.876759607 -1828.262683639363
v 216335.4841391698 8957085.80588772 -1851.02513007068
v 216268.2710218781 8957184.751815565 -1776.687710493671
v 216358.0826440493 8957051.665831804 -1873.788849587504
v 216398.6587252177 8957040.663960066 -1894.720589660058
v 216546.8831334912 8957231.29080121 -1881.946840009611
v 216515.5142308751 8957270.276757836 -1856.419659536006
v 216455.8361529637 8957050.675040238 -1913.881038714756
v 216547.3522241968 8957181.102282386 -1900.94642813439
v 216515.4167927066 8957320.438561963 -1837.814170888852
v 215477.9975582707 8956539.138154794 -1715.217703079922
v 215508.2778536809 8956513.582586806 -1736.269108430915
v 215358.232353574 8956641.423580244 -1630.517218055767
v 215533.3303155215 8956482.12487318 -1758.131829345944
v 215566.0356877757 8956525.210204765 -1754.964779927889
v 215311.5912805244 8956119.014011534 -1790.322527283652
v 215326.0102863578 8956060.731837932 -1808.113334721418
v 215272.2684639451 8956115.723593017 -1760.927760301439
v 215288.8212773168 8956071.081700742 -1782.041337269352
v 215398.4328002637 8956026.633721203 -1849.774060234055
v 215419.421173598 8955982.184553644 -1861.669220584041
v 215479.0592618843 8955981.073213551 -1884.171388586936
v 215515.8285050548 8955971.76659679 -1896.153953384603
v 215351.6442986073 8956026.514315726 -1826.646593925023
v 215380.0081011202 8955980.755820654 -1844.376921833456
v 215389.3475927202 8955926.682537578 -1851.76117214831
v 215443.1377684831 8955939.629874062 -1874.41643147398
v 215603.1631048238 8956117.208372122 -1900.1462297939
v 215848.4236196433 8957105.517561454 -1668.645678075097
v 215824.4758469918 8957074.011930371 -1671.007311865991
v 215800.0305846167 8957041.918660423 -1673.484863504005
v 215824.2391412394 8957005.905415453 -1692.477288082432
v 215767.3548825652 8956999.07883428 -1676.855458363686
v 215849.7139276973 8956970.492235091 -1709.975324191814
v 215858.3557703119 8956914.506162992 -1728.15676719428
v 215886.4398540444 8956964.01067573 -1722.941845461059
v 215881.4510361231 8957147.920929085 -1664.341225393357
v 215826.1037584559 8957140.308708182 -1645.110215506403
v 215793.740844536 8957098.590151543 -1649.69953648175
v 215757.3461063117 8957052.090689488 -1653.706926754147
v 215728.1652121606 8957008.628313197 -1659.098220660683
v 215830.2194112811 8956871.098157655 -1731.615027126031
v 215912.669420981 8956919.341785535 -1744.300646087943
v 215888.6821447899 8956870.682820641 -1751.103152466416
v 215946.1774211589 8956963.239141643 -1742.02209620266
v 215979.7547611258 8957007.224183755 -1739.778665628563
v 215761.479794497 8957118.913583111 -1626.819092792215
v 215785.6858087669 8957149.392813444 -1623.065849452337
v 215736.6316149332 8957087.245410495 -1630.291552715397
v 215703.520086361 8957044.717147678 -1634.59006267536
v 215674.2483529722 8957001.0673267 -1640.091245692709
v 215700.4896766408 8956966.316751087 -1664.2588707122
v 216218.7466631343 8957318.436862506 -1714.208595821099
v 216202.4521619602 8957293.744606882 -1712.560244749305
v 216202.8835503243 8957227.897249851 -1735.886693926855
v 216226.4688704291 8957193.951456858 -1756.982083512452
v 216344.6583083683 8957362.981798414 -1758.867319005566
v 216323.6258920195 8957409.504083309 -1742.555653544582
v 216164.9177969788 8957186.251654839 -1743.079327758135
v 216202.4521619602 8957164.744754 -1761.740135494944
v 216234.081109341 8957141.273800751 -1782.53998256665
v 216394.220850707 8957361.923295343 -1778.553900742754
v 216367.4777041106 8957396.517564639 -1760.131586286548
v 216014.6127627757 8957053.634242238 -1737.830892043173
v 215862.1726118467 8957180.370946815 -1641.343281586361
v 215917.0474069461 8957191.978701551 -1658.268716481812
v 216046.0671058559 8957095.35552034 -1736.137433459533
v 215957.396515338 8956908.174802937 -1762.641331607459
v 215989.7619184137 8956951.529186076 -1760.22412276484
v 216013.464004476 8956983.316565378 -1758.491690500605
v 216037.8056437164 8957016.25370694 -1757.004555717028
v 216070.0529497042 8957059.704020619 -1754.850291921309
v 215985.8456726994 8957271.341379652 -1643.534008187825
v 215950.1100977926 8957232.063266197 -1651.738725844127
v 216044.9620307234 8957162.996276161 -1715.446721749144
v 216080.0705190425 8957139.162870241 -1733.826703377047
v 216110.0368815912 8957182.536300277 -1729.275101379695
v 216078.6685593474 8957315.22558534 -1645.261748690763
v 216013.464004476 8957302.168655485 -1631.894421537704
v 216037.6117124523 8957325.499764383 -1621.075514316289
v 215981.1899214823 8957318.305714248 -1606.540967072423
v 216021.8743776276 8957352.637359314 -1594.319161252186
v 215944.3392261585 8957280.61175245 -1619.004845683229
v 215918.9699257339 8957252.137135297 -1626.407837257145
v 215893.415480282 8957222.301994681 -1632.71213997682
v 216102.4905008274 8957102.832403399 -1752.105049970003
v 216141.1469756476 8957143.811854253 -1750.981800333177
v 215699.4266159147 8956826.58272689 -1705.605333535709
v 215704.3431578806 8956776.108380662 -1721.17678401099
v 215736.7809006353 8956819.342509806 -1718.537017417502
v 215727.9814512711 8956739.901092576 -1739.549866938531
v 215761.1060792857 8956782.707811214 -1736.880859641936
v 215796.229780711 8956827.395586966 -1734.092188412002
v 215818.8497103704 8956791.238757841 -1752.550185307036
v 215857.9686959163 8956832.415943433 -1752.552115562168
v 216832.0892450354 8956962.548983911 -2004.65420939534
v 216832.3469933532 8956783.852270132 -2017.559779406233
v 216927.1467235724 8956828.535842057 -2017.181422985806
v 216958.6813134007 8956872.881010301 -2017.108512700935
v 216927.0683977033 8956917.342181716 -2013.279918333219
v 216892.8416616824 8956965.674811469 -2007.12205687248
v 216772.3442783196 8956958.209347675 -2000.962397391821
v 216800.7695770027 8957007.632003617 -1994.997387675417
v 216863.8648773495 8957007.072237618 -1999.782151486064
v 216737.9768425885 8956915.146458995 -2004.130739006273
v 216738.064735907 8956828.076392429 -2014.312279469508
v 216769.4079796389 8956783.619441232 -2017.764764701955
v 216703.9895498296 8956873.941134848 -2005.509562276873
v 216800.7726343349 8956738.949570585 -2018.460149514025
v 216990.3807005244 8956828.319282891 -2020.571577132305
v 217021.8739545265 8956872.653826214 -2021.159911152043
v 216990.183082123 8956917.237668604 -2016.315079129733
v 216958.5434336606 8956961.841937084 -2010.811742428073
v 216928.3275497654 8957004.833769223 -2004.083403659617
v 216706.1271666531 8956963.161379132 -1992.85810596483
v 216737.5597444433 8957008.399852144 -1988.540706352949
v 216671.3264613467 8956829.989981113 -2005.971757903018
v 216706.5407906121 8956783.496255703 -2013.744430593553
v 216737.9317503804 8956738.85064334 -2017.698619673417
v 216957.9529762244 8956643.996911816 -2028.978186644898
v 216919.8137928862 8956659.22121753 -2023.51148772324
v 216997.3912248306 8956684.467883365 -2028.136968983479
v 217028.6680385268 8956729.129332598 -2028.566324101318
v 217017.0592395661 8956783.311171215 -2024.434517233576
v 216832.2614742019 8956693.944084525 -2019.714595652219
v 216863.9462066976 8956655.637456823 -2022.557187703636
v 216769.3213293233 8956694.01714449 -2020.292248466581
v 216800.7858199126 8956655.845941022 -2022.71024662401
v 216832.4126869077 8956626.481932051 -2025.286159872387
v 216863.7809544778 8956606.761678662 -2029.629000864967
v 216895.4087394024 8956627.380501706 -2026.18472952723
v 216926.6906400692 8956606.694792442 -2032.610172164021
v 216989.6947558378 8956606.340041162 -2038.836627687308
v 217021.0973302103 8956650.915215421 -2036.08823801221
v 217052.5564417896 8956695.378361786 -2035.399639770067
v 217084.0674542133 8956739.845055155 -2035.949206832384
v 217052.4665467029 8956784.494359234 -2028.598047624242
v 217045.8883799268 8956838.819260502 -2024.813139832667
v 216682.5343377729 8956996.922947694 -1984.058066868957
v 216574.1328879583 8956926.311136514 -1977.659184383959
v 216579.3712750971 8956873.973109223 -1985.574265271942
v 216611.553907493 8956828.736296389 -1996.98532082206
v 216706.4205819182 8957027.933796728 -1981.288665478851
v 216675.3937657864 8957049.933245279 -1971.490264929751
v 216513.5467475441 8956919.170064468 -1963.229663671313
v 216542.9799601554 8956881.304571506 -1976.709512381822
v 216552.8611375812 8956829.856029434 -1985.816205391907
v 216580.0137051771 8956784.218351617 -1996.399239970748
v 216640.3191429759 8956785.308816588 -2005.778669077403
v 216738.8174617046 8957056.599058341 -1978.64530734351
v 216484.6812418424 8956963.56860769 -1945.493307591573
v 216483.270074176 8956874.130267026 -1962.192992088513
v 216518.4303831818 8956826.994574223 -1978.411569323139
v 216453.0956980385 8956918.976156261 -1944.533260729383
v 216480.0606205852 8957014.496756878 -1931.613465666378
v 216645.4187609454 8957093.477389967 -1954.402276045272
v 216611.926503176 8957119.756384097 -1939.476445126659
v 216448.5765391754 8956970.13852684 -1931.780450559874
v 216424.0232609204 8957006.186742572 -1914.133983158898
v 216700.9780441625 8957097.193419943 -1963.060430612832
v 216636.0888059539 8957149.523482036 -1935.072886780525
v 216674.2739063295 8957142.771164764 -1945.084380645044
v 216611.7983411751 8957186.897350598 -1916.701919175593
v 216587.1071430603 8957221.190464206 -1897.830657291496
v 216676.1465309064 8957189.011836583 -1930.867185224324
v 216648.6736232841 8957228.255809352 -1911.33007808137
v 216486.8598947459 8956477.505477443 -2022.901903597081
v 216447.3006027645 8956436.922724865 -2023.998197857877
v 216548.6453282601 8956428.251085332 -2039.627410832776
v 216524.1671784038 8956463.049870502 -2030.509461547375
v 216422.9383456918 8956404.42025286 -2025.949160216441
v 216399.039565845 8956372.816492723 -2028.143378663482
v 216422.5303510347 8956339.381790895 -2038.453017899712
v 216450.2905461167 8956295.260239044 -2051.031984825699
v 216517.8039335422 8956292.657807754 -2060.801870383303
v 216549.1361113837 8956337.696649272 -2056.110399802067
v 216579.0197515102 8956386.873852242 -2050.342015948905
v 216618.1442978925 8956425.869272057 -2047.326277623996
v 216580.0537545428 8956473.030224912 -2035.612757461359
v 216556.7271654071 8956506.13316793 -2027.545983764238
v 216517.9793553493 8956515.12233118 -2021.279217014476
v 216423.3313959733 8956471.126231544 -2013.98394351276
v 216454.7113254468 8956515.955702454 -2011.448636398773
v 216391.9709551129 8956426.254034679 -2016.84412564007
v 216360.6258716631 8956381.353273613 -2019.945758611432
v 216366.4934502096 8956329.682715775 -2031.036759849321
v 216391.1679075071 8956294.523243573 -2042.149921462872
v 216420.0293624652 8956253.169104548 -2054.687453958989
v 216486.4841127664 8956247.647073008 -2065.337728400509
v 216541.1469903587 8956259.271741571 -2069.987867706297
v 216581.1502247066 8956299.135070164 -2067.02881993702
v 216612.283813186 8956336.936480172 -2063.219306487322
v 216643.6169822924 8956382.058184672 -2057.71392293642
v 216397.3654870038 8956514.347898804 -2001.318411362316
v 216362.9619013835 8956470.947468389 -2002.852292009381
v 216328.5579209659 8956427.947058875 -2004.610673060574
v 216329.574265101 8956343.423698824 -2021.776646343144
v 216293.6792939307 8956384.132417431 -2006.597869509434
v 215953.0429885344 8956426.732405083 -1913.228943862841
v 215926.4146781823 8956462.314998178 -1895.135692025539
v 215885.5467150191 8956474.305214137 -1879.444852857915
v 215818.7975018848 8956390.363576246 -1886.288068544194
v 215823.6857367243 8956340.326922882 -1902.840651118981
v 215853.7927437077 8956296.659186918 -1923.148583655952
v 215911.4016265977 8956303.899786459 -1936.131885097931
v 215944.005634079 8956346.950555824 -1933.073624896066
v 215983.6383439682 8956387.654585078 -1932.49410741175
v 215987.7049396409 8956470.282493234 -1910.363198390435
v 216014.4770942822 8956425.399891293 -1930.442795787509
v 215950.4679519812 8956493.79737577 -1892.601603590963
v 215915.2726498601 8956517.603384526 -1874.767663446343
v 215831.157429942 8956470.277583949 -1864.343270375525
v 215854.8660342785 8956519.155298384 -1855.700661190575
v 215795.9856613251 8956426.723871808 -1868.03916557993
v 215785.8950140373 8956347.667264381 -1890.122901228429
v 215799.4917088321 8956291.856492337 -1910.09636441791
v 215761.811604784 8956384.718037678 -1871.665583958419
v 215825.3784425148 8956247.611159593 -1928.791314327587
v 215863.1355185084 8956239.797444159 -1940.288127461098
v 215887.4718994865 8956272.200211296 -1938.274054558641
v 215921.3570126293 8956246.253965845 -1953.361117233377
v 215949.7783546666 8956295.397059787 -1948.211553685231
v 215981.0302131065 8956340.475994635 -1944.445092113238
v 216018.9750762524 8956375.661580281 -1944.85171928203
v 215974.8772140028 8956525.929950936 -1890.214269358085
v 215818.5322010165 8956524.311711028 -1842.431651783814
v 215785.5342160021 8956481.678117611 -1846.464256304547
v 215761.479794497 8956450.708461335 -1849.512689156759
v 215736.7220179847 8956418.90556132 -1852.722572460143
v 215696.6950176877 8956378.637866307 -1854.340163983785
v 215725.3046215583 8956339.679828081 -1875.505787912232
v 215761.479794497 8956315.961609403 -1892.945580851164
v 215692.9876922061 8956079.144994181 -1931.171169233987
v 215665.2738200212 8956116.461478803 -1916.923073735021
v 215634.6064271046 8956162.094489085 -1899.603373309561
v 215728.9118077858 8956072.733809348 -1942.255860814496
v 215724.421030401 8956123.582143344 -1931.154865209939
v 215697.3505248624 8956160.705543058 -1916.407985239528
v 214739.125397563 8955759.364105761 -1445.827453695917
v 214628.017876965 8955982.628246348 -1379.490251495766
v 214723.4412686127 8955713.747205423 -1422.619614936268
v 214766.7992030271 8955720.618561354 -1459.410025312322
v 214782.6769341583 8955757.284710221 -1476.927204544587
v 216864.9912237267 8959312.760115778 -573.6272760501215
v 216981.3183794973 8959332.49410449 -588.9263344819819
v 216895.4087394024 8959298.58773426 -599.2578586344341
v 216923.8022645852 8959281.583865568 -626.9623293905306
v 216958.4047918971 8959308.1506004 -608.8207247747464
v 216825.160375922 8959286.680956688 -587.4826471958013
v 216862.0164193377 8959271.927034603 -616.5551292732137
v 216979.7384642403 8959289.703657489 -635.306640475409
v 216895.4087394024 8959255.818045195 -645.5780413841285
v 216928.3799994043 8959239.581020592 -674.1964252552157
v 216965.5784028224 8959261.855800826 -661.7608148777358
v 217052.8988706393 8959341.73824208 -597.8634305483129
v 216620.4498398299 8959223.995490838 -568.958332160493
v 216643.4245294234 8959206.914739769 -596.6747359588853
v 216673.8151453494 8959191.587817747 -625.8959683620178
v 216716.1876042971 8959222.687586822 -612.0583807467999
v 216770.5997321118 8959276.79156702 -577.3299408506264
v 216737.9186081655 8959248.686882159 -593.9019424416706
v 216579.1908445519 8959192.367711781 -582.0828795535526
v 216620.1804254123 8959179.724395286 -613.8121080943445
v 216643.4245294234 8959162.753377024 -641.6032450280297
v 216673.7006404951 8959147.492356881 -670.8660142461817
v 216715.5731840405 8959178.809431843 -657.3120799690423
v 216769.8104264489 8959233.297279049 -623.0110088269246
v 216737.9186081655 8959205.152944477 -639.457876573701
v 216800.9146606603 8959260.795530811 -606.0105910935076
v 215906.7573834633 8958794.384077176 -584.6574316678025
v 215887.4718994865 8958763.835738709 -599.0450939680716
v 215834.7254804044 8958649.618879326 -663.2978820429009
v 215950.2433870441 8958783.947118346 -619.8776927960239
v 215950.4317372715 8958834.034746138 -576.5198620636811
v 217148.1974180135 8959372.812888613 -584.671056328044
v 217115.894923134 8959348.59934777 -604.7245362386609
v 217148.4942648645 8959330.278549319 -631.3870451773792
v 217115.894923134 8959306.209601697 -651.4246619783967
v 217178.8909756287 8959396.976668457 -564.0119851118529
v 217201.3151761841 8959377.299475569 -589.2496143834269
v 217178.8909756287 8959354.387150858 -610.5123393260901
v 216590.7573205037 8958828.229714857 -930.7970759482212
v 216548.5071566436 8958791.90005175 -938.023990722701
v 216548.8743312237 8958744.620395547 -975.9832535315513
v 216580.4284769287 8958725.981597077 -1006.640311407646
v 216730.5613360929 8958797.878281754 -1033.001019955344
v 216706.4205819182 8958814.633564023 -1006.202406540077
v 216706.4205819182 8958766.467956986 -1047.126671316449
v 216728.5178091424 8958844.787781343 -990.8523794992645
v 216675.1082950395 8958876.311085526 -934.3119133879582
v 216706.4205819182 8958861.737299923 -964.2162706252805
v 216611.926503176 8958858.345502999 -916.27953779421
v 216634.340105283 8958888.8343352 -901.3831439820879
v 216580.8474179914 8958872.931665506 -886.8312966886056
v 216543.8045609674 8958836.643058419 -898.3263405422217
v 216507.9912419245 8958755.725489447 -946.0367775143984
v 216511.3240189888 8958706.916705109 -986.7390030427914
v 216553.2833419617 8958695.646097427 -1016.83946570468
v 216517.4324244339 8958806.654989311 -909.133960013163
v 216493.1245184597 8958780.755058192 -917.6105991958834
v 216580.4284769287 8958675.674092377 -1045.422678520036
v 216733.7484718072 8958747.40484268 -1076.139752041248
v 216770.2703806218 8958783.843010992 -1065.202501747944
v 216769.7198998886 8958831.807181854 -1023.451760963047
v 216730.215281186 8958885.480218962 -954.308403245999
v 216769.236995055 8958875.638760898 -983.3436666291395
v 216716.0345129528 8958910.617289603 -923.9871717027286
v 216674.7919234338 8958920.432053667 -893.6491927730885
v 216611.926503176 8958905.517875981 -874.3620389609264
v 216635.9425693917 8958929.727794997 -864.6081114227259
v 216989.9028181445 8959248.844154399 -683.1490864950777
v 217023.7297914015 8959232.270499419 -710.9246848325483
v 217052.8988706393 8959256.996922601 -691.3018546978828
v 217085.4164481853 8959239.438052336 -718.6557559260971
v 217145.0746242479 8959290.223326752 -675.0003871445276
v 217115.894923134 8959263.94229855 -698.2472306478167
v 216966.8631216807 8959224.591087522 -702.8201977285771
v 216989.9028181445 8959206.414984239 -729.809788151375
v 217021.1768726367 8959190.306695135 -756.6722761707165
v 217052.8988706393 8959214.74284715 -738.1376510620644
v 217085.8753357752 8959197.223716518 -765.7356374565497
v 217137.3899699117 8959244.688787777 -724.0519870043654
v 217122.9678220949 8959217.825571284 -751.222964829743
v 217177.717929689 8959269.971141737 -703.3297188901954
v 217188.2542168364 8959313.024077438 -657.5242435898999
v 217202.5754553614 8959340.338264732 -629.9583656552893
v 216611.589177635 8958612.284546763 -1115.29410269367
v 216652.1512693128 8958599.10188441 -1147.970030651493
v 216674.9225556708 8958581.629767686 -1174.103033364592
v 216781.6948906165 8958738.450107148 -1108.495711730155
v 216580.4284769287 8958626.882086251 -1085.720544208469
v 216556.3249820854 8958602.239541076 -1095.165488341383
v 216570.9473925066 8958577.130555347 -1124.551015885975
v 216612.050842915 8958567.114978252 -1154.255102207675
v 216651.2895734582 8958557.233624144 -1183.128973786876
v 216556.9382072009 8958644.545834236 -1059.681169014574
v 216665.9821186185 8958531.885806315 -1213.082690855093
v 216800.9146606603 8958720.102506762 -1134.396028813599
v 216706.6629124241 8958519.086789945 -1245.435099577651
v 216826.196417574 8958751.80377377 -1120.780309900836
v 216800.9146606603 8958768.882824967 -1094.086475203389
v 215855.9738732391 8958632.719153102 -690.6531878977967
v 215876.4657227232 8958615.760951439 -717.8160967811334
v 215918.8918957634 8958655.38257944 -710.685038821206
v 215959.6947325805 8958739.403834399 -663.9185930403034
v 215957.4934713268 8958690.478836339 -704.3364145165729
v 215752.6893246919 8958621.506603809 -634.0380308346073
v 215793.0725962264 8958609.924492842 -669.808048166241
v 215832.4469918782 8958600.070394004 -703.1684681756615
v 216005.1104325855 8958754.354812475 -677.9463308225668
v 215981.9659782286 8958770.50062729 -650.2549184570389
v 215981.9659782286 8958722.561082358 -691.405245337924
v 215855.9738732391 8958584.115429919 -731.1393365273916
v 215884.8870982032 8958568.122893786 -762.6569024281484
v 215918.3983803132 8958604.723123716 -752.889520141621
v 215959.8861845807 8958642.890447412 -746.0522640074755
v 216001.5255888182 8958705.08249573 -718.0586655982315
v 215981.9659782286 8958674.444899729 -732.3789345243467
v 216006.0423386532 8958796.367066182 -642.0722419046058
v 215991.5171767763 8958821.032985227 -612.2405726374036
v 215824.4758469918 8958095.493740428 -1088.871429271052
v 215800.7105106559 8958066.078867041 -1093.065816842621
v 215804.8802152149 8958113.541946506 -1063.120490829511
v 215812.010378032 8958038.253712686 -1119.740530907587
v 215856.7947647633 8958032.318036141 -1153.767191807683
v 215894.1449300228 8958022.792429656 -1184.912771839885
v 215918.9699257339 8958053.723819725 -1180.736316287284
v 215943.6051688618 8958084.105062207 -1176.278063826307
v 215970.0826693012 8958126.749546163 -1163.87559087684
v 215950.4679519812 8958144.608442914 -1137.9861317561
v 215974.626566709 8958173.490369592 -1132.702617837085
v 215919.0848027209 8958209.449704701 -1069.833700681545
v 215958.712118124 8958198.541785505 -1103.857715296563
v 215855.9738732391 8958185.752005169 -1045.494886289282
v 215878.7222001075 8958220.80751344 -1034.768310360655
v 215831.513959769 8958156.239036743 -1050.573459228243
v 215835.5023121041 8958203.282998856 -1019.067244550426
v 215794.3418102758 8958163.08657117 -1020.615087599268
v 215770.0147960396 8958019.670771854 -1103.59964557739
v 215763.5519223483 8958073.033346368 -1063.047740427091
v 215762.6016844899 8958121.772880552 -1028.388137764922
v 215786.4563589997 8957994.850224927 -1131.085461136749
v 215825.943221723 8957989.077837013 -1161.501238473756
v 215868.6741351714 8957979.271264434 -1196.402812173531
v 215941.1662825999 8958036.400682056 -1207.206688275754
v 215910.6539754886 8957997.831000419 -1212.247814531388
v 215983.0693052986 8958077.514365738 -1206.870770235859
v 216014.6859455187 8958122.473930102 -1196.000955888651
v 216014.5332248609 8958169.835436206 -1161.391308910602
v 216001.9120041836 8958215.444924105 -1119.090392484478
v 215981.9659782286 8958232.970120937 -1092.713002059142
v 215958.5835943347 8958249.574790308 -1065.141312770426
v 215915.8810498359 8958257.114732075 -1031.670752253943
v 215863.1517831174 8958245.373178845 -1005.875090654215
v 216516.4045528038 8958658.946815373 -1027.750677988085
v 216517.4408733818 8958610.31403302 -1068.830908195838
v 216737.9186081655 8958504.217914056 -1274.870923362328
v 216760.3012505852 8958487.548943568 -1302.486366790534
v 216801.0304554702 8958475.331637625 -1335.181420774067
v 216841.0747350724 8958510.272667609 -1326.045020087457
v 216888.5481900833 8958574.515399098 -1299.843610545366
v 216863.910713155 8958590.731855858 -1272.294993351112
v 216863.910713155 8958541.915820939 -1312.56883024681
v 216885.7234599649 8958622.66043555 -1258.532911863145
v 216870.9330786385 8958647.456921697 -1229.999062869305
v 216667.3249019227 8958485.641226513 -1256.147479824569
v 216707.0508887146 8958472.899144139 -1288.344134642767
v 216737.9186081655 8958458.08761631 -1317.830497431117
v 216761.1939626146 8958441.797109488 -1346.014832911109
v 216801.2945556485 8958429.557414105 -1378.513730260502
v 216927.0564355445 8958561.546581591 -1332.91647930668
v 216926.9068285808 8958610.202961946 -1291.942920689111
v 216926.6458192876 8958658.994095646 -1250.708859061657
v 216895.4087394024 8958674.086520681 -1222.014850453388
v 216870.8950283281 8958690.800340177 -1194.640542091737
v 216612.5642918841 8958517.153603878 -1199.110140659862
v 216643.4245294234 8958502.00953739 -1228.117610789418
v 215287.6932585271 8958256.167569935 -584.6984415854713
v 215289.5417888425 8958210.963625483 -618.2894915446032
v 215155.7984979159 8958085.30066796 -598.8929836924181
v 215320.6107105459 8958298.534448324 -579.3455741411735
v 215327.4638799052 8958249.759903703 -619.9076459888588
v 215328.9308211069 8958197.933793167 -657.9471109969554
v 215700.4200133572 8958652.612820266 -573.8518796982848
v 215667.9769391903 8958615.410546996 -582.9253576727097
v 215708.5870393256 8958604.970269814 -618.6838042240124
v 215729.9817682497 8958588.384941097 -646.318975891317
v 215750.1812230753 8958571.567863995 -673.5722927254933
v 215110.5344554609 8958069.106417181 -573.2639386672413
v 215131.5192695496 8958052.877618561 -600.8059483318598
v 215153.3348690708 8958037.213013908 -628.8826013183666
v 215077.0340766214 8958025.759151768 -574.3406843199714
v 215107.6915987569 8958020.783220263 -602.4089652294733
v 215119.976753351 8957993.910871694 -629.9348774547097
v 215164.7160543463 8957988.936795412 -669.4879723417762
v 215194.7222035985 8958031.731234152 -665.8096523153736
v 214704.7559293828 8957490.795996612 -567.7665213919831
v 214793.9416265832 8957624.151732035 -573.9708532020989
v 214747.6502762563 8957505.460392881 -596.2614591434751
v 214709.1368627266 8957460.991074838 -586.3167975336023
v 214753.1290373827 8957451.85352014 -627.6392366082973
v 214680.1593293025 8957414.712846978 -584.8768298972984
v 214722.51198056 8957408.166798873 -623.254466973473
v 214824.0450887705 8957619.176568143 -601.9390544528967
v 214823.9731864626 8957669.732699614 -574.8134868850614
v 214764.088549031 8957400.095777355 -662.0975439845392
v 214792.741419525 8957446.660730563 -663.7181208667298
v 215666.8780961876 8958565.813877424 -622.7486449811954
v 215706.726531398 8958555.064677496 -658.2516971549117
v 215792.1656370316 8958561.246852461 -709.3552887372073
v 215266.4372272176 8958063.455021843 -701.8840515721849
v 215377.3579514158 8958168.44246196 -715.9337766310746
v 215282.5406964273 8958039.701693865 -730.412960792924
v 215319.1557118524 8958033.679103678 -763.3664354741411
v 215351.5511502668 8958074.796888199 -760.8622687329114
v 215381.7072352586 8958118.101848319 -754.3488793406764
v 215369.7666510383 8958217.448295979 -675.3668130851161
v 215359.5034101091 8958244.392033398 -648.0818432126816
v 215238.1904297905 8958023.576378198 -706.0363014555285
v 215250.0765240632 8957996.545152789 -733.1676925665215
v 215281.2013447863 8957991.453844249 -761.4553900064609
v 215416.61470651 8958161.97457472 -750.298968410259
v 215416.0850196965 8958210.577507503 -715.3343061404003
v 215321.1857682638 8957988.236110918 -795.1175318690809
v 215358.4047913691 8958027.242299274 -798.342802376995
v 215393.3242949195 8958069.769545432 -796.5401530956174
v 215428.787298747 8958112.025929229 -794.48580560253
v 215406.051816005 8958259.098254049 -672.8129541717192
v 215204.4393353903 8957980.360267231 -707.2282594233986
v 215426.4238761432 8957623.073015459 -1107.439010659703
v 215384.1142939828 8957631.121630572 -1069.376876285085
v 215359.5704482418 8957486.027570745 -1136.880779719922
v 215372.7399329646 8957459.081545196 -1164.100465530271
v 215471.1530119877 8957589.962142559 -1161.74671878901
v 215414.6707154164 8957451.609296458 -1202.605954593348
v 215446.8301809653 8957497.133753302 -1199.93644610845
v 215478.8687433758 8957542.299560752 -1196.552189742829
v 215471.4056504089 8957639.106235972 -1131.800585290788
v 215415.2495964688 8957675.206040574 -1066.918187099453
v 215459.8801498579 8957666.489030233 -1106.479720842516
v 215340.7069531635 8957637.543062098 -1030.706374803411
v 215373.1532873394 8957681.386800686 -1030.118559434441
v 215297.8177517869 8957446.175523547 -1108.531524241289
v 215327.9720440684 8957441.456267528 -1136.996368234473
v 215341.1363960135 8957414.737400413 -1164.273549101606
v 215383.3476431757 8957407.277626878 -1204.184110982081
v 215511.4522975511 8957582.68029361 -1195.84204462436
v 215508.1940885087 8957629.031906532 -1165.230383366647
v 215425.0029666857 8957401.191413881 -1241.75263250157
v 215458.2905270602 8957444.742989389 -1240.918081441348
v 215486.3803258981 8957485.040301001 -1237.299949162878
v 215515.9449350025 8957532.61786411 -1229.593768540918
v 215500.50536604 8957687.199222855 -1124.096997004002
v 214881.2900397495 8957588.204418261 -667.1580138041977
v 214823.5072041593 8957441.477775637 -692.2705610995931
v 214862.2888188458 8957490.659252785 -701.183955215191
v 214892.0148330312 8957532.4692831 -705.4802584060317
v 214868.4726055044 8957637.775081716 -629.8621781764184
v 214854.9696955722 8957664.64780779 -603.6762957489245
v 214801.2548216786 8957407.52673432 -689.7891408838307
v 214910.8704486495 8957630.063951191 -670.0987811080799
v 214921.4035828222 8957578.536969153 -706.7064917106793
v 214866.8252560802 8957460.964484718 -719.9560120776014
v 214838.286260906 8957414.3788887 -718.2527315906311
v 214905.0347555535 8957505.6775629 -730.2628512877027
v 214935.5824864474 8957551.558021139 -732.9422941986891
v 214898.5632531284 8957683.21745423 -630.6488039632015
v 216919.5790802162 8958840.232432514 -1086.709123058517
v 216958.7198172617 8958876.987307789 -1068.549021777273
v 216917.9615500492 8958799.419174787 -1123.927097640541
v 216989.9028181445 8958861.043966502 -1097.157744925279
v 216895.4087394024 8958817.032257279 -1097.690971609263
v 216864.739373526 8958785.465349313 -1111.002536091703
v 216895.4087394024 8958770.106531423 -1139.855117565763
v 216919.6915612101 8958752.874768943 -1166.480294647521
v 217055.7243077543 8958829.165774561 -1154.319655281601
v 216959.9168667063 8958738.864049271 -1198.240551895934
v 216989.9028181445 8958769.953155689 -1184.246677739588
v 217014.1980558553 8958752.631756991 -1210.991584221139
v 217055.578149542 8958784.129167054 -1198.498121772112
v 217012.606667341 8958887.801875848 -1079.187170043455
v 217056.2555828715 8958873.647184137 -1109.601595806506
v 216864.0561817929 8958834.581202377 -1066.698084465807
v 216905.7936866097 8958865.378910996 -1056.949876809378
v 216926.9067656498 8958892.837328764 -1039.86123537165
v 216958.702049949 8958921.627205428 -1024.086489253536
v 216989.9028181445 8958905.606673203 -1052.630579812604
v 216823.816271326 8958799.216373913 -1078.981769312347
v 216868.7637757955 8958740.751583854 -1151.566878029699
v 216895.4087394024 8958722.43685445 -1181.275312407192
v 216921.7489703438 8958703.173592662 -1210.579573780733
v 217117.6697879657 8958839.98587439 -1165.252187403916
v 217084.3968968866 8958856.584334295 -1137.243048624698
v 217084.3968968866 8958812.338979227 -1182.087565371507
v 216970.1151876235 8958694.451572387 -1242.529566230097
v 216989.9028181445 8958723.441738062 -1226.825131925846
v 217015.550434431 8958706.527096536 -1253.989536279339
v 217055.6748314464 8958738.487818945 -1242.135331031309
v 217117.9260826804 8958795.974945327 -1210.183900293295
v 217084.3968968866 8958767.506572111 -1226.345030068853
v 217117.3067254668 8958883.471207211 -1119.737630294629
v 217051.4051755552 8958916.753211776 -1063.431154774874
v 217084.3968968866 8958900.278585013 -1091.847427529423
v 217012.9644977933 8958931.814821366 -1034.234740119212
v 216832.4126869077 8958414.973227313 -1408.350916154321
v 216854.8399293285 8958398.356901888 -1436.124818679757
v 216896.0580544743 8958385.241421008 -1467.988937534788
v 216958.4047918971 8958499.436981829 -1403.724798857498
v 216982.2521184329 8958530.806500182 -1389.797471156862
v 216958.4047918971 8958547.731948785 -1362.92989399933
v 216761.6089312218 8958396.721644148 -1390.105718924374
v 216801.591843673 8958384.37515647 -1422.410516070787
v 216832.4126869077 8958369.336530861 -1451.80409151665
v 216856.0508297639 8958352.292202666 -1479.073082793815
v 216893.2414695998 8958336.412271962 -1508.55178786075
v 216926.9067656498 8958367.58019142 -1494.592687984042
v 217022.626725789 8958516.381657984 -1421.531644882748
v 216982.8418642911 8958573.36911612 -1354.007822129334
v 217021.4482301244 8958565.933295766 -1380.27292738724
v 216968.1903366423 8958598.241127998 -1324.916727486951
v 217113.4305654387 8958342.060750954 -1563.409688143495
v 217242.9755567128 8958252.803611411 -1646.859462425752
v 217084.3968968866 8958314.313469728 -1574.960774013165
v 217051.6410346834 8958291.119480748 -1594.99219450556
v 217084.3968968866 8958274.099822747 -1623.836998845034
v 217301.9768205079 8958260.916999275 -1656.123568799758
v 217249.1776457719 8958201.942235082 -1675.003728546561
v 217273.3850543709 8958227.609855056 -1666.436902968953
v 216954.4615284922 8958348.182206411 -1518.573563689647
v 216989.9028181445 8958327.772969384 -1543.875337761091
v 217012.7971136716 8958307.976249985 -1568.626123660711
v 217083.3108043313 8958478.18855736 -1475.130955011168
v 217122.7029396267 8958469.149527 -1497.444162493312
v 217052.8988706393 8958499.321286889 -1448.154039824277
v 216926.9067656498 8958319.134055631 -1535.2364240082
v 216956.0071327314 8958300.764901655 -1561.380461896034
v 216989.9028181445 8958283.375175316 -1588.567415507291
v 217011.5396219079 8958265.111356746 -1614.872301973583
v 217051.5944531299 8958247.716915699 -1642.798874387428
v 217147.3929493814 8958496.014198314 -1489.391887156464
v 217122.5103833067 8958517.52955584 -1463.330990125891
v 217076.616058422 8958530.927474558 -1434.108115737998
v 217052.8988706393 8958549.375516525 -1409.118397645776
v 217084.3968968866 8958226.195232775 -1665.022280688355
v 217109.3033904527 8958202.758709732 -1676.808858638346
v 216956.18257195 8958256.431012772 -1606.131982666965
v 216989.9028181445 8958239.163590474 -1633.445702479804
v 217115.894923134 8958136.387714984 -1708.849570617085
v 217147.340504896 8958115.915982913 -1720.054505673102
v 217178.8909756287 8958136.574759483 -1709.036615116647
v 217209.901468137 8958116.864273954 -1723.46422793773
v 217271.5668590159 8958169.998347938 -1700.187641602411
v 217241.8870281235 8958140.415996168 -1712.877851802285
v 217303.5593248811 8958206.511335339 -1685.79470607234
v 217045.5030688845 8958127.549141396 -1710.470240177104
v 217084.1811163079 8958115.33250409 -1718.1619466912
v 217113.2052621682 8958076.25491271 -1738.136846396948
v 217179.2532127962 8958078.113742016 -1742.218413007552
v 217336.3811068656 8958236.881727815 -1675.708775727424
v 216958.2341936485 8958209.356579928 -1648.560324030377
v 216989.9028181445 8958188.266883032 -1671.638866852119
v 216960.7030209065 8958157.851082228 -1683.276624318818
v 217021.4008443919 8958102.822002256 -1719.828793797223
v 217052.4645386502 8958073.435499664 -1735.004801950693
v 216926.9067656498 8958227.908906655 -1622.191018661879
v 216904.4613742769 8958198.19351754 -1638.244913859012
v 216920.5913054412 8958171.375149645 -1663.678542943155
v 217021.8240630195 8958029.183844134 -1748.121002061847
v 217085.1595851756 8958035.324982714 -1753.411689055572
v 216864.0041449366 8958164.805524053 -1647.313137853421
v 216895.4087394024 8958144.359386103 -1672.276305829979
v 216991.2889180577 8957991.300971299 -1754.444630216952
v 216868.9535235982 8958114.427912213 -1679.758156924537
v 216836.8716747422 8958075.547179893 -1686.26682649834
v 216888.8722025628 8957943.963982992 -1743.047082031054
v 216951.1601078718 8957951.349800099 -1756.781865669614
v 216989.2108031381 8957944.018152317 -1768.194240751688
v 217027.7677224933 8957978.885287892 -1765.067697699616
v 217052.8988706393 8958008.553904306 -1759.195503568097
v 216830.9814959591 8958126.587858705 -1658.100418870036
v 216793.9852719779 8958084.069343429 -1666.330834516393
v 216800.6797954361 8958030.094118033 -1692.11197024418
v 216769.4166344129 8958053.901035197 -1670.907826737799
v 216744.5230081055 8958022.890110787 -1675.101806266388
v 216864.8353770698 8957895.523110244 -1750.327937431594
v 216902.4993731549 8957888.203104032 -1762.451840596699
v 216926.9067656498 8957919.900419211 -1759.631890286337
v 216965.0567582273 8957895.631966352 -1776.735180226849
v 217210.3890018761 8958052.941363353 -1759.038026707259
v 217402.628348815 8958246.152165882 -1682.150313152759
v 217360.5965377321 8958261.30269219 -1665.883949352371
v 216606.3227975928 8958035.179608764 -1610.110889359265
v 216574.8645563812 8957993.441230265 -1618.316593704283
v 216648.4362211156 8958025.041309005 -1634.960498183108
v 216541.1465157477 8957951.756633248 -1624.316507048321
v 216546.3351248964 8957897.902801059 -1651.950087307541
v 216588.0166857435 8957887.900724484 -1672.355911833187
v 216612.0424846244 8957853.573551081 -1692.969233351061
v 216711.0712516597 8957980.772852875 -1680.292476008926
v 216702.2573352228 8958031.515779795 -1654.451080608327
v 216682.71192385 8958066.395029783 -1627.841055296583
v 216643.4281732992 8958075.919462545 -1603.985892858534
v 216580.4284769287 8958056.696289366 -1584.613209092095
v 216604.2353739957 8958084.637111016 -1578.885994030712
v 216557.109171501 8958020.289908223 -1594.847325047842
v 216521.3933485574 8957983.434602214 -1598.163934513831
v 216517.4324244339 8957922.179482164 -1628.276145518369
v 216491.889837958 8957890.012961473 -1632.232297040404
v 216511.5358007071 8957853.917749923 -1656.810321739751
v 216554.7805235475 8957845.598783372 -1677.057002059143
v 216485.8556269553 8957941.849738605 -1603.38851265223
v 216576.1715694467 8957809.612751927 -1696.99265169271
v 216737.8305781142 8958075.230625747 -1647.488618789377
v 216834.092110002 8957857.105155097 -1752.569285878404
v 216794.9519620411 8957816.121371735 -1753.375243880788
v 216831.3538631296 8957810.774697896 -1765.462097694385
v 216869.7515722401 8957845.284450561 -1765.8455713168
v 216762.0347467482 8957773.3585447 -1757.164389149141
v 216611.926503176 8957786.027958088 -1714.849300976699
v 216713.3764659894 8957710.331377756 -1762.950422775368
v 216737.9186081655 8957742.107055096 -1760.018269799986
v 216773.9153089875 8957718.058085047 -1777.783246214101
v 216803.3562864205 8957760.943806773 -1772.722342355902
v 216546.6377776335 8957766.534850735 -1702.290565740786
v 216515.2571790784 8957804.873872232 -1678.247783500302
v 216680.3756917085 8957667.774956884 -1767.064144458638
v 216737.8637672871 8957674.192620946 -1781.521152730459
v 216604.9449386776 8957639.010455567 -1755.884965285727
v 216642.6006349933 8957632.359688487 -1768.495580794984
v 216491.6549010229 8957762.78617521 -1685.274982211637
v 216457.2037275756 8957718.822691042 -1689.151913237112
v 216556.019427776 8957576.63675851 -1762.702389290197
v 216580.4284769287 8957607.810743647 -1759.356766072009
v 216616.9202125669 8957584.413201101 -1777.29080314624
v 216672.7139558364 8957587.979304109 -1791.857246302629
v 216702.5861440701 8957631.115982065 -1785.659433668259
v 216423.2377099639 8957675.930984102 -1693.226143395181
v 216481.0584693362 8957814.729208127 -1661.35628391213
v 216448.1113542627 8957772.11448402 -1665.335816783636
v 216415.2144505144 8957729.432178449 -1669.176758651689
v 216388.0480448451 8957631.140432307 -1697.121347786336
v 216391.4403194445 8957698.701260572 -1672.067539367821
v 216366.6020589325 8957666.134782363 -1674.627666039381
v 216522.9393269793 8957534.096729681 -1766.944687654977
v 216580.3939455721 8957540.728567669 -1781.588725848329
v 216365.1955606358 8957534.205119461 -1722.866835735223
v 216387.6355084133 8957497.760465208 -1741.143468943138
v 216447.7412526857 8957505.07819014 -1755.182412828914
v 216485.053904983 8957498.801627733 -1767.891008404772
v 216354.668807113 8957587.034360478 -1700.278793446414
v 216334.0021457666 8957622.791316774 -1677.387439782799
v 216301.8540343486 8957579.000051908 -1679.060470090232
v 216354.7800321028 8957453.996544722 -1742.970724574442
v 216399.2835990861 8957441.308504334 -1759.942197943275
v 216422.9383456918 8957472.865895454 -1758.046725599322
v 216460.3252396448 8957450.357055802 -1776.15982885144
v 216515.3758730346 8957454.272548925 -1791.667604555839
v 216545.0792470193 8957497.491377721 -1785.880544762687
v 216103.5403856961 8957459.273970995 -1572.52262526242
v 216071.3455392657 8957414.034224086 -1572.813266813541
v 216141.7435593051 8957453.891142368 -1600.134565418615
v 216044.9620307234 8957383.553896695 -1579.644855026448
v 216188.5730657007 8957414.842096889 -1661.631062017902
v 216180.6697587553 8957443.895947237 -1641.432954536868
v 216126.4272652441 8957496.616606135 -1577.498324945474
v 216165.6846029176 8957497.579433972 -1609.69901593313
v 216080.5729274239 8957495.135771692 -1549.960705373272
v 215979.9587595286 8957369.656445669 -1568.987335412779
v 216215.1220665869 8957452.071670229 -1674.789613509615
v 216204.6567700424 8957499.75578375 -1644.688088289541
v 216233.1232976203 8957541.271172581 -1651.376430030695
v 216263.6318850322 8957585.938305635 -1653.351796030475
v 216294.8415949669 8957630.535740348 -1653.106275260409
v 216227.1470596343 8957596.027224276 -1623.559515674949
v 216257.837733909 8957641.22494071 -1625.354064311865
v 216189.6436951218 8957546.686188588 -1613.943060756221
v 215977.5512877075 8957547.169316124 -1482.233974222303
v 215944.5892826386 8957504.125512354 -1485.805485064873
v 216018.5677318958 8957540.032775167 -1504.373492211032
v 215918.9699257339 8957472.373778917 -1490.284993620323
v 215894.786394873 8957443.488152247 -1495.600044279343
v 215912.3895026685 8957411.420509078 -1520.14079007389
v 215957.0347928684 8957400.248109136 -1542.50721611588
v 216071.4693228992 8957548.865900002 -1529.290142609041
v 216000.268765751 8957593.632217497 -1475.58399904725
v 216048.9167324511 8957584.748442411 -1504.912753329806
v 215958.5762930509 8957574.477700144 -1461.881250539235
v 215856.9395548845 8957401.39520788 -1504.219891420946
v 215880.3749044403 8957370.901363455 -1532.484052524523
v 215920.1647105231 8957361.436401201 -1553.775886916565
v 215856.2627797236 8957454.753569841 -1473.362368549037
v 215950.4679519812 8957339.163548434 -1579.799442672516
v 216109.3861102384 8957540.648055132 -1554.624602906008
v 216101.7112706135 8957595.497383712 -1533.153053708117
v 216215.0815502334 8958336.889374688 -1152.433516956629
v 216170.959759459 8958298.335742112 -1158.61727750357
v 216170.2144544781 8958248.536508573 -1198.777089824354
v 216202.4521619602 8958235.510080542 -1228.887769386002
v 216304.308800109 8958244.563040242 -1283.047461244613
v 216352.216431817 8958307.992788928 -1256.289727179165
v 216328.4442669497 8958324.057730522 -1228.345547550536
v 216328.4442669497 8958276.479756413 -1269.857445256041
v 216350.4504473117 8958354.642690949 -1213.799249242939
v 216297.0167278517 8958385.692655832 -1156.607307075559
v 216336.1842671917 8958379.401463589 -1183.653395486923
v 216233.9501882076 8958366.801604014 -1137.454613321666
v 216256.8982079129 8958398.106498431 -1123.557678639066
v 216206.1411320514 8958384.424465144 -1106.717977401664
v 216170.956059308 8958347.698808374 -1117.434753305655
v 216127.6396180578 8958259.861655341 -1163.614409864072
v 216137.0746898584 8958211.613240812 -1207.65598530986
v 216182.0573269317 8958203.612530107 -1241.994834780988
v 216130.2306001837 8958310.145696416 -1124.384722903008
v 216202.4521619602 8958185.893112784 -1268.360673440486
v 216268.8635619708 8958161.412163323 -1328.838731297229
v 216304.0267632636 8958201.403436311 -1318.402561838324
v 216348.7115818733 8958259.230305146 -1296.801917702368
v 216328.4442669497 8958228.331990426 -1310.799551083937
v 216391.4838702075 8958295.683661142 -1289.450520244782
v 216391.4481711975 8958343.319489243 -1246.631642853022
v 216391.0744473655 8958389.421038035 -1204.446482045939
v 216359.9422931971 8958403.80712766 -1174.46013696698
v 216337.5114191602 8958420.857004657 -1147.424846750661
v 216296.793733901 8958430.535430126 -1116.918837549535
v 216233.9501882076 8958414.614978021 -1096.178115513014
v 216257.9044131741 8958439.877591025 -1087.56433869574
v 216139.1238232242 8958164.667593814 -1245.041798885854
v 216104.9629276891 8958123.34421326 -1253.892406228479
v 216107.3836307864 8958074.977341501 -1289.816250569007
v 216145.8453162088 8958067.911161641 -1319.522763096034
v 216161.8308186081 8958043.324804109 -1346.827512005512
v 216202.5391527084 8958031.322073929 -1381.221357252824
v 216236.7020090593 8958072.747979349 -1374.498315198891
v 216273.6867045784 8958109.489025097 -1371.219588507438
v 216099.8845308766 8958175.302216606 -1212.099732751921
v 216068.4030503604 8958086.387473065 -1256.561593643463
v 216074.6915672941 8958029.504018985 -1299.339570555135
v 216118.6799232404 8958025.085026853 -1331.072001998814
v 216076.4600569707 8958140.438649297 -1222.90620995407
v 216052.2315563777 8958111.47012962 -1228.201964412002
v 216139.4561094655 8958006.720648848 -1356.457824945167
v 216168.3747794636 8957989.397849506 -1386.533218975776
v 216318.9942875934 8958176.884762146 -1347.347653244016
v 216296.9462407023 8958143.641116334 -1359.743484711669
v 216212.5114308766 8957980.860525623 -1420.512178884264
v 216242.9007619107 8958019.208425405 -1415.068731554773
v 216265.448214455 8958055.122367676 -1404.859543775266
v 216289.7565664232 8958084.199157717 -1399.559132782399
v 216317.3658351723 8958125.977411443 -1386.002743450869
v 217021.5596684858 8957628.428380003 -1870.075647411726
v 216964.9648741149 8957488.339262534 -1897.877543158134
v 216990.7477492275 8957448.801260529 -1913.916943630377
v 217050.0711829655 8957455.540404692 -1922.695283923176
v 217083.6851221371 8957500.264265593 -1917.048441645252
v 217120.2243735853 8957539.937917965 -1913.18076347723
v 217090.8276349703 8957577.526977569 -1898.158306607302
v 217085.0053745225 8957628.444258921 -1883.374677836553
v 217146.9982188758 8957586.92472695 -1905.819571959955
v 217115.894923134 8957609.16904225 -1894.349872395524
v 217054.9867825213 8957672.258474283 -1864.835765716531
v 216957.1246915693 8957626.152487472 -1855.911664531638
v 216996.4371943085 8957666.42922328 -1853.279178219862
v 216929.5422508653 8957582.592307372 -1862.359892782142
v 216928.1635793047 8957500.880757689 -1886.504403867505
v 216899.2168033031 8957540.138434712 -1868.059535267136
v 216926.1480942643 8957454.403966747 -1899.710566408562
v 216954.189812364 8957408.648491923 -1918.095894585188
v 217022.0437530131 8957405.490983961 -1930.848225020064
v 217060.7521014467 8957397.621150238 -1938.965450310252
v 217084.3968968866 8957427.419058563 -1935.324568243383
v 217116.8796914672 8957457.105592296 -1933.172924797155
v 217147.8985330541 8957494.922642365 -1928.82457454491
v 217176.4229706792 8957544.214279566 -1921.194174867396
v 217139.9424729577 8957639.582221471 -1890.75468051345
v 217109.7996689013 8957676.446408089 -1874.996118533541
v 216959.4049376876 8957672.189843621 -1842.730069827674
v 216920.620862396 8957638.247179013 -1843.227746977909
v 216895.4087394024 8957606.088869153 -1846.724763391731
v 216871.6256620886 8957575.906638969 -1850.176883700395
v 216838.2880953177 8957533.74454432 -1855.161228114199
v 216863.829536414 8957499.4015982 -1872.327340995407
v 216888.3526466078 8957460.926190954 -1889.720650947748
v 215728.4409172448 8957807.561314452 -1208.732270120769
v 215733.2157863581 8957760.139317024 -1239.702141100326
v 215690.2588832987 8957768.734523833 -1206.719841702038
v 215773.2235922816 8957801.517046124 -1241.505063440399
v 215761.479794497 8957740.809540078 -1268.726459804684
v 215786.0851780098 8957772.892565764 -1266.01221842117
v 215655.0765280048 8957726.389641648 -1208.549454335044
v 215790.6367318599 8957718.692873124 -1299.045182416484
v 215823.5844410511 8957763.648719536 -1294.600498376074
v 215818.8948700155 8957815.7240986 -1262.443839842254
v 215801.9200177622 8957840.768684864 -1237.079106009736
v 215761.8509876863 8957853.620174095 -1203.263872812053
v 215691.2492669523 8957817.832756123 -1177.801024953037
v 215724.1616128192 8957860.507518196 -1173.930701132412
v 215666.9857157549 8957786.275619823 -1180.557731828775
v 215642.6505605293 8957754.538587788 -1183.235806356283
v 215626.5323134856 8957687.055504389 -1212.899851213808
v 215634.2173892799 8957629.536272647 -1252.118896953813
v 215609.8539986425 8957711.664755493 -1186.743316680509
v 215730.1427211568 8957586.044018326 -1336.625988047754
v 215763.2020477989 8957630.878755989 -1330.818664564632
v 215796.9914671785 8957670.754609277 -1328.893135693313
v 215836.8804835596 8957712.065578502 -1330.525657336448
v 215643.4940637612 8957803.666407136 -1154.104472035509
v 215678.754892151 8957846.009711418 -1152.227601470961
v 215605.2902105234 8957765.209528582 -1151.139745765083
v 215584.9121315661 8957667.372139595 -1196.409674005568
v 215570.9837591129 8957717.111897757 -1156.519580781037
v 215597.0789415519 8957639.292698842 -1221.527790839506
v 215600.9728519933 8957589.198256552 -1254.202255524511
v 215561.6091482033 8957547.682206675 -1252.696299694661
v 215572.1512179547 8957496.09214242 -1291.331046471186
v 215609.8941136884 8957489.062479788 -1320.443796990052
v 215626.559551632 8957464.144141676 -1346.365008768203
v 215666.1915950273 8957450.486210063 -1378.773824179
v 215702.2902088607 8957493.064821685 -1374.104246416478
v 215737.7600762772 8957530.671258435 -1372.340383876264
v 215572.4916370128 8957607.102343686 -1224.109135226728
v 215548.5930520648 8957575.708209634 -1226.512704130333
v 215526.9511463197 8957505.134378534 -1254.411168894929
v 215539.9390201373 8957451.144619096 -1296.830323414572
v 215584.1639730036 8957445.324349964 -1330.576786633436
v 215596.5921375556 8957416.941991292 -1356.225015359877
v 215633.9221240534 8957406.526285985 -1386.358051006087
v 215768.1317274014 8957577.26639463 -1363.045676070088
v 215674.7885440234 8957397.101445235 -1416.627628031585
v 215705.8536136241 8957443.020856718 -1405.964563113684
v 215729.9817682497 8957472.710138904 -1401.53148179385
v 215755.4236831171 8957504.140787657 -1396.981829487589
v 215780.8500140068 8957547.835620224 -1386.138313030717
v 215165.9428163262 8957141.236918641 -1153.095556314374
v 215231.7193559336 8957180.668571532 -1199.112734134268
v 215193.9552649788 8957183.795086173 -1159.36857721043
v 215147.9570638406 8957051.167247064 -1179.466717867541
v 215140.1941043485 8957089.051661566 -1152.465532931449
v 215155.5058862174 8957012.542644259 -1207.688660185306
v 215191.6656870372 8957005.37638551 -1252.599832578818
v 215269.8179937101 8957176.042399041 -1239.60869799364
v 215282.3558089135 8957150.354734173 -1266.765420555768
v 215226.2834551598 8957007.540839214 -1290.501463742819
v 215254.6350590251 8957049.653075768 -1297.277264339089
v 215282.1577567028 8957100.662863936 -1296.036705106535
v 215222.658170402 8957228.113493994 -1163.85398552615
v 215257.2472226352 8957230.23360531 -1196.243384018745
v 215155.9934755771 8957190.031525889 -1117.963901614042
v 215183.4021059975 8957237.452341978 -1120.399827831571
v 215130.1533095386 8957137.52101507 -1117.928839127527
v 215119.8159046027 8957015.91103518 -1165.893434195673
v 215113.5247016264 8957044.197432125 -1145.367776905816
v 215102.6563470169 8957096.309290577 -1109.268531432741
v 215131.6952009996 8956960.864979908 -1206.094690172187
v 215166.3979716683 8956965.512818031 -1244.594554261085
v 215199.76708284 8956958.025949417 -1288.19116224631
v 215311.230954466 8957146.783925463 -1297.387878619088
v 215305.2869436299 8957184.802054785 -1268.783219452132
v 215299.2494300188 8957222.239987101 -1241.044214455541
v 215234.7884183087 8956955.461282011 -1330.42865561399
v 215262.4295315201 8957003.011981761 -1333.122559499466
v 215288.4352773116 8957051.919697432 -1331.407597608406
v 215319.657054777 8957094.351455865 -1337.209475747191
v 216360.0205096356 8958214.954183573 -1340.862731329537
v 216394.5470179812 8958251.219082279 -1330.33093486235
v 215792.9778207444 8957609.021146147 -1359.662745407884
v 215816.978646822 8957640.005041681 -1356.704347195333
v 215849.8189988926 8957682.91544975 -1353.171483972679
v 216367.2870864783 8956995.926726226 -1894.349552798867
v 216303.5897926558 8957041.826922569 -1852.151582324456
v 216326.4304464296 8957007.194262668 -1873.824927951419
v 215246.6097554908 8957503.974322565 -1030.723097281932
v 215255.9009433865 8957449.760050932 -1069.88561470484
v 215264.6050620187 8957575.59697172 -1004.392030591723
v 215296.1415351168 8957620.226109806 -1004.421860713998
v 215233.2899995075 8957530.63713398 -1003.718378961648
v 215265.0478335498 8957625.286003359 -975.7088651460761
v 215327.8874771803 8957664.554281622 -1003.854490710496
v 215296.8547430958 8957669.69830974 -975.584862210856
v 215233.776373444 8957580.517854894 -975.5289192306382
v 215216.4046057466 8957458.662171872 -1030.057225580521
v 215209.8985135737 8957496.616606135 -1002.778407767913
v 215203.0562711746 8957535.367872564 -975.026320855578
v 215226.0500520839 8957407.7816536 -1067.203793529336
v 215267.1869725192 8957400.92720033 -1107.933382621493
v 215296.6316253885 8957396.493990328 -1136.35613618359
v 215821.6001260392 8957585.383799527 -1387.587201760619
v 215893.9402818819 8957621.752588749 -1407.791449806897
v 215855.1589450803 8957630.214772571 -1382.785464222283
v 215794.7048538154 8957497.078181494 -1421.156136992284
v 215824.4758469918 8957474.673521409 -1448.039800204737
v 215947.3570579833 8957630.606495313 -1432.085430850075
v 215926.3084992886 8957664.944945376 -1405.208234387063
v 215885.8589606107 8957671.812077617 -1379.261907817086
v 215762.2146044004 8957454.737932354 -1429.048514115454
v 215799.3631554346 8957444.44033242 -1453.321320204375
v 215817.120767238 8957417.214037519 -1477.667096854869
v 215986.8208937402 8957623.549729418 -1456.415313131792
v 215979.7286172731 8957675.068375997 -1430.750042497135
v 216400.3781791214 8958153.337932635 -1414.938695150211
v 216391.4403194445 8958100.189722126 -1449.926898225135
v 216367.8034168257 8958065.381336693 -1460.894354547558
v 216362.6255463655 8958117.652916638 -1419.816046765797
v 216384.3887366232 8958039.594070859 -1488.393562831887
v 216423.1763779072 8958031.947443683 -1516.160350543877
v 216460.7529935875 8958023.553597638 -1542.537465360815
v 216485.9343981866 8958053.56031166 -1536.932295478275
v 216511.0939331778 8958083.045079324 -1530.836107536555
v 216544.9066004443 8958123.399401432 -1520.679219676791
v 216517.4324244339 8958141.753480077 -1491.490656174399
v 216541.1313743412 8958174.6503677 -1478.969703507053
v 216517.4324244339 8958191.236577418 -1451.88388170241
v 216485.8166373428 8958205.353734609 -1422.251004991747
v 216422.9383456918 8958185.855136828 -1401.957505206459
v 216447.2989498687 8958218.275644088 -1389.216144484821
v 216402.9090847446 8958203.72895249 -1375.644513077247
v 216359.9696757668 8958164.742903873 -1381.813578567284
v 216328.9334010464 8958076.703748381 -1429.231509642916
v 216331.2183800581 8958028.332545126 -1464.125668964894
v 216359.9422931971 8958010.034125095 -1493.406108914243
v 216387.0531243256 8957990.543391859 -1521.820579256375
v 216433.8036875359 8957980.760670954 -1554.225844678776
v 216477.8069366839 8957997.454051748 -1567.885683711408
v 216514.2368496891 8958030.02817047 -1567.106679442315
v 216548.6507161639 8958075.00591217 -1556.545954298518
v 216580.2894502144 8958160.777400071 -1511.588446746278
v 216586.9887997831 8958111.761734501 -1551.66099227914
v 216541.5606113049 8958217.101214208 -1443.626109383561
v 216580.31711329 8958208.743519891 -1472.358884550161
v 216527.0947642769 8958241.890233334 -1413.97948978055
v 216485.9387121379 8958254.527300756 -1379.673827084415
v 216422.9383456918 8958234.224905811 -1361.237402374887
v 216445.252732335 8958265.243142202 -1347.110989465411
v 216360.5740700742 8958737.767546566 -885.776703924307
v 216328.0224411039 8958656.83853263 -937.0916206886998
v 216324.0014565756 8958702.319619065 -896.8502516176022
v 216369.2297039321 8958643.228790008 -969.1594389329866
v 216384.0684757392 8958617.690852929 -997.8648004205061
v 216423.0260193177 8958610.829553826 -1022.719129682899
v 216463.1625771965 8958643.855057525 -1014.354753250558
v 216485.9343981866 8958723.737171624 -959.8509500466862
v 216485.9343981866 8958674.363005642 -999.5666558793939
v 216454.3743763641 8958788.252897579 -891.6989342140503
v 216391.4403194445 8958771.016561247 -873.4955319491623
v 216415.4474476723 8958796.272104826 -864.7998691935099
v 216360.1133163107 8958786.452576833 -844.6770536272675
v 216400.4779634002 8958821.779442951 -835.7301502675689
v 216321.8034629911 8958752.119723694 -853.916677224172
v 216296.9462407023 8958672.103258852 -908.2170372744858
v 216272.8420545636 8958646.983366339 -917.1856117086659
v 216287.5198161279 8958621.872089863 -946.2089595709472
v 216328.632741734 8958611.719006782 -975.5769233892884
v 216296.9462407023 8958720.450967759 -867.4748743675982
v 216273.3356068349 8958689.515404183 -881.6484604790658
v 216359.9422931971 8958592.720242284 -1007.013764334629
v 216383.3149875567 8958575.5915413 -1033.771921098506
v 216423.6169029752 8958561.630774265 -1065.531020652422
v 216454.4363719392 8958593.431952532 -1052.270410490122
v 216478.1752539483 8958617.943630369 -1043.210239433567
v 216493.238075403 8958823.923571534 -882.2484015370167
v 216453.7081642502 8958837.545970771 -850.0290166666539
v 216926.6210007564 8956384.431896079 -2079.879916656182
v 216957.7722902374 8956421.844541864 -2074.214848014187
v 217021.0400065993 8956428.968734244 -2079.76781085155
v 216898.2966745805 8956334.732635235 -2088.584875102717
v 216927.1096670187 8956292.926639985 -2101.075924303004
v 217021.4008443919 8956271.75021179 -2116.003798681096
v 217083.6344086275 8956288.597441055 -2119.908247044307
v 217115.894923134 8956317.47261543 -2117.181266413376
v 217139.8960264298 8956347.86725219 -2113.63321738084
v 217116.2422456568 8956381.826247919 -2102.904097297565
v 217086.7322658486 8956424.48888248 -2089.207826874526
v 216919.9498414673 8956435.871655904 -2067.239139791058
v 216895.4087394024 8956405.649426835 -2071.723270098066
v 216863.4328288286 8956377.725805076 -2075.732305240968
v 217014.5981542265 8956480.511057012 -2067.11548515505
v 216989.9028181445 8956449.41982232 -2070.948729677361
v 217052.1190718019 8956466.664056581 -2075.176371783048
v 216958.8066011616 8956470.216545746 -2063.457447382377
v 216832.1867207213 8956339.636118013 -2081.723019257835
v 216862.5388056229 8956295.243593341 -2094.246867741658
v 216895.7973288264 8956247.493450347 -2108.418275817766
v 216951.5564129089 8956257.694973849 -2111.633631184791
v 217178.3435521775 8956340.27960721 -2120.882083525486
v 217179.8315540655 8956387.830641272 -2110.545503803603
v 217142.1595616347 8956429.027279194 -2096.092255631541
v 217115.5571781977 8956473.091442741 -2082.865763277875
v 216176.9181930325 8957132.692746205 -1765.798612858384
v 215797.0241296441 8956693.680499308 -1777.444950341832
v 215761.479794497 8956715.676943628 -1758.121684192873
v 215672.2140471778 8956598.87597152 -1767.561542599846
v 215693.655446463 8956562.215063913 -1787.876993449634
v 215737.3453071593 8956551.643879473 -1806.399682981067
v 215761.479794497 8956582.859273097 -1803.48375729069
v 215786.0211296257 8956614.744799009 -1800.662594224075
v 215818.8672619452 8956657.566962289 -1797.033311706331
v 215786.1976129696 8956748.235429782 -1755.723896231953
v 215831.267815086 8956737.433015499 -1774.406221465066
v 215857.8827174345 8956698.590212012 -1796.471480353952
v 215634.2581011227 8956563.710268661 -1766.833154085503
v 215664.99345529 8956518.584783316 -1793.681651446191
v 215704.3519571397 8956509.070773328 -1810.486219899791
v 215761.6152739392 8956517.172341347 -1826.600744420547
v 215796.2335801679 8956560.327749912 -1822.900579504946
v 215830.9481882606 8956604.010967068 -1819.357229017546
v 215854.7605381078 8956652.862180866 -1810.859358254693
v 215310.4076593406 8956924.780589288 -1431.703382302475
v 215320.533881029 8956872.32710417 -1474.129132671244
v 215357.932809789 8956869.03552708 -1511.070104892569
v 215453.3820571946 8957002.315332443 -1510.842997988921
v 215401.0738535932 8957060.424403151 -1433.336288098066
v 215445.558761455 8957050.190145589 -1476.317284948371
v 215327.5996931688 8956996.094980175 -1404.880639085311
v 215358.57903493 8957041.635941591 -1406.610195229703
v 215304.9399822535 8956962.07737525 -1402.908704657359
v 215328.6781732761 8957045.486978928 -1375.848948794428
v 215389.9102399741 8957086.6285096 -1407.293748140225
v 215358.9432528214 8957091.014478527 -1376.734166611835
v 215299.232019479 8956999.323588865 -1374.391725391467
v 215281.6233778797 8956878.428621048 -1430.165283402076
v 215274.6709104986 8956924.303522494 -1393.84660718804
v 215270.5664282098 8956952.502717977 -1372.337324620707
v 215289.5530690433 8956829.572013624 -1469.095392433176
v 215327.4731909059 8956823.696039591 -1510.337551350297
v 215358.552768907 8956819.106669802 -1540.477556463399
v 215486.6722780916 8957045.849297132 -1510.003526007623
v 215432.874024459 8957104.545483779 -1432.946702127498
v 215477.3242710759 8957095.133948375 -1473.734142751811
v 214822.4340193349 8957006.65365852 -883.1526529448884
v 214891.6986463777 8957042.038676485 -928.2015189158174
v 214850.4685098153 8957054.209025377 -887.5118599327461
v 214803.1117348885 8956923.057149477 -901.3296050475847
v 214797.0216413303 8956953.457488894 -884.1362176899238
v 214819.0419990957 8956876.000768242 -932.7584968632118
v 214860.5621909878 8956867.553122934 -969.6609865952071
v 214939.0779419765 8957006.823683878 -984.4683942418637
v 214904.4920241414 8956884.002603734 -1000.254148386439
v 214924.6661459208 8956917.532439344 -1005.253467367379
v 214952.9669896165 8956953.982457135 -1018.042317014468
v 214927.7059620623 8957051.167247064 -956.4095822458303
v 214916.2351793218 8957095.921706785 -928.1691358393975
v 214879.1638329352 8957095.780997427 -895.400212064151
v 214835.0171579446 8957105.18395564 -853.7411752267558
v 214808.2075761184 8957057.174106907 -850.9958690320334
v 214784.1734194334 8957006.744613664 -851.8866600439092
v 214774.3486880558 8956880.388463439 -896.5612246376666
v 214759.5516156945 8956908.371845093 -873.2405938521445
v 214753.7914677983 8956962.383620989 -846.114927271542
v 214786.4360592305 8956828.584616134 -927.5116078809692
v 214823.3646661408 8956818.062733196 -959.9558159994294
v 214867.0414682769 8956837.482763181 -986.8781479286595
v 214963.346542366 8957059.336805293 -986.4226352917544
v 214973.9509553578 8957006.741714263 -1017.366911464715
v 214956.3909913904 8957089.127017742 -967.7495594192073
v 214909.6473647419 8956826.804342644 -1026.549901677747
v 214936.1633698494 8956873.495266309 -1032.705281665131
v 214960.4824368657 8956924.20198527 -1036.58580310881
v 214988.3993893338 8956962.07737525 -1048.755857879677
v 214139.7374651211 8955403.004618505 -957.1419196674369
v 214187.4551002056 8955894.295829408 -930.627946579229
v 214249.1662859012 8955936.723972531 -983.2377640684713
v 214211.7590627786 8955938.768459668 -943.471420009183
v 214180.3340632352 8955806.075876568 -942.503502926455
v 214167.3516175515 8955841.201951185 -923.0347966752106
v 214198.0783618389 8955752.371971801 -968.2480840405819
v 214234.4446068563 8955759.364105761 -1001.385538999992
v 214285.5024296837 8955939.73848612 -1020.905569818108
v 214298.1005950068 8955892.998913482 -1044.99718495235
v 214273.1188757491 8955758.582296014 -1037.937210446493
v 214300.5868308225 8955803.909041667 -1060.833806253622
v 214312.7214078713 8955848.632974276 -1067.645615041679
v 214235.6127377725 8955982.088785296 -955.1886165086712
v 214269.1090510235 8955991.938541828 -987.7547509933747
v 214173.7855936395 8955944.393375732 -902.9855919058837
v 214207.7329574609 8955982.088785296 -926.3731909513244
v 214150.321005562 8955890.80120411 -894.2487920607427
v 214134.469392153 8955803.909041667 -899.1464306089954
v 214160.4771345025 8955761.000499908 -931.4858751142083
v 214128.9958762155 8955847.075709328 -884.0115685445357
v 214165.6819479541 8955714.819169855 -943.6403910139711
v 214210.8614458446 8955713.277842807 -984.8293294066636
v 214250.6307894826 8955715.14814692 -1020.891881061953
v 214332.6776980371 8955899.882004444 -1080.666038983095
v 214321.7213935767 8955929.152684599 -1062.67364703223
v 214307.1292898306 8955982.878516709 -1031.78838309844
v 214311.0941373124 8955758.993403465 -1073.850590888912
v 214329.8537624865 8955803.909041667 -1089.181296668347
v 214291.3297625328 8955708.228811443 -1058.304044007303
v 214351.6642214464 8955849.825019641 -1107.427096804123
v 219101.2817774828 8958068.245681241 -1598.774038132172
v 219134.8170048904 8958038.067564601 -1612.246750307937
v 219163.2666292132 8958008.583388908 -1625.590180448867
v 219191.4617331247 8957978.989986835 -1638.818419380478
v 219075.7149961166 8958037.879833777 -1620.159790197457
v 219100.2705767184 8958013.790125445 -1630.796916985283
v 219132.3668155732 8957984.670443583 -1643.184631388988
v 219225.6938449242 8957944.528690787 -1653.639075639089
v 219162.6943688484 8957945.237119745 -1661.250118331871
v 219288.2418559509 8957941.769154273 -1647.474446949202
v 219320.75676045 8957967.60211488 -1629.153842327633
v 219354.9968490247 8957992.684454042 -1610.986990172923
v 219384.5227706039 8958027.334634077 -1587.675596857571
v 219068.772550471 8958100.30837748 -1583.680361299579
v 219036.5442786479 8958075.536615293 -1603.032898112379
v 219603.5596245261 8958079.979511712 -1532.464556339542
v 217557.314441488 8958476.373980228 -1515.140377664543
v 217525.3692643498 8958454.877009805 -1537.344570461109
v 217767.268559684 8958776.88370724 -1146.073303155955
v 217807.9200139989 8958749.558050273 -1164.677297707698
v 217462.3732118551 8959302.172667418 -691.9326636074652
v 217430.8974555483 8959280.269975007 -714.5967707942459
v 217462.3732118551 8959258.60058625 -737.4504542547893
v 217493.8038927523 8959236.409964774 -759.7972512323568
v 217619.9632440089 8959232.484617507 -755.864408582406
v 217525.3692643498 8959213.726704026 -781.6664438428293
v 217560.6144417222 8959190.283695951 -802.7419796998604
v 217588.3653168446 8959211.364561366 -779.3043011831533
v 217683.0364650627 8959275.564789396 -709.9238247655967
v 217651.3613693393 8959253.934654864 -732.7845228678671
v 217430.8927544492 8959323.676258994 -668.8955827881127
v 217399.3771593604 8959301.527454143 -691.2874503325784
v 217362.9629312208 8959279.199754592 -713.5255255289096
v 217399.3771593604 8959258.450004481 -737.2998724848253
v 217430.8706172602 8959237.025385475 -760.4800181069363
v 217462.3732118551 8959215.198588999 -783.1383288162192
v 217493.7187976004 8959192.777491428 -805.2733067932352
v 217620.0511373901 8959187.316366537 -799.776039812456
v 217525.3692643498 8959169.83424058 -826.8638522116587
v 217560.5511027317 8959146.014261767 -847.559096651436
v 217588.3653168446 8959166.65398263 -823.6835942624077
v 217683.2025594773 8959229.612453831 -753.1036986797346
v 217651.3613693393 8959208.371353272 -776.3110930905359
v 217714.3574218341 8959297.596335128 -687.3563313172554
v 217746.1992546408 8959273.157797983 -707.7074047137753
v 217714.3574218341 8959251.376378542 -730.2262465455933
v 217617.9339351806 8958563.838354718 -1423.671087441331
v 217588.3653168446 8958544.635870317 -1448.923687344437
v 217903.3455793183 8958807.986979082 -1088.645693413067
v 217935.1502258084 8958829.727339981 -1065.948525216901
v 217869.7260702999 8958787.385664525 -1112.560210891599
v 217903.3455793183 8958763.481064985 -1133.229651128106
v 217871.9421022201 8958744.059610741 -1158.031089121546
v 217903.3455793183 8958720.854976503 -1179.693434461992
v 217840.3495268236 8958811.706024393 -1092.36473872319
v 217871.5110621868 8958833.330368252 -1068.373327501881
v 217840.3495268236 8958767.408195429 -1137.156781573207
v 217903.3455793183 8958854.527933264 -1046.096775780982
v 217933.4328957813 8958878.10414234 -1023.120377580581
v 217966.341631813 8958852.239921959 -1043.808764475783
v 217840.3495268236 8958725.501197908 -1184.339655866773
v 217871.5848553482 8958702.161847422 -1205.968195832164
v 217903.3455793183 8958679.343063673 -1227.271393446222
v 217934.7284601342 8958656.591972604 -1249.297786045231
v 217997.9992690782 8958875.013814857 -1022.211288958967
v 217840.3495268236 8958858.614084298 -1050.182926813598
v 217811.1871366225 8958710.581918156 -1209.550284335076
v 217871.6269334198 8958880.652755259 -1027.119370594275
v 217840.3495268236 8958907.062303297 -1009.541273999336
v 217815.9770884025 8958928.391155582 -996.4022933208898
v 219320.75676045 8959167.970270524 -780.454946249215
v 219257.7607079553 8959118.380082335 -819.9546298740172
v 219226.3869857771 8959092.950250274 -840.2901111775163
v 219257.7607079553 8959068.511230441 -859.1756497938979
v 219281.5259235356 8959049.475592084 -873.7491016237664
v 219320.6767741613 8959059.784314947 -864.9745750642446
v 219320.6839235603 8959018.680481229 -897.0288578443424
v 219352.2547866974 8959042.598367469 -877.8077227291546
v 219383.6621949288 8959059.575390421 -863.9810599566124
v 219383.7528129448 8959117.523356874 -819.0979044114413
v 219415.4520062029 8959091.191355016 -838.9626762441712
v 219415.2986832172 8959145.758265797 -796.7267841485136
v 219352.2651180811 8959193.216044037 -760.4361446543683
v 219383.7528129448 8959167.640279522 -780.1249552480508
v 219163.2820359191 8959145.447756272 -799.1351802182878
v 219194.7646554605 8959118.672779281 -820.2473268188378
v 219163.3711126441 8959093.325271903 -840.5679821535969
v 219194.7646554605 8959068.954862323 -859.6192816763266
v 219226.4090045863 8959051.737325318 -872.7586920656324
v 219257.6970271732 8959019.434493374 -897.6851499074903
v 219383.6760177129 8959017.820423542 -896.2948121579188
v 219289.2587342027 8958993.243031595 -917.5422586689331
v 219320.7451479785 8958966.178404352 -937.8112623552024
v 219352.2547866974 8958992.406418903 -916.7056459760565
v 219415.2508391921 8959041.847052036 -877.0564072970199
v 219446.6511898416 8959059.337836018 -862.8628596946749
v 219446.7488654395 8959116.965094281 -818.5396418194737
v 219478.4803318352 8959090.402674161 -838.3674090948562
v 219478.3220358758 8959141.479614472 -799.1149753572315
v 219415.2532164661 8959192.88663109 -760.1541225682686
v 219446.7488654395 8959167.225943163 -779.7106188879288
v 219383.7528129448 8959217.70464425 -741.0994481602534
v 218753.7922879973 8959167.045376921 -779.5300526471606
v 218690.7962355026 8959117.712443991 -819.286991529857
v 218659.2920740729 8959092.540949142 -839.668830455372
v 218690.7962355026 8959068.959458441 -859.6238777928738
v 218722.2989152151 8959052.051411871 -873.8719843683689
v 218753.7922879973 8959069.288030967 -859.9524503201867
v 218785.3102466513 8959052.130144021 -874.2717013676188
v 218753.9206083553 8959021.355484892 -899.6360085826541
v 218816.7883404921 8959118.461931266 -820.0364788053196
v 218848.3166850523 8959093.573215624 -840.6268516978334
v 218816.7883404921 8959069.533344368 -860.1977637197328
v 218848.2929311968 8959146.043442946 -797.7246875525798
v 218785.3482748427 8959191.985755721 -759.5001272643508
v 218816.7883404921 8959167.46504768 -779.9497234057246
v 218596.3002760513 8959141.107475311 -798.6161956115589
v 218627.8001830078 8959117.25271949 -818.8272670284709
v 218596.2868563616 8959092.060711278 -839.2359267239801
v 218627.8001830078 8959068.56085665 -859.2252760020801
v 218659.2889632334 8959051.944109559 -873.342047056728
v 218690.9474527267 8959021.090783669 -899.4399198653782
v 218816.8902628758 8959021.517682187 -899.7372763448652
v 218722.29426175 8958996.175049812 -920.4742768843648
v 218753.8634913126 8958972.393987035 -940.4135128864291
v 218785.2903142447 8958996.2866979 -920.5859249735558
v 218848.3223451518 8959052.177120339 -874.5258757398472
v 218879.7843929868 8959118.724560553 -820.2991080920995
v 218911.3257647445 8959093.736292224 -840.7927032337589
v 218879.7843929868 8959069.68646848 -860.3508878329217
v 218911.2903149141 8959145.790233593 -798.4352470246083
v 218848.3489339508 8959192.458406916 -759.8927342151574
v 218879.7843929868 8959167.819715125 -780.3043908503219
v 218816.7883404921 8959216.529838964 -739.9246428759939
v 220265.6975478712 8958681.293953471 -1095.587475522803
v 220237.6607976308 8958654.94914506 -1114.877868740367
v 220265.6975478712 8958627.627752064 -1131.011145927704
v 220297.641435654 8958606.625681834 -1142.573934439159
v 220328.6936003659 8958625.07129102 -1128.454684884042
v 220352.7284993313 8958603.507524822 -1140.881398772947
v 220391.2712108191 8958614.330668302 -1131.213412967903
v 220328.3180768882 8958572.251398852 -1162.761105016167
v 220391.6896528607 8958676.427480403 -1090.721002454405
v 220423.0487779994 8958699.930941543 -1073.300656341997
v 220329.1157029255 8958740.062447296 -1052.514255483089
v 220383.9545412153 8958736.999325786 -1051.263876225677
v 220297.1955741186 8958760.261422962 -1040.920137291521
v 220328.8504730025 8958788.068334827 -1020.36679069352
v 220262.1971416288 8958736.276674673 -1059.133360350846
v 220360.1916266133 8958758.019674225 -1038.678388554327
v 220233.8901654519 8958702.627940821 -1083.385209615725
v 220202.7014953764 8958683.714048237 -1098.007570288828
v 220171.0274053339 8958655.417303834 -1118.924928180081
v 220202.7014953764 8958630.17961753 -1133.563011394092
v 220231.0623097366 8958603.381421028 -1149.281232072297
v 220265.1260325768 8958575.506638143 -1165.075473162134
v 220297.1955741186 8958545.302825507 -1182.321027093402
v 220422.8260989374 8958747.837445641 -1041.683198858822
v 220454.6857053554 8958727.798194699 -1053.001844936698
v 220392.032906284 8958782.641520932 -1020.348743786598
v 220234.1995216238 8958762.487897184 -1043.146611512537
v 220263.8730162159 8958788.374963107 -1023.916292282521
v 220203.2010155577 8958735.675169233 -1063.100761701626
v 220170.8137807354 8958703.40959144 -1086.813501671099
v 219730.4153202456 8959138.17944273 -796.5442585827464
v 219730.4644413451 8959096.153404968 -827.97139173032
v 219761.5921777296 8959062.8027824 -851.9291196666341
v 219887.6261450067 8959060.154826147 -849.8146219315843
v 219793.2271541606 8959035.733155899 -870.9425111588364
v 219824.7923883736 8959011.387400888 -887.7240877720399
v 219856.2232066554 8959034.484716602 -869.6940718625196
v 219919.2192591501 8959084.691715311 -830.8111987576731
v 219954.5359700789 8959108.184762832 -812.4977409755827
v 219919.5256480401 8959134.82619912 -794.0019257475387
v 219887.7212329027 8959162.207393678 -774.6920694039811
v 219698.7330754185 8959164.781154634 -777.2658303598737
v 219667.3861501657 8959139.136045851 -797.2813869189597
v 219698.7330754185 8959113.944960309 -815.5195078470169
v 219667.4425360126 8959096.478025356 -829.3921723917665
v 219698.5826148234 8959064.008572612 -852.9117882751143
v 219730.2311016658 8959036.922521921 -872.1318771806448
v 219758.6733669934 8959011.20720006 -890.2136510499167
v 219887.843109691 8959011.490090936 -885.3165361279825
v 219793.2271541606 8958984.386624707 -908.685851780891
v 219825.1398314216 8958956.621112941 -927.6924342292082
v 219856.2232066554 8958982.9854939 -907.2847209735928
v 219950.6612750721 8959055.479572169 -851.0349842527967
v 219919.2192591501 8959033.180746721 -868.3901019810835
v 219982.419380918 8959141.518660698 -787.2182268922861
v 220013.4921342525 8959109.940303518 -809.2997500771362
v 219982.2153116448 8959083.476956215 -829.5964396612549
v 219919.2762826341 8959189.681719061 -753.5363936788838
v 219950.7172853975 8959161.225165492 -773.7098412170615
v 220706.8204156898 8959407.049838474 -575.2719708020045
v 220738.1679415817 8959381.152183153 -592.7324357146549
v 220761.9877582898 8959360.984588182 -606.2511485845084
v 220643.7681234883 8959412.188064344 -573.308641375917
v 220675.171889087 8959382.218420547 -593.7986731077565
v 220706.9015953544 8959363.536029564 -606.0837035731163
v 220738.0094376194 8959329.90840075 -628.8485165477277
v 220769.6659678291 8959302.092774726 -647.3078350091823
v 219541.2429441816 8959442.865295427 -565.3556761742661
v 219572.7832369213 8959418.498434164 -584.3142761896142
v 219604.2389966764 8959392.688809132 -604.2690616945551
v 219982.2153116448 8959441.775620116 -564.2660008628404
v 219478.2468916869 8959442.747513425 -565.2378941718757
v 219509.7982786783 8959418.450215258 -584.293777009013
v 219541.2429441816 8959392.747096252 -604.3273488134669
v 219572.741617348 8959367.466325715 -623.8481122796013
v 219604.2389966764 8959342.399738347 -643.0698627233432
v 220013.693114856 8959416.673369143 -582.7337872049338
v 219982.2153116448 8959390.895401075 -602.4756536381938
v 220045.2113641396 8959441.362086715 -563.8524674623177
v 220108.2074166343 8959440.889031826 -563.3794125723018
v 220139.6855521097 8959411.570360044 -584.679512068079
v 220171.2034691291 8959389.150452567 -600.7307051300013
v 220076.686264921 8959416.117760412 -582.2824564076473
v 220108.2074166343 8959389.789817095 -601.3700696573123
v 220139.8030459664 8959363.349431098 -620.3567941121905
v 220171.2034691291 8959337.838828668 -638.5089530424707
v 220580.7432376511 8959412.18774296 -574.9414344741763
v 220549.1797840975 8959384.227927526 -595.8081800884795
v 220013.7612830765 8959368.011071388 -619.1047329084754
v 219982.2153116448 8959339.921991788 -640.5921161633
v 219509.7463325508 8959367.434605982 -624.0082620836874
v 219541.2429441816 8959342.569550868 -643.239675243391
v 219572.8197946344 8959316.696181266 -663.0574635072808
v 219604.2389966764 8959292.04344755 -681.8034437409906
v 220013.9341102163 8959312.827307751 -660.1669184513348
v 220045.2113641396 8959390.372100778 -601.9523533390113
v 220076.7728215577 8959368.072130546 -618.0076326294779
v 220045.2113641396 8959339.285043944 -639.9551683187769
v 220552.9519262579 8959330.755884845 -633.9135047412087
v 220580.8617164589 8959364.253268713 -609.2084879076033
v 220108.2074166343 8959338.590085221 -639.2602095973364
v 220139.8695537562 8959319.490064012 -652.6323690100492
v 220611.9690027633 8959332.545286326 -630.8857752258068
v 220580.6778103449 8959305.681570916 -650.8966311970382
v 220643.8811254611 8959363.901427034 -607.673780795684
v 220612.1758365923 8959383.244310196 -594.8245627592762
v 220674.9876296481 8959331.252892232 -629.8826383811465
v 220706.6699153344 8959303.326721536 -648.541781819225
v 220738.2376615506 8959278.362581572 -664.9596715238035
v 220769.6659678291 8959249.58952369 -683.8944557865138
v 220801.4338151511 8959230.106613928 -696.1977518690351
v 220675.1950460387 8959278.406899346 -667.0843939805341
v 220706.6699153344 8959250.923634471 -685.2285665680313
v 220738.4034234294 8959230.573810825 -698.2258561364224
v 220769.3987823686 8959198.333928661 -719.3909371305917
v 219572.841850841 8959274.61638055 -695.4360097085118
v 219604.2011118457 8959242.578022322 -719.7157967845601
v 219635.7370229237 8959216.110242927 -739.5050468376489
v 219667.2280481639 8959189.029744767 -759.5415026610394
v 219982.1596030637 8959238.222277202 -716.1186619507471
v 219950.7172853975 8959212.498708995 -735.8935129060001
v 220013.7133378922 8959262.876052087 -697.1809841849999
v 220045.1211811883 8959281.641489383 -682.5896236164554
v 219509.8111881002 8959316.924488701 -663.2211132850089
v 219541.2429441816 8959292.330958935 -682.0909551239743
v 219509.83110261 8959274.719992505 -695.8730293927058
v 219541.2187627489 8959243.016035659 -720.1019918232887
v 219572.740970429 8959216.624814352 -740.0196182620773
v 219604.2310364551 8959188.818762869 -760.7960178407425
v 219635.7370229237 8959165.50440109 -777.9890768142702
v 219982.3022583988 8959189.77669353 -751.830247598089
v 220045.1723984882 8959233.512481509 -718.0535476407217
v 220013.7133378922 8959211.587533697 -734.9823376080094
v 220076.7093903869 8959262.032649236 -696.3375813331534
v 220108.0567427933 8959288.576835198 -676.0844054894037
v 220072.9163481893 8959315.033337587 -657.3716927411717
v 220139.7054428817 8959261.134300318 -695.4392324137411
v 220171.1879276957 8959233.790618561 -714.5236411485332
v 220202.7014953764 8959208.529886315 -731.9246902257528
v 220234.4839404699 8959180.935268793 -750.8101687561516
v 220265.5177653807 8959148.356709283 -773.0824741322597
v 220297.1955741186 8959128.843063021 -785.8726746529078
v 220328.6467448022 8959100.27295891 -804.9110996574245
v 220360.1916266133 8959127.477130203 -784.506741833495
v 220394.1009439985 8959100.247539623 -802.3729696352962
v 220454.4697158261 8959152.688039789 -763.2050413831316
v 220423.187679108 8959126.071583981 -783.1011956123225
v 220486.4680605024 8959185.217051737 -739.125624718693
v 220549.4289005934 8959226.989418115 -707.5131854374608
v 220525.4210438326 8959195.9054642 -730.2452713108491
v 220616.5033886358 8959278.426250517 -669.0223974694777
v 220580.6778103449 8959253.484582134 -687.7895142305767
v 220108.1787631836 8959233.671229485 -716.3150706801227
v 220139.7054428817 8959209.600772856 -732.9955767670504
v 220171.4375430001 8959182.294093067 -751.8285990486399
v 220202.5050128133 8959148.770295031 -774.9440762027464
v 220234.1995216238 8959130.167197816 -787.1968094475928
v 220265.6168613417 8959100.240371408 -807.3397031543509
v 220297.1955741186 8959076.677704431 -822.7971878777112
v 220328.993352359 8959048.755841056 -841.1287185685028
v 220360.1916266133 8959075.191065233 -821.3105486787226
v 220392.0711902275 8959046.894169414 -839.7587690696214
v 220454.732149609 8959100.204744056 -799.9732799051683
v 220423.187679108 8959073.667570524 -819.787053969002
v 220517.5072729256 8959151.060667545 -761.961773059448
v 220486.1837316028 8959124.628483729 -781.6580953616058
v 220549.1797840975 8959175.635241294 -743.5749811129865
v 220580.4624934268 8959193.267988306 -730.0526616318377
v 220612.4836731499 8959225.452408558 -706.3779951939621
v 220643.6738628396 8959304.523598524 -649.7386588066254
v 220643.6738628396 8959252.222478539 -686.527410634628
v 219667.9596319111 8958832.954718551 -1024.752166812033
v 219635.7370229237 8958808.243029796 -1044.356808219509
v 219604.5543636817 8958782.66620989 -1064.603327906232
v 219572.740970429 8958758.634533057 -1083.838183294442
v 219537.5854825884 8958735.815625586 -1102.455277397823
v 219730.036620756 8958883.761536749 -984.8164853968856
v 219698.7330754185 8958858.002567496 -1005.026474104381
v 219761.7291279132 8958856.26535482 -1003.289261428043
v 219509.4471244603 8958702.616256751 -1128.260367641294
v 219541.2429441816 8958682.255085863 -1141.093543821772
v 219574.1450394779 8958654.782105949 -1158.71921384115
v 219604.2389966764 8958627.877618685 -1175.805948457627
v 219632.1633847074 8958602.271871446 -1191.886467447718
v 219666.7534210382 8958574.119569365 -1208.954999239541
v 219698.7330754185 8958545.020606868 -1226.583744360497
v 219730.554312738 8958520.658257518 -1240.702594559689
v 219761.7291279132 8958542.183520302 -1223.746657796062
v 219793.8813409278 8958512.711660294 -1241.148877098369
v 219852.6907093719 8958565.573142752 -1201.180757197892
v 219824.725180408 8958539.34653068 -1220.909668172961
v 219918.9108364263 8958616.002929423 -1162.367439710711
v 219887.7212329027 8958589.804216471 -1182.277482148929
v 219950.7172853975 8958640.322358916 -1143.705752779528
v 219981.8565023774 8958658.392303033 -1129.353090643941
v 219950.6277198022 8958744.039622897 -1072.539377017064
v 219982.2153116448 8958718.512265569 -1088.260851712487
v 220010.5411469737 8958692.382843753 -1104.402239742767
v 219887.3832345184 8958792.450913899 -1042.302102075038
v 219919.2192591501 8958773.317119732 -1053.975834062168
v 219856.5588696507 8958826.680186909 -1019.743448123141
v 219793.0897549272 8958881.850029048 -983.3183917314136
v 219824.725180408 8958854.482414527 -1001.506321136487
v 219604.1833468886 8958832.74564633 -1027.974648146633
v 219572.740970429 8958810.066350119 -1046.180128541856
v 219541.4054479629 8958788.909501703 -1063.305741048281
v 219509.7449179343 8958760.608585635 -1085.812235871492
v 219478.7602956031 8958734.788490301 -1106.503803612243
v 219635.7370229237 8958859.69005302 -1006.713959629426
v 219666.9885854529 8958885.599186156 -986.2780527450041
v 219691.2469798051 8958915.760212654 -963.1073095036493
v 219729.9759417709 8958926.172538135 -953.8101993311643
v 219761.7291279132 8958907.901213581 -965.8352483751883
v 219446.3820608734 8958703.330177817 -1131.502170368618
v 219478.2468916869 8958684.526731523 -1143.365189480223
v 219509.6225563084 8958654.663477011 -1163.0100552185
v 219541.2429441816 8958630.39150136 -1178.319831131413
v 219573.3362373027 8958601.82354456 -1196.351537902411
v 219603.8684778712 8958568.979581885 -1217.154161919096
v 219635.7370229237 8958547.856166508 -1229.41930400199
v 219663.8512633786 8958521.056915306 -1245.657278881389
v 219698.7330754185 8958491.961999269 -1262.615008576616
v 219723.0968457474 8958470.181178449 -1275.289762186579
v 219761.2203762396 8958480.718222829 -1265.116276134814
v 219828.286342953 8958484.36889915 -1257.358886379751
v 219856.6889494741 8958517.839315113 -1232.867223990763
v 219919.5092359918 8958565.118221333 -1196.589885508055
v 219887.7212329027 8958536.511004891 -1218.074142384749
v 219982.0979321656 8958610.602629647 -1161.64408687104
v 219950.7172853975 8958587.130254155 -1179.60351983351
v 220013.7133378922 8958637.79894419 -1141.182338055476
v 220044.687445306 8958664.800706206 -1120.907101632338
v 220013.345641377 8958743.869369151 -1068.946468614405
v 220077.130174373 8958695.726653272 -1097.889352092676
v 220045.2113641396 8958716.214892775 -1085.963478919814
v 219950.4386429096 8958791.776525486 -1039.292565034536
v 219982.2153116448 8958771.198489876 -1051.857204206777
v 219919.6749513402 8958824.402872829 -1018.050796743904
v 219856.1600526249 8958877.452606097 -983.510504183266
v 219887.7212329027 8958852.657426486 -999.6813330941809
v 219793.0003119871 8958925.670056701 -951.5278927300342
v 219824.725180408 8958906.285488715 -964.2195235111817
v 218438.8048571761 8959409.016642006 -576.4472983170704
v 218470.310051771 8959385.055034705 -596.6352872672614
v 218375.8164088786 8959408.567029236 -576.0479776043953
v 218407.3139992763 8959384.606232958 -596.1864855204469
v 218438.7895308862 8959359.762828302 -616.9352176152065
v 218470.310051771 8959336.109138589 -636.7792629649657
v 218879.8244298414 8959410.918275852 -583.129988065981
v 218848.2863667395 8959388.867710805 -600.4479633673536
v 219005.8510825282 8959415.353016779 -581.8334860043938
v 219037.2745242237 8959390.654053643 -602.2343062045593
v 219415.2508391921 8959442.559587335 -565.0499680832088
v 218942.8329546975 8959410.534456823 -584.6121132085334
v 218974.2784717289 8959390.1029363 -601.6831888611782
v 219005.7717960865 8959368.682888072 -619.4010962975867
v 219037.2745242237 8959341.257383157 -641.9275075327109
v 219446.8125847316 8959418.323235756 -584.2080749637912
v 219415.2508391921 8959392.647026857 -604.2272794198911
v 217367.6662725564 8959408.841686865 -575.6474329388016
v 217399.3771593604 8959388.17614823 -599.7564007928058
v 217304.3269268845 8959405.941618858 -572.4917487085982
v 217336.3811068656 8959385.790650887 -597.370903449251
v 217367.7658847824 8959365.531877037 -621.4991621892964
v 217399.3771593604 8959344.776910802 -645.4470351775531
v 217808.8603326323 8959413.164717028 -577.3177288717577
v 217777.3534743288 8959388.828026546 -600.4082791085716
v 217871.8750894947 8959414.604906034 -574.5731697292392
v 217903.3455793183 8959386.847678553 -598.4279311147752
v 217840.3495268236 8959387.835661538 -599.4159141000353
v 217871.9957919005 8959363.532737141 -619.9456845808011
v 217903.3455793183 8959339.359378023 -640.0295023982549
v 218312.8321168738 8959408.253387759 -575.7630283390195
v 218281.3218942868 8959384.091212459 -595.671465020393
v 217746.018335913 8959319.710758163 -665.0560269706025
v 217808.9531363468 8959364.843136286 -621.1135941941061
v 217777.3534743288 8959342.272512378 -642.9426367526466
v 217304.4985528875 8959362.944784045 -618.6654462947879
v 217336.3811068656 8959342.748824032 -643.4189484070603
v 217372.0448386116 8959320.079287188 -670.1549414793521
v 217809.1098981158 8959317.851725893 -663.3849406574345
v 217777.3534743288 8959295.569211602 -685.3292077917076
v 217840.3495268236 8959340.783458926 -641.4535833002026
v 218273.4654051284 8959329.130556233 -640.9114341276397
v 218312.8493448884 8959359.138138641 -616.3615531829546
v 217872.1791953011 8959316.002809955 -661.7852086395651
v 217903.3455793183 8959291.666758342 -681.4267545312255
v 218312.8506415334 8959318.936107183 -649.3847023043475
v 218344.3179467815 8959384.276206402 -595.8564589642137
v 218375.8152804163 8959359.373575343 -616.5846124540717
v 218344.3179467815 8959335.419505043 -636.0896294172724
v 218879.7669851083 8959364.303392075 -620.8946827316686
v 218848.2863667395 8959339.675149502 -640.3452738773681
v 218407.3139992763 8959335.699646311 -636.3697706864195
v 218438.7849457742 8959319.108270995 -650.2112647664962
v 218879.7353750936 8959314.661613259 -661.1045207988645
v 218911.2824192342 8959389.504369849 -601.0846224116938
v 218942.7695697688 8959364.93917702 -621.4434088293347
v 218911.2824192342 8959340.250771103 -640.920895479007
v 219446.7506214702 8959367.428400831 -624.0187864613508
v 219415.2508391921 8959342.68660114 -643.3567255141047
v 218974.2784717289 8959340.781211356 -641.4513357308936
v 219005.7548679185 8959315.716359114 -662.037070475302
v 219037.2745242237 8959291.852628473 -681.612624662203
v 219446.8037429675 8959317.067588646 -663.3165352645524
v 219415.2508391921 8959292.678223057 -682.4382192469334
v 219478.2468916869 8959392.733341334 -604.3135938961095
v 219478.2468916869 8959342.665511239 -643.3356356148522
v 218407.4525738541 8959287.523489485 -675.8497012066373
v 218438.8120255236 8959262.448515808 -696.753447904794
v 218470.4062507238 8959238.567049062 -716.6674291922254
v 218501.8080780184 8959213.937438037 -737.3322419483438
v 218533.3145995693 8959189.033328684 -758.1842225221935
v 218564.8041305131 8959165.551729091 -778.0364048149595
v 218848.4408024062 8959242.032050414 -719.5726883238349
v 218887.6392954299 8959272.278675385 -695.4750979167438
v 218375.8134568034 8959318.996990118 -649.6828586291253
v 218344.4209946806 8959287.248160591 -675.6152706157109
v 218375.8159730289 8959262.129169237 -696.4341013341923
v 218407.3912844308 8959238.148765286 -716.3108780178723
v 218438.8120255236 8959213.502452651 -736.8972565615111
v 218472.3169361348 8959189.399267592 -757.0388935545864
v 218501.8080780184 8959165.052903954 -777.5375796785061
v 218533.3043150633 8959140.565765934 -798.1409251979042
v 218564.8041305131 8959116.76286768 -818.3374152176448
v 218911.4312498876 8959242.526171124 -719.973147244958
v 218879.7843929868 8959216.963048032 -740.3578519429075
v 218942.740845905 8959274.47347251 -694.4579814170652
v 218911.2824192342 8959290.998666015 -680.7586622046501
v 218942.7453431344 8959315.218242483 -661.5958408663605
v 219005.751546637 8959274.602371734 -695.0798277254651
v 219037.3999039472 8959243.308235271 -720.58684470349
v 219068.772550471 8959217.851357799 -741.2461617106696
v 219100.3186751955 8959193.574721953 -760.7874400931905
v 219131.7686029658 8959168.434315534 -780.9189912599054
v 219415.2607684192 8959243.627890572 -720.6676407009963
v 219446.8209122372 8959274.797936983 -696.1949384864697
v 218974.2784717289 8959291.456685919 -681.2166821087285
v 218974.4174134933 8959242.954387737 -720.3134498508309
v 219005.7764979763 8959217.63085255 -741.0256564609763
v 219037.3301767832 8959193.426302899 -760.6764933853319
v 219068.772550471 8959168.410404086 -780.8950798107014
v 219100.2828799802 8959145.446329139 -799.2778975062761
v 219131.7686029658 8959118.8720107 -820.4465582385367
v 219478.2387896904 8959243.366484161 -720.4200825356804
v 219446.7488654395 8959217.424410589 -740.8192145000305
v 219478.2468916869 8959292.543071138 -682.3030673271228
v 217504.0607870992 8958977.746337654 -1036.048806880751
v 217463.0247999658 8958961.002339847 -1062.520533466633
v 217493.8712381025 8958937.39174068 -1084.415647288056
v 217525.3692643498 8958996.955309417 -1010.344408304645
v 217556.1801828843 8959015.060243038 -983.9195576382217
v 217462.6707327279 8958919.497422203 -1110.582724124513
v 217493.8712381025 8958895.997190187 -1132.110968610639
v 217588.3653168446 8959033.397809779 -957.6970368543532
v 217620.4989027113 8959052.119469067 -931.7724688874619
v 217651.3613693393 8959025.992666604 -950.2918936781057
v 217462.8615455635 8958878.658037739 -1157.593588086908
v 217493.8712381025 8958854.355837118 -1179.559487354261
v 217773.1904224999 8958963.051537594 -976.7492870150256
v 217713.0110557579 8959018.833831944 -942.2123270820139
v 217745.8554480814 8958990.631772693 -959.4759356739605
v 217674.339583329 8959046.174440352 -925.9032840701968
v 217430.8751856077 8958983.28425508 -1041.218289873864
v 217463.2893609974 8959002.654090349 -1014.815704974984
v 217399.4825801644 8958964.012395224 -1066.024510881605
v 217430.8751856077 8958942.000131447 -1089.024038056352
v 217496.3635538176 8959023.107902322 -986.8766538289447
v 217400.8028340118 8958923.520833082 -1112.922939657812
v 217430.8751856077 8958900.710100869 -1136.823879291944
v 217525.3692643498 8959039.616156016 -963.9153830890159
v 217561.1163911938 8959058.005012006 -937.7369180984424
v 217588.3653168446 8959077.601559846 -912.8109151050348
v 217620.3212261573 8959097.091017881 -887.6923930953458
v 217651.3613693393 8959071.548252719 -906.7576079781793
v 217399.1625678739 8958881.016954614 -1161.888494360837
v 217430.8751856077 8958859.081689538 -1184.285339774704
v 217466.6786111765 8958835.43041075 -1205.262109786642
v 217871.1427910792 8958929.900403244 -986.3763777273634
v 217903.3455793183 8958902.574568203 -1005.053538905011
v 217837.72141316 8958959.064621612 -967.4891443411502
v 217777.1454334161 8959011.369849758 -934.9400296122476
v 217808.8515005762 8958983.543447349 -952.3876103288653
v 217716.614745429 8959062.543379826 -902.2465645191587
v 217745.8554480814 8959038.288791055 -918.043082221986
v 217684.2438484742 8959091.109632982 -882.1089664394178
v 217872.4412352935 8959268.213896712 -703.4554998484334
v 217906.7280852747 8959241.522486385 -724.2498529721465
v 217934.8436055657 8959218.557947826 -741.9527517358324
v 217966.1745352723 8959193.592983363 -760.8535347892541
v 217997.8396580604 8959167.878074456 -780.3627501809972
v 218029.4741826172 8959142.290505236 -799.6255476830502
v 218155.4700633264 8959139.800157992 -797.476556000239
v 218060.8357105552 8959117.213465851 -818.7880133893025
v 218092.6656200369 8959091.368146883 -838.6652785089241
v 218123.8317630499 8959116.068256723 -817.6428042613793
v 218218.3386246381 8959189.878003035 -755.5914486975321
v 218186.8278155446 8959164.409113236 -776.8937889605368
v 218281.3593791538 8959237.814303832 -716.0213004903935
v 218249.8238680394 8959213.064830683 -736.4596345938685
v 218312.8199205341 8959261.968425781 -696.2733578775715
v 217840.3495268236 8959293.547008095 -683.3070042843128
v 217809.3465626611 8959270.644462774 -705.5022312608528
v 217847.9475907747 8959239.986400139 -729.5815532281988
v 217871.8475530709 8959220.947208516 -744.3420124279958
v 217902.9840904936 8959196.132102823 -763.0723478179439
v 217934.8436055657 8959170.102046434 -782.5867221600683
v 217965.3485659428 8959145.031102512 -801.1167382392664
v 217997.8396580604 8959118.962724721 -820.5372722588659
v 218029.734005146 8959092.906973301 -839.9814630906108
v 218155.5672078181 8959090.459477806 -837.877241950383
v 218068.6102452165 8959061.915571509 -863.5748432217586
v 218123.780169697 8959059.47856535 -863.8011269255749
v 218218.427720932 8959139.296755627 -797.041385741592
v 218186.8278155446 8959115.419754501 -816.9943020390515
v 218281.3327054495 8959190.017027475 -755.1640932235041
v 218249.8238680394 8959164.095177041 -776.5798527658503
v 218344.3759121243 8959237.880098615 -716.0804439752833
v 218312.8199205341 8959213.014078608 -736.408882519167
v 217430.8751856077 8958816.762303123 -1231.055825175379
v 217398.8946376318 8958796.321556402 -1255.304254412935
v 217674.6444848978 8958600.766920611 -1371.552448090259
v 217651.3613693393 8958581.708946902 -1396.906892116685
v 217713.0007461995 8958617.175631443 -1343.675462513664
v 217774.3176536808 8958651.802665057 -1288.535582433978
v 217745.8554480814 8958634.230171278 -1315.793308770254
v 217816.3770111833 8958671.938874085 -1253.769460600636
v 217399.0161499902 8958839.008896688 -1209.026410209093
v 217367.879133113 8958818.39608934 -1232.689611391977
v 217336.5697438536 8958796.38580961 -1255.403146339543
v 217367.879133113 8958775.275604581 -1278.658998446039
v 217336.5921134787 8958752.924325978 -1300.810165840233
v 217674.9264817678 8958556.627914213 -1416.530301206645
v 217615.7164614945 8958518.270344436 -1467.301124438625
v 217651.3613693393 8958537.08149511 -1441.369312137975
v 217712.9712660652 8958573.753576418 -1389.382141915147
v 217776.1957684555 8958609.299627718 -1335.337293598711
v 217745.8554480814 8958591.488843273 -1362.141852580427
v 217831.4612416637 8958645.138508203 -1281.461083548518
v 217808.8515005762 8958626.417056736 -1307.980194227578
v 217840.3495268236 8958684.61148533 -1232.539815102257
v 217871.1184370291 8958660.958494566 -1254.369428251986
v 218533.3061042657 8958851.737375477 -1043.30621799456
v 218564.8372515311 8958875.400438229 -1022.626298190489
v 218501.8949635214 8958827.837957906 -1064.370986820352
v 218470.310051771 8958804.588654134 -1085.247368464894
v 218438.9599136607 8958781.005134752 -1106.685720816795
v 218470.310051771 8958757.802364185 -1127.550950328732
v 218627.8232519717 8958920.290613182 -984.1295014399489
v 218596.3021567605 8958899.45831934 -1001.937290042174
v 218659.2982092552 8958899.479823524 -1001.958794225649
v 218439.0644843977 8958734.494781554 -1149.321361238932
v 218470.310051771 8958711.257328181 -1170.095786139075
v 218494.0177242878 8958693.425115323 -1185.791285286493
v 218880.0655898659 8958784.482131299 -1095.24386894019
v 218911.1015395235 8958752.248370975 -1120.72716544967
v 218879.7843929868 8958727.796523936 -1142.09004598766
v 218816.9996877177 8958825.648394404 -1062.693411730451
v 218848.2863667395 8958801.47885648 -1082.137570809505
v 218753.8516906275 8958874.918673141 -1022.2499742751
v 218785.2903142447 8958850.708805809 -1042.277648325044
v 218690.8157011102 8958920.39342479 -984.1164459931529
v 218722.29426175 8958899.375957862 -1001.854928564244
v 218470.310051771 8958851.670944681 -1043.239787198569
v 218501.8383029674 8958875.293333804 -1022.514264174088
v 218438.8888591176 8958827.846699372 -1064.335655729201
v 218407.3139992763 8958804.642175427 -1085.300889756216
v 218375.949647279 8958781.193502484 -1106.783804835183
v 218407.3139992763 8958758.161269551 -1127.909855695458
v 218564.8281683163 8958920.354712214 -983.7838864761668
v 218533.3061042657 8958899.319241205 -1001.798211908088
v 218596.3021567605 8958947.450116636 -960.8392155234365
v 218627.8999076326 8958972.046081431 -940.1552666277216
v 218659.2982092552 8958947.634278143 -961.0233770300235
v 218376.0426739628 8958735.06072061 -1149.734386209756
v 218407.3139992763 8958711.998690858 -1170.837148817298
v 218435.205846285 8958691.251835991 -1189.553797216015
v 218470.1175538236 8958665.225635773 -1212.458692119399
v 218501.8080780184 8958640.946315451 -1233.41958112859
v 218533.103745017 8958617.053651571 -1253.499946440048
v 218564.8041305131 8958592.265148234 -1273.828285727076
v 218596.2276915719 8958567.567615112 -1293.47637161416
v 218627.8001830078 8958542.331898136 -1312.984907443018
v 218659.7046920189 8958516.520889867 -1332.301490536719
v 218690.7962355026 8958539.6107971 -1310.263806407318
v 218911.1915924989 8958702.84595423 -1161.137419250022
v 218879.7843929868 8958678.900809621 -1182.284203487238
v 218942.7804454816 8958775.418736391 -1100.62238662719
v 218974.1162010577 8958750.773291117 -1119.410639494521
v 218918.897058407 8958794.456097458 -1085.88353777941
v 218942.7804454816 8958726.303133655 -1140.596655705987
v 218880.0390091307 8958824.75551991 -1061.988458526892
v 218816.8652573493 8958874.469969466 -1021.878856448427
v 218848.2863667395 8958850.115758222 -1041.684600737913
v 218753.8065948119 8958920.626003373 -983.7695568606794
v 218785.2903142447 8958899.143406225 -1001.622376926819
v 218690.8833584602 8958972.276037587 -940.3350643000717
v 218722.29426175 8958947.708304161 -961.0974030490875
v 219195.0794666464 8958868.845771737 -1017.372801317563
v 219005.7764979763 8958724.706883602 -1139.000405653716
v 218974.240542872 8958698.449203959 -1161.591835562657
v 219005.7764979763 8958675.164494272 -1178.547888136843
v 219037.6633822459 8958648.645933926 -1197.63710670225
v 219076.5138971578 8958616.685626175 -1220.106809329872
v 219100.2705767184 8958596.762512425 -1233.780714010579
v 219131.5037491051 8958570.763756871 -1251.290977682767
v 219254.6374305323 8958565.837761903 -1245.666698353136
v 219163.2666292132 8958543.326332113 -1269.434405513337
v 219195.2356113386 8958515.517293438 -1287.40686019364
v 219226.2626817079 8958540.448427875 -1266.556501273813
v 219320.6123454798 8958609.867644414 -1208.404445451238
v 219289.2587342027 8958589.002386637 -1226.020588223548
v 219383.3579689901 8958663.336160118 -1164.83684917102
v 219352.2547866974 8958637.775593299 -1185.703923071937
v 219407.861914183 8958693.045043785 -1141.433983784742
v 219383.7528129448 8958713.426994087 -1127.720516138247
v 219415.6332146804 8958737.125497555 -1108.287587447953
v 219352.1931676007 8958787.867316931 -1073.457489869999
v 219383.7528129448 8958764.402920665 -1089.606570901488
v 219292.9849491635 8958840.870742247 -1035.589893114684
v 219320.75676045 8958816.78504188 -1052.89882030258
v 219258.1380694382 8958867.465142047 -1016.304260263958
v 219100.2705767184 8958846.519793665 -1038.088636182136
v 219132.0271277878 8958870.109389791 -1018.362173143552
v 219069.0344617497 8958829.409814151 -1052.683300316633
v 219040.9445334677 8958796.224680293 -1080.265503916923
v 219005.7764979763 8958774.118215222 -1099.321865459448
v 218974.5173361814 8958651.025284264 -1199.564281736597
v 219005.7764979763 8958625.444265882 -1217.917531560081
v 219037.7738218261 8958606.581794214 -1230.523319113022
v 219068.3473278284 8958573.746587088 -1253.742279707393
v 219100.2705767184 8958546.181362264 -1272.289435664631
v 219131.9214799656 8958521.562752251 -1288.197031286984
v 219258.5097148783 8958511.968648389 -1284.716130858124
v 219163.2666292132 8958492.116747711 -1307.314692925911
v 219195.4297223086 8958472.641893718 -1318.647177191423
v 219233.3668939313 8958482.777367558 -1308.022186050302
v 219321.0948202535 8958561.345241413 -1243.888716792148
v 219289.2587342027 8958537.55269387 -1263.660767270356
v 219385.8421328295 8958610.202635808 -1203.61358958205
v 219352.2547866974 8958586.351351382 -1223.36955296831
v 219446.476721692 8958660.699388281 -1162.738715979192
v 219415.2508391921 8958635.344645357 -1183.272975128788
v 219417.961565385 8958788.33028008 -1069.942283231285
v 219446.7488654395 8958762.533130217 -1087.736780454447
v 219351.9998304434 8958842.344048103 -1032.052385218399
v 219383.7528129448 8958815.202372916 -1051.31615133951
v 219321.0236645189 8958874.078893382 -1008.916179020891
v 219163.2666292132 8958895.172957899 -997.6519286000744
v 219194.8418886944 8958923.263480077 -974.6291833496896
v 219226.2626817079 8958894.12932845 -996.6082991521453
v 219257.8965066833 8958918.225927174 -976.8339321180852
v 219289.2587342027 8958892.993021997 -995.4719926989221
v 219037.2745242237 8958847.589336336 -1039.15817885119
v 219068.9813537347 8958871.249853119 -1019.265511942527
v 219006.1384762155 8958822.536322191 -1060.25471971306
v 219100.2705767184 8958896.117537456 -998.5965081578643
v 219131.815470755 8958922.925439183 -976.4681047705892
v 218974.10326202 8958792.075407561 -1085.929152615147
v 218942.7804454816 8958677.077567676 -1180.460961541426
v 218029.3376843078 8958898.415908767 -1000.89487946924
v 218059.5351125038 8958922.23127809 -979.5559087575309
v 218092.3337368025 8958897.738051126 -1000.217021828442
v 218281.3218942868 8958758.585122652 -1128.333708795968
v 218313.0323928896 8958735.523157528 -1150.06013287668
v 218312.9482067909 8958781.284843227 -1106.794634473966
v 218249.9067015117 8958827.355081905 -1063.758673737278
v 218281.3218942868 8958804.481897362 -1085.140611692589
v 218186.896243965 8958873.831948346 -1021.105422613069
v 218218.325841792 8958850.682222877 -1042.251065393423
v 218123.8504109352 8958922.907096792 -978.0077550520678
v 218155.3297892973 8958897.567006376 -1000.045977077172
v 217997.8280425175 8958920.884422552 -982.8657158953915
v 217966.341631813 8958899.888847359 -1002.367818059827
v 218060.8096509512 8958970.645353859 -938.8347851580879
v 218029.3376843078 8958946.619173845 -960.0082727320428
v 218092.3337368025 8958945.679567073 -959.068665959662
v 217966.341631813 8958634.108661329 -1271.126862915675
v 218001.8175139459 8958614.21737656 -1289.665679288275
v 218029.3376843078 8958588.853018548 -1314.961091948829
v 218061.7195336306 8958566.825237168 -1335.630522404917
v 218344.3179467815 8958758.411798269 -1128.160384411846
v 218344.3179467815 8958712.636500064 -1171.474958022119
v 218312.8924934904 8958827.565717412 -1063.993078533837
v 218344.3179467815 8958804.595190441 -1085.25390477138
v 218249.8711883834 8958874.084874896 -1021.347479300039
v 218281.3218942868 8958850.95401304 -1042.522855556457
v 218186.8416223357 8958923.053329445 -977.7615904603442
v 218218.325841792 8958897.703070277 -1000.182040979041
v 218123.8575695057 8958969.809423424 -938.1649746143271
v 218155.3297892973 8958945.321375251 -958.7104741393559
v 217273.9641399833 8958660.174880711 -1385.893381981137
v 217209.2732322025 8958605.812011257 -1421.395425396026
v 217241.8870281235 8958633.82265307 -1404.475662377402
v 217304.8830806182 8958684.873060498 -1366.436197991117
v 217170.2971793534 8958576.121675633 -1434.869899293028
v 217181.0470434093 8958529.347533515 -1476.449481875837
v 217588.3653168446 8958497.766330361 -1491.144019204656
v 217212.6339990987 8958653.133581499 -1379.303336338032
v 217171.1675132816 8958617.519587358 -1399.095221864855
v 217274.0437568733 8958705.428883413 -1342.209640984602
v 217241.8870281235 8958679.754012262 -1361.317149756214
v 217304.8830806182 8958729.728702456 -1322.20196813516
v 217147.3929493814 8958546.576743662 -1450.864560690662
v 217147.3929493814 8958595.217771772 -1410.415716986819
v 217116.3914853028 8958566.915329359 -1422.064456603969
v 217494.2230866858 8958379.735751364 -1597.688295688772
v 217462.6924366599 8958347.003047425 -1621.16769015538
v 217557.3414540239 8958427.879760273 -1555.567317214993
v 217525.3692643498 8958405.195442375 -1576.752874845478
v 217620.7318052726 8958471.071936121 -1509.496607349654
v 217588.3653168446 8958450.291930297 -1532.759490953139
v 217674.8051537557 8958511.968560901 -1461.096090603904
v 217651.3613693393 8958491.690909622 -1485.06859846415
v 219635.7370229237 8958225.280223846 -1441.382592223995
v 219667.5609876851 8958252.933441583 -1420.988601571843
v 219604.819167521 8958206.136943068 -1456.377479825043
v 219729.963879134 8958299.45623783 -1385.735615518337
v 219698.7330754185 8958276.29360503 -1403.306101593671
v 219761.7291279132 8958272.61399702 -1399.626493582949
v 219576.2979247027 8958172.678601325 -1479.914327030556
v 219604.2389966764 8958144.376385063 -1494.113561160696
v 219792.7094856179 8958298.369862003 -1380.619795060064
v 219824.725180408 8958268.978845628 -1395.991342191826
v 219569.5924004267 8958119.693719007 -1512.638215860134
v 219887.19374052 8958257.71573681 -1397.169279016336
v 219919.2192591501 8958235.97218905 -1407.529621521959
v 219856.5932666074 8958297.253125701 -1375.441387808299
v 219606.0131799502 8958254.089253968 -1426.372513291289
v 219572.740970429 8958229.208308412 -1445.310676789258
v 219541.9935609457 8958202.322144661 -1465.244856478038
v 219666.5490205546 8958307.063155815 -1386.878641868984
v 219635.7370229237 8958280.019698007 -1407.032194570165
v 219516.9494066521 8958171.546496309 -1486.927422155783
v 219541.2429441816 8958148.547926528 -1498.285102625801
v 219792.7939231305 8958346.216033729 -1350.263721175621
v 219761.7291279132 8958327.243215114 -1365.16583986383
v 219824.725180408 8958323.748981308 -1361.671606058411
v 219699.396515617 8958338.904880712 -1363.407305972634
v 219737.4515338347 8958349.554184746 -1353.143106688539
v 219509.4786123818 8958121.347934842 -1518.144921571286
v 219541.2429441816 8958092.821102053 -1531.648149965409
v 219565.9626129224 8958069.141375795 -1542.927314499018
v 219953.8242980376 8958260.635077391 -1389.315005601772
v 219920.054244384 8958289.26444624 -1374.68619122231
v 219855.6466008864 8958350.814232567 -1341.769718233066
v 219887.7212329027 8958320.289826158 -1358.212450907339
v 218785.7751429096 8958559.380026435 -1286.395239727436
v 218722.9725925187 8958513.220945159 -1329.539907758038
v 218753.7922879973 8958536.832345081 -1307.485354388908
v 218848.5760014699 8958606.072752966 -1243.703884639276
v 218816.7883404921 8958583.107655944 -1264.670793436805
v 218911.3619294364 8958655.767313967 -1199.419887563587
v 218879.7843929868 8958629.865570962 -1222.338836640543
v 218376.1710054622 8958689.248859851 -1192.991486262955
v 218407.1101020321 8958658.544770449 -1221.033020296808
v 218438.8120255236 8958642.429345967 -1234.902611646061
v 218470.0629248408 8958618.834097214 -1255.280264127684
v 218501.8080780184 8958594.344697053 -1275.907834545932
v 218533.1335571783 8958570.041243682 -1295.761432876826
v 218564.8041305131 8958544.992527546 -1315.645536853098
v 218592.2820053942 8958522.887540633 -1332.664353217726
v 218627.8001830078 8958494.255184069 -1353.998065191136
v 218660.1625727081 8958467.586927263 -1373.147089969187
v 218690.7962355026 8958491.052859565 -1350.79574068759
v 218782.0044886905 8958513.299601499 -1324.387281605394
v 218715.2990436652 8958470.74597799 -1365.141062730854
v 218753.2044902086 8958480.343344271 -1353.635016818939
v 218848.9873903585 8958556.408823138 -1283.976010888626
v 218824.5605963211 8958527.575854437 -1309.22049334825
v 218911.7480553091 8958603.482253999 -1241.578328260737
v 218879.7843929868 8958580.62933903 -1262.192476522773
v 218942.7804454816 8958627.691709803 -1220.164975481829
v 219100.2705767184 8958180.030076493 -1529.76725259049
v 219065.5510914284 8958157.075540081 -1548.834089785756
v 219257.2396050571 8958304.492032114 -1429.807857607744
v 219226.2626817079 8958278.782073576 -1450.339506046225
v 219289.2587342027 8958274.602535782 -1446.1599682525
v 219036.6017536288 8958123.642423328 -1573.579709769903
v 219447.302292584 8958073.867492132 -1553.292738487259
v 219422.7518736323 8958038.376845427 -1576.901829790665
v 219479.0077083115 8958160.792055244 -1497.563881786962
v 219478.2468916869 8958097.187136732 -1536.014184644844
v 219414.9982924316 8958210.211487213 -1473.864138204881
v 219446.7488654395 8958182.50900566 -1487.701245850935
v 219377.0377119828 8958247.622900106 -1454.228681630815
v 219322.9731170934 8958298.606782088 -1426.729456599446
v 219352.2547866974 8958270.488712765 -1442.046145235886
v 219163.2666292132 8958283.029538222 -1454.586970691541
v 219197.993646205 8958305.814252038 -1435.387449729681
v 219131.2386666448 8958259.526270175 -1474.033657405064
v 219100.2705767184 8958234.006487554 -1494.6537918398
v 219069.0735535058 8958209.370104872 -1514.732241747926
v 219226.9650243463 8958339.327227421 -1409.453932517204
v 219289.2587342027 8958328.090092877 -1410.557653532651
v 219265.3299846557 8958349.764560243 -1398.391758760074
v 219037.2745242237 8958184.900640223 -1534.637816322237
v 219006.4076530975 8958163.618759427 -1552.329809450339
v 218998.1431322054 8958112.885819111 -1585.4625935315
v 219194.7646554605 8957920.174552273 -1670.8161515345
v 219222.8614241861 8957889.822273832 -1683.621394856205
v 219257.7607079553 8957915.080169266 -1665.721768527882
v 219414.9776929072 8957987.839826951 -1606.641395169067
v 219383.7528129448 8957962.775234349 -1624.326961797281
v 219446.7488654395 8958015.034336286 -1587.496191917943
v 219477.7081140177 8958034.451559471 -1572.831106191853
v 219506.5040667605 8958068.334590528 -1549.919026801013
v 219475.3198812616 8958208.951333418 -1468.179548418293
v 219414.5732127512 8958258.06653082 -1443.454722154587
v 219446.7488654395 8958237.24796116 -1453.350329537298
v 219384.0774029173 8958297.82993437 -1420.810253419315
v 219324.2851938288 8958350.943727743 -1391.571189206997
v 219352.2547866974 8958324.19021984 -1406.657780497402
v 219101.0476115182 8958294.732620649 -1453.775553086154
v 219139.1146834437 8958305.058270756 -1442.459693960274
v 219164.1464145292 8958334.693633128 -1419.333368366913
v 219071.943006169 8958261.243402101 -1479.947996152685
v 219037.2745242237 8958238.651560688 -1499.298864973041
v 219005.1504310846 8958215.385994442 -1518.836785664889
v 218533.3061042657 8958227.825555477 -1577.562731575478
v 218565.2572106361 8958254.457939975 -1553.147188077302
v 218502.6742449244 8958203.921777857 -1599.570589411063
v 218596.3021567605 8958273.688498905 -1534.335803189144
v 218624.8787525115 8958298.88758425 -1511.377040525932
v 218659.2982092552 8958268.423439352 -1529.070743636447
v 218495.1253591712 8958158.425452776 -1632.346644969057
v 218691.8552549284 8958290.438559594 -1508.321770424848
v 218472.9200867626 8958126.735320002 -1657.075889109083
v 218501.8080780184 8958098.026990447 -1670.488846080493
v 218530.6451497849 8958068.899116691 -1683.627540794179
v 218564.034525677 8958033.549325991 -1698.985235551395
v 218596.3021567605 8958004.357092375 -1710.453755729853
v 218620.8964380465 8957979.520394687 -1720.398624191836
v 218657.188415804 8957941.092985803 -1735.307937876463
v 218690.7962355026 8957965.992149858 -1716.633749119663
v 218719.3712467903 8957935.117743641 -1728.853208654284
v 218783.7620870575 8957986.058490949 -1691.337758985646
v 218753.7922879973 8957959.724895168 -1710.366494429142
v 218816.7883404921 8958010.765570829 -1672.317298275271
v 218847.5976839693 8958033.472854858 -1654.571924023431
v 218872.335605583 8958068.392925791 -1630.320605255395
v 218910.5560574116 8958079.14858396 -1618.256223538271
v 218878.9467617054 8958172.090006391 -1564.205423907929
v 218911.2824192342 8958140.929783605 -1579.756831516834
v 218939.6554737056 8958112.662726814 -1593.599090391079
v 218845.3849445922 8958202.118105825 -1549.047118204888
v 218784.7607812208 8958258.916941568 -1518.311886799479
v 218816.7883404921 8958229.320492228 -1534.512732420467
v 218747.2314446631 8958292.511436708 -1499.335371460585
v 218505.6988908985 8958253.660717532 -1562.962560046468
v 218470.310051771 8958233.64389508 -1583.381071180153
v 218441.0186238763 8958209.377899 -1605.845691430053
v 218470.310051771 8958181.687977916 -1620.5150258274
v 218564.4172028629 8958302.137396611 -1517.511840646825
v 218533.3061042657 8958279.032284971 -1539.679589256338
v 218440.1293966896 8958156.970652794 -1642.54366154886
v 218659.2982092552 8958319.491181267 -1491.048613738412
v 218689.8512573926 8958343.142694706 -1469.032001295904
v 218722.29426175 8958314.699732466 -1486.257164936235
v 218627.3717032443 8958347.539332261 -1473.711314993759
v 218596.3021567605 8958324.343857512 -1495.901289982126
v 218415.0607472829 8958127.625934899 -1666.498410719786
v 218438.8120255236 8958104.646667201 -1677.108522835567
v 218468.2769887145 8958075.140616648 -1690.441855626454
v 218500.8688312388 8958034.981779292 -1708.797958292753
v 218533.3061042657 8958010.997576445 -1717.094239799828
v 218562.2406411108 8957980.317555873 -1729.403451828728
v 218595.4780304848 8957945.1125484 -1742.856208093561
v 218627.8001830078 8957914.125540124 -1753.857011200996
v 218651.6048596825 8957889.395954646 -1762.792322324283
v 218690.1023898935 8957900.925653772 -1751.052089431769
v 218753.1192951136 8957900.222493023 -1741.95435233491
v 218778.3042188474 8957934.868580455 -1720.175284764501
v 218815.9880681153 8957945.919666633 -1708.573744231398
v 218845.7538812913 8957980.554070555 -1685.170043902799
v 218910.0669831152 8958030.811636638 -1647.126383858559
v 218879.7843929868 8958004.87012152 -1666.421848967561
v 218942.7804454816 8958055.444552306 -1627.906407938847
v 218973.6608006981 8958077.713833923 -1610.226987820804
v 218943.9271281041 8958164.956327967 -1559.916066365131
v 218974.2784717289 8958135.619178269 -1574.446226182381
v 218903.614331121 8958202.153417267 -1541.046279158666
v 218847.0952497682 8958253.863488229 -1513.453336474546
v 218879.7843929868 8958224.209757136 -1529.401997328323
v 218784.479844995 8958302.274707625 -1487.236117173163
v 218816.7883404921 8958281.714961577 -1497.817329954804
v 218754.5122333358 8958337.104632502 -1465.351541241172
v 217588.3653168446 8958092.207954308 -1798.304617661847
v 217342.8740577257 8957889.540250916 -1853.724110547187
v 217369.3052639314 8957850.875471747 -1869.721663524902
v 217399.7737669368 8957806.231952719 -1886.202030201249
v 217430.8751856077 8957787.287431419 -1894.288517936159
v 217462.0642357433 8957765.303176939 -1902.942582904253
v 217745.6031873142 8957990.929979103 -1842.869816899704
v 217714.1135592391 8958031.124451522 -1826.283778768477
v 217675.5226087394 8958068.731584359 -1808.997400156753
v 217619.8750365153 8958120.173778642 -1781.412742448844
v 217651.3613693393 8958091.452404285 -1797.549067640312
v 217553.2656814559 8958172.474878002 -1747.128803157458
v 217588.3653168446 8958147.516210763 -1764.523002303923
v 217304.3453592867 8957855.013806982 -1858.192850605502
v 217334.3769959286 8957810.702352731 -1876.150533431485
v 217305.9304233694 8957901.950121365 -1843.067803526572
v 217360.5237615193 8957772.705549072 -1890.108701855564
v 217398.6234053796 8957758.926881187 -1898.187471291185
v 217275.2368026097 8957938.942187583 -1823.686283707345
v 217432.9924581905 8957716.608114084 -1911.837993665665
v 217493.1968020733 8957719.792860312 -1915.657066327823
v 217557.2534542815 8957724.054861031 -1917.715014847605
v 217777.3534743288 8957966.981573472 -1851.257980455158
v 217808.5870784929 8957989.770629276 -1838.503677640132
v 217777.7795592414 8958029.094554979 -1822.432075231329
v 217714.0342314187 8958080.237525277 -1800.279491254449
v 217745.8554480814 8958059.118412653 -1809.760011915112
v 217683.0008289716 8958119.742333435 -1779.155104664
v 217619.8800149524 8958167.911424562 -1750.597909944154
v 217651.3613693393 8958146.763713835 -1763.770505375085
v 217240.3372694361 8957898.998857666 -1831.908732074792
v 217273.3850543709 8957873.278345291 -1846.644624088389
v 217241.8870281235 8957966.068600578 -1805.800071653153
v 217209.3939727523 8957938.115304429 -1811.483793193517
v 217588.3644118946 8957673.165467076 -1929.25380891075
v 217619.8633430919 8957649.014112134 -1934.194942279814
v 217651.2431027387 8957624.193356544 -1939.71799485938
v 217934.7279389154 8957851.447216228 -1880.751159445615
v 217965.9486629032 8957813.854960077 -1890.28081758355
v 217903.8588081212 8957894.915447485 -1868.396452991593
v 217872.5919176095 8957937.897147529 -1854.715686515472
v 217840.3495268236 8957963.256509192 -1847.532916175359
v 217525.4404077643 8957673.380971454 -1927.346228875229
v 217556.9840665507 8957636.216835015 -1936.028025321554
v 217595.9495272274 8957620.98532841 -1939.98540127808
v 217619.796045643 8957586.841908367 -1947.215226593092
v 217682.8262849291 8957586.790969422 -1947.147335411004
v 217997.8396580604 8957788.60100252 -1895.602089036719
v 218029.0961405574 8957806.000983721 -1886.688310399686
v 218001.8375917735 8957855.404315857 -1872.888139517186
v 217963.5749091872 8957895.227576802 -1862.043459332621
v 217934.8436055657 8957924.961826319 -1853.783169207905
v 217911.1676428438 8957950.402170701 -1845.740646006916
v 217871.2076450323 8957990.675974052 -1831.759602208185
v 217837.3872644502 8958024.636310145 -1818.984199757009
v 217711.2214123324 8957537.016162058 -1956.350140405822
v 217777.3546905309 8957541.617707571 -1953.746665560604
v 218030.0120305269 8957759.89336371 -1900.836195361813
v 217651.4191298386 8957534.911649903 -1957.479919589609
v 217745.3756440266 8957502.03809626 -1962.377369367766
v 217682.8249501843 8957496.025774123 -1964.957317021059
v 217808.5881487102 8957498.70403902 -1960.912449679533
v 218124.2662860053 8957721.35389835 -1902.999862840344
v 218085.3026405586 8957755.623382295 -1897.225933052705
v 218060.8357105552 8957783.972555906 -1890.973642424025
v 217840.2380475996 8957450.729516184 -1969.89273045375
v 217871.679964258 8957412.373001778 -1977.282652815816
v 217934.7983404394 8957411.957895089 -1976.002680086217
v 217997.9346346304 8957411.821052575 -1975.493568309627
v 218061.0048624033 8957411.881024646 -1975.524357308364
v 218092.4160981144 8957451.150234761 -1966.639693970876
v 218124.108702542 8957491.029341014 -1957.405083336934
v 218155.6703392371 8957542.813533325 -1945.070873787962
v 218186.8278155446 8957564.262886586 -1938.533588546041
v 218218.2383825154 8957583.500823563 -1932.038403685949
v 218189.8181842343 8957633.762103677 -1921.140260859501
v 218152.2654894254 8957672.472167946 -1914.099574775891
v 217777.2292508913 8957450.565650228 -1972.009835825146
v 217808.636090965 8957412.92124808 -1978.956655386544
v 217840.3495268236 8957386.511058867 -1983.506440362416
v 217871.931274813 8957364.615013644 -1988.554944705735
v 217903.3455793183 8957385.261723028 -1982.257104523681
v 217934.9300060209 8957364.775118258 -1987.496029594219
v 217966.341631813 8957384.53730054 -1981.532682035447
v 217997.9268456493 8957364.86121257 -1987.010335996242
v 218029.3376843078 8957384.443970386 -1981.439351881477
v 218060.9351337599 8957364.904898662 -1986.964468022237
v 218092.3337368025 8957384.613205604 -1981.608587099115
v 218123.9891677326 8957411.908868998 -1975.486967404654
v 218155.3862561812 8957451.24250479 -1966.081814035775
v 218183.965193976 8957492.913869116 -1955.640613930867
v 218218.8606188146 8957536.485230746 -1943.750719965566
v 218249.8238680394 8957561.343636952 -1935.614338912343
v 218281.2268044901 8957583.970141146 -1927.46902252871
v 218252.4759293965 8957631.925358981 -1916.469947472547
v 218218.6291503387 8957676.157073313 -1906.843940506875
v 218187.7041940332 8957714.706929319 -1898.597949547667
v 218123.3481730638 8957768.832673645 -1888.798198234324
v 218155.3297892973 8957742.244574413 -1893.79059683754
v 218094.9485026 8957811.152492192 -1877.879253453327
v 217304.8830806182 8958773.72363393 -1277.107027795116
v 217274.0151273023 8958749.817815972 -1297.683955789989
v 217241.8870281235 8958724.774455039 -1317.247720717363
v 217211.3443378216 8958698.686023287 -1335.703175217219
v 218187.3142667599 8958560.250288807 -1330.769149462144
v 218092.3337368025 8958542.900731485 -1358.098676700045
v 218119.2632386753 8958519.778156886 -1379.478680915312
v 218155.3297892973 8958539.7375542 -1354.935499414839
v 218250.3635536323 8958602.077645702 -1283.571405870269
v 218218.325841792 8958580.998539818 -1307.106613219025
v 218313.2857054775 8958645.081093369 -1237.680125336984
v 218281.3218942868 8958623.467928875 -1260.486130461363
v 218344.3179467815 8958667.168210844 -1215.096540615019
v 217903.3455793183 8958638.146568138 -1275.164769723048
v 217934.4380049804 8958615.03143934 -1297.190885038506
v 217966.341631813 8958592.389185473 -1318.497258872756
v 217997.577949705 8958569.32921516 -1340.315369660289
v 218029.3376843078 8958546.388322709 -1361.586267924141
v 218060.7043570409 8958523.033931207 -1382.876144443533
v 218187.3505529702 8958516.141020292 -1375.831657803964
v 218092.3337368025 8958499.477396067 -1403.765213095434
v 218121.2668281996 8958475.698429661 -1424.524110944327
v 218155.3297892973 8958495.759358345 -1400.047175373014
v 218250.482462051 8958557.605311213 -1328.239484234363
v 218218.325841792 8958536.778833406 -1351.976778620411
v 218313.4473092987 8958600.079599218 -1281.776347231845
v 218281.3218942868 8958578.773070233 -1304.881143632436
v 218365.8948138302 8958644.019047653 -1236.685146463652
v 218352.1430740085 8958616.055624411 -1264.140227046352
v 217178.235146387 8958027.505772555 -1767.642314503307
v 217208.3682234673 8957987.912301021 -1790.455239541662
v 217525.1860191929 8958206.075295025 -1722.711690771037
v 217493.8712381025 8958224.539963802 -1707.91194762227
v 217461.9048141837 8958248.052015757 -1688.438096069889
v 217398.2574305191 8958298.587340169 -1648.891100705453
v 217430.8751856077 8958273.773623005 -1668.05573500975
v 217147.692372323 8957986.329005374 -1781.527697255581
v 217171.7532223348 8957950.088380866 -1799.914159454316
v 217147.3929493814 8958047.915937128 -1754.012600480904
v 217123.5503901851 8958022.827165168 -1762.642299099863
v 217588.4935749947 8958198.982234871 -1729.434947693532
v 217525.3268724467 8958254.044740351 -1688.740901522628
v 217556.8672905972 8958226.419406204 -1709.791390022686
v 217462.5771438158 8958298.790307954 -1653.953075446584
v 217493.8712381025 8958276.775212428 -1671.05732443263
v 217966.341631813 8958328.28994951 -1588.937253794438
v 217997.138573863 8958349.429590721 -1565.05366414267
v 217933.8230183738 8958307.757487694 -1611.872182197235
v 217895.8377216706 8958292.009113405 -1631.128575394383
v 217874.780370076 8958261.19774799 -1659.370187476763
v 217903.3455793183 8958236.241956877 -1675.069004789801
v 218029.3376843078 8958369.742897801 -1541.300330272035
v 218060.5619913293 8958390.264758978 -1517.163050932737
v 218092.3337368025 8958364.632238951 -1536.189671420909
v 217871.4008308698 8958214.032797705 -1696.394326737527
v 217903.3455793183 8958185.176358193 -1713.093277920003
v 217932.2268557802 8958158.077745374 -1727.753079640461
v 218311.7398999466 8958172.65079526 -1653.983249427948
v 218278.1030197228 8958254.982416235 -1598.937234902787
v 218320.42395607 8958216.227030959 -1621.262873147545
v 218217.2888181404 8958307.24354279 -1566.698127003212
v 218249.8238680394 8958279.250847325 -1584.443087516285
v 218184.3923043724 8958335.990725834 -1547.426233384792
v 218119.4473196042 8958385.549813848 -1512.673946289456
v 218155.3297892973 8958359.520397626 -1531.077830097089
v 217871.8475530709 8958312.183693416 -1617.375933607394
v 217900.9534999774 8958336.088989114 -1592.037797653204
v 217841.4723139076 8958289.63854626 -1640.596897391802
v 217944.5033513587 8958353.852490921 -1569.412327447727
v 217833.0066329555 8958247.485255977 -1675.927883795572
v 217958.5602762066 8958381.175596302 -1541.728530139758
v 217997.0079619752 8958395.321690612 -1522.091729736544
v 218029.3376843078 8958415.296915194 -1497.764475849744
v 218060.5274509233 8958435.391010258 -1473.299296362529
v 218092.3337368025 8958410.526812186 -1492.994372842608
v 217808.0158432277 8958219.188138908 -1700.456384598896
v 217840.3495268236 8958190.061113182 -1717.978032908848
v 217872.3188831048 8958164.721325142 -1731.451217974341
v 217902.5896441126 8958124.218352493 -1754.205964116037
v 217934.8436055657 8958102.12079707 -1763.672524516912
v 217967.1210099946 8958073.858021667 -1775.73549104036
v 218001.1282543456 8958038.578769658 -1790.767750891425
v 218029.3376843078 8958007.862332391 -1803.048867558737
v 218061.8451992702 8957982.770138267 -1810.765910662964
v 218344.3179467815 8958194.244735263 -1633.071783174804
v 218375.9679226772 8958164.807375362 -1648.313690658926
v 218344.3179467815 8958141.60731243 -1669.524232156064
v 218374.6583946569 8958218.216825973 -1610.482835679482
v 218342.0646734539 8958247.630658198 -1593.978241497229
v 218286.0435569153 8958300.772544811 -1561.069193113995
v 218312.8199205341 8958273.48926275 -1578.681502941278
v 218249.8238680394 8958327.944823781 -1544.047192157885
v 218228.1076677443 8958354.121456526 -1524.841800667924
v 218187.8647227262 8958379.974970916 -1507.5323803107
v 218121.2522873848 8958431.021005439 -1468.966220128003
v 218155.3297892973 8958405.8360919 -1488.303652556159
v 218123.8317630499 8957968.676260259 -1808.407731334334
v 218091.9247297668 8957941.823227381 -1825.997998379906
v 218153.2444364058 8957941.243993763 -1816.836524068775
v 218186.8278155446 8957961.982229879 -1801.713700955276
v 218212.0409701123 8957935.286772758 -1810.675028972756
v 218282.5966936449 8957983.116976291 -1774.875344576294
v 218248.8993546736 8957946.413493041 -1799.205016900571
v 218344.9352091485 8958031.391287709 -1737.806021868152
v 218312.8199205341 8958006.587422224 -1757.229021484801
v 218343.2974283619 8958079.618017904 -1709.428753301473
v 218373.1927174587 8958113.298225589 -1683.032891633903
v 217865.0924414136 8958113.802363036 -1765.800919963148
v 217905.2729314925 8958076.24406532 -1783.080780884745
v 217942.0888606198 8958038.438638218 -1799.326575437818
v 217966.341631813 8958013.769234631 -1808.955769800247
v 217998.9992078819 8957982.572231194 -1819.760205250471
v 218031.3250393327 8957943.454416294 -1833.64662603574
v 218068.4305011149 8957905.756317329 -1845.31831603297
v 218123.287785957 8957900.947714999 -1839.52639239735
v 218186.0578661544 8957900.895106602 -1830.280983425249
v 218246.6787838712 8957895.313993711 -1823.504349307706
v 218281.3218942868 8957921.637724306 -1805.914131289735
v 218314.6687050971 8957942.820862081 -1790.107035904935
v 218345.5428544278 8957982.434420034 -1764.621166802634
v 218375.8159730289 8958056.283032728 -1717.834760174693
v 218405.2462650214 8958025.89705319 -1730.445237406577
v 218382.2005626661 8957993.100485642 -1752.771258158249
v 218406.543547488 8958077.740899008 -1699.430242686429
v 217430.8751856077 8958327.689328125 -1632.881568317134
v 217493.8712381025 8958328.89629521 -1634.088535401453
v 217525.4296348231 8958346.835108161 -1620.885010143761
v 217557.5331204798 8958377.796993101 -1595.671344146677
v 217620.8880954995 8958423.563918261 -1551.550232008196
v 217588.3653168446 8958402.044008899 -1573.601441368762
v 219067.983202009 8957812.082316522 -1743.231750902476
v 219101.1573141964 8957848.817498028 -1720.42667077699
v 219138.8567452896 8957860.105233174 -1709.860851254703
v 219163.8729789818 8957895.282706175 -1688.107640568665
v 219035.0939566611 8957852.482906748 -1727.083568754221
v 219005.1616471692 8957811.955827907 -1751.413861369436
v 219102.8453550398 8957898.361397166 -1694.361041574253
v 219068.772550471 8957872.578425067 -1712.309896142173
v 218627.1805269024 8957723.324036868 -1841.697748390407
v 218588.7527042223 8957710.921020141 -1851.790504397257
v 218659.2982092552 8957696.89294464 -1848.438967063627
v 218494.3032030527 8957621.636409298 -1896.203743484142
v 218471.1475956982 8957581.185437223 -1912.023057681768
v 218693.0307975134 8957720.990670551 -1834.168594396024
v 218438.6543999337 8957539.063270483 -1928.298501523253
v 218470.310051771 8957514.505570637 -1933.321208504737
v 218754.6606756524 8957719.779845474 -1826.862819417864
v 218660.2618324732 8957760.054673152 -1821.713749016432
v 218723.0478801225 8957760.499137562 -1813.1000492714
v 218534.0902615153 8957715.621322522 -1856.744648430509
v 218500.9399535031 8957679.108021367 -1874.746431782532
v 218598.6849772409 8957765.242776509 -1827.895937781976
v 218564.8041305131 8957737.122229122 -1844.123315639043
v 218470.310051771 8957648.5724326 -1889.208326838386
v 218439.5308943322 8957626.113988923 -1900.231905472476
v 218408.8976893542 8957586.594951617 -1916.073668589447
v 218375.5500533332 8957545.556031339 -1931.28348343425
v 218407.3139992763 8957518.135500327 -1936.951138194607
v 218439.4020157359 8957491.783223566 -1942.625266481264
v 218817.8168283618 8957714.938721865 -1820.895414405816
v 218777.9113772399 8957755.923669778 -1807.944427601388
v 218468.2791832557 8957717.512539523 -1864.328755433409
v 218438.5391862917 8957672.293647584 -1884.453112647574
v 218536.0707067637 8957766.00439381 -1836.041125572285
v 218501.8080780184 8957743.04239811 -1850.043484627086
v 217462.4820714455 8957673.771345591 -1923.832083407801
v 218060.8520709895 8957141.011597002 -2042.494605844411
v 218092.3903770933 8957180.134879347 -2032.960487373737
v 217997.8518704194 8957141.057820512 -2041.905340181219
v 218029.3808739111 8957180.015356362 -2032.600920192062
v 217966.4812370641 8957099.852257231 -2051.278513325974
v 217934.9502961503 8957049.515223581 -2062.397428896129
v 217895.7084447355 8957015.583772656 -2068.829052524106
v 217934.8508474538 8957141.102200523 -2041.274304331111
v 217966.3749859831 8957179.893216893 -2032.23747424967
v 217903.4537530093 8957098.679673437 -2050.598638743162
v 217871.9508783443 8957049.743879985 -2060.929116227167
v 217840.6251142594 8957012.122054636 -2068.084339562084
v 217871.8475530709 8956987.218079466 -2074.207755938807
v 217840.2450061288 8956963.607981402 -2078.325732386129
v 217556.7048074282 8957141.679405065 -2032.445306189291
v 217619.7625603785 8957141.496683855 -2035.085409274084
v 217493.540971077 8957134.625477549 -2030.348937387033
v 217437.8510801793 8956819.164664036 -2074.468679423432
v 217462.1037259869 8956784.682678295 -2082.443411364895
v 217527.8869995763 8956780.486036606 -2090.173604838519
v 217586.6136588843 8956787.560633861 -2094.75800525256
v 217679.7611793875 8956831.865157947 -2094.863119833206
v 217651.5504143304 8956783.146482963 -2101.386226709069
v 217716.6902053368 8956869.905205185 -2090.485616795498
v 217745.7457086929 8956918.496338181 -2083.025508347491
v 217777.1991602335 8956963.800952286 -2075.692308310915
v 217745.8554480814 8956983.243508343 -2070.233184815535
v 217777.6343493159 8957011.559668146 -2066.052800164663
v 217745.9462392661 8957050.269220781 -2057.18305230434
v 217714.0296391024 8957092.281103287 -2047.702035519245
v 217682.8012831232 8957141.359779565 -2037.117509892673
v 217557.1752773361 8957190.402429815 -2023.544762906721
v 217525.3692643498 8957162.725335304 -2026.990332241155
v 217588.3653168446 8957165.023013933 -2029.288010869674
v 217612.1489167613 8957194.069647241 -2024.699554614605
v 217651.2131371247 8957178.783441253 -2028.838469102406
v 217494.1210338176 8957183.153565381 -2021.99269521651
v 217454.5900092332 8957150.041680809 -2025.313788453554
v 217430.8751856077 8957119.938232832 -2028.748165674994
v 217399.0670888064 8957097.146121472 -2030.260988885049
v 217367.6226346689 8957052.195065804 -2034.626206220878
v 217336.1767137318 8957007.334863329 -2038.272147082348
v 217336.2590444932 8956920.76733095 -2049.697184045389
v 217368.2110631382 8956872.239266761 -2059.534345055041
v 217400.221123246 8956834.236002609 -2068.219335964554
v 217304.7248486585 8956962.556868613 -2041.180465396168
v 217398.8738423334 8956785.144129144 -2074.980822300587
v 217430.6606529753 8956739.916059613 -2085.442158417907
v 217494.1053136787 8956737.833136542 -2093.261890189425
v 217557.0576008192 8956738.765691265 -2100.045187436971
v 217620.2032239813 8956738.143177915 -2106.46975752599
v 217745.9886500623 8956827.742414786 -2100.362438774869
v 217777.4530348253 8956872.925812224 -2093.588685228484
v 217808.790056235 8956918.228841003 -2086.267409596952
v 217808.8515005762 8956985.391592938 -2072.381269410572
v 217808.9504081181 8957049.994756434 -2059.217868024844
v 217779.2881819037 8957095.304157333 -2048.895458584601
v 217745.8257184038 8957141.26228229 -2038.628727538947
v 217714.2792016605 8957179.188967748 -2030.129645643414
v 217399.8733521407 8957145.618004609 -2022.50165997449
v 217431.1144976306 8957183.54270388 -2018.283521700553
v 217360.0270833848 8957105.850342602 -2025.764750664138
v 217336.3811068656 8957075.149364382 -2028.504233133144
v 217304.3672214696 8957045.373623068 -2030.103455291824
v 217273.0479027282 8957007.688878104 -2032.308396028431
v 217273.2635428903 8956917.851372803 -2043.338861613331
v 217298.8179428499 8956875.429187138 -2051.192551629573
v 217336.8197715462 8956827.572647594 -2061.698502732646
v 217360.7287789178 8956793.637446534 -2068.91899451371
v 217241.5893532997 8956962.902861748 -2034.75023999302
v 213763.5530437321 8955676.980858192 -591.0391406053536
v 213804.4463523112 8955671.358160779 -628.3069363554159
v 213853.1900554212 8956020.133254124 -567.2760824686907
v 213901.8763372704 8955980.594805725 -626.5553694192135
v 213889.4002380387 8956026.633721203 -598.4532468618952
v 213867.375203788 8955715.912927335 -672.9728350938094
v 213842.8047536001 8955672.553160409 -661.7778935275915
v 213741.1265296606 8955626.900502631 -584.090174931961
v 213779.8808728583 8955628.021397082 -617.4517940135161
v 213821.7975459776 8955618.845865676 -656.086505933155
v 213879.0570209256 8956065.32896053 -574.4644872897002
v 213925.1523925512 8956033.903190421 -629.3069203734349
v 213917.4186434629 8956064.087125828 -610.6984647004965
v 213858.6274819901 8955625.72929804 -686.5174317244864
v 213884.5035367346 8955663.433434637 -700.7471213972194
v 213921.2334965153 8955670.274233947 -731.6139646178267
v 213959.2212550424 8955672.422220947 -764.8329034279582
v 213998.2711389182 8955670.766928887 -799.9675390587245
v 214041.5487975075 8956020.153703287 -745.600242480793
v 214002.6530382913 8956026.448684171 -705.6134856421359
v 213965.2591244933 8956025.533813555 -670.2692773361255
v 214087.4167984634 8955979.221615361 -804.9928806877538
v 214102.9465725283 8955931.518928079 -835.7610550189177
v 214112.2352539337 8955902.332200713 -853.4265825943821
v 214077.3128444944 8956026.633721203 -778.1540493416721
v 214038.7129259066 8955664.889320755 -837.1081536934298
v 214060.2482826676 8955714.583629167 -847.2217745329938
v 214081.1734476074 8955765.226504765 -856.5233061545614
v 214105.8256597055 8955803.909041667 -871.4656470896807
v 213896.9086375656 8955627.632755203 -719.4851494188897
v 213935.9797199091 8955626.720525825 -753.8615553383531
v 213977.224476407 8955619.665330017 -791.3296607693483
v 214014.382687742 8955625.72929804 -822.6057945961725
v 214065.7581734488 8956071.309669605 -749.6841851929416
v 214028.6157967452 8956070.50013409 -713.9515592308203
v 213989.145987272 8956077.629783763 -673.2744480966762
v 213959.7058914761 8956081.909709681 -643.3918985500436
v 214138.7389489542 8955937.54384939 -869.4641629589642
v 214124.9927388072 8955984.425806999 -840.6705792070593
v 214111.8631801117 8956035.824665986 -809.0924680871701
v 214104.3231465114 8956064.837367784 -790.3283268680989
v 214052.2452166776 8955628.860513441 -855.1473538866569
v 214075.9201106406 8955670.274233947 -869.2135442604817
v 214099.0725914498 8955712.296877053 -882.8781445429161
v 214121.9372336918 8955758.164762937 -895.880490535917
v 214417.4991282254 8955937.54384939 -1167.029893632086
v 214460.0788178178 8955943.659631098 -1212.985318878521
v 214369.4735987444 8955895.424757693 -1120.684157715385
v 214390.8275713218 8955937.54384939 -1136.586116984952
v 214495.018452081 8955936.319541935 -1252.176804806883
v 214368.3869481991 8955625.845751503 -1124.357249794872
v 214349.6754304248 8955669.993986839 -1109.740642360047
v 214328.4531719691 8955714.819169855 -1091.16203077333
v 214429.9224437118 8955581.259129645 -1170.506213641013
v 214471.2213164597 8955580.920778995 -1200.663501570267
v 214388.802399267 8955581.184362134 -1139.450142770981
v 214513.1814702019 8955581.184362134 -1230.821189221507
v 214576.4617385538 8955631.594335526 -1281.393704145256
v 214554.5828360312 8955580.994363613 -1261.550627223165
v 214449.5639908796 8955971.9849327 -1194.80537932107
v 214412.4452829162 8955981.58464236 -1149.856849880274
v 214490.2765159195 8955982.088785296 -1238.273165105709
v 214518.1326765541 8955982.088785296 -1268.364061955141
v 214378.5711834779 8955983.867736891 -1111.029227158815
v 214362.2740041324 8955937.54384939 -1105.541922329969
v 214309.6093233876 8955669.895825518 -1075.539965510529
v 214328.0840763396 8955625.72929804 -1091.684010818369
v 214347.1802541093 8955581.090916581 -1107.37175199176
v 214450.9948861108 8955536.639426226 -1185.131492119804
v 214492.52295476 8955536.25673352 -1215.387501837152
v 214409.1111163456 8955536.526503757 -1154.556750969185
v 214368.2864691349 8955536.374806916 -1124.144510447094
v 214534.0702583449 8955536.520153085 -1245.496918722842
v 214552.4568766449 8955988.821369337 -1303.519155676056
v 214595.5769757596 8955581.139295552 -1292.667874281607
v 214614.4959901753 8955625.72929804 -1310.26550054497
v 214306.1149695959 8955491.629405053 -1078.521209701883
v 214265.2064624401 8955492.094490319 -1046.9715774436
v 213725.4609882047 8955441.756555518 -613.44925324422
v 213683.5976451598 8955448.268472491 -577.1171183621493
v 213763.056124137 8955447.549554411 -643.4959985466994
v 213650.9992004402 8955091.122294934 -623.803932397665
v 213693.9653145323 8955085.586124856 -658.3311958770005
v 213834.0652753571 8955360.600030456 -718.8676271453444
v 213854.2102665378 8955306.728383664 -744.7366467457182
v 213821.0217272303 8955396.616049618 -701.5660424647763
v 213801.8296219054 8955449.782649441 -675.2878660065307
v 213820.7088694373 8955180.27993897 -740.1424478630338
v 213841.8129997809 8955223.160884377 -749.2660740688373
v 213868.3354490741 8955267.612358874 -762.6506018054547
v 213707.2017547683 8955494.125396168 -586.5503161451475
v 213747.1576573922 8955493.215939924 -620.4261130300074
v 213789.1170212615 8955485.891816823 -657.3083302292305
v 213874.5063624533 8955360.055229679 -751.7413400185546
v 213858.5787963689 8955403.004618505 -731.1312194973234
v 213841.9772646346 8955448.718730116 -708.8894477480931
v 213897.386186811 8955324.627638578 -776.0520453161698
v 213826.5022443105 8955492.094490319 -687.4044426384694
v 213884.9893611259 8955224.824874878 -782.8709124420247
v 213909.5661394589 8955266.785236022 -795.2881783829321
v 213955.5977337136 8956212.561391201 -585.3081540884048
v 213995.6610349655 8956202.056197735 -627.2296092518327
v 214033.5659863511 8956205.395894516 -661.3890997242493
v 213930.603591984 8956160.159440318 -584.5301004522635
v 213966.0945610735 8956160.410795027 -617.5820265509519
v 214008.5603555012 8956151.822277905 -661.3291412499811
v 214044.1085296813 8956160.268528925 -691.4772339585033
v 214072.9239297057 8956198.910610978 -701.7352631255833
v 214218.4979531186 8956606.256965727 -618.8036596136703
v 214232.1178190032 8956551.686173355 -660.1464806201934
v 214208.9602883098 8956656.340720337 -584.0719460452676
v 214204.4873274899 8956481.26647678 -675.8500368649675
v 214235.2378879425 8956522.167445395 -679.1918262997076
v 214262.9765623158 8956596.755054127 -660.6034356550851
v 214274.9944917245 8956569.787038192 -685.383812528788
v 214249.9021160288 8956650.625144085 -620.344426611347
v 214239.39126183 8956701.565315578 -584.6135216102068
v 214217.7885995147 8956426.861568127 -717.922992580734
v 214249.0361811542 8956471.036377044 -720.0950427382115
v 214280.2950880493 8956515.371703271 -721.1527148036207
v 214300.5191168039 8956791.864155643 -585.5507208589156
v 214344.5298173577 8956784.540887929 -623.5329807325247
v 214387.8515535608 8956775.80369436 -661.4817089607031
v 214502.6896685283 8957140.665786179 -570.9332960054335
v 214432.2515040798 8956792.857646426 -686.0594211119051
v 214269.9368904462 8956746.721061848 -585.0908372485189
v 214312.7046952271 8956739.462676916 -622.5356753714302
v 214356.6418940347 8956731.073564645 -661.281819343219
v 214400.8126775869 8956748.171622138 -685.8346116361897
v 214539.5702056551 8957130.475543153 -604.6361391311241
v 214533.6454460982 8957185.032755326 -574.5749104822544
v 214437.4457549732 8956738.71640891 -718.7475997652348
v 214468.9115448818 8956783.391660303 -718.5498108980019
v 214583.2170028582 8957149.088929292 -630.6042926193295
v 214625.9807024494 8957138.278442368 -669.2746728535585
v 214510.6867754436 8956777.967872553 -752.375763364927
v 214557.2741541578 8956794.193578335 -777.8562411186563
v 214689.013422992 8957049.285365034 -758.3890728832025
v 214704.1515689112 8957001.107364353 -791.1707670129986
v 214684.5243097763 8957104.993136402 -730.5171596684393
v 214669.7706182182 8957132.706954446 -706.6984003921639
v 214594.1688021617 8956783.304059915 -810.129757218853
v 214625.5742017396 8956828.058556747 -810.5146283598872
v 214652.8973386835 8956872.709417386 -809.3590890628382
v 214680.8265032158 8956924.129135847 -806.9144640810548
v 214709.5690736189 8956970.705417356 -808.4809091487386
v 214578.3408198541 8957179.232253337 -612.8388934784921
v 214621.7333220075 8957193.661776233 -640.7160505562915
v 214658.1721237502 8957184.70868998 -674.0694446352377
v 214478.894518347 8956733.655598868 -752.5147519795894
v 214525.6416132005 8956749.679978479 -778.0778096984975
v 214562.5718972793 8956738.419318177 -810.9439582002492
v 214732.9048265374 8957043.446871785 -795.7073165985164
v 214747.7494762195 8957015.676693141 -819.0564439822388
v 214721.0401561487 8957095.729161929 -763.7531090455245
v 214707.4268905965 8957140.257118879 -733.3920017356018
v 214697.9035467237 8957179.587292714 -708.5421748503124
v 214603.6024865907 8956734.552477177 -842.3724316786434
v 214635.5453743618 8956778.714312948 -842.123021955055
v 214666.5033418289 8956823.496523874 -842.3701631071569
v 214692.1014880657 8956873.239355199 -837.9123542233672
v 214722.8823882301 8956917.631589498 -841.334869448023
v 214853.70138111 8956739.842153464 -1016.957557463482
v 214923.5239456699 8956778.179090593 -1058.243534468294
v 214880.2195405768 8956784.010977417 -1018.730805869015
v 214824.7580506919 8956689.473002438 -1020.057645428976
v 214787.3463047656 8956646.97702237 -1017.380219393589
v 214959.8555793751 8956783.897631623 -1089.122901045042
v 214993.8588398563 8956793.435804237 -1121.261787039341
v 214785.0409808285 8956538.582915293 -1091.033360879987
v 214763.8238658577 8956555.366577212 -1063.663598932864
v 214752.1338983412 8956603.630857937 -1020.826153266429
v 214785.0409808285 8956491.669829644 -1133.210147045863
v 214804.984344787 8956478.043181401 -1164.143048377904
v 214849.6055887415 8956474.979218682 -1206.439352909334
v 215040.3110602527 8956742.565403897 -1199.664792861789
v 215029.6247472593 8956790.141735017 -1163.299807047402
v 214986.5237971444 8956821.976096664 -1101.765138116198
v 214949.6320811528 8956822.970684869 -1064.615223299146
v 215021.1250200488 8956828.442567529 -1136.10963480633
v 214839.5131891464 8956789.802495642 -984.4772025302891
v 214814.5946622043 8956739.168927066 -988.1982823674907
v 214782.9328264939 8956694.084123049 -988.1852336847307
v 214745.0963935408 8956655.268167166 -984.0472381575178
v 214720.615732614 8956562.749001687 -1027.956422108657
v 214842.837475899 8956430.287041478 -1250.112768209812
v 214878.4068838195 8956425.906549785 -1289.735273618669
v 214709.4540616234 8956612.94972432 -986.0711315739927
v 215072.8992707699 8956744.061219577 -1242.83812742537
v 215063.4575141625 8956788.22835334 -1206.369225225458
v 215047.5808887014 8956828.442567529 -1167.393056570332
v 215104.5987445292 8956744.729245387 -1286.933338214425
v 214974.0291383127 8956406.623487191 -1404.523291850149
v 215096.0632065038 8956787.270872016 -1250.168576192331
v 214840.5992819902 8956387.035836183 -1295.935938741366
v 214879.8616872671 8956385.475730725 -1335.114877826927
v 214917.1896852071 8956379.305511333 -1377.221111996426
v 214956.2376223419 8956374.786282405 -1417.489166953332
v 215144.9287332916 8956639.945176421 -1415.797784921729
v 215139.8602732691 8956688.304312803 -1374.792270230555
v 215133.8692729479 8956741.757643115 -1330.353151646477
v 215128.0951961846 8956786.774600536 -1294.322416053959
v 214974.0291383127 8956359.197905123 -1446.187581595613
v 214108.9176557045 8956204.813464832 -733.4580966920555
v 214130.2042273508 8956238.74429835 -737.2851718919653
v 214167.4931897298 8956284.851011101 -749.6052347016443
v 214196.1427456771 8956331.607889857 -751.4217214453979
v 214225.5743576513 8956377.736163866 -752.7415348851082
v 214078.943356306 8956170.074786274 -720.6836786029544
v 214255.7393198241 8956423.299278887 -753.6000864354701
v 214118.8794075992 8956159.724386482 -764.1519150950749
v 214144.1931732832 8956212.781219235 -763.8364413035642
v 214172.2714117987 8956255.642170481 -769.3072403184506
v 214203.1062886548 8956293.903336646 -778.4349981804121
v 214225.312340773 8956327.458054665 -780.5856161273364
v 214256.1252814926 8956373.263399646 -782.8148824455748
v 214597.0896452871 8956514.753044276 -975.2064871116384
v 214659.048875839 8956538.773091363 -1002.133665136719
v 214637.1583902409 8956555.595706122 -974.9499767989616
v 214565.3969676411 8956472.532367768 -982.6806469089638
v 214526.9693512454 8956431.164266236 -983.2576841307975
v 214506.6339640919 8956245.90915928 -1110.377666157977
v 214499.4636472937 8956291.503025966 -1067.828172323405
v 214543.8012702604 8956242.195706178 -1151.381089808022
v 214497.1926486183 8956341.163472582 -1027.005066505532
v 214491.8686178403 8956388.948102793 -985.3718657958818
v 214581.2239514093 8956214.525795583 -1211.649547345218
v 214618.4518185448 8956210.679279748 -1252.632883340691
v 214659.0974592174 8956202.930522174 -1298.420075463982
v 214683.8218155244 8956569.351022724 -997.6773692144479
v 214667.6079445471 8956594.102637801 -969.7564667703248
v 214594.9548942897 8956559.198619084 -942.0351812389629
v 214626.9042839187 8956604.777563764 -934.3345693653496
v 214556.2777170744 8956521.489624616 -939.6992310679097
v 214520.6253733446 8956479.514313903 -942.0359356504864
v 214495.1232312367 8956435.77563752 -952.7823374836853
v 214470.1743105099 8956248.939517617 -1070.654127078765
v 214475.298448633 8956201.064536218 -1110.171740574095
v 214511.7695137236 8956197.623399688 -1151.511217221652
v 214539.9566291816 8956194.832482822 -1182.974414248355
v 214463.8487525098 8956297.921984591 -1028.159994415189
v 214458.0584717881 8956346.080648929 -986.8681389876911
v 214462.4941663728 8956392.919092052 -956.0702580726847
v 214550.0572417818 8956170.293026548 -1211.68428381457
v 214586.7182681459 8956166.626167467 -1252.914425437026
v 214627.7441009839 8956158.899989292 -1299.51953445331
v 214662.699040157 8956157.784358533 -1334.105162306066
v 214695.275597944 8956201.758392368 -1333.503182425515
v 214730.0439771855 8956244.413855476 -1331.61894482387
v 214766.7310867363 8956286.043452255 -1328.65194994869
v 214807.4095497955 8956350.123581067 -1303.512062177058
v 214785.0409808285 8956317.403237529 -1315.303042186595
v 214839.7405597001 8956343.088407289 -1340.940158865431
v 214879.7679910759 8956338.158773171 -1382.116864550142
v 214919.0224241368 8956333.654816419 -1420.845751838084
v 214949.9261839118 8956329.148640521 -1450.225041999291
v 215177.0764617279 8956643.016714143 -1456.311042211027
v 215171.8284265112 8956688.014108539 -1419.109422165068
v 215166.1956538686 8956736.874558402 -1378.582039514559
v 215158.5219242891 8956778.445565078 -1341.218620510731
v 215509.495584518 8957028.131152619 -1536.036662300203
v 215609.5723951544 8957043.926817048 -1588.482087477292
v 215571.1721725284 8957050.967339447 -1562.77483097453
v 215533.9123411799 8957060.560483441 -1533.93548470206
v 215371.087320562 8956792.137463618 -1565.794629566595
v 215383.7290164843 8956739.463240456 -1602.451272930544
v 215662.5626882173 8957051.46798764 -1612.153893680551
v 215520.7762799825 8957088.943335507 -1508.793052611434
v 215642.5972478335 8957086.615223693 -1584.466299565911
v 215603.4023662341 8957094.662024921 -1558.242123956714
v 215566.5745595648 8957103.440031808 -1530.62368085054
v 215327.3693551528 8956773.947003096 -1539.41789640897
v 215340.2305093168 8956747.339532237 -1565.640402588661
v 215352.2048004968 8956694.940573059 -1602.293812256007
v 215696.4610476978 8957095.806376699 -1607.464425710141
v 215215.1814222811 8956613.896846654 -1521.6502240485
v 215210.0463964952 8956650.262823902 -1492.563564711897
v 215204.9208071779 8956686.952642616 -1462.752310829937
v 214924.6869611834 8956285.54967254 -1462.545922870625
v 215252.9942485386 8956604.874041447 -1565.95809231143
v 215243.8107874195 8956656.70506601 -1526.831679674351
v 215239.8085094029 8956684.715801693 -1505.431908452177
v 215280.5828431593 8956656.260789506 -1564.065088253332
v 215320.8235828907 8956650.54884713 -1600.687340505177
v 215150.2191406786 8956124.872213323 -1655.101649559604
v 215193.9640159564 8956115.127609303 -1693.691792824265
v 215235.8217573816 8956107.682941452 -1731.56973253671
v 214856.9496526491 8956199.09994204 -1465.335882594325
v 214783.2869112714 8956160.11845476 -1432.90251752103
v 214815.2836620569 8956204.164784972 -1431.888028455129
v 214751.9136343111 8956116.062966228 -1431.34055125459
v 214912.6038403521 8955848.653243342 -1557.626302076461
v 214976.3610552573 8955893.298060425 -1592.593269734985
v 215004.4735710764 8955937.078987435 -1604.784333964291
v 215029.2974789842 8955980.591266386 -1613.602376495626
v 214956.3001512802 8955848.453977576 -1584.145330654026
v 214890.0912903749 8956242.723219836 -1464.323593286397
v 214849.258899051 8956251.16033422 -1427.554363977601
v 214775.8776919825 8956217.400865484 -1392.031724854794
v 214804.7223310771 8956256.375327241 -1387.308481714169
v 214746.8913254183 8956169.505542299 -1399.536850665409
v 214715.6850562179 8956125.048354505 -1399.211992006337
v 214677.6666009613 8956076.555737201 -1391.151156482029
v 214652.5369212931 8956028.065091018 -1388.114976919509
v 214882.7343442304 8955803.50458093 -1541.668216057034
v 214932.4359041112 8955803.07911502 -1572.190845655555
v 214976.9494572782 8955804.347549731 -1600.428824144673
v 215001.7549991133 8955851.38886586 -1612.665693424872
v 215023.7269326344 8955892.998913482 -1622.424269716854
v 215042.6701228183 8955927.167469649 -1629.803109410027
v 215071.9767115302 8955979.787329642 -1640.247885355917
v 215099.8614855747 8956026.509826414 -1648.338418849864
v 214824.2859722513 8955758.2235534 -1504.459299425168
v 214867.2070241207 8955759.364105761 -1531.962295769183
v 214672.5983597769 8956106.140119588 -1372.86795163308
v 214702.9253952941 8956151.987357151 -1373.676377784609
v 214641.2548961221 8956071.178657111 -1361.512564654642
v 214621.1247124182 8956037.585664995 -1356.387951346908
v 214590.1673776462 8955984.05718671 -1342.914312394031
v 214804.7205452271 8955714.819169855 -1486.696713964522
v 214846.734965534 8955715.025183672 -1516.320159271138
v 214889.5983459082 8955714.101056743 -1545.457453768995
v 214910.5832623706 8955759.321808383 -1559.642698043756
v 215129.4523988206 8956072.064828187 -1656.612105733579
v 214879.812102457 8956292.564012824 -1421.473225768804
v 215091.1139892489 8955935.86950325 -1660.47528135432
v 215116.4286345016 8955982.088785296 -1669.504009309329
v 215145.2856083384 8956020.402748045 -1681.498923188721
v 215168.8100707169 8956069.631827211 -1686.480895727117
v 215484.6958327711 8956418.849393308 -1763.635894578279
v 215505.9760488186 8956383.373668101 -1787.549137058812
v 215509.495584518 8956450.996144043 -1760.710500050544
v 215310.0354299502 8956702.080896044 -1565.095413861005
v 215274.1799960022 8956694.807759808 -1535.499766206357
v 215541.4358466983 8956428.916374251 -1782.571820606816
v 215575.1205954709 8956471.510004224 -1778.541449199997
v 215208.1157711957 8956071.178657111 -1718.018560729456
v 215245.7571656287 8956076.844818421 -1747.383974547819
v 215548.0625217014 8956374.121515803 -1807.47372981492
v 214652.2423905669 8955622.102871019 -1343.442489193129
v 214691.3623724822 8955625.251093721 -1378.645535667303
v 214708.2135726852 8955670.274233947 -1400.453503861698
v 214586.4114369593 8956026.633721203 -1327.084171150193
v 214543.160321997 8956018.014712321 -1284.860597673546
v 214505.6501332658 8956027.080053909 -1240.381194734173
v 214634.6434147362 8955580.388113039 -1325.027058429244
v 214674.2183211949 8955581.184362134 -1359.440177761529
v 214729.6333236315 8955624.262213204 -1413.213890344451
v 214746.1050971803 8955666.872299446 -1433.444884895492
v 214711.0494848615 8955574.033441152 -1392.449905429121
v 214516.2577634526 8956160.268528925 -1181.925717677565
v 214735.5864152157 8956196.171001252 -1373.095359494095
v 214760.6367299951 8956240.265941735 -1361.76844071606
v 214807.6777375969 8956305.512850227 -1347.562115127892
v 214785.0409808285 8956270.946509443 -1357.936185915605
v 215609.6553075218 8956515.267083805 -1775.013367957918
v 215630.2303458976 8956478.872997332 -1796.022359973943
v 215640.5457599872 8956292.549388682 -1866.347393579292
v 215668.1671817904 8956247.109480366 -1887.485335197738
v 215603.9896632601 8956315.73471169 -1848.173747232399
v 215665.5875676174 8956200.223003855 -1899.081993823282
v 215628.7377745839 8956347.097645491 -1844.537566357806
v 215603.697291772 8956379.819950929 -1824.481885250225
v 215572.4916370128 8956405.065692632 -1803.869920453326
v 215307.3813883028 8956026.633721203 -1800.360458274258
v 215328.5021231374 8955982.462775387 -1816.740585079252
v 215704.6163709516 8956241.314228414 -1898.715224644005
v 215696.1164339601 8956296.79269769 -1880.578475290976
v 215666.1268851843 8956340.714751512 -1858.0534126812
v 215729.0909397307 8956202.636152595 -1915.041549826284
v 215661.9838961714 8956389.404544789 -1839.827349608781
v 215597.0994836787 8956436.371155497 -1800.374632822589
v 215641.5404732974 8956426.22460153 -1819.590213603804
v 216449.0593562646 8957370.296247184 -1796.716133543667
v 216484.6673464096 8957365.448039142 -1811.235204329651
v 216265.448214455 8957118.682087259 -1804.767340567622
v 216240.7759376389 8957086.65818931 -1807.635311105661
v 216262.7167927823 8957051.71300327 -1830.568087827213
v 216576.8193052273 8957274.668303065 -1874.958238574779
v 216554.9990235036 8957310.801987285 -1854.670174884083
v 216544.2676811491 8957364.040527686 -1831.869903021087
v 216426.2929551815 8957406.410790423 -1778.365268978198
v 216487.861568777 8957411.530199805 -1797.162265841061
v 216522.734019628 8957400.665346498 -1811.983396538863
v 216198.3053981003 8957096.478803754 -1787.34227718891
v 216208.098947103 8957043.566486113 -1810.755851103371
v 216229.7095604134 8957007.632544443 -1832.453832828112
v 216271.7060769979 8956997.837044459 -1853.252087315036
v 216294.662990197 8956962.758777188 -1874.027132200535
v 216335.9205214625 8956951.243759781 -1894.02560800382
v 216392.8854647178 8956961.470952885 -1913.702258413236
v 216611.926503176 8957252.105965571 -1893.646282973888
v 216636.5618505062 8957282.489250582 -1889.189925675314
v 216611.9898771354 8957316.896885853 -1869.954390715215
v 216580.4284769287 8957343.093132969 -1850.998642650701
v 216604.0929651888 8957372.89847333 -1847.33734276772
v 216580.65223679 8957409.267306 -1827.318498934367
v 215265.1318331388 8956027.825498404 -1770.598516254139
v 215285.5822168473 8955984.635168597 -1789.858702463919
v 215224.0106230266 8956025.382525988 -1740.306457797204
v 215241.3942173894 8955982.088785296 -1760.045602601617
v 215347.3062204757 8955936.430228535 -1830.35775565244
v 215370.4685815964 8955892.998913482 -1844.776501627459
v 215420.2182057798 8955893.867488859 -1867.62893782457
v 215303.6916030479 8955937.54384939 -1805.578602624026
v 215324.3620035093 8955889.805469543 -1820.189615462376
v 215349.2543963299 8955848.112341443 -1835.647177038768
v 215819.3783400776 8957191.026892699 -1617.051493980042
v 215892.6306664043 8956821.530285887 -1767.589556498644
v 215925.0342594755 8956864.818814117 -1765.052483937402
v 215852.2303905942 8957228.866657507 -1610.679500074463
v 215729.3358498054 8957138.580430467 -1602.022263229065
v 215766.1317960838 8957181.114057871 -1597.321200776583
v 215801.8823691549 8957217.565414084 -1594.068773935001
v 215854.773797925 8956786.321519678 -1766.355687088574
v 215914.5572850999 8956784.997599851 -1787.226978542267
v 215948.1459576422 8956829.03529791 -1784.712279515152
v 215982.7626592103 8956874.786383539 -1782.309606138179
v 216014.8118549034 8956917.110647552 -1780.251163625915
v 216048.0226944958 8956961.124294385 -1778.226920533958
v 216081.190845777 8957005.180681521 -1776.2487660998
v 215758.3416465637 8957228.548472995 -1566.259008578714
v 215722.1753958106 8957195.271022338 -1567.406900201123
v 215691.6427914907 8957148.856913369 -1577.34711622782
v 215666.9857157549 8957117.787597433 -1581.148171205211
v 216138.2250367588 8957098.442847516 -1765.598808580799
v 216169.2476653521 8957053.015825003 -1792.547548627175
v 216114.6461646942 8957049.246205447 -1773.994089762534
v 215887.5159258861 8957272.667635845 -1599.697518346955
v 215824.4758469918 8957253.494773032 -1583.220539085193
v 215849.0544322417 8957281.778306782 -1576.744704231483
v 216006.0014690491 8956838.40189841 -1802.310385972215
v 216038.31085384 8956881.881992448 -1800.098109846572
v 216070.5706905748 8956925.417821802 -1798.01164057001
v 216102.8114002319 8956968.954210449 -1795.952780360796
v 216141.6392199214 8957010.458178457 -1796.91606521062
v 215927.8261447047 8957307.244672561 -1593.823250628672
v 215881.7480692622 8957321.986605106 -1564.801384850256
v 215885.6645307088 8956741.364883021 -1791.652168211552
v 216776.4477291899 8957042.556326557 -1985.967725716498
v 216832.1431646191 8957052.856297921 -1989.136484362566
v 216895.2698859647 8957052.148128368 -1994.488370114186
v 217077.135525833 8956883.452124123 -2025.255865925292
v 217053.352052451 8956916.993110605 -2020.890624455677
v 217021.6581099092 8956961.671616212 -2014.750997692755
v 216987.508500626 8957009.965791995 -2007.14402193669
v 216958.3397203998 8957051.614472194 -1999.345317545524
v 216833.2086808209 8957101.306746028 -1979.1903134278
v 216800.9146606603 8957073.370912436 -1982.180845279669
v 216870.9329854141 8957087.055852734 -1985.934792909252
v 216926.6253077243 8957097.285078138 -1988.944050618343
v 216769.8811663208 8957094.19159835 -1973.480883136247
v 216675.0518184013 8956738.887387618 -2013.418723538206
v 216706.5016952895 8956694.067228962 -2018.570239271012
v 216737.9384693679 8956649.078229303 -2023.173197733225
v 217083.9920733694 8956829.08847951 -2029.686032345222
v 217115.5020830602 8956873.743224161 -2030.086031655349
v 217108.6866336954 8956927.675821621 -2024.859558778707
v 217084.8135044037 8956961.39406902 -2019.748838699502
v 217053.1074183962 8957006.20716626 -2012.457339491403
v 217021.6829486355 8957050.534521384 -2004.374994481695
v 216989.736043309 8957096.610107046 -1994.622969235001
v 216609.5311159975 8956740.440749863 -2005.523304024016
v 216643.5908981407 8956694.238625573 -2013.771197820438
v 216675.1029059082 8956649.249994753 -2020.361053583596
v 217115.5972441304 8956784.358576208 -2036.809121212387
v 216800.8050253433 8956606.660039335 -2028.706426076008
v 216832.3060644667 8956561.95782588 -2036.171815215949
v 216895.2897077604 8956561.861554055 -2038.797263456108
v 216961.1255259018 8956557.518475676 -2044.789382908258
v 217017.8269432581 8956562.145658433 -2050.539167483496
v 217052.9754091038 8956602.243284546 -2048.202403292995
v 217089.5040608562 8956648.160572916 -2046.82877286844
v 217121.9805547515 8956692.163758853 -2046.489927376182
v 217153.5850347804 8956736.601827655 -2046.598407208044
v 216769.4166344129 8956626.416932415 -2025.221160237291
v 216737.6306585229 8956599.203867791 -2028.200447568928
v 216769.2792351588 8956561.974784039 -2034.468761035962
v 216698.8493266304 8956615.404732304 -2024.916332037683
v 216800.8488769532 8956517.026246013 -2042.998355425841
v 216863.0634792597 8956511.251348922 -2046.933583636016
v 216925.0583578745 8956518.085701035 -2049.702851883479
v 216990.1641608176 8956515.626452193 -2056.793789483419
v 217185.1102399181 8956781.155995173 -2046.749113953806
v 217147.1207580527 8956828.920213319 -2037.35486872876
v 217053.5288282315 8956514.717674114 -2065.218104466379
v 217084.9213319106 8956559.888692237 -2060.873595826624
v 217116.3235336331 8956604.867559247 -2057.956660142718
v 217147.7507893294 8956649.666902561 -2056.315478350442
v 217179.2013998087 8956694.345298879 -2055.52638304235
v 217210.6611867882 8956738.960506082 -2055.086815239201
v 216523.6466478725 8956774.689682188 -1986.525927313895
v 216548.4822881134 8956739.745356545 -1995.75652314054
v 216739.8874330054 8957136.974340372 -1958.209919522239
v 216421.5093024422 8956874.533902016 -1943.161176210527
v 216452.9975620571 8956829.056930017 -1961.17056260968
v 216486.892430549 8956782.49326387 -1977.210973461772
v 216417.3696242789 8956925.317379192 -1931.092545198139
v 216492.4162866202 8956729.869236495 -1985.871882063932
v 216516.9719547235 8956695.281891206 -1995.462886244103
v 216578.1645177162 8956695.805630328 -2005.517481613832
v 216798.7692528724 8957142.949529355 -1965.013719648811
v 216386.207358434 8956880.336007843 -1930.181272839411
v 216394.7288853519 8956830.7000459 -1943.346245355652
v 216422.5012280687 8956784.080816239 -1960.33829255718
v 216455.3562861687 8956737.946073268 -1976.3426133541
v 216361.9478127309 8956916.685306758 -1913.1120521325
v 216713.2428346992 8957176.601457831 -1942.12846054647
v 216769.0119747801 8957186.536961854 -1948.789263610848
v 216737.9186081655 8957206.921304027 -1937.551493242091
v 216704.3240279556 8957231.661222516 -1922.808723280321
v 216674.1035153105 8957276.564222274 -1900.834493315723
v 216762.9264182856 8957237.402919224 -1932.666724202019
v 216737.7525290798 8957274.734782636 -1915.930167089248
v 216676.32045475 8957322.310357928 -1885.489565712731
v 216712.8599493858 8957310.572995763 -1898.461736452524
v 216425.8005293959 8956557.152071256 -1999.186670226246
v 216479.698183028 8956563.615142256 -2007.719274228128
v 216676.0958607866 8956432.95485587 -2051.026144471415
v 216643.2619197163 8956472.58076866 -2041.63306887268
v 216611.4926437782 8956517.735631462 -2031.744543392811
v 216580.4284769287 8956537.405233646 -2025.299333280195
v 216549.3488380441 8956559.97872635 -2018.669951265437
v 216327.6616996701 8956295.625035817 -2031.122647990833
v 216364.4461890974 8956247.81097983 -2046.896788842938
v 216391.8731188182 8956203.650551204 -2060.020375155163
v 216447.9952345307 8956213.136502145 -2066.499232916414
v 216485.0297529428 8956199.149660228 -2074.4483284625
v 216517.4324244339 8956228.598147077 -2072.851733968905
v 216548.5704772772 8956205.916073315 -2081.463089789928
v 216579.9487114161 8956250.939943861 -2076.372331051345
v 216619.2175352356 8956284.529808916 -2073.927383478892
v 216643.4245294234 8956315.059246041 -2070.222961117495
v 216675.5253855395 8956343.883930087 -2067.776926689253
v 216706.6956425801 8956381.425538955 -2063.159649556677
v 216604.9622008755 8956570.273627207 -2023.471801700925
v 216708.207844932 8956469.653651116 -2046.766415806179
v 216738.0437892246 8956426.670115463 -2056.641845624268
v 216674.6965063735 8956517.372083817 -2036.832000623658
v 216642.8157898131 8956554.965120371 -2028.876065159139
v 216513.1539638675 8956607.456907038 -2006.61757404206
v 216454.0329523241 8956606.267814051 -1996.494819805936
v 216580.7397011468 8956604.786234181 -2016.486840343358
v 216365.9137021005 8956552.878895741 -1987.783212011043
v 216397.8007184194 8956596.785223959 -1986.594489288074
v 216327.4378019458 8956518.367116485 -1986.215395466722
v 216296.0774152811 8956473.67211188 -1988.49868782257
v 216264.7334387709 8956428.905694066 -1991.15331968024
v 216258.9178340354 8956340.710187323 -2008.687794319704
v 216290.2897110769 8956302.682788156 -2022.715321799195
v 216233.3999963793 8956384.081959017 -1994.085895239482
v 216296.3048601896 8956250.756660417 -2034.522442034689
v 216328.5034270062 8956205.443077514 -2049.238527861849
v 216360.5446037327 8956158.737994399 -2063.737827531215
v 216415.2454664564 8956170.275160827 -2069.953057773676
v 216614.1444159599 8956201.869281307 -2089.940899222921
v 216643.1710904292 8956250.293699171 -2083.396420303588
v 216674.5537654195 8956295.405170655 -2077.451394615737
v 216713.7524968208 8956329.167741057 -2073.962562640538
v 216737.9186081655 8956359.050654 -2069.669433170579
v 216769.8866616583 8956387.994899893 -2066.445805304286
v 216643.7309416258 8956604.387560528 -2022.838992375297
v 216360.9080328504 8956603.975039974 -1977.080352708484
v 216329.8362270617 8956566.092228193 -1977.132694977132
v 216290.9367675624 8956524.717711668 -1976.565553812923
v 216258.7427691052 8956481.060323777 -1978.437355167491
v 216226.4421721603 8956437.54799233 -1980.604965992898
v 216204.9359630338 8956335.12136258 -1998.660333775754
v 216234.4288626917 8956292.826572835 -2013.981406340076
v 216257.8070426453 8956259.459692731 -2025.429656614518
v 216202.4521619602 8956405.301856818 -1982.285828266388
v 216178.3138484278 8956373.096801665 -1984.217503485222
v 215857.8048426893 8956565.08280617 -1841.36635393491
v 215892.8949832064 8956554.067189027 -1856.11214648763
v 216051.522151042 8956418.790501911 -1941.952126327143
v 216042.5301572922 8956475.11140874 -1924.385387215653
v 216012.6494703781 8956518.30853942 -1903.744854703048
v 215951.0799855312 8956563.095644401 -1871.567475185431
v 215737.3089389258 8956284.362380315 -1895.529103527468
v 215764.8238575663 8956248.254630305 -1912.807614543059
v 215794.0921199232 8956202.820330948 -1931.847049932056
v 215830.7657635761 8956196.333505668 -1942.601935403712
v 215892.2788753621 8956203.077428211 -1956.494563461196
v 215975.1675404935 8956251.638977492 -1965.233495692229
v 215951.1464738118 8956203.516861953 -1970.824757289173
v 216009.5943065837 8956295.169197856 -1963.02482667255
v 216045.5435485201 8956340.581179515 -1960.583400653229
v 216078.6810889024 8956382.227632839 -1958.328552609091
v 216007.4993125694 8956569.036671538 -1887.186375734569
v 216113.1562951893 8956425.736075003 -1956.038164055908
v 216084.0108820903 8956461.97278421 -1939.18840455366
v 216071.0023336728 8956518.317481242 -1920.509032271561
v 216043.8446759013 8956563.382210553 -1899.972606937337
v 215925.6341051373 8956596.930871407 -1852.675718613316
v 215885.5676112886 8956607.829766626 -1836.106342783622
v 215983.9842096845 8956605.103344548 -1868.857069117569
v 215726.3199509716 8956472.88722414 -1830.654245353692
v 215696.5971714205 8956429.47180826 -1836.481739508941
v 215763.1930866038 8956165.110831546 -1932.625728204474
v 215798.6082541691 8956152.574359905 -1944.320375578337
v 215858.6086851854 8956159.271185961 -1958.103931144262
v 215919.8114762393 8956158.759600468 -1973.28543711531
v 215957.8375488386 8956150.217470888 -1984.048873953997
v 215981.9659782286 8956182.893716894 -1982.602367877307
v 216005.8222071941 8956215.043990841 -1981.014839275865
v 216038.176730151 8956258.387769721 -1978.602412985892
v 216070.6069003175 8956301.663004186 -1976.014460970353
v 216108.9531444031 8956336.351792227 -1976.859982783567
v 216140.2633946135 8956381.291835632 -1973.568265831309
v 216046.8605751908 8956610.093385333 -1887.283634821486
v 215665.2462083601 8956468.412695011 -1812.098779848483
v 215793.4727398948 8956070.968562381 -1959.631287849926
v 215760.4158315561 8956117.519000195 -1941.970332097322
v 215825.6133485886 8956115.268800834 -1959.178682139738
v 214786.5753202345 8955669.578381144 -1467.1717507748
v 214605.1086243286 8956064.161003165 -1330.508893643893
v 214769.2471711366 8955625.72929804 -1447.773768892393
v 214822.0433820104 8955680.600893501 -1496.416799600553
v 214809.6153244312 8955626.038438898 -1481.222072387013
v 216824.0588807893 8959243.417165417 -633.3176621438256
v 216867.4889027651 8959229.834479798 -663.7649227413592
v 216895.4087394024 8959213.028948214 -691.8788162180649
v 216928.9291945369 8959196.937771071 -720.7601072223938
v 216800.9146606603 8959217.59163869 -651.8965707869529
v 216823.0233532626 8959200.092505258 -679.0792841756438
v 216866.1866649917 8959186.615006089 -709.7551882327489
v 216895.4087394024 8959170.186582146 -738.1263219641814
v 216919.7943747799 8959152.857038736 -765.4821173860437
v 216959.7745117375 8959178.324163383 -751.2190384771995
v 216525.5964538467 8959179.72770761 -569.365519276439
v 216548.9304506813 8959162.89714089 -597.2020729874785
v 216579.2740983124 8959147.864557387 -626.6327722069791
v 216620.069688116 8959135.264274471 -658.4791823036917
v 216643.4245294234 8959118.362887857 -686.3026276749533
v 216673.7099053655 8959103.199486472 -715.6250129912883
v 216715.0953360841 8959134.772069838 -702.4070645997128
v 216769.2094954472 8959192.332823865 -665.8616144252649
v 216737.9186081655 8959161.475238031 -684.8700419427896
v 216485.1212991803 8959147.351283714 -581.5429580967425
v 216525.7902699152 8959134.908056753 -613.677995609457
v 216548.9304506813 8959118.044595927 -641.4393998373473
v 216579.4473627477 8959103.118758386 -670.9394416256928
v 216620.1479301592 8959090.576620039 -702.9233201174188
v 216643.4245294234 8959073.693673307 -730.7232849382162
v 216673.83916789 8959058.656726543 -760.1250916612464
v 216714.7861751098 8959090.536994155 -747.3047846578552
v 216768.7096721676 8959146.05181957 -714.0035053183283
v 216737.9186081655 8959117.611291954 -730.0959676787384
v 216800.9146606603 8959174.287156822 -697.6819607336706
v 215989.5823598884 8958868.022870142 -569.9801165027832
v 215831.9904654804 8958557.220327698 -738.1618948318671
v 216044.8834262723 8958790.479927607 -669.8706645815334
v 216044.7508180899 8958838.33808377 -628.1285903834148
v 216013.464004476 8958851.891760696 -598.0112441425936
v 216034.6320918169 8958882.37555689 -583.6528441065823
v 217240.9719153275 8959359.379704006 -614.7520803494544
v 217244.6809101913 8959399.654080417 -571.6612467505784
v 217241.2149962589 8959316.76509087 -661.3411782266514
v 217210.3890018761 8959293.195105061 -682.9551012503184
v 217273.3850543709 8959382.483672023 -594.0639245853124
v 217273.3850543709 8959339.715744512 -640.3858688879889
v 216580.6888915466 8958920.235135974 -844.6676166234142
v 216621.8771201156 8958954.665815618 -834.4918476882726
v 216541.864738838 8958886.317204006 -854.4548122247163
v 216517.4324244339 8958855.034723265 -868.4238221531323
v 216800.9146606603 8958816.692822382 -1052.806600805288
v 216825.0661849372 8958840.563320629 -1042.52168586963
v 216810.8905107957 8958865.718619639 -1012.831880909073
v 216768.7994995474 8958924.171858534 -937.3869322143669
v 216809.9890934903 8958911.429976925 -969.2678842549485
v 216737.9186081655 8958939.173730986 -908.0178939661882
v 216715.2546409939 8958956.167030435 -880.3590602987947
v 216674.3994740805 8958968.536670104 -848.1305156252986
v 216580.4013598975 8958966.292717516 -802.3363425758466
v 216643.4245294234 8958983.283023778 -818.4923790377959
v 216621.0111256347 8959000.33367754 -790.9769454909629
v 216540.1194720342 8958932.928630879 -811.9882255515624
v 216496.0508113778 8958872.963584116 -841.9397994668029
v 216517.4324244339 8958902.673655618 -826.9728826925902
v 216863.55336201 8958878.567272492 -1025.501786719132
v 216832.4126869077 8958894.140546815 -996.6195175170219
v 216863.1968815266 8958923.798867473 -981.6410509171048
v 216832.4126869077 8958939.344109828 -952.7332087160739
v 216809.5873786334 8958956.5233589 -925.1584985736499
v 216768.4827288577 8958969.269211272 -893.4292217923235
v 216737.9186081655 8958984.364176305 -864.1184674722895
v 216714.822571183 8959001.289752413 -836.3310127297361
v 216674.0765438908 8959013.797854312 -804.3129313242341
v 216989.9028181445 8959163.981824804 -776.4665005284774
v 217019.0675355623 8959146.852557836 -803.9995082881692
v 217052.8988706393 8959172.533073844 -785.0177495698451
v 217075.93646485 8959154.071141627 -811.4756419184591
v 217118.1449030257 8959177.715387579 -794.9157315376133
v 217178.0424134183 8959227.766106699 -750.409619896096
v 217147.3929493814 8959203.799926942 -771.7396667604264
v 217241.4552112292 8959274.294806784 -708.1272556141498
v 217210.3890018761 8959250.934305083 -729.7841730865753
v 216956.5139989849 8959137.900761969 -794.2211750193828
v 217304.6605135048 8959320.089645131 -665.0199763388403
v 217273.3850543709 8959297.114995843 -686.8749920319513
v 216989.9028181445 8959121.498233357 -823.0727808968809
v 217017.2571015604 8959104.121619308 -850.4634908485561
v 217052.8988706393 8959130.327318011 -831.9018655492787
v 217076.8588011337 8959117.365403352 -852.8244095496063
v 217114.6380766355 8959137.965724742 -838.6663889367776
v 217178.3781793836 8959185.672760639 -797.6672643664072
v 217147.3929493814 8959161.825597545 -818.8552091777947
v 217241.6936799576 8959231.971817987 -755.1252434497173
v 217210.3890018761 8959208.834718483 -776.7744583002686
v 217304.8224114678 8959273.848470092 -715.4782383039217
v 217273.3850543709 8959254.693531996 -733.543399999342
v 216517.9019869522 8958562.507434193 -1110.8258919525
v 216548.9304506813 8958547.037277732 -1139.510543411575
v 216572.6949957762 8958530.404749081 -1167.12002486907
v 216477.2274521577 8958576.199056188 -1078.985965054229
v 216479.0671778687 8958529.393868372 -1121.509041295858
v 216518.4321917689 8958515.744770836 -1153.283251837971
v 216548.9304506813 8958500.493358325 -1182.056495818987
v 216573.9630747607 8958484.29886906 -1210.235886860036
v 216613.0149370799 8958471.155964546 -1242.162781623068
v 216643.4245294234 8958456.19800753 -1271.395952745066
v 216668.0610673923 8958440.17636079 -1299.866188508948
v 216707.3385270173 8958427.577622188 -1332.023943756554
v 215846.91788404 8958532.740159037 -767.9240529277679
v 216044.9403212183 8958745.291417958 -708.8600255144447
v 215887.5409387572 8958520.888430433 -803.3053415217719
v 215929.6360674903 8958560.377336834 -796.8114923038106
v 215950.4679519812 8958591.663400508 -783.2322430242805
v 215974.6592828601 8958618.204981258 -775.5621155523227
v 216010.0902228301 8958657.610187575 -763.3816170566229
v 216044.8682561885 8958693.899918139 -752.7618079193317
v 215729.9817682497 8958539.350058088 -686.3739646965578
v 215759.0890756275 8958523.669093281 -718.4596790681562
v 215802.3339649562 8958516.303149261 -752.7352948151834
v 215824.4758469918 8958499.707808873 -780.3665232030339
v 215844.3980888425 8958482.57067569 -807.2678900921683
v 216084.5588277293 8958778.322959058 -703.1062807292597
v 216083.8304491696 8958735.996232498 -738.962022779175
v 216088.4731898881 8958827.353327569 -662.8008417311639
v 215886.7076593041 8958471.885909993 -842.8134368745714
v 215927.2418426947 8958510.606098138 -836.4921774496568
v 215974.0784349926 8958575.672630556 -811.022698817339
v 215950.4679519812 8958543.064167637 -823.7228819669222
v 216013.4680750027 8958608.9475665 -806.4587563625832
v 216055.9009859808 8958649.56186755 -796.8669115092823
v 216098.3503120579 8958711.337530114 -768.4265635617921
v 216076.4600569707 8958680.041986061 -782.5209567641537
v 216080.1621665036 8958874.473075004 -616.7135165489631
v 215825.8968425262 8958252.196997622 -976.0863884153007
v 215887.4718994865 8958273.97103205 -1000.079105450288
v 215868.3123204439 8958291.842469785 -973.9641294241653
v 215794.1551255799 8958210.55981536 -985.7534649019417
v 215750.735613848 8958170.792613035 -985.2877849905444
v 215739.8624617423 8957980.862812223 -1108.627925662197
v 215729.7173492499 8958030.803806456 -1068.489812865391
v 215721.4010725764 8958080.598236401 -1028.795229540087
v 215723.5873429637 8958128.129308376 -996.9152724620426
v 215761.479794497 8957963.166299198 -1134.723731667544
v 215790.0037287995 8957945.524757897 -1165.329597125204
v 215832.4197271805 8957937.43135784 -1198.753831281693
v 215880.3863628994 8957951.115329653 -1221.783095874203
v 215917.660551837 8957941.251217868 -1252.411142512118
v 215949.7719012767 8957985.549193567 -1245.894032671613
v 215984.4187075272 8958028.268832555 -1241.051830553291
v 216025.9385064633 8958068.723479895 -1241.125793747684
v 216056.659901903 8958158.497112216 -1197.039328702545
v 216046.7558382642 8958207.424623987 -1153.858095935037
v 216006.696134688 8958261.64835698 -1086.417515437145
v 216045.2177465259 8958253.820702374 -1116.971479344946
v 215991.4935221452 8958286.112818342 -1057.767612635509
v 215950.1262834874 8958298.532442108 -1021.695865022445
v 215911.2487497905 8958308.42876175 -989.0264804724293
v 215825.1215597658 8958298.729233447 -940.0994847512907
v 215887.4718994865 8958324.168569302 -961.1867708893308
v 215858.256001746 8958340.446070677 -929.5944855309031
v 215781.9674888289 8958259.88492924 -940.812361078383
v 215754.5768817777 8958217.655245006 -953.5255111936331
v 215707.840774428 8958152.328693628 -968.8458084674144
v 215729.9817682497 8958187.821455963 -958.4744652698498
v 215697.0585315174 8957984.998192675 -1076.291989794383
v 215700.3451396411 8957939.589510133 -1108.146804148097
v 215737.4582480933 8957932.489610203 -1138.018639386601
v 215690.5496254766 8958041.839254174 -1033.796311444195
v 215698.4837420023 8958097.000349078 -1001.288166106297
v 215674.19915263 8958066.637034871 -1005.26844754567
v 215677.4691088788 8958114.23749849 -974.6351920042796
v 215749.595615515 8957904.460418023 -1164.006032308693
v 215794.1257559003 8957898.586321192 -1197.274442806051
v 215831.5651284258 8957888.362859514 -1228.074277660033
v 215855.9738732391 8957919.835845072 -1225.028085264301
v 215884.0754526809 8957901.271361521 -1254.674241688035
v 215927.1931995148 8957892.658157825 -1287.745940552476
v 215962.6784841816 8957934.909614991 -1285.771472720266
v 215988.1243969955 8957978.780089363 -1275.263010211272
v 216013.464004476 8958010.793832008 -1271.441136292158
v 216037.3449916338 8958040.590922691 -1267.465411052979
v 216084.1549193402 8958200.380302738 -1182.875812857931
v 216084.0989297559 8958244.023011558 -1149.104089086056
v 216041.3383219311 8958301.857372833 -1076.589964426524
v 216084.8158406375 8958294.178478196 -1109.682412173259
v 216013.464004476 8958319.147481607 -1045.255555006834
v 215993.7510296019 8958336.930699298 -1018.942074111353
v 215951.1049575265 8958347.73895509 -983.451855411789
v 215911.34655412 8958351.684957005 -954.9392982104519
v 216454.4363719392 8958545.998872908 -1093.927202679898
v 216737.9186081655 8958412.832390938 -1361.665143872212
v 216965.9245669113 8958645.633374356 -1283.013882834892
v 216574.8151784028 8958438.727033155 -1253.823890953767
v 216613.2685672649 8958425.77415712 -1285.787779538902
v 216643.4245294234 8958410.977885684 -1315.265702711574
v 216668.4317166307 8958395.186290151 -1343.995886633253
v 216707.4789787294 8958382.704520948 -1376.190744521253
v 216737.9186081655 8958368.005243868 -1405.927868616941
v 216761.8856399675 8958351.872321539 -1434.306274456064
v 216802.0450041393 8958339.129337721 -1466.295111260051
v 217020.8459342706 8958613.52210182 -1339.119320086266
v 216989.9028181445 8958628.889476657 -1310.452614149014
v 217020.0635531462 8958660.782975864 -1297.062081259454
v 216989.9028181445 8958676.378052535 -1268.851318213722
v 216522.5859377405 8958473.038489468 -1194.914371250499
v 216548.9304506813 8958454.528201438 -1225.181210746692
v 215363.8546613646 8958291.497244783 -617.3538999926011
v 215353.361615611 8958340.646800576 -573.2275705950592
v 215383.5034795286 8958274.628480667 -644.3770668107563
v 215405.7635746883 8958310.778689221 -634.6859427784657
v 215390.3386192281 8958334.482265547 -605.4746326123536
v 215394.2357535244 8958381.362666408 -573.4606619019837
v 215627.8104010109 8958575.641329635 -588.217694346979
v 215585.3581758233 8958558.768074907 -572.6320979118636
v 215603.9896632601 8958541.413826583 -599.3478613771545
v 215626.8919961649 8958525.765424203 -627.8443036737667
v 215669.0259510022 8958518.696884414 -662.2626847314441
v 215706.3056489844 8958512.103998587 -692.6109941639404
v 215721.5429303547 8958487.532641869 -722.7070404912747
v 215761.5671470389 8958476.535557091 -758.164937982084
v 215043.9856729976 8957982.150581347 -575.1807608581589
v 215075.5160565982 8957977.052641656 -604.1814747206672
v 215087.0788325577 8957950.338524833 -630.7444141147819
v 215131.0793087905 8957941.214218007 -672.5885623311356
v 215171.1793731974 8957936.864978762 -708.1681144894746
v 215011.374067286 8957938.280920804 -575.7868724952255
v 215043.5187852231 8957933.095510948 -605.4753191516454
v 215054.6273365044 8957906.494769149 -631.3125463211909
v 215099.4113311484 8957896.369001467 -674.5991986250033
v 215138.398713542 8957893.087047543 -708.8552943871609
v 215169.9752290662 8957887.95058444 -737.8534619656944
v 215202.0560324086 8957931.811302314 -736.3450726610051
v 215226.0133482917 8957964.25263511 -734.9056444170694
v 214651.2964876157 8957368.344366526 -583.3827818891855
v 214691.0464167714 8957363.294846067 -618.5519922320077
v 214735.6111900249 8957353.41027604 -660.4005987536209
v 214854.3122410951 8957715.096559405 -575.4828848433826
v 214778.6024182764 8957372.866493309 -687.164235983972
v 214626.5359007833 8957318.137706453 -586.8883276167144
v 214663.791088301 8957319.061995957 -616.9683606038693
v 214697.0132904272 8957308.563728577 -649.1560505841974
v 214740.593541463 8957323.767911494 -678.4020716822924
v 214886.0213041773 8957709.927284397 -605.0421663331897
v 214884.9825207013 8957760.229497354 -575.9638966546013
v 214784.5142215463 8957318.297670141 -717.7213274699316
v 214811.3040635666 8957362.476879805 -719.8688917989211
v 215579.5797847596 8958512.804500392 -605.2593164178907
v 215594.5826124815 8958488.886021847 -634.8341444184271
v 215636.2394108143 8958476.509106724 -673.4867666267014
v 215678.297180976 8958470.539385652 -707.094284355182
v 215800.9512054897 8958466.322538191 -792.255599576732
v 215247.5485461553 8957948.319149584 -762.6568926267155
v 215289.2115092111 8957942.55860465 -799.6694428244355
v 215457.2214768117 8958203.06431561 -751.6182347155873
v 215453.6763680738 8958155.679904278 -782.5485269873759
v 215447.3107721668 8958256.254946046 -705.6932037267652
v 215332.8825503865 8957934.364714082 -839.6043273268704
v 215360.9838073351 8957974.275880117 -835.5121109938125
v 215390.6760181408 8958021.773223754 -826.827667584284
v 215415.0015057759 8958053.449266629 -824.1022759360735
v 215439.3507264302 8958084.888114624 -821.1061258475593
v 215469.6850014389 8958131.473147925 -811.6898993229727
v 215445.3843280695 8958300.07184758 -672.1113694914839
v 215214.3909039877 8957904.901741657 -763.6056447664575
v 215259.2156817715 8957899.888623767 -803.0021605065103
v 215299.219107691 8957891.089507755 -840.7337931614672
v 215499.9255306678 8958170.367539961 -806.7307177526791
v 215477.9975582707 8958186.405542053 -778.8788077317304
v 215502.8815416852 8958217.578498684 -774.860497533512
v 215487.2591714894 8958241.492789093 -746.0812435017574
v 215487.0880407364 8958293.214328393 -707.981266277777
v 215401.6086218509 8957994.765522752 -853.4334085098812
v 215377.1793587497 8957950.43810286 -863.6695772649691
v 215436.457791436 8958037.194859046 -851.6114764104236
v 215344.746638569 8957907.238237053 -866.3365042006137
v 215476.1147946034 8958078.624978237 -853.208174009535
v 215510.6439416829 8958121.695243362 -848.985498338518
v 215436.1385667896 8958348.89461194 -628.9444227182378
v 215476.6989522636 8958342.033101799 -663.8761731807049
v 215484.0405679218 8957711.263827201 -1096.999833000993
v 215447.190734497 8957720.392504413 -1063.671586816603
v 215406.0976648005 8957724.93930362 -1029.28130239457
v 215359.8306668697 8957708.609260581 -1002.734977588446
v 215310.2112433118 8957369.948428415 -1164.063675365121
v 215351.8544087629 8957362.670367111 -1204.626024092207
v 215392.4098945147 8957357.221149467 -1242.235507203366
v 215550.1654955359 8957624.729391467 -1197.999462833724
v 215540.4416464453 8957674.333208757 -1160.922936561213
v 215422.8104064467 8957352.262939354 -1270.040829007965
v 215446.4995320233 8957384.597269576 -1268.873676557967
v 215470.7352562107 8957417.268208724 -1267.270125865947
v 215503.1471647168 8957460.487332739 -1264.651889289177
v 215528.4333731324 8957726.997222982 -1120.078180206507
v 215516.5492250886 8957754.532023106 -1094.293845045605
v 215479.5532722731 8957761.211671898 -1062.817495210205
v 215439.5168501336 8957768.223974243 -1028.215141375069
v 215383.5034795286 8957740.945380153 -1001.592684437024
v 215407.7087085137 8957773.722405469 -1000.138346642608
v 215329.1802490132 8957713.77952048 -975.175795018509
v 215362.007943973 8957757.552262813 -974.4994422239902
v 215237.2327593035 8957355.177897779 -1106.913808835091
v 215273.6301942944 8957362.981798414 -1135.372880075029
v 215250.5558522926 8957328.815413494 -1133.838542558473
v 215279.9991143659 8957324.661220115 -1163.426504327281
v 215318.7617493252 8957315.900800293 -1203.541316120781
v 215360.5642963847 8957312.775663789 -1242.311936441578
v 215390.9097173107 8957308.082230154 -1270.974507035385
v 215469.0951069429 8957368.543559749 -1296.511978161807
v 215435.8926026962 8957325.206154242 -1297.559262463579
v 215507.2685906961 8957410.689279651 -1298.61545420192
v 215562.8414457024 8957769.714003544 -1118.531475866586
v 214951.1587554943 8957624.336468127 -707.7256401789741
v 214958.5055313373 8957585.706477949 -734.6726700337576
v 214942.1623986764 8957674.3050915 -672.6060953436124
v 214848.4634349429 8957363.347176712 -751.2542275505621
v 214879.7536878791 8957407.833058894 -757.0525204408473
v 214910.6549762353 8957451.767620271 -762.3329206244973
v 214937.9553311723 8957495.72758949 -763.9457867624528
v 214965.9258028086 8957546.760293605 -761.8761076044061
v 214929.0028991185 8957728.405980457 -631.2300897307391
v 214917.2108314838 8957755.001573704 -606.0078031215721
v 214823.5393966844 8957313.414992249 -753.1792837799937
v 214981.3022666125 8957669.855260959 -708.5217057377274
v 214981.3534888536 8957619.472680748 -736.1269814408352
v 214995.4387724194 8957592.615181085 -762.9941133889786
v 214973.5031691804 8957718.556101071 -674.4834477030458
v 214854.6477894672 8957308.136213083 -782.1591759078688
v 214892.5770642573 8957353.615607154 -794.147297267551
v 214920.6140985587 8957400.68676769 -796.1645695063169
v 214948.9999159176 8957447.487950895 -797.9949968828707
v 214974.3910541942 8957497.284060411 -794.9086874690202
v 215005.6626510445 8957541.455269469 -799.1558968807631
v 214959.8119274843 8957773.33227572 -631.5946575139524
v 216905.3147513256 8958910.613412021 -1012.91389085032
v 216926.9067656498 8958937.472413309 -995.4064481040075
v 216959.0760070114 8958965.740395252 -979.0688321030289
v 216989.9028181445 8958949.575589864 -1007.509624658199
v 217156.3705306078 8958867.692086952 -1147.784916521882
v 217155.422827667 8958824.082342781 -1193.435122256478
v 217053.1491661425 8958694.669637553 -1281.96817731624
v 217118.0242282675 8958751.368544349 -1254.493295203451
v 217084.3968968866 8958722.068830201 -1269.997159973636
v 217154.9401385179 8958779.966895754 -1238.555272716251
v 217111.8627656405 8958925.763967246 -1072.930459097548
v 217154.7485323072 8958905.248431962 -1107.219639610466
v 217051.1733308663 8958960.130786216 -1017.522437525305
v 217084.3968968866 8958943.482346309 -1045.961317011061
v 217013.7264970197 8958975.38941049 -988.8138333393229
v 216905.3247802144 8958955.252672626 -968.3198709774106
v 216926.9067656498 8958981.516649557 -950.3608125371002
v 216959.8709339824 8959009.441910967 -933.5925500030228
v 216989.9028181445 8958993.042473333 -961.8866363128463
v 217178.8909756287 8958848.811655531 -1174.015305767444
v 217213.8400587973 8958831.26926795 -1200.86945235523
v 217178.8909756287 8958805.376154073 -1219.669676123576
v 217209.7277223403 8958873.854757208 -1154.121293841345
v 217178.8909756287 8958891.721362168 -1127.835140590598
v 217059.692851049 8958646.680047525 -1328.480878056631
v 217112.7457571157 8958704.961586276 -1297.088258539093
v 217084.3968968866 8958676.00034965 -1313.01855123722
v 217154.9532328804 8958735.297295254 -1283.112756916286
v 217211.8102959219 8958787.633472728 -1246.422462434463
v 217178.8909756287 8958761.340493089 -1264.723886952838
v 217169.0271195443 8958932.900612606 -1080.275924240328
v 217209.4455189903 8958916.351265345 -1107.228454503515
v 217113.3169399104 8958968.743008524 -1026.778225808102
v 217147.3929493814 8958951.825488266 -1054.304458967304
v 217050.8620599857 8959003.104662864 -971.1728287311334
v 217084.3968968866 8958986.278240172 -999.6673390590213
v 217020.1548514677 8959021.950061632 -941.1082119779235
v 216832.4126869077 8958323.471364453 -1495.028796924142
v 216857.237791207 8958306.280729048 -1522.154553768321
v 216895.9633056406 8958293.471921731 -1549.020963175737
v 217076.7517463691 8958573.589244049 -1399.59906481268
v 217061.7209472877 8958599.586747129 -1370.772745240227
v 216668.6930053914 8958350.366120052 -1388.236875024084
v 216707.5464089167 8958337.827423874 -1420.451680897554
v 216737.9186081655 8958323.06621458 -1450.078711142987
v 216762.3524124326 8958306.835457463 -1478.243463645759
v 216802.5617580455 8958293.548134269 -1509.936407292992
v 216832.4126869077 8958277.588606514 -1538.235910798083
v 216866.5591482391 8958262.335152825 -1567.022345198239
v 216901.8538118385 8958246.262409579 -1596.170551770891
v 216926.9067656498 8958273.692962252 -1578.885202442498
v 217114.9545684629 8958612.42486465 -1382.780888949073
v 217084.3968968866 8958629.214942256 -1355.323015656202
v 216861.7263039124 8958214.424946975 -1607.945790556535
v 217087.0506789268 8957984.121480143 -1773.312975120621
v 216832.4126869077 8958182.248089761 -1621.075137672546
v 216808.4844780989 8958156.46249048 -1629.129135813119
v 216832.4126869077 8958231.052335514 -1580.789511613569
v 216807.9258867535 8958200.652659649 -1595.613756362723
v 217052.7969993126 8957942.276269732 -1781.95606551658
v 217116.4447544092 8957939.605458181 -1794.450055356112
v 216775.6351928084 8958115.896142526 -1640.817006914418
v 216769.2189490087 8958165.038414812 -1605.129621746772
v 217019.4638834478 8957899.654408699 -1788.551122674337
v 216926.3927460122 8957849.383229719 -1780.447047563066
v 216990.8250590769 8957850.518505495 -1796.860977759806
v 217028.3924331022 8957844.115613248 -1807.594292467193
v 217052.8988706393 8957874.697034711 -1803.518377601972
v 217077.8682880202 8957905.375674674 -1798.884928859925
v 216730.6718433284 8958129.638990842 -1611.512702184622
v 216706.4205819182 8958094.44861486 -1622.365534586842
v 216893.6214536929 8957808.912230112 -1783.550056306424
v 216952.6047535265 8957815.862969097 -1797.431740819878
v 216988.4877628583 8957804.0307298 -1810.251546817744
v 216680.318494356 8958116.175510114 -1596.102795381821
v 216630.861505739 8958126.323989686 -1564.328368312411
v 216451.555887765 8957897.482771814 -1609.393627241649
v 216461.8785784083 8957842.832228424 -1640.717727121455
v 216447.1369988154 8957951.135011505 -1578.464675514515
v 216674.9226445091 8958164.860654289 -1558.633675243812
v 216714.0164444416 8958156.39832928 -1584.483205392585
v 216611.926503176 8958145.730082279 -1540.012194284741
v 216636.2926330946 8958172.502914302 -1532.32611491413
v 216416.5081011515 8957858.167357698 -1611.664292051165
v 216426.9644758038 8957808.404578187 -1640.196268895353
v 216422.9383456918 8957920.907705586 -1582.459433033507
v 216397.9415034214 8957889.24200692 -1586.14460772452
v 216393.0896280225 8957942.913608547 -1553.821851810385
v 216858.5707399961 8957765.273559587 -1787.010398006165
v 216833.3553117392 8957717.072125375 -1795.106257039831
v 216870.8563251671 8957710.362307623 -1807.54081543416
v 216895.4087394024 8957741.961998101 -1804.418148711619
v 216919.6132721791 8957773.269090865 -1801.494862950951
v 216802.7027641531 8957679.200638507 -1798.467273161044
v 216762.5945595696 8957638.941148281 -1800.135041473128
v 216800.0550533227 8957632.424926817 -1812.966768865934
v 216837.7830982852 8957667.886023859 -1811.837137677318
v 216713.5631692032 8957576.652346432 -1807.187096862889
v 216737.9186081655 8957607.48514777 -1803.576106102546
v 216774.6744216878 8957584.362628087 -1821.695528652003
v 216638.2043453302 8957547.7526816 -1795.771030981644
v 216673.2517464131 8957536.736180656 -1809.64093743225
v 216393.2000469535 8957763.877104599 -1644.554692522638
v 216360.2060251274 8957719.946426352 -1648.437451298779
v 216604.8795675008 8957505.555259027 -1800.701961177643
v 216645.7237467392 8957494.177032787 -1816.604777952789
v 216701.6027541594 8957497.681558087 -1831.08817119729
v 216737.9217654865 8957540.985654062 -1826.247543210945
v 216326.8804520376 8957675.012510572 -1651.357542477515
v 216386.324524701 8957815.10399913 -1617.525360605801
v 216353.6153754795 8957772.266970847 -1620.946054766543
v 216321.21114085 8957729.112378746 -1623.617970756627
v 216289.2380385906 8957685.500337705 -1625.222724562834
v 216555.8609452463 8957443.217375007 -1807.686877558395
v 216580.4284769287 8957474.521812856 -1804.247578908702
v 216615.5606777451 8957451.222722264 -1822.896562581852
v 216145.9728613847 8957530.226735149 -1583.466806811808
v 216182.4490540559 8957577.423370408 -1597.175608892339
v 216137.428072929 8957583.914781883 -1561.045283677449
v 216208.6154258011 8957630.223612262 -1596.182411049391
v 216235.8813563134 8957674.969944375 -1595.982729426874
v 216267.6031573689 8957719.635142235 -1596.227836573359
v 216222.9812169165 8957726.375586163 -1564.435558147064
v 216192.7088073238 8957681.277085474 -1563.931568110474
v 216168.7634799329 8957630.849078754 -1567.209865659496
v 216031.7922796435 8957638.495221682 -1475.90931136281
v 216078.9488285926 8957629.787297564 -1507.11793960499
v 215824.4861951228 8957362.793565204 -1514.055411568878
v 215855.9738732391 8957343.665188711 -1539.756147042667
v 216124.1831699912 8957630.251413856 -1536.127018980454
v 216018.350035187 8957667.913945735 -1456.190590003954
v 216063.0348448899 8957679.261073217 -1478.758600093996
v 216109.3114295735 8957674.700430214 -1509.795379345233
v 215785.196377523 8957372.082559455 -1490.088268510087
v 215786.9370401654 8957322.811164869 -1521.88137818635
v 215831.5046808231 8957309.335808981 -1551.35643765446
v 215767.1649478594 8957403.211442092 -1462.156310048043
v 216146.4623536038 8957664.261492781 -1538.629574281922
v 216202.4800713125 8958428.93993455 -1066.488149131878
v 216243.3214213497 8958464.93616356 -1058.011819675037
v 216160.510454796 8958392.508638881 -1073.702353076699
v 216139.4561094655 8958361.271418473 -1087.379491873779
v 216115.3205519701 8958334.783428773 -1095.024334918316
v 216107.9580832181 8958277.424936501 -1137.167817623344
v 216107.9580832181 8958227.778622132 -1176.611375067503
v 216432.5264735385 8958331.16571774 -1280.376540476838
v 216422.9383456918 8958281.663794748 -1319.586419498174
v 216446.6587760893 8958306.369440887 -1310.746311264052
v 216431.3190113181 8958377.232890312 -1237.278349529149
v 216390.5777736479 8958435.973971359 -1161.714078972482
v 216430.1583283701 8958423.206386738 -1194.134736232992
v 216359.9422931971 8958450.639663527 -1132.202801019958
v 216335.8183029816 8958467.492010267 -1104.905412968837
v 216296.2417222099 8958480.607456202 -1072.522747371376
v 216202.3952764884 8958476.059736649 -1026.042237291683
v 216265.448214455 8958495.289415132 -1043.217744904744
v 216241.1651416881 8958512.16644983 -1016.02112797016
v 216163.2072621786 8958441.738939047 -1033.517193945243
v 216115.7056147239 8958377.698838975 -1059.879078520384
v 216139.4561094655 8958409.719725171 -1046.737926757251
v 216076.1233027204 8958340.215428436 -1066.992724485395
v 216485.6400592482 8958300.276313568 -1338.049959313729
v 216485.2538688074 8958346.349417077 -1294.98187027199
v 216454.4363719392 8958360.573775407 -1264.861592435888
v 216484.8343905486 8958392.153005287 -1251.647099809334
v 216454.4363719392 8958406.64787104 -1221.845816253195
v 216484.3766701994 8958437.99857069 -1208.287716226718
v 216454.4363719392 8958452.779607818 -1178.887681218274
v 216428.8998009779 8958469.278232735 -1151.106136680284
v 216389.9905779248 8958482.709473118 -1119.075769620533
v 216359.9422931971 8958497.645504627 -1090.118770307573
v 216340.0344668027 8958516.013758544 -1064.184227876199
v 216291.8398744387 8958524.663150197 -1031.797179783231
v 216034.3267224891 8957992.679103764 -1296.925556900828
v 216078.5289885724 8957984.168265222 -1331.210434351166
v 216115.7155974925 8957976.731733579 -1360.043063687915
v 216128.6214601592 8957948.35634573 -1386.112115735096
v 216172.7111683117 8957943.527099762 -1417.645104256742
v 216210.271249678 8957931.953722239 -1448.812782068657
v 216233.9501882076 8957962.307896132 -1445.679879951896
v 216259.3282193823 8957994.225679673 -1441.707707617871
v 216286.1785766024 8958037.029091023 -1430.480395232589
v 216004.7667056379 8957953.897181923 -1301.674935531163
v 216044.2175690968 8957940.894230565 -1335.328317949682
v 216082.5681731614 8957934.135697095 -1364.324564249477
v 216099.6223937979 8957908.977035662 -1390.257533507353
v 216140.0197103545 8957897.895347405 -1422.986943813788
v 216177.4112693302 8957888.967856959 -1452.297946657937
v 216263.3500494306 8957941.040670039 -1477.31853317721
v 216224.1616586337 8957903.276173368 -1474.660311875227
v 216297.0244157578 8957986.782377539 -1470.238362132701
v 217210.018996689 8957586.813764278 -1915.934264448611
v 217178.2377540602 8957632.312650345 -1899.434083356091
v 217045.4324639047 8957728.75626355 -1846.316443732912
v 217021.4008443919 8957698.175277591 -1849.721300015461
v 217083.6913720402 8957721.351925243 -1856.968353190689
v 216987.5719633726 8957722.018717762 -1834.69926612741
v 216897.8923501618 8957404.606262481 -1908.434984864627
v 216927.3935822998 8957361.447868988 -1926.296067085988
v 216983.2530887653 8957371.334547173 -1933.189130235237
v 217020.4672221742 8957358.017656168 -1942.517057881354
v 217084.0858081938 8957364.097773239 -1950.433502637253
v 217115.3652157059 8957409.365367921 -1944.324134143844
v 217154.158145522 8957443.500061974 -1941.838139519281
v 217178.8909756287 8957474.651433762 -1938.012007534887
v 217203.3139638962 8957505.469803903 -1934.291056435044
v 217242.4084916363 8957539.165580919 -1931.78872963764
v 217179.9219119256 8957679.365294229 -1887.320126933977
v 217147.5235981314 8957718.75610365 -1870.616430318637
v 217244.0238189068 8957627.543092245 -1910.921250133313
v 217273.6869255533 8957584.470280839 -1925.332148348733
v 217217.2471323552 8957666.124665039 -1897.061698140388
v 217085.7571647385 8957768.555742085 -1843.529080897848
v 217121.9436988333 8957756.247451317 -1854.694277206298
v 217017.8908743752 8957764.816146277 -1829.248446653794
v 216932.3613572729 8957717.797112115 -1821.884678081931
v 216957.65867438 8957765.708341185 -1814.046111432133
v 216895.3430884791 8957673.545063561 -1825.780911807725
v 216860.2714503041 8957631.162128087 -1829.731175012808
v 216830.1706028084 8957588.148769496 -1835.525947720234
v 216800.0916717571 8957498.962816112 -1856.887941265216
v 216830.3083547784 8957454.393587619 -1878.610467207132
v 216863.910713155 8957430.351127533 -1893.711701306504
v 216802.4794713841 8957545.371534683 -1842.206904142387
v 216839.0264113006 8957399.325309064 -1897.87760001007
v 216864.422194887 8957361.421652688 -1914.598367495272
v 216896.4409498691 8957322.91857088 -1931.521321837266
v 216933.949801865 8957309.695994411 -1941.275954476783
v 216958.4047918971 8957340.24482126 -1937.240202754174
v 216989.4644587741 8957320.057298733 -1947.208201611091
v 217058.3727013814 8957316.912544155 -1957.696640763499
v 217113.8622405723 8957321.052463725 -1963.994097441159
v 217148.0135343437 8957361.706688814 -1959.490228134701
v 217178.6870120382 8957408.27076043 -1953.160427526748
v 217209.9982058195 8957453.493463853 -1947.082356920655
v 217241.115996138 8957491.526036512 -1942.42036704301
v 217273.3850543709 8957520.830243722 -1939.645881589586
v 217297.194125306 8957550.670040069 -1935.814566912727
v 217210.8582632167 8957717.673305733 -1882.392165882881
v 217181.1356267605 8957761.214748135 -1864.784421540096
v 216762.454195385 8957505.362372395 -1844.934514147992
v 216774.9838808887 8957450.727076419 -1866.424410887607
v 216802.1989217332 8957411.552781276 -1885.844886577861
v 215707.5915374217 8957885.128401255 -1147.586218047971
v 215854.7724947727 8957806.420096401 -1290.422003008723
v 215861.4032904499 8957756.734453849 -1321.517954027063
v 215843.9371712948 8957860.012316803 -1253.03971514766
v 215878.97437758 8957731.084735164 -1345.565219340383
v 215906.9853103149 8957770.970382605 -1341.935274309188
v 215893.995417386 8957799.817357812 -1318.508630050672
v 215889.0511593167 8957853.921441413 -1285.39836446342
v 215666.0031403102 8957896.087727638 -1112.127264462148
v 215634.6000909413 8957852.201723354 -1117.865959743248
v 215601.6318422609 8957811.497381462 -1120.113225219738
v 215920.5998600171 8957719.633856315 -1375.851519225392
v 215657.9099769835 8957947.395074174 -1073.630671473206
v 215622.360131718 8957905.3060202 -1075.713961913327
v 215597.6967466508 8957861.171566345 -1086.173462737431
v 215564.9353733649 8957818.342216209 -1089.675691023973
v 215540.9936107654 8957786.859494036 -1092.051734226817
v 215548.3777640958 8957403.185331536 -1332.59732115843
v 215572.4916370128 8957386.187208932 -1359.553487728298
v 215594.5972240086 8957368.411820367 -1385.427770334974
v 215638.7899593154 8957359.633996213 -1418.590194124726
v 215718.2469529847 8957413.813173793 -1430.549756380872
v 215691.9804131301 8957370.895780858 -1442.549027358707
v 215510.4437482005 8957364.263999501 -1330.027924061588
v 215547.7125327467 8957354.298002906 -1362.707227017959
v 215558.6045096668 8957326.635561656 -1387.799703852852
v 215603.0264292824 8957316.864706287 -1423.369352595704
v 215642.2951684805 8957310.023877371 -1451.942670706695
v 215666.9857157549 8957340.415085122 -1447.416171639792
v 215694.9967526522 8957321.414565025 -1475.314735593432
v 215729.7431843599 8957362.22440465 -1468.507253284291
v 215250.5277426247 8957278.821429374 -1162.320322790407
v 215288.9890772371 8957274.153196581 -1200.994839801217
v 215212.2167136057 8957279.905515537 -1125.21113304587
v 215148.2567248834 8957229.346990693 -1089.953061342705
v 215169.837179967 8957263.272867441 -1093.359565830081
v 215118.7676368615 8957190.771605203 -1080.271974526427
v 215091.5747120123 8957146.687033255 -1074.334655131813
v 215096.1108978083 8956961.335287463 -1164.687590823596
v 215086.3705194609 8957006.622311158 -1132.928436467967
v 215077.9079818357 8957043.805778334 -1107.440571397553
v 215067.1208142967 8957092.980807977 -1074.06463150943
v 215105.7251495938 8956912.923498211 -1198.699070111717
v 215139.8324489345 8956910.862110376 -1241.3724301408
v 215173.7378581901 8956909.056013413 -1284.250128159613
v 215207.8601202023 8956907.204901569 -1327.094020698759
v 215351.9096152168 8957139.579967234 -1340.301887285076
v 215341.142949469 8957192.249945227 -1298.175027527931
v 215328.0560348313 8957218.327929087 -1270.10873617184
v 215329.5028527486 8957267.799947077 -1241.930689010288
v 215240.8701010587 8956917.532439344 -1359.882391861654
v 215207.9787441424 8957308.881798379 -1105.441588163462
v 215140.6781283587 8957267.205804422 -1063.405241838972
v 215168.7631785486 8957314.318945374 -1065.560935173163
v 215113.2699000697 8957219.500458531 -1060.791855821532
v 215083.4298322734 8957184.802054785 -1047.997324357293
v 215054.3879953063 8957147.003777985 -1037.035865241733
v 215059.1299357103 8956969.655692082 -1119.774335106873
v 215072.0249893143 8956920.479211794 -1155.342853316
v 215059.3584624358 8957006.622311158 -1104.034703260705
v 215039.9668330399 8957051.533739921 -1064.503435509024
v 215027.6912146262 8957102.887948958 -1030.291937571993
v 215081.5573015354 8956862.302030874 -1193.458611025047
v 215121.2725834848 8956872.987503437 -1237.56849153392
v 215146.8806322795 8956872.987503437 -1270.078893794344
v 215171.8660714534 8956872.987503437 -1302.068103778045
v 215212.8075301867 8956879.876295883 -1349.16515688566
v 215383.2046928491 8957183.924130805 -1341.221781506818
v 215390.0586379151 8957135.932647429 -1377.076428030788
v 215371.8954523666 8957237.109828614 -1298.437771096233
v 215359.3163959717 8957263.458136998 -1271.030117394565
v 215246.263688224 8956881.543327613 -1388.386063453142
v 216304.5115137153 8956906.645456128 -1893.846349086565
v 216239.832143442 8956953.829104234 -1854.320696211551
v 216262.7931141472 8956918.352916028 -1874.358097877683
v 215257.0586144632 8957674.082156707 -940.0505042237585
v 215288.600832338 8957718.719393888 -939.1966242042561
v 215225.6158486042 8957629.600966882 -939.9806577783074
v 215194.2455184353 8957585.249630861 -938.9408256137931
v 215186.8137246019 8957412.896748967 -1029.01308860072
v 215187.1129830662 8957463.043827081 -1001.429234983611
v 215172.9013745079 8957489.809894053 -974.1840222676183
v 215160.8152511921 8957538.020392491 -936.6869537786852
v 215194.5411114048 8957363.7312821 -1062.911705051397
v 215320.2663137619 8957763.5309988 -937.4671116106847
v 215244.8299203423 8957727.591725659 -897.9041268471753
v 215276.9687408123 8957771.622133937 -897.4885141723566
v 215213.1951900721 8957683.242348174 -898.0442450543235
v 215182.0693908354 8957638.557956025 -897.8974236577842
v 215151.4568647889 8957593.521804979 -897.4526809629283
v 215156.5149259216 8957417.332914356 -998.9905096542348
v 215158.8856325897 8957361.810966106 -1031.062186112993
v 215143.3225943335 8957443.818923535 -972.9883079246235
v 215131.580498223 8957496.82584063 -933.7503358408844
v 215121.360557257 8957548.11737855 -896.7006372711639
v 215950.4679519812 8957697.715501649 -1403.812165003679
v 215974.1592886254 8957730.070614018 -1402.662667780525
v 216011.7121107244 8957719.497260334 -1430.109448571149
v 215952.813272599 8957764.429363854 -1373.075291740596
v 215761.479794497 8957344.314476183 -1495.860498608066
v 216058.8253231267 8957710.406240428 -1463.216980135615
v 216006.1500288446 8957773.931684408 -1401.281999481381
v 216043.5792034148 8957763.912496746 -1429.537877928218
v 216334.6458372612 8957978.898899989 -1498.045474873464
v 216351.5362223396 8957953.400410028 -1523.824525803296
v 216621.1482555867 8958197.792043708 -1503.764308330876
v 216579.8167965178 8958257.72646879 -1428.917826563039
v 216619.0068291631 8958245.148829695 -1461.59831051529
v 216548.9304506813 8958271.877351474 -1398.889848036942
v 216525.6257137442 8958288.357857522 -1371.120247306522
v 216308.7349231307 8957935.365248762 -1508.933551876199
v 216321.5038078862 8957906.433970574 -1533.256053453053
v 216360.5585604644 8957898.995839061 -1560.333988815092
v 216674.1566333887 8958213.870022446 -1518.350348516518
v 216643.4245294234 8958228.578683833 -1489.225988118209
v 216669.8158793287 8958257.403129576 -1477.563793616748
v 216643.4245294234 8958275.297666086 -1446.855098555778
v 216624.1623476572 8958293.061601866 -1420.192885450622
v 216579.3514188526 8958303.753358733 -1385.947140233824
v 216548.9304506813 8958317.973316416 -1355.895941165027
v 216524.6360406727 8958334.174092568 -1327.738423078059
v 216359.6857108306 8958831.535563294 -806.0962821055859
v 216422.9383456918 8958852.320605647 -821.1647686276713
v 216398.184828507 8958869.212545963 -793.8322270436022
v 216319.3332669181 8958799.731898865 -812.2554815270053
v 216276.4710353362 8958738.855122108 -841.5968960904331
v 216296.9462407023 8958768.730699904 -826.6647346995903
v 216234.280316625 8958606.065675387 -931.9287298904665
v 216233.9659042037 8958655.006131582 -890.242425960595
v 216233.4611653086 8958702.975676583 -849.2999890340507
v 216265.448214455 8958591.016928401 -960.7655145440606
v 216289.9243260302 8958574.332151677 -988.009554923663
v 216329.1876181219 8958560.324095247 -1019.918449282499
v 216359.9422931971 8958544.971447282 -1048.354841147452
v 216385.3865874349 8958528.492227938 -1076.000534642977
v 216427.7314835845 8958517.828058496 -1106.492544287429
v 216448.9002043908 8958881.387514783 -809.8019972208126
v 216359.1228542681 8958882.657397334 -761.5793973649565
v 216422.9383456918 8958900.001493899 -779.7557850653463
v 216396.2610225935 8958918.551619863 -749.5100629035751
v 216328.4442669497 8958849.669110849 -773.9683379231019
v 216304.679256864 8958824.886210198 -782.7942368453855
v 216265.8360810776 8958783.673146412 -797.7592435560341
v 216229.0315485353 8958747.427448502 -809.1453569932414
v 216194.9087154623 8958619.612772221 -899.570186646672
v 216197.2646815722 8958569.502413211 -943.367160328665
v 216244.123724649 8958561.062880604 -975.6025522147634
v 216195.449508208 8958662.134010769 -863.6061011930612
v 216265.448214455 8958543.047608929 -1001.886066885931
v 216202.4521619602 8958717.641262854 -820.1202335547478
v 216180.8332277004 8958687.0106171 -834.7308895409205
v 216454.4363719392 8958499.172539905 -1136.190741491056
v 216486.5276353359 8958917.505076755 -797.7179551048519
v 216447.3530300318 8958930.799834698 -765.4319706956016
v 216895.5910430426 8956470.949332111 -2057.694793221536
v 216864.2305402724 8956425.499071499 -2065.346235381369
v 217092.2609200402 8956506.359547585 -2072.222110835553
v 216824.6461023525 8956392.313584898 -2069.371037373543
v 216803.1707155603 8956290.968729466 -2089.877421292722
v 216832.6243115873 8956248.300805781 -2102.05901830998
v 216800.9146606603 8956363.06323275 -2073.682011920135
v 216769.0893189248 8956340.110086545 -2076.486753219398
v 217241.63181611 8956339.262527589 -2130.071084746767
v 217217.4928028801 8956373.823958833 -2118.941382186434
v 217210.934878604 8956425.992718967 -2107.096120497572
v 217179.1755069789 8956470.190952901 -2093.013421245402
v 217146.881367515 8956517.945039744 -2078.595837924053
v 216830.0064518465 8956475.124175845 -2052.516612961642
v 216801.1125984133 8956426.116068004 -2060.861690318774
v 217115.894923134 8956537.205296002 -2069.64433154378
v 216737.704142315 8956294.877476048 -2083.314740773257
v 216766.7828064696 8956252.337637911 -2094.926879854198
v 217272.9531921157 8956384.27896582 -2125.055202772244
v 217241.8870281235 8956405.203288054 -2115.822067224698
v 217266.2180365966 8956436.849273469 -2113.058810470359
v 217242.2729549904 8956471.085133333 -2102.717749773221
v 217217.3565995449 8956514.185106717 -2090.371742736441
v 217140.662907687 8956570.194800597 -2067.606616472855
v 217178.2348026866 8956562.643719403 -2075.344358187008
v 215892.7749682663 8956687.792107586 -1811.827048173417
v 215914.6880493749 8956651.330295809 -1831.354919552662
v 215948.6921567953 8956695.254955638 -1828.474487437612
v 215925.3777345016 8956730.820636049 -1808.748302455983
v 215958.2625168049 8956639.915887009 -1849.517191916771
v 215421.5890290185 8957131.114817878 -1406.979483311382
v 215253.4717568706 8956831.496831931 -1428.10590266639
v 215260.0532369519 8956786.052298198 -1464.304907710612
v 215297.6395467725 8956777.87950382 -1509.168280772357
v 215465.5305026384 8957148.141412588 -1432.115931556499
v 215509.5844692424 8957140.396651385 -1470.081440257848
v 215453.6098390761 8957175.133624341 -1405.714025913776
v 215422.0513934037 8957180.269724032 -1376.906146522252
v 215219.1531550231 8956833.799559109 -1385.603939229452
v 215225.9867957687 8956783.648129398 -1425.868064920199
v 215232.5783679852 8956734.485553369 -1465.522003553488
v 215268.4230529843 8956731.555901799 -1507.534497320281
v 215296.45684715 8956728.333243404 -1537.521024781297
v 215549.4490788079 8957128.69691468 -1504.762602789196
v 215499.087774686 8957191.223049328 -1430.856086830966
v 215541.8973659367 8957185.82872255 -1464.873823682199
v 214902.9488728969 8957146.231036538 -895.5921322033328
v 214943.4286888767 8957141.512175623 -933.8815350050886
v 214872.778115991 8957151.173400037 -866.8258246431549
v 214791.8921639646 8957084.932506388 -825.88506953971
v 214828.8648501855 8957134.852652092 -836.1175753197506
v 214770.5008594053 8957051.167247064 -822.3716832415246
v 214729.1809477044 8956862.361510064 -870.1808693912506
v 214747.1166390878 8956828.396248048 -898.5691395720817
v 214761.1563986686 8956778.812888406 -931.3509530933998
v 214800.8898036737 8956783.897631623 -957.5749697390793
v 215003.8080502644 8957048.406798905 -1029.607392163
v 215015.9375923781 8956998.419676324 -1062.3490514544
v 214998.9242270769 8957106.795052532 -1000.409423254626
v 214983.1584547317 8957133.329847001 -974.341290785811
v 214974.0790837892 8956873.0683023 -1068.926875864384
v 214997.9800273836 8956923.575038224 -1073.842463772852
v 215023.3335433544 8956969.152474858 -1081.819836555791
v 214856.570893497 8957178.544498205 -841.3292365420093
v 214930.235775526 8957190.312675498 -901.2064663485644
v 214970.5063653639 8957184.657329356 -940.2934884018764
v 214893.7248125254 8957184.802054785 -870.8313770648783
v 214785.5112027714 8957140.363288568 -797.2942716163911
v 214814.8077254326 8957182.657005265 -803.770376556158
v 214759.0912736784 8957095.926131738 -794.4413861534317
v 214706.307479273 8956828.442567529 -868.6098961321427
v 214719.9335475494 8956783.608898897 -899.5174710108463
v 214730.1981401503 8956734.110739943 -931.1461376495295
v 214777.6718101925 8956750.02759932 -956.5401387085335
v 215019.0843288936 8957140.257118879 -1005.360800193624
v 215005.5090364193 8957185.13592411 -972.7805323940879
v 215010.2504920659 8956873.37852636 -1106.28673673913
v 215036.8057616137 8956916.102594545 -1117.695012395417
v 214202.6683147933 8955447.549554411 -1001.779066290359
v 214161.689839203 8955448.33399236 -969.5050191732635
v 214121.9983071462 8955446.934473429 -938.1530502665064
v 214098.7827879355 8955403.958383905 -924.806239372052
v 214141.2775350921 8955499.32222468 -947.8219382387169
v 214184.5664538203 8955491.440803943 -983.4611704996448
v 214078.8549698004 8955454.335228499 -902.6155906646313
v 214104.153655612 8955492.094490319 -918.3751538620459
v 214059.0489535065 8955402.330510071 -893.5036774915991
v 214037.3555009415 8955354.900522569 -882.6926136314901
v 214224.2044646866 8955492.639952546 -1014.81960994426
v 214260.7379737849 8956020.291908789 -968.7786988329149
v 214225.0696421207 8956020.777598197 -930.7258331203959
v 214187.0806408176 8956027.675648987 -888.5280710209081
v 214164.7713832306 8955973.919775505 -884.4868175792737
v 214295.6149703265 8956026.633721203 -1003.967453179167
v 214136.7261773444 8955714.819169855 -916.855587774503
v 214192.6986957713 8955667.472230418 -973.4146594379174
v 214230.686659807 8955670.274233947 -1006.700078683794
v 214153.7450362418 8955669.637050241 -938.6875953772183
v 214259.878132654 8955670.274233947 -1032.669032754961
v 214344.0179577762 8955981.140660457 -1073.218352754358
v 214322.2723127887 8956026.633721203 -1033.748522372539
v 214284.7242301339 8956071.770804306 -973.8916291654223
v 214249.3587115448 8956070.651525423 -936.6534579180584
v 214213.0071545743 8956070.969383476 -898.2116350166216
v 214321.9150997513 8956063.466222353 -1018.106118064938
v 214174.146671788 8956080.806059146 -854.1362951277899
v 214151.0312188101 8956026.830256691 -851.8568024385806
v 214112.5998768316 8955676.236264065 -901.1190618924541
v 214170.3377180692 8955625.72929804 -958.4115628432251
v 214210.1020696135 8955624.914123928 -992.6817369097719
v 214130.4204155542 8955626.933583884 -923.6540874721031
v 214248.9548189086 8955625.575806614 -1025.777587359324
v 214287.6045118804 8955626.072532857 -1058.198876227516
v 214364.1491758702 8956035.889705952 -1076.592873770634
v 214356.7151198479 8956064.090249252 -1056.387640462688
v 217398.9840939707 8956473.164898634 -2125.927121838844
v 217430.3653970653 8956518.011794854 -2122.071318289674
v 217367.6183691998 8956428.278698349 -2130.033810806489
v 217342.0068996691 8956381.211142717 -2135.700312148112
v 217461.5607902024 8956555.625624329 -2119.528285942619
v 217391.6398524788 8956526.84544665 -2114.771622426006
v 217367.879133113 8956495.48648602 -2117.015393376521
v 217343.2209233361 8956463.100450953 -2119.501333000336
v 217304.2831384087 8956429.210682305 -2120.524742072211
v 217424.2366928572 8956569.963863708 -2111.791145730756
v 219005.7764979763 8958049.952995062 -1622.414850695074
v 219038.2090227869 8958027.148574583 -1631.380321586438
v 219071.2178991229 8957987.290297447 -1649.811697417006
v 219107.7429409618 8957949.453735363 -1666.117917572029
v 219131.7686029658 8957925.397599844 -1676.03919910628
v 218975.5404574102 8958022.486498518 -1642.679855665825
v 219008.3577420603 8957992.468886042 -1655.380936871652
v 219037.2745242237 8957962.242093936 -1668.338757290056
v 219069.6239334748 8957938.296461921 -1677.197412303835
v 219540.6533767667 8958033.786812648 -1566.136645403433
v 217674.0011296169 8958466.511012718 -1504.942618954521
v 217651.3613693393 8958445.46530058 -1527.932861236119
v 217336.3811068656 8959299.872408483 -689.6324046727568
v 217336.3811068656 8959257.179811437 -736.0296794404273
v 217367.9548551198 8959236.54608728 -760.0349076035827
v 217399.3771593604 8959215.570449302 -783.5101891194806
v 217430.8017644435 8959193.96821112 -806.5820641870027
v 217462.3732118551 8959172.0022186 -829.0318302329779
v 217493.5811449954 8959149.341992259 -850.9688967370175
v 217620.1701802316 8959142.174579185 -843.7094183608629
v 217525.3692643498 8959126.140383 -872.2598664450134
v 217560.7462050589 8959101.900986962 -892.5346007531864
v 217588.3653168446 8959122.048060877 -868.1675443227623
v 217683.4434788523 8959183.559072053 -796.1983087821911
v 217651.3613693393 8959162.775026355 -819.8046379874993
v 217746.4662877906 8959226.425500071 -750.2230134273846
v 217714.3574218341 8959205.034592917 -772.9743327357914
v 217777.3534743288 8959248.698596001 -727.5484640047623
v 217301.3550006902 8959234.706230151 -758.1387777071945
v 217336.3811068656 8959214.690137453 -782.629877271235
v 217367.9610676362 8959193.926164014 -806.6189650806627
v 217399.3771593604 8959172.918217439 -829.9478290707702
v 217430.6788509709 8959151.127584845 -852.9481767842117
v 217462.3732118551 8959129.055268588 -875.1747520331478
v 217493.3693496847 8959106.150520561 -896.9480204525225
v 217525.3692643498 8959082.707671463 -917.9170267232751
v 217683.7807818638 8959137.394349501 -839.2014079496885
v 217651.3613693393 8959117.158678664 -863.2781621091772
v 217746.8428982212 8959179.481898908 -792.5865728935805
v 217714.3574218341 8959158.557948284 -815.5875599167437
v 217805.7494278586 8959226.365804808 -744.995491236479
v 217784.9060141201 8959195.481205583 -774.1018496047045
v 217713.0015727184 8958530.110898161 -1434.649151170754
v 217934.6860368281 8958925.666057715 -982.9604527134002
v 217903.3455793183 8958951.413743872 -964.8028427605502
v 217934.3460347994 8958975.132950131 -942.4539298082072
v 217966.341631813 8958948.412660843 -961.8017597307987
v 217874.6355466909 8958622.062334018 -1299.108659986358
v 217903.3455793183 8958596.768081022 -1322.87615442183
v 217934.0991873951 8958573.276905393 -1344.742716322661
v 217997.6800013942 8958972.309415454 -940.1735843652505
v 217878.5664224667 8958972.346061677 -950.6921408797771
v 217841.2843189068 8959004.549786542 -929.5947973086818
v 219100.3575249677 8959093.591508938 -840.7585957088625
v 219131.7686029658 8959069.301903872 -859.9663232252442
v 219163.3921473882 8959051.895823279 -873.4382937571556
v 219194.7150594423 8959020.078880599 -898.2588723690901
v 219226.2626817079 8958993.987935565 -918.2871626389192
v 219257.7439423585 8958965.751327746 -939.7254527541886
v 219385.3317892465 8958966.549956886 -935.7566915794264
v 219289.2587342027 8958943.158532204 -956.5476310917527
v 219320.9421574786 8958917.005230719 -975.8617504680678
v 219352.2547866974 8958942.13550099 -955.5245998783264
v 219446.6734470381 8959016.858163206 -895.4878241352403
v 219415.2508391921 8958991.483018719 -915.7822457919672
v 219478.2468916869 8959041.012166634 -876.2215218937549
v 219509.6437302741 8959059.072988499 -861.6270928852568
v 219509.7449179343 8959116.324598072 -817.8991456114504
v 219537.5781773545 8959092.497790663 -835.5391869339228
v 219541.3395400284 8959140.789106105 -798.570197687658
v 219478.2436773767 8959188.347607743 -762.9685724248809
v 219509.7449179343 8959166.729896184 -779.2145719100974
v 219037.2848616843 8959145.49695345 -799.2129910387507
v 219068.772550471 8959118.976419291 -820.550966829323
v 219037.345761072 8959093.748242904 -840.859974194761
v 219068.772550471 8959069.549743148 -860.2141625002953
v 219100.3765014575 8959052.02117772 -873.9693436977036
v 219131.7375979859 8959020.610458989 -898.7453242388174
v 219163.2666292132 8958994.636305733 -918.9355328057786
v 219194.7434354738 8958969.736458922 -938.0192140653235
v 219226.2626817079 8958944.091666669 -957.4807655559571
v 219383.9939884318 8958915.677425846 -974.8178808517828
v 219352.2547866974 8958891.770294797 -994.2492654981852
v 219446.7792832514 8958966.879984487 -933.686483048886
v 219415.2508391921 8958941.028136196 -954.4172350840631
v 219509.6762386772 8959015.797702467 -894.6126133642749
v 219478.2468916869 8958990.47774438 -914.7769714528104
v 219541.2429441816 8959040.098035745 -875.3073910059998
v 219572.5792961408 8959066.166261276 -854.7099904524412
v 219604.4223402651 8959096.779631972 -830.7152084201621
v 219572.740970429 8959115.605363313 -817.1799108522291
v 219604.3608911959 8959140.006942203 -797.957845350184
v 219541.23632066 8959188.589361031 -761.9419004033246
v 219572.740970429 8959166.155030258 -778.6397059837038
v 219509.7449179343 8959217.063710004 -740.4585139159392
v 218533.2858935428 8959091.548112595 -838.7789100040638
v 218564.8041305131 8959068.110917738 -858.7753370914884
v 218596.2815326541 8959051.812998196 -872.7051147504476
v 218627.96922829 8959020.73546258 -899.1575877710384
v 218659.2982092552 8958995.960999861 -920.2602269352224
v 218816.8417579348 8958972.391578494 -940.3853783790712
v 218785.2903142447 8958947.665174022 -961.0542729102322
v 218879.8580025494 8959021.569521895 -899.7390309524762
v 218848.2863667395 8958996.289508419 -920.5887354924948
v 218911.3349600449 8959052.19038213 -874.625383536456
v 218942.7804454816 8959118.90080139 -820.4753489289178
v 218974.3353319442 8959093.795882447 -840.8711847283414
v 218942.7804454816 8959069.741887949 -860.4063073031443
v 218974.2874948659 8959145.609192498 -798.9329314876359
v 218911.3458998872 8959192.862116208 -760.2246405318649
v 218942.7804454816 8959168.09961818 -780.5842939041468
v 218470.312613918 8959140.050703112 -797.6904496053439
v 218501.8080780184 8959116.270868212 -817.8454157505971
v 218470.292197666 8959091.035622142 -838.3274358014896
v 218501.9865982803 8959059.671317615 -864.8610009164695
v 218541.1765914792 8959049.652598463 -873.7314039644698
v 218564.9845077693 8959020.306659961 -898.8026600588182
v 218596.3021567605 8958995.655340234 -919.9545673078046
v 218816.7970898598 8958920.949275197 -983.1223778400529
v 218879.8196089095 8958972.264022904 -940.2488752047025
v 218848.2863667395 8958947.501711793 -960.890810680974
v 218942.8253339652 8959021.506260192 -899.6395381239436
v 218911.2824192342 8958996.180355119 -920.4795821913094
v 218974.3481046258 8959052.168919094 -874.5658491144161
v 219005.7764979763 8959118.985676071 -820.5602236091759
v 219005.7764979763 8959069.696610933 -860.3610302859252
v 218974.3394724874 8959193.187119151 -760.4877432657638
v 219005.7764979763 8959168.297991514 -780.7826672388967
v 218942.7804454816 8959217.332800867 -740.7276047783496
v 220328.3910810967 8958840.107632775 -985.2061944028464
v 220297.1955741186 8958813.452685345 -1005.021527860676
v 220360.1916266133 8958811.337518556 -1002.906361072256
v 220132.2477881304 8958692.726533525 -1096.473339083254
v 220107.8408580872 8958661.880797345 -1118.753704582362
v 220139.7054428817 8958632.726206545 -1136.109600409386
v 220171.6778654725 8958603.44228136 -1153.312643512118
v 220202.3213500168 8958569.266339835 -1173.5546678357
v 220234.1995216238 8958548.049402449 -1185.067604035621
v 220265.8204658807 8958520.752614709 -1200.36881994953
v 220485.8958904461 8958747.080680709 -1038.382688409227
v 220455.1827912075 8958779.965835819 -1018.44137562898
v 220391.5244160726 8958833.547980601 -986.1689325987052
v 220423.187679108 8958809.203404501 -1000.772247017034
v 220265.2922062767 8958842.507746855 -986.9953934947091
v 220234.1995216238 8958815.546524845 -1007.115367360784
v 220202.6299263401 8958788.635094386 -1027.243702385563
v 220171.2034691291 8958764.696770288 -1045.355484618347
v 220140.0420599842 8958738.411895212 -1065.073116229782
v 220297.5565788114 8958873.822913468 -963.8415296182893
v 220352.7329266477 8958870.985596988 -962.9163730398927
v 220108.2074166343 8958713.89985436 -1083.648440504082
v 220076.7093903869 8958635.266407095 -1138.649800959646
v 220108.4211180454 8958609.726356417 -1153.509683713137
v 220147.1958837616 8958572.392995201 -1175.459343959885
v 220171.2034691291 8958550.799372038 -1187.817573624996
v 220206.6476738945 8958521.427378148 -1204.280097888767
v 220234.1995216238 8958493.827093707 -1219.935167107747
v 220454.6080827304 8958833.267510001 -982.8708198485342
v 220486.1837316028 8958807.051820362 -998.6206628788759
v 220391.3579543945 8958881.667356016 -953.5715047917274
v 220423.187679108 8958862.450575892 -964.9295465938576
v 220171.2034691291 8958817.61921775 -1009.188060267048
v 220202.4314345676 8958836.313117743 -994.6278796056731
v 220139.5442572836 8958788.833065797 -1030.696801706464
v 220108.2074166343 8958766.886044804 -1047.544759134447
v 220076.8529917269 8958743.665969532 -1065.282943695997
v 220230.7051653549 8958869.975347016 -970.0058377894275
v 219635.7370229237 8959114.810958179 -816.3855057164301
v 219635.5782702146 8959065.130914029 -853.840008438016
v 219667.2350491711 8959038.049086148 -873.2584414081448
v 219698.7186944501 8959011.01407047 -892.4016533728282
v 219730.2311016658 8958985.732152779 -910.0313798528387
v 219762.0690733757 8958958.325191678 -928.974289578136
v 219859.8589023513 8958929.726122435 -945.7475519505872
v 219888.0004092921 8958963.207126088 -920.3215607272
v 219950.9333352864 8959005.977042641 -886.9042536042107
v 219919.2192591501 8958981.532386826 -905.831613900059
v 220013.6841111359 8959055.616507128 -848.6715490007075
v 219982.2153116448 8959031.824598191 -867.0339534514699
v 220045.4432575702 8959141.140905265 -785.5631783452161
v 220076.5132148505 8959108.554994065 -808.1976101827915
v 220045.2113641396 8959082.209590752 -828.3290741975861
v 220013.7133378922 8959160.184942065 -772.6696177896747
v 219604.2389966764 8959039.108944666 -874.3182999251703
v 219635.7041588904 8959010.759527018 -894.6427523140251
v 219667.2350491711 8958987.018221715 -911.3174487898223
v 219699.0024272764 8958959.953356404 -930.2125361098224
v 219918.9324345041 8958930.962384347 -942.2444990083409
v 219887.7212329027 8958904.62246583 -962.5565006261668
v 219951.0401496607 8958962.689347746 -918.0564635993101
v 220014.0030011414 8959004.276600428 -885.6209581221233
v 219982.2153116448 8958980.030702442 -904.3299295159359
v 220076.4414087221 8959055.691755699 -846.2908112343559
v 220045.2113641396 8959030.419431472 -865.6287867318188
v 220108.4686926504 8959140.746153936 -783.8385723060303
v 220139.5384036085 8959107.104483103 -807.0573221588131
v 220108.2074166343 8959080.893290926 -827.0127743712612
v 220045.3552933998 8959184.816672584 -753.7431446748806
v 220076.7093903869 8959159.091302752 -771.5759784779971
v 220675.5410499539 8959223.864683574 -705.2141395138217
v 220710.3299455764 8959196.943682414 -722.6439617741189
v 220738.1679415817 8959171.322009148 -739.2617489659353
v 220643.4816079756 8959192.812141251 -728.024319218257
v 220675.171889087 8959172.793173965 -740.7329137830372
v 220706.6434190978 8959144.865971204 -758.7691987703297
v 220076.7093903869 8959210.620982781 -734.0157866925658
v 220108.3947033718 8959183.588392803 -752.8067663280547
v 220147.5503036916 8959151.362653887 -774.9416381639871
v 220171.2034691291 8959131.446593849 -788.476205481044
v 220202.5677250895 8959105.591365952 -805.881199602517
v 220234.1995216238 8959078.125320261 -824.2448037073586
v 220265.9181486591 8959050.564110175 -842.4715905068738
v 220304.916304977 8959017.754889209 -863.8830067605354
v 220359.9353354243 8959015.0149714 -863.3401144711966
v 220451.1421220434 8959048.139138117 -836.3659564023988
v 220422.9675622206 8959014.467271635 -860.9095436098191
v 220517.7936697752 8959100.118011599 -797.4552292212315
v 220486.1837316028 8959072.109251935 -818.228735381259
v 220580.5696385376 8959145.02604403 -763.7089123203273
v 220549.1797840975 8959123.149768431 -780.1793800632959
v 220612.1758365923 8959174.231446493 -742.1711863122628
v 220171.2034691291 8959079.530888107 -825.6503715521824
v 220202.8217833009 8959055.75380397 -841.3371583899236
v 220234.1995216238 8959025.938712623 -861.1480678836554
v 220266.0342288493 8959007.087152096 -873.0033989743201
v 220328.6936003659 8958997.317585038 -877.0718762039103
v 220296.9822882022 8958972.83970101 -895.5440744008929
v 220360.0709462874 8958966.895889007 -896.7111020700268
v 220391.6896528607 8958995.629303254 -875.3835944199898
v 220423.1262403716 8958966.779808618 -893.8068062298155
v 220454.6857053554 8958993.909774236 -873.6640654030521
v 220485.8398399727 8959020.954735041 -853.6068025648101
v 220517.9789871234 8959052.116893943 -830.6718451912345
v 220580.8931955441 8959095.326238006 -798.1532710172428
v 220549.1797840975 8959070.518011767 -816.6374952134352
v 220643.6053857084 8959144.970692322 -761.2442062527671
v 220612.1758365923 8959121.637261955 -778.6668735863157
v 219603.94624186 8958887.358420072 -987.6994351070798
v 219572.740970429 8958861.323475624 -1008.347382231892
v 219541.1196900096 8958837.072645072 -1027.749671459467
v 219509.7449179343 8958811.837409575 -1047.951187997605
v 219478.3123627717 8958788.670962701 -1066.690280947089
v 219636.0368628007 8958918.361502655 -963.3974783356671
v 219667.2350491711 8958935.860627078 -949.2497259652312
v 219478.2468916869 8958632.881814718 -1180.810144490632
v 219510.1282747936 8958604.912203619 -1198.65131971104
v 219548.4621109065 8958571.983380407 -1219.211025485972
v 219572.740970429 8958550.688283151 -1232.251420643777
v 219604.1352781179 8958521.337845197 -1250.140914182148
v 219635.7370229237 8958494.987913737 -1265.640923045
v 219663.6963951891 8958468.646181338 -1281.191627724249
v 219698.1941988366 8958439.955490755 -1297.459570626103
v 219761.5047764917 8958432.787341315 -1296.852556439262
v 219793.2271541606 8958460.654186111 -1275.852131325519
v 219825.1823235454 8958432.092692496 -1292.009020736399
v 219887.2304332287 8958484.290903091 -1252.727889210972
v 219856.2232066554 8958457.565353729 -1272.763298943442
v 219912.0820704752 8958514.725055579 -1230.739619957136
v 219950.2357272839 8958525.326116286 -1220.789020105216
v 219982.8015341552 8958557.678851375 -1196.951466972156
v 220043.9594890832 8958610.190632651 -1157.661032345178
v 220013.7133378922 8958584.452587964 -1176.925853642192
v 220013.3087363301 8958797.86705648 -1031.566542950471
v 220045.2113641396 8958769.054002689 -1049.712717019267
v 219978.6996827567 8958825.337121932 -1014.286553207358
v 219920.5732524744 8958877.509135341 -980.3818863927313
v 219950.7172853975 8958850.793769268 -997.8176758785701
v 219541.0394605351 8958880.887337001 -995.1353080960948
v 219569.1258571652 8958914.261231523 -969.1418444110211
v 219509.7449179343 8958862.89814976 -1009.922056368823
v 219478.0729842554 8958838.921075759 -1029.232617370362
v 219446.7488654395 8958813.551219082 -1049.664997504196
v 219604.2389966764 8958937.253245639 -950.6423445258058
v 219635.940316952 8958961.501394613 -931.4034636687813
v 219446.8886717561 8958610.400166493 -1199.172682830415
v 219478.2468916869 8958580.982070383 -1218.000271969041
v 219510.3148446452 8958561.634948663 -1229.296640094281
v 219540.908958272 8958526.721007502 -1251.400744361647
v 219572.740970429 8958498.020824898 -1268.673834205591
v 219604.8984088151 8958468.692106988 -1286.025985908845
v 219635.3149049054 8958435.307011122 -1305.908467311629
v 219667.2350491711 8958413.413844069 -1317.701661098195
v 219698.9789403263 8958386.95924272 -1332.301219319484
v 219730.2311016658 8958410.12017322 -1314.407990246863
v 219762.383674761 8958380.126484031 -1331.157565441734
v 219793.2271541606 8958406.84954109 -1311.137358119101
v 219821.2573281774 8958379.755122 -1326.279598685365
v 219887.9816799333 8958431.380091548 -1287.252289028285
v 219856.2232066554 8958403.601727596 -1307.8895446231
v 219950.5053661135 8958477.386039549 -1252.27299965604
v 219919.2192591501 8958454.49097562 -1269.688920834612
v 219982.2153116448 8958505.389335707 -1231.49740910722
v 220013.3510228466 8958524.38299345 -1216.673697430727
v 220041.6735330477 8958557.905563023 -1192.541553781307
v 220076.7093903869 8958581.772457624 -1174.245723303141
v 220076.4095789812 8958795.44058582 -1029.729335868522
v 220045.5909374435 8958829.205899211 -1007.979556901062
v 219982.2940673612 8958877.528773613 -977.3404066236885
v 220013.7133378922 8958848.894539472 -995.9184460818778
v 219950.7172853975 8958902.915636411 -960.849671205624
v 218375.8159730289 8959213.178376829 -736.5731807409511
v 218407.3163739446 8959189.740391772 -756.0120501903248
v 218438.8120255236 8959164.608401963 -777.0930776881542
v 218344.3241506066 8959189.955843696 -755.3548835339659
v 218375.8159730289 8959164.262999367 -776.7476750930757
v 218407.3276073301 8959139.605764221 -797.303239565879
v 218438.8120255236 8959115.812861012 -817.3874085507384
v 217430.8751856077 8959024.78844608 -993.6326090603661
v 217455.2493291481 8959039.827179119 -974.2010977328587
v 217399.6129966934 8959005.487935785 -1017.956098545247
v 217367.879133113 8958985.064474646 -1042.998509441152
v 217336.319941322 8958964.52312772 -1066.642526457685
v 217367.879133113 8958943.817251291 -1090.841157900168
v 217493.0568219851 8959063.257455802 -943.2920778248929
v 217332.3313157057 8958924.755677462 -1112.308920372089
v 217367.879133113 8958902.451455612 -1138.565234034472
v 217336.4424299063 8958881.269010115 -1162.151865920171
v 217367.879133113 8958860.724277996 -1185.927928231898
v 217776.894246285 8959059.384718332 -894.0327352445361
v 217808.8515005762 8959032.143554954 -911.8978461213292
v 217745.8554480814 8959085.707238523 -876.3716578757485
v 217721.2801308418 8959106.084073659 -861.9937460702934
v 217367.879133113 8959026.387924822 -995.2320878036217
v 217399.6948011485 8959047.120574135 -970.2077929420225
v 217336.2635096081 8959006.006226117 -1018.5562266549
v 217304.8830806182 8958984.41554556 -1042.349580355308
v 217273.01894265 8958962.680973971 -1064.55122474317
v 217304.8830806182 8958943.01490435 -1090.038810958289
v 217434.315675945 8959068.844687261 -943.4854507627729
v 217462.3732118551 8959086.408750808 -921.6181060671915
v 217273.282501517 8958917.728843607 -1115.872239919154
v 217304.8830806182 8958901.418581419 -1137.532359841317
v 217270.5810735491 8958878.638986152 -1159.352430310483
v 217304.8830806182 8958859.446956743 -1184.650606979042
v 217336.5104914573 8958839.12038458 -1209.143930832511
v 217900.2438993049 8959003.267575435 -922.9712266822662
v 217836.7884257316 8959053.981463948 -889.3629697486958
v 217871.8475530709 8959027.146241989 -906.9005331557746
v 217776.5843077922 8959107.393757893 -852.5637460360995
v 217808.8515005762 8959080.453504328 -871.1179236797029
v 217735.729559692 8959133.458251635 -835.4339219362982
v 217839.70447419 8959199.11382596 -765.7961598983159
v 217871.8475530709 8959172.899991594 -785.3846673189173
v 217903.1909460093 8959147.396184994 -804.0015116184479
v 217934.8436055657 8959121.405885385 -822.9804329238987
v 217966.7137442861 8959095.208332984 -841.9489511682168
v 217997.8396580604 8959069.903087836 -860.5675071879455
v 218029.7724078485 8959051.912773829 -873.259650378016
v 218092.3337368025 8959043.015348688 -878.2247039488921
v 218060.6806724269 8959019.915607138 -898.2186117426854
v 218123.8140220104 8959018.835562013 -897.3682215729252
v 218155.3297892973 8959042.283572458 -877.4929277183048
v 218186.8665755785 8959059.292921729 -862.9807272155017
v 218218.4725636559 8959090.042304501 -837.5029408717905
v 218281.3856150728 8959139.155695098 -796.9169290118521
v 218249.8238680394 8959115.160852877 -816.7354004157392
v 218312.8199205341 8959164.070707461 -776.5553831857369
v 217808.8515005762 8959176.208794285 -788.6934700098122
v 217839.873850636 8959150.991015589 -807.127595022122
v 217871.8475530709 8959124.587155286 -826.1617028257683
v 217899.3491941991 8959101.685911104 -842.3765008631985
v 217934.8436055657 8959072.486316023 -863.1507353762081
v 217967.0734529254 8959045.76150389 -882.2809958984792
v 218001.3520424793 8959018.771660812 -901.9531768409361
v 218029.3376843078 8958995.356391598 -919.6556186718103
v 218092.3337368025 8958994.177885853 -918.4771129259407
v 218186.8880693368 8959018.350224545 -897.0076694774134
v 218155.3297892973 8958993.616795953 -917.9160230267146
v 218218.325841792 8959042.005790038 -877.2151452989883
v 218249.9208685068 8959059.238416988 -862.7660372504099
v 218281.3966697641 8959089.9897501 -837.4409857133389
v 218344.3515827171 8959139.285237473 -797.0264826056223
v 218312.8199205341 8959115.193960633 -816.7685081712057
v 217304.8830806182 8958816.928826407 -1231.222348459134
v 217273.8964213151 8958793.45193843 -1252.361366132631
v 217778.7019670721 8958569.212741358 -1378.753938403594
v 217745.8554480814 8958548.463789677 -1408.206670799041
v 217841.8253438926 8958602.554734649 -1327.878644116043
v 217808.8515005762 8958584.518697787 -1355.171707094869
v 217273.7144628262 8958836.430770861 -1206.297599118728
v 217241.8870281235 8958812.522647602 -1226.816169653308
v 217241.8870281235 8958769.004084531 -1272.387478395332
v 217211.0454618974 8958743.471406139 -1291.385895096431
v 217713.1617201285 8958485.822719058 -1479.146699677923
v 217781.7627362735 8958523.213040734 -1427.620384708988
v 217745.8554480814 8958504.854405651 -1453.68715858546
v 217841.3084656928 8958560.480748139 -1375.264998831568
v 217808.8515005762 8958542.101407614 -1401.844288733972
v 217879.6503050356 8958583.167221654 -1342.785473308082
v 218501.829637387 8958920.612344785 -983.0744781558708
v 218470.310051771 8958899.076465834 -1001.555436536715
v 218438.8413612449 8958875.075736621 -1022.300887994333
v 218407.3139992763 8958851.498259045 -1043.067101560686
v 218375.8875428864 8958827.745309016 -1064.200187591383
v 218533.3061042657 8958947.167983336 -960.5570822241257
v 218564.9118372644 8958971.717192741 -939.8839873010384
v 218943.085275602 8958823.716325225 -1061.173025040958
v 218879.8845506684 8958873.87564593 -1021.389048271015
v 218911.2824192342 8958849.394149639 -1040.962992154499
v 218848.2863667395 8958898.782123175 -1001.261093876252
v 218438.827371332 8958921.066522051 -982.0321951152227
v 218407.3139992763 8958898.752092468 -1001.231063169483
v 218375.8467499074 8958874.773600532 -1022.008964204794
v 218344.3179467815 8958851.24584398 -1042.814686496782
v 218470.310051771 8958946.806887252 -960.1959861399109
v 218501.9181967558 8958971.308726873 -939.5372432680906
v 218533.3061042657 8958995.274562655 -919.5737897293991
v 218407.0251809421 8958620.488389175 -1257.01416419628
v 218438.8120255236 8958596.343873296 -1277.907010789438
v 218470.0431064909 8958572.388780763 -1298.022612134405
v 218501.8080780184 8958547.592757849 -1318.245767156006
v 218533.2248016625 8958522.779331766 -1337.81658286165
v 218564.8041305131 8958497.423745029 -1357.166626150795
v 218596.8195853434 8958471.390910227 -1376.32925988958
v 218694.0210695734 8958439.75275306 -1392.475826512957
v 218627.8001830078 8958445.75798266 -1394.590735595412
v 218651.7803406946 8958425.702862222 -1408.448679385732
v 218942.9101318165 8958873.138128096 -1020.785907505945
v 218974.2784717289 8958848.549808549 -1040.118651065798
v 218879.7882944454 8958921.32705141 -982.2105264174088
v 218911.2824192342 8958898.294415051 -1000.773385753878
v 219163.2666292132 8958944.929282535 -958.3183814216404
v 218974.9242184822 8958600.776381668 -1239.41418293955
v 219009.2376670364 8958573.448160991 -1258.416269681381
v 219037.2745242237 8958549.008050015 -1275.116123414821
v 219072.1702086932 8958520.94219555 -1293.65337617209
v 219100.2705767184 8958495.279016234 -1310.476961447978
v 219128.8850383195 8958469.855440021 -1326.728392008192
v 219162.549360849 8958441.906157371 -1343.884671247188
v 219225.8478704076 8958437.932769125 -1340.794380695419
v 219257.7607079553 8958461.404836249 -1321.14771736983
v 219292.5710535318 8958484.017961286 -1301.972678331874
v 219321.3215566678 8958517.496078204 -1275.533323282138
v 219384.3331629832 8958558.074114574 -1241.413577529554
v 219360.0254847659 8958527.896655202 -1264.994155199512
v 219415.2508391921 8958583.676517749 -1220.69471933534
v 219415.0327959362 8958840.680137137 -1030.668542827152
v 219384.0610841952 8958873.623317765 -1006.903619480809
v 219037.2745242237 8958896.956671789 -999.4356424910525
v 219068.7946813357 8958922.544133823 -978.1727832762062
v 219005.9423529405 8958872.261246208 -1020.075765553956
v 219131.7511282332 8958970.487768611 -938.6579011752603
v 219100.2705767184 8958945.665812055 -959.0549109430012
v 218950.2517087722 8958571.892037328 -1264.021136696142
v 218974.2784717289 8958551.800378734 -1277.908452133564
v 219005.5112056818 8958525.772142813 -1295.525640553958
v 219037.2745242237 8958498.432065487 -1313.630010701363
v 219069.3222480521 8958470.579181155 -1331.607292691288
v 219099.656814442 8958436.040925987 -1354.13352921182
v 219131.7686029658 8958416.386724409 -1365.219477343602
v 219165.7127749166 8958387.554275334 -1382.352800463548
v 219194.7646554605 8958412.779407103 -1361.612160036976
v 219226.5349706729 8958387.43646707 -1376.28366034134
v 219293.4035503152 8958432.133506579 -1338.607264699234
v 219257.7607079553 8958409.19647797 -1358.029230904998
v 219351.7949923714 8958483.647483667 -1297.10963467388
v 219320.75676045 8958458.1036509 -1317.846532020948
v 219383.7528129448 8958507.145184675 -1277.798193981894
v 219414.8144929379 8958524.67469264 -1262.842161630851
v 219443.4187805773 8958558.167399479 -1236.865367937172
v 219446.7488654395 8958864.409031197 -1011.432937807235
v 219423.109000526 8958883.988409581 -997.5804986156668
v 218974.2784717289 8958897.68423946 -1000.163210162957
v 219004.0070450681 8958922.121602478 -979.7591163336745
v 219068.7632709238 8958971.119111354 -939.205055653717
v 219037.2745242237 8958946.295894364 -959.6849932514999
v 219100.2705767184 8958995.183551548 -919.4827786208614
v 218312.8558311177 8958874.425005943 -1021.673762123239
v 218249.8309784544 8958922.810114475 -978.3487049410137
v 218281.3218942868 8958898.006608291 -1000.485578992181
v 218186.878473378 8958969.536756553 -937.9576542258951
v 218218.325841792 8958945.342624981 -958.7317238693197
v 217966.341631813 8958997.382643163 -921.6818702360608
v 217966.341631813 8958550.348877346 -1365.546822559654
v 217997.3505626559 8958526.84828116 -1386.994877144301
v 218029.3376843078 8958503.443797912 -1407.731614941255
v 218060.589965326 8958479.575646818 -1428.49024806709
v 218316.8920959072 8958922.279790867 -979.5059661165833
v 218344.3179467815 8958898.379348867 -1000.858319568614
v 218249.8923792875 8958969.629653685 -938.0559667080593
v 218281.3218942868 8958945.595509477 -958.9846083651573
v 218218.325841792 8958993.48656963 -917.7857967038879
v 217178.8909756287 8958671.174045034 -1352.737182527706
v 217156.661068659 8958643.975478837 -1370.36936690345
v 217178.8909756287 8958716.636239545 -1309.109505224588
v 217155.5004280005 8958690.008383999 -1327.073476350345
v 217113.7726639241 8958659.135677973 -1340.289132785334
v 217525.4846174132 8958303.963286452 -1652.49307561113
v 217556.8672905972 8958328.61901577 -1633.811255961921
v 217591.9529856749 8958350.686843865 -1614.971742093735
v 217613.0572203405 8958381.781772148 -1588.258829422656
v 217654.6633841662 8958395.491818301 -1571.922147947025
v 217675.4595991432 8958425.88704909 -1542.434653164503
v 217713.427008656 8958440.649441097 -1522.76924545494
v 217776.9672998363 8958479.938930165 -1473.389080952447
v 217745.8554480814 8958460.415286083 -1498.337910832239
v 219572.740970429 8958283.794349475 -1410.806846037822
v 219603.7214330887 8958301.975563779 -1396.142737211283
v 219540.8402814535 8958255.2934612 -1432.127545461956
v 219509.7449179343 8958233.196556618 -1449.298924996104
v 219632.6060080483 8958335.868506337 -1371.590441732591
v 219667.2350491711 8958359.600806052 -1352.978494894804
v 219982.7737191266 8958294.83711094 -1365.642077206117
v 219918.9998677263 8958343.89152058 -1340.609963320292
v 219950.7172853975 8958316.864414891 -1354.787039640667
v 219888.3589884044 8958383.290438887 -1318.210331884165
v 219510.3898023092 8958294.823523402 -1409.91529821733
v 219549.091887153 8958305.604996059 -1399.172638315855
v 219573.333415574 8958336.81239133 -1376.54993428492
v 219481.4282786738 8958260.988565112 -1434.630462213186
v 219637.7261913505 8958387.658002147 -1337.324145527065
v 219604.2389966764 8958363.096655263 -1356.474344105053
v 219981.2622834874 8958342.874099866 -1335.884434574953
v 220013.7133378922 8958313.471426103 -1351.394050852211
v 219950.7172853975 8958371.550979914 -1320.383732848309
v 219926.2856220992 8958393.945865948 -1308.227029294829
v 218753.2695632065 8958439.078929106 -1386.701894972815
v 218785.2903142447 8958461.416867003 -1365.704684031358
v 218816.2037859938 8958485.415750584 -1343.651795943494
v 218848.2863667395 8958507.785423251 -1322.983368464685
v 218883.206378258 8958528.956889108 -1303.24157848858
v 218911.8452412196 8958561.980662126 -1274.691213730319
v 218375.8159730289 8958598.275957188 -1279.839094681067
v 218406.9522634091 8958574.620677019 -1300.271797557618
v 218438.8120255236 8958550.137640327 -1320.790649634216
v 218470.0752074888 8958525.733987376 -1340.566032455855
v 218501.8080780184 8958500.558333877 -1360.301214997923
v 218529.7682823478 8958478.575892232 -1376.885149870629
v 218564.8041305131 8958449.435109539 -1398.267862475126
v 218597.3367263305 8958422.437863482 -1417.198815642678
v 218630.6902254948 8958394.554383993 -1436.083017569571
v 218690.3249352523 8958393.145468548 -1430.07510998914
v 218722.29426175 8958415.426179072 -1408.803867913487
v 218755.8132467164 8958387.281619178 -1427.015300165658
v 218816.6113959946 8958431.163715865 -1386.256832786236
v 218785.2903142447 8958411.519347046 -1404.897035888342
v 218879.4470363581 8958481.826971663 -1340.610295006283
v 218848.2863667395 8958457.93647564 -1362.224292668257
v 218942.3200542189 8958529.030079355 -1298.237187355356
v 218911.2824192342 8958504.690763218 -1319.888708433225
v 218974.2784717289 8958189.879783349 -1539.616959446651
v 219194.7646554605 8958360.403276607 -1398.325901357111
v 219290.008724835 8958379.852964936 -1375.239664076019
v 219447.6206728377 8958289.900671711 -1419.448598602655
v 219383.1759285612 8958350.234431319 -1386.134536937019
v 219415.2508391921 8958320.340431543 -1402.807992200262
v 219352.8541268716 8958384.151466526 -1366.14561628712
v 219068.772550471 8958315.902344255 -1442.914840818692
v 219100.5850052716 8958342.913496468 -1420.532742949107
v 219038.2090838596 8958290.406567914 -1464.083576966662
v 219131.7686029658 8958364.290157404 -1402.212782153249
v 219013.2927638338 8958260.722380687 -1487.454354179141
v 218975.0870616387 8958250.383217759 -1499.185509915525
v 218946.1326293951 8958217.251371531 -1525.282155058264
v 219320.75676045 8958405.639482103 -1354.472235037793
v 219446.5703021969 8958343.443317898 -1384.417227113362
v 219478.2468916869 8958316.538921282 -1399.006481937464
v 219407.6656655134 8958380.652388796 -1363.303022149274
v 219352.4251288047 8958431.984565279 -1333.258881430593
v 219383.7528129448 8958402.109496163 -1350.942249097993
v 219099.8378067086 8958393.093774235 -1385.135484304066
v 219068.772550471 8958368.218897715 -1406.141522465225
v 219039.9517339035 8958343.012834484 -1427.206503283612
v 219005.7764979763 8958320.174780468 -1447.187277031426
v 218970.1600759982 8958298.392416086 -1466.709950119265
v 218942.7804454816 8958272.198269784 -1488.300638161851
v 218912.1616330744 8958247.054200588 -1509.536640987744
v 218470.310051771 8958284.44690505 -1545.094209334846
v 218500.7666605629 8958307.889952909 -1522.265886357865
v 218437.6891246235 8958263.168633474 -1566.490350045098
v 218407.3139992763 8958239.535821827 -1589.272997925878
v 218407.3139992763 8958187.936145123 -1626.763193036008
v 218533.3061042657 8958329.253266975 -1500.810699446485
v 218563.8482538076 8958352.659430474 -1478.029871281971
v 218588.5079503169 8958380.841700897 -1452.286589092849
v 218659.2982092552 8958369.764171857 -1452.231732514308
v 218722.29426175 8958365.396176372 -1447.863737027368
v 218438.8120255236 8958049.410877965 -1710.962605411677
v 218463.7434521723 8958024.468089532 -1721.278178675475
v 218500.9404506822 8957986.213929063 -1736.354386709861
v 218532.4671065099 8957945.842032947 -1752.664876558106
v 218564.8041305131 8957920.678201387 -1760.409672462011
v 218597.1640451931 8957894.251605712 -1768.631134057355
v 218629.8531482329 8957854.01586744 -1783.289314254971
v 218691.8121899105 8957849.377625037 -1776.300130648557
v 218722.29426175 8957874.993119523 -1759.269526506445
v 218754.6666285914 8957849.343067216 -1767.250706929036
v 218814.1291308659 8957896.343225097 -1735.069742878763
v 218793.0165432778 8957860.927386034 -1756.13033090107
v 218848.2863667395 8957921.64278804 -1716.8293232091
v 218878.9214106107 8957945.406364888 -1699.643328993041
v 218904.7750516769 8957980.050829159 -1676.944685058872
v 218941.9256408957 8957990.785566781 -1665.550244424404
v 218847.5025488894 8958306.461477229 -1476.120325847022
v 218879.7843929868 8958276.915069371 -1493.017437748215
v 218813.8103189651 8958335.563583963 -1459.144452209738
v 218785.2903142447 8958361.067465749 -1443.535026405289
v 218383.6392399171 8958260.812303707 -1577.068314034315
v 218405.0161763105 8958292.129439926 -1549.216545252855
v 218446.671634871 8958305.250295937 -1532.467830447881
v 218467.8934983673 8958336.491273319 -1504.313519987834
v 218509.670286364 8958349.680235483 -1487.811573718043
v 218530.7739136894 8958380.904424369 -1459.55164045184
v 218564.8041305131 8958400.90131844 -1438.823943189821
v 218437.7343251366 8957990.271620825 -1744.642341182338
v 218470.310051771 8957960.181977089 -1755.368512258864
v 218494.8581605489 8957934.725343147 -1764.628146679852
v 218529.7627090859 8957895.478138318 -1778.563296312223
v 218567.3606005243 8957854.325240707 -1792.400260634161
v 218596.3021567605 8957827.308106387 -1800.674385184279
v 218620.9518735828 8957800.975433363 -1809.201675997236
v 218658.5202770644 8957812.643216576 -1798.447893928768
v 218724.4574490963 8957809.603279635 -1790.499339527879
v 218786.1368306713 8957808.82331915 -1782.358078594283
v 218816.7883404921 8957836.083177617 -1764.904520507044
v 218847.6642407145 8957856.292102125 -1750.625683516844
v 218876.7884232244 8957890.584315035 -1729.073461753739
v 218942.5865107655 8957941.995112851 -1692.551024113086
v 218911.2824192342 8957915.779644031 -1710.966179200399
v 218974.2784717289 8957967.789181555 -1673.885844908661
v 218911.0732376107 8958298.52923527 -1473.828261903631
v 218879.7843929868 8958328.90321216 -1455.915708723168
v 218856.1511141537 8958349.875808779 -1443.465801894254
v 218817.2003958933 8958383.878748899 -1422.534282760131
v 217249.049584653 8957844.174544014 -1851.956374132079
v 217275.3107517492 8957804.367743799 -1868.692716133735
v 217305.3746989732 8957761.788224477 -1885.429578225921
v 217336.3811068656 8957742.952325415 -1894.498347839324
v 217367.5371638737 8957720.676785775 -1904.222516151069
v 217396.1529060782 8957678.517882936 -1917.228037662947
v 217776.9903408342 8958079.147580156 -1795.884303512687
v 217808.8515005762 8958055.438815912 -1806.080415172517
v 217746.3364292426 8958118.927402748 -1775.017845323872
v 217682.5260408552 8958173.96633037 -1743.979485113061
v 217714.3574218341 8958144.593046747 -1761.599838286938
v 217647.7165985013 8958201.412387121 -1726.574635704261
v 217588.4085357179 8958254.281719483 -1689.516060981289
v 217619.8633430919 8958226.336413143 -1709.708396962649
v 217209.7015656008 8957810.880197424 -1855.28135766451
v 217237.1494962547 8957765.033173621 -1873.670461010303
v 217211.3726965898 8957856.883744137 -1840.98695605817
v 217266.6208840666 8957727.603179287 -1888.715183094481
v 217303.9629280658 8957714.272785919 -1897.659935921371
v 217184.7881734953 8957896.354076464 -1822.492412261015
v 217337.9885355712 8957672.741219496 -1912.366553598051
v 217368.1144363483 8957628.96994897 -1925.86802495718
v 217431.1354979396 8957628.356171539 -1931.487191300344
v 217494.1339024255 8957635.55662108 -1933.780669788749
v 217965.8307062392 8957945.902287845 -1841.098220303314
v 217934.9721159354 8957986.665813727 -1826.417221299974
v 217904.2505355765 8958027.162302837 -1809.972059773002
v 217839.7356855496 8958078.909923369 -1789.381377944046
v 217871.8475530709 8958050.918896873 -1801.560496134546
v 217805.8571609058 8958113.295059109 -1772.865194329876
v 217745.5015711621 8958170.727971194 -1741.598850943189
v 217777.3534743288 8958141.294883149 -1758.301674690265
v 217715.0139379957 8958205.417651743 -1719.677948652967
v 217651.5246387031 8958254.931957025 -1687.007298991133
v 217682.8593955867 8958224.70038316 -1708.072366980034
v 217147.3929493814 8957921.869969366 -1806.146376348438
v 217114.8063170678 8957893.173323628 -1810.336026847233
v 217145.9054886923 8957856.340255892 -1828.672376668633
v 217171.4053110883 8957817.498729981 -1845.996273002162
v 217525.3692643498 8957610.423230223 -1940.148996275926
v 217556.7440274165 8957586.982094582 -1946.245508978622
v 217588.1231519115 8957534.576634262 -1957.315096306638
v 218061.5969126674 8957849.907111116 -1868.042044804426
v 218030.2292819858 8957893.438193783 -1855.095527171491
v 217997.8396580604 8957919.744256642 -1848.565599531772
v 217462.3732118551 8957607.957577854 -1937.683343906713
v 217493.6543649446 8957587.265714586 -1943.958027916992
v 217525.3112528465 8957541.654408365 -1954.537278300363
v 217554.0575731026 8957500.190004829 -1963.625536208941
v 217619.8529674245 8957495.99764422 -1965.317273252478
v 218124.3372953421 8957855.935714606 -1857.634598741557
v 218156.0616841869 8957808.947971854 -1871.316002213369
v 218092.3337368025 8957879.500789599 -1852.867068396139
v 217651.3202804059 8957450.431215104 -1974.396314725353
v 217714.2611388637 8957450.458312117 -1973.626375603861
v 217588.3902690793 8957450.499682289 -1974.139927309775
v 217619.8633430919 8957426.402860787 -1978.853306373861
v 217651.3512331655 8957401.465843849 -1984.129053198315
v 217682.8593955867 8957426.182705332 -1978.633150918767
v 217714.4412352321 8957401.31890659 -1983.605425052934
v 217753.4635750956 8957416.369031912 -1979.578993907759
v 218186.5913735618 8957761.766993035 -1883.700898375035
v 218225.9978493801 8957728.065412426 -1890.461292033002
v 217777.3534743288 8957387.862895139 -1984.858276633318
v 217808.9195761122 8957364.423377093 -1989.906213764937
v 217840.4808334963 8957311.704240091 -2001.298621171251
v 217903.3743766725 8957319.006217968 -1998.855385547788
v 217966.3757069915 8957319.07626793 -1998.326395610532
v 218029.3768306898 8957319.108315144 -1998.176937472325
v 218092.3797132925 8957319.124300834 -1998.226299612413
v 218123.956328388 8957364.974912953 -1986.935805955975
v 218155.3297892973 8957384.581037791 -1981.576419286852
v 218186.9022982476 8957405.265506335 -1976.661378827511
v 218217.984614742 8957457.758501545 -1963.139193043871
v 218250.0003241794 8957497.602608323 -1952.068044092906
v 218274.4069425683 8957532.850015309 -1941.886434672766
v 218312.5341451897 8957546.775588254 -1935.478031790163
v 218346.8045299628 8957588.45163835 -1920.906210328682
v 218313.6383644833 8957626.02182927 -1912.632638356378
v 218281.8356575701 8957677.378849315 -1900.013044617397
v 218249.8238680394 8957700.280110916 -1896.371069247696
v 217745.8961109291 8957364.260761062 -1991.103666951452
v 217777.4266689655 8957312.581329053 -2001.863148943032
v 217874.8610716546 8957277.538655465 -2008.958703237649
v 217808.8530597015 8957273.112359121 -2010.486674280936
v 217934.7667774354 8957280.047669571 -2007.985053799863
v 217997.871296274 8957279.756080482 -2007.899070508279
v 218060.9285692391 8957279.795381121 -2007.948763023558
v 218123.9166096406 8957279.902623542 -2008.023414794152
v 218155.3853982285 8957319.158417894 -1998.17854462867
v 218187.0388633325 8957358.237670399 -1988.148310815177
v 218218.325841792 8957384.098374505 -1981.093755999111
v 218249.8493509274 8957405.387713168 -1975.428054071811
v 218281.0924491113 8957454.990569385 -1961.7034470823
v 218313.0703430753 8957498.144426944 -1948.778410676605
v 218344.3179467815 8957521.505509656 -1940.321147522385
v 218376.1585097776 8957632.086294316 -1904.6904326588
v 218337.4854281799 8957666.769761158 -1897.74301492475
v 218280.8838375125 8957723.280078094 -1885.374862893602
v 218312.8199205341 8957694.97025069 -1891.061209020635
v 218249.0173793481 8957767.724846525 -1874.012825350221
v 218216.2819039059 8957806.596429497 -1864.143963889707
v 218180.3269305189 8957845.642534077 -1854.360109010024
v 218155.3297892973 8957873.307140172 -1846.673418968892
v 218187.4227587396 8958471.545327274 -1420.433935316363
v 218092.3337368025 8958455.416927503 -1448.794616346779
v 218155.3297892973 8958451.190014301 -1444.56770314287
v 218250.6206323334 8958512.856470335 -1372.691363133152
v 218218.325841792 8958492.206974415 -1396.494791444187
v 218309.7505407171 8958558.079169666 -1323.21611108398
v 218281.3218942868 8958533.934260156 -1349.13220537066
v 218354.203781548 8958576.491524268 -1302.247929005355
v 217894.4010360483 8958556.075994167 -1370.698078879106
v 217937.7480063394 8958533.606247842 -1388.385715018846
v 217966.341631813 8958507.754772272 -1412.042589299948
v 217997.1490884981 8958483.818248417 -1432.956807209469
v 218029.3376843078 8958459.808079794 -1453.18576863746
v 218187.5771801136 8958426.236472955 -1464.385565052253
v 218250.8072125221 8958467.615058299 -1416.72890402453
v 218218.325841792 8958447.079474242 -1440.457163085755
v 218302.9394624833 8958510.307023663 -1370.217961685067
v 218289.1633337807 8958482.680085378 -1398.057372487253
v 218343.7490764687 8958531.34713099 -1346.152821541125
v 218375.8159730289 8958552.63966048 -1323.29266978681
v 217556.8672905972 8958277.821738983 -1672.103850988474
v 217588.3123440213 8958303.454066986 -1652.25097081803
v 217619.8633430919 8958277.189835474 -1671.471947479786
v 217871.8475530709 8958359.313509475 -1575.415877852374
v 217904.4805751098 8958379.57017296 -1551.514037737314
v 217841.0290427351 8958337.981590699 -1599.098433378312
v 217934.8436055657 8958400.16889447 -1527.181391032248
v 217956.3342032232 8958420.988064907 -1503.514749526785
v 217997.0218573295 8958440.043593688 -1478.030279635777
v 217808.8515005762 8958316.827855116 -1622.020095307775
v 217777.82732288 8958294.412284916 -1644.722371954452
v 217808.8515005762 8958268.203052707 -1662.485164712927
v 217774.7210145186 8958247.292777926 -1682.840396412319
v 217753.0731274842 8958215.590038925 -1709.169362845837
v 217777.3534743288 8958194.258520206 -1722.175439933352
v 217811.3212195637 8958165.02322421 -1738.855675100437
v 217840.3495268236 8958137.091923142 -1754.098714681761
v 218344.8289978869 8958295.084297189 -1556.287040889315
v 218280.6041163604 8958349.773116583 -1520.56360085946
v 218312.8199205341 8958322.626792723 -1538.729161101257
v 218242.5465216283 8958381.507387321 -1498.228161890647
v 218218.325841792 8958401.207964227 -1483.675524882155
v 217808.8515005762 8958364.093700821 -1580.196069198265
v 217840.7549624691 8958384.729888568 -1556.434717012155
v 217777.0962977096 8958343.228895431 -1603.173598944725
v 217745.8554480814 8958320.964544991 -1626.15678518226
v 217714.4437864349 8958298.409751732 -1648.227226950551
v 217745.8554480814 8958272.121407341 -1666.403519346484
v 217871.8475530709 8958405.170620827 -1532.183117390097
v 217904.3838414779 8958425.00280191 -1507.530594932364
v 217934.8436055657 8958444.877601234 -1482.800225983304
v 217956.0675645652 8958465.393741161 -1458.538196643504
v 217714.8771376838 8958248.056472583 -1688.000447282059
v 218346.6068534754 8958342.040512858 -1517.328356063629
v 218375.8159730289 8958317.333225731 -1533.435594107994
v 218280.3953017117 8958397.066708073 -1478.767351177984
v 218312.8199205341 8958370.674229611 -1497.686726173843
v 218247.2403304874 8958424.932653191 -1457.726379911081
v 218217.5465324746 8957857.594191484 -1844.045302065458
v 218283.8079589419 8957854.87735807 -1835.307821282149
v 218313.7072522902 8957894.264563804 -1813.438357494777
v 218374.9138659429 8957941.530034984 -1780.881560679462
v 218344.3179467815 8957914.722835615 -1798.99924259819
v 218407.3139992763 8957967.089682767 -1762.276217935398
v 218249.8238680394 8957831.920563674 -1849.831778377097
v 218282.2472381064 8957804.507894015 -1855.947706519674
v 218344.9957513706 8957853.406877767 -1826.835395281417
v 218320.5727912066 8957816.928696236 -1845.804125790975
v 218368.1902483924 8957889.221433477 -1807.258373164094
v 218406.6123154964 8957900.959681759 -1795.492725302513
v 218436.0284306028 8957935.371522034 -1773.834342204007
v 217650.9073258557 8958350.830747453 -1610.427559295366
v 217619.8633430919 8958327.057115298 -1632.249355488474
v 217713.744186368 8958394.459565187 -1565.491258108776
v 217682.8593955867 8958372.584665839 -1588.687034214999
v 218974.2784717289 8957791.857534075 -1765.223812872071
v 218943.7701507344 8957764.308923295 -1782.401938730576
v 219040.000149049 8957903.574000711 -1699.860264546451
v 219005.7764979763 8957878.061753288 -1717.793224364314
v 218972.1791277515 8957852.094608186 -1735.698456174543
v 218950.629202495 8957816.492324337 -1756.41348584159
v 218912.0941175615 8957804.765914928 -1767.176422741802
v 218881.8734594351 8957765.033128316 -1790.009272995888
v 218973.4751931705 8957901.705651619 -1709.815070036528
v 218936.0731652574 8957890.606696187 -1720.85264060291
v 218910.6166066204 8957855.858322138 -1742.094694707507
v 219006.7624469243 8957938.75758124 -1685.360996221897
v 218407.3139992763 8957653.686840704 -1894.322734942202
v 218565.5091022723 8957805.528095227 -1814.983638174873
v 218690.7962355026 8957787.451976843 -1805.36319154602
v 218753.7922879973 8957781.519851269 -1799.431065972668
v 218376.1561120046 8957498.847445816 -1944.804233795431
v 218816.1112497227 8957767.831508849 -1797.380443734702
v 218848.2863667395 8957742.321107393 -1804.777258004902
v 218469.5478436798 8957768.531449532 -1844.174932605028
v 218432.2543774242 8957756.462052416 -1854.189224055336
v 218407.8501327511 8957719.692976994 -1871.196322045507
v 218499.0941210941 8957806.562475219 -1824.132317158403
v 218375.2425270507 8957679.724356119 -1889.10854341975
v 218533.3061042657 8957833.688778976 -1807.0550577717
v 218343.5223127404 8957451.801345654 -1959.817216697186
v 218849.3302993474 8957804.399156716 -1775.743560486388
v 218346.8079627403 8957721.795779012 -1877.901798765251
v 218376.3197461446 8957766.732967172 -1857.509412742796
v 218437.9345371981 8957812.219757302 -1830.535214406286
v 218407.3139992763 8957784.060852138 -1846.517002749473
v 218471.3848399205 8957848.717460409 -1809.583866123472
v 218508.6717575526 8957860.227481164 -1798.755532740325
v 217391.7401935201 8957594.982155226 -1935.508221945396
v 217430.3843273309 8957580.318423688 -1941.65359293293
v 218029.4094710541 8957227.066479489 -2021.086623423803
v 217997.8396580604 8957206.01568283 -2025.735743860208
v 218060.8357105552 8957206.26375844 -2025.983819470321
v 218092.4152808708 8957227.020963557 -2021.321474415609
v 218123.8317630499 8957206.507479854 -2026.22754088441
v 218186.8464406329 8957279.785604957 -2007.98399377045
v 217966.395894402 8957227.123262357 -2020.907910943887
v 217934.8436055657 8957205.829082146 -2025.549143176725
v 217903.3676915413 8957179.773627067 -2031.890909193844
v 217871.847569034 8957141.145287484 -2040.5790898374
v 217840.4138986067 8957097.218996882 -2049.812684146743
v 217903.3828782401 8957227.192369167 -2020.838236993575
v 217871.8475530709 8957205.696491925 -2025.416552954372
v 217840.352671983 8957179.640761245 -2031.507879621059
v 217808.8400443362 8957141.194738671 -2039.737996941939
v 217525.4966866198 8957228.258879945 -2015.362404677207
v 217588.4785124135 8957227.972754527 -2017.69328921051
v 217651.4471680738 8957227.73509296 -2019.286044804353
v 217682.8593955867 8957204.496781157 -2024.216842188046
v 217462.4899266418 8957228.594963077 -2012.248989482208
v 217367.4013341963 8956740.431202069 -2077.279825461465
v 217402.3787032684 8956690.68972842 -2089.210019374127
v 217457.7765590503 8956696.448755519 -2095.449575057914
v 217525.7017005534 8956693.863413837 -2104.074754670704
v 217588.8641827457 8956693.188815113 -2111.12933939034
v 217777.3244991335 8957179.460420538 -2030.970707765019
v 217714.4143198273 8957227.543511279 -2020.23389050539
v 217745.8554480814 8957205.181353709 -2024.901414738765
v 217491.2564114615 8957275.385582736 -2005.122534845356
v 217557.3150009005 8957279.51466538 -2006.871780561575
v 217619.8923381877 8957273.319467604 -2009.668087354109
v 217682.876741854 8957273.191346949 -2010.514167714602
v 217397.1306702818 8957232.312513167 -2007.585605379958
v 217430.0988260034 8957269.488648757 -2002.999647732186
v 217368.0704842123 8957183.964192159 -2013.893418599773
v 217336.6972432912 8957139.063344341 -2018.827690115598
v 217305.3221423695 8957094.275187885 -2023.13011995216
v 217266.119075838 8957060.779410083 -2024.409924219739
v 217241.8870281235 8957028.677363001 -2026.577167658052
v 217217.9298816164 8956996.506573452 -2028.286899615701
v 217210.116945564 8956918.185583651 -2036.407226401091
v 217244.9296843192 8956868.750685155 -2045.615533752633
v 217273.5616804349 8956828.150534298 -2053.689216064599
v 217305.4227459766 8956782.929218287 -2063.337266954175
v 217328.6714670885 8956749.942018524 -2070.559451664566
v 217178.3207527976 8956955.873685993 -2029.139243511533
v 217335.9329665171 8956695.760926161 -2079.293608953393
v 217372.8812358755 8956648.448736105 -2091.601344517378
v 217431.0959059276 8956649.73607374 -2099.507782771381
v 217494.3506746308 8956648.980231931 -2107.810550465646
v 217549.915176915 8956659.331195533 -2112.512132716543
v 217777.3896878099 8957227.393871207 -2020.681337088415
v 217808.8515005762 8957205.528661024 -2025.248722054188
v 217745.8616435618 8957273.126122918 -2010.720118745054
v 217337.6319215384 8957227.861601541 -2004.057356122285
v 217367.7744883033 8957274.452340869 -1998.039203924283
v 217302.3738516447 8957188.158168955 -2008.011360593843
v 217273.6049835661 8957139.522366405 -2013.505529006547
v 217242.2187508834 8957094.735981777 -2017.535546159054
v 217210.8217038255 8957050.057482496 -2020.928809226253
v 217179.4113445986 8957005.483488854 -2023.630322494321
v 217178.6279105864 8956873.527661791 -2037.264787223309
v 217217.2588917341 8956825.51231508 -2046.66565020643
v 217242.1168670761 8956783.552737754 -2054.572690500402
v 217146.9921941761 8956918.44821153 -2029.642214557359
v 217274.0189508496 8956738.281237684 -2064.595467875587
v 217304.8830806182 8956717.396546841 -2071.655838756107
v 217140.5378115034 8956971.527086504 -2023.666456028556
v 217525.3692643498 8956627.236285688 -2115.130385324133
v 217501.4098294029 8956595.818466514 -2117.596323997849
v 213716.6477907351 8955583.254459677 -573.7021843999314
v 213758.6164628482 8955574.487908304 -611.8352531516382
v 213795.602686212 8955581.184362134 -642.0131449586529
v 213834.0923023644 8955583.003120581 -674.7097229153328
v 213903.889497855 8956116.83482329 -577.4272170520248
v 213943.7134310744 8956108.625633629 -617.955357228984
v 213873.3655056323 8955582.448021671 -708.6832227798654
v 213695.0162597887 8955530.325327218 -567.93555115649
v 213732.2163888913 8955536.639426226 -598.0200985771428
v 213770.8375326185 8955538.507990025 -630.4212696135385
v 213810.4207403388 8955537.945437828 -664.2486731558229
v 213852.342708634 8955530.226765558 -701.5273151748258
v 213979.6903555149 8956115.723593017 -648.9434818069224
v 213889.5841082481 8955536.639426226 -731.828022839188
v 213915.0712398162 8955574.800743405 -746.1727441668932
v 213952.2375167839 8955581.184362134 -776.8575304799147
v 213990.4827777676 8955583.749591565 -809.2822847029338
v 214030.1570493128 8955581.771977449 -843.7636461717727
v 214053.261618749 8956121.256654678 -717.1549548189869
v 214092.0673273459 8956115.696935918 -757.3087181581004
v 214015.284233739 8956122.20788895 -680.1996350720938
v 214139.9016404886 8956071.178657111 -823.2749329149974
v 214130.3557464322 8956110.380381411 -797.4320864584392
v 214092.1923133352 8955625.785151713 -890.6102093987824
v 214071.6855270373 8955575.013577107 -880.3675670522875
v 213928.0974909882 8955538.904717809 -764.0876258510323
v 213967.7789977468 8955537.614580691 -798.0072322978697
v 214009.9002055561 8955529.974744933 -834.8934183472736
v 214047.2440100909 8955536.639426226 -865.2227386667614
v 214167.3241003098 8956109.45692499 -834.905436633557
v 214155.9577483991 8956161.800480498 -799.7786661256173
v 214085.80365589 8955539.25394324 -897.1705311786429
v 214109.1335840156 8955581.184362134 -911.3324715740632
v 214434.7086504859 8956024.366389602 -1161.179703820917
v 214470.0384028832 8956027.407072419 -1200.475369715425
v 214399.8112009969 8956032.518179014 -1118.387845844733
v 214304.7086020708 8955580.500085562 -1073.84476384805
v 214327.2838409387 8955536.639426226 -1092.815714575388
v 214459.183096952 8956079.617833741 -1165.246416583133
v 214494.7488044141 8956076.421571106 -1207.087420526039
v 214424.6981227 8956078.241372027 -1126.598956742133
v 214391.0699068926 8956071.178657111 -1091.698466827056
v 214532.2955480097 8956069.086969182 -1252.053927252243
v 214566.7662340861 8956072.042932274 -1287.693026550161
v 214267.5309618403 8955581.184362134 -1043.684238866121
v 214288.1064053658 8955532.76406214 -1062.502515880035
v 214246.6893973665 8955535.937144537 -1029.554124591198
v 214206.1634669998 8955536.639426226 -996.8361746374649
v 214229.7485141672 8955574.425331552 -1013.246860387661
v 213897.6916581728 8955404.98149392 -762.7476403235064
v 213915.134590043 8955358.459682599 -784.7840567737269
v 213884.4784656665 8955440.833613325 -745.5871279657315
v 213932.1835398344 8955312.681387607 -805.8208692267231
v 213865.1865359719 8955494.264115637 -719.4518120408911
v 213949.0598215248 8955269.369810784 -825.8964061195288
v 213937.8214525088 8955404.675600611 -795.5048313402699
v 213921.882001965 8955447.549554411 -775.2417753226141
v 213905.0479565775 8955493.270096753 -753.1034664519211
v 213952.4550855748 8955365.2578164 -813.6826146281887
v 213973.6134502394 8955310.804421032 -838.8254505595605
v 214311.6047274765 8956559.877678709 -721.3266113068596
v 214306.3618455739 8956614.464728652 -685.7013657594616
v 214294.0903891108 8956641.625519544 -660.9038190073068
v 214281.3068051246 8956695.031013131 -621.5318795664634
v 214286.5701338986 8956468.371888764 -754.0493716555413
v 214317.9774239059 8956513.037753686 -754.1559353722705
v 214342.9868813519 8956604.522514569 -720.8915614574194
v 214349.8475023679 8956557.388151454 -753.9982127393985
v 214337.8200371409 8956659.041251812 -685.7892877589582
v 214325.3503397396 8956686.372791568 -661.1092086524427
v 214287.2620550828 8956418.532078203 -784.0495135031781
v 214318.6886017127 8956463.339621928 -784.4132087671128
v 214350.3562175643 8956507.772987872 -784.0618028845479
v 214369.3200587228 8956703.587410081 -685.7876882907444
v 214405.9396493663 8956693.995073985 -719.342525191013
v 214565.2121854085 8957230.220392305 -578.6064888173137
v 214446.7431614454 8956689.547253842 -752.830745777293
v 214374.4399040224 8956649.248633061 -720.1378648358022
v 214414.399068596 8956645.538198996 -753.2432389157734
v 214607.7746207966 8957221.161339354 -617.043378525756
v 214595.5529339069 8957273.775530644 -582.6068909124101
v 214446.1416693825 8956639.790254686 -780.6179846602713
v 214470.0607183548 8956672.5918933 -779.592979817483
v 214493.8265899715 8956705.451382566 -778.84245112184
v 214652.111293112 8957239.949136574 -644.0424721621791
v 214684.7969115476 8957229.072010437 -675.6378272254037
v 214525.5756662861 8956699.483606441 -805.622219801164
v 214566.5786399731 8956691.674330007 -839.5056880163806
v 214745.3019014298 8957146.093472019 -761.8227702158883
v 214729.1105159703 8957173.869089145 -736.3386949165599
v 214722.7265125037 8957229.589004988 -706.4468057133829
v 214603.6623735814 8956684.477602361 -869.8070315435159
v 214627.5508495916 8956716.93155485 -868.477577274678
v 214651.4056336063 8956750.012566235 -867.822829579065
v 214683.0035769041 8956794.731511764 -867.8555351519235
v 214636.3887612076 8957267.697608897 -618.6249142421111
v 214674.3459504698 8957273.8919266 -646.5407081977257
v 214711.6029904767 8957281.211093146 -673.9866892638956
v 214492.6361797669 8956655.816511132 -806.4035256553229
v 214534.142005879 8956651.299910549 -839.4747951486747
v 214571.3374679018 8956641.172342855 -872.2160920512167
v 214772.9011065037 8957193.449641777 -764.066792569073
v 214767.2508675784 8957223.5156761 -746.1174653438457
v 214754.1090216659 8957274.644063085 -712.1590205919747
v 214651.2296404419 8956699.604218403 -894.7610331799369
v 214617.370235354 8956656.398520516 -895.95385592107
v 214688.3795317058 8956738.696487129 -899.5889353463581
v 214745.9279150938 8956705.301961724 -956.7071480837458
v 214722.0449283338 8956672.78845267 -957.9692828155348
v 214697.7496618705 8956640.80869453 -960.3482200090832
v 215047.1413594054 8956864.754072484 -1151.166082510834
v 215088.3310373672 8956835.260532811 -1214.814945155099
v 214693.0443048231 8956691.301809805 -928.0550435199261
v 214660.3228643804 8956651.309190925 -928.6264540809466
v 215120.4007114079 8956837.733842846 -1255.27626755845
v 215153.0870109219 8956836.607500311 -1298.935849793992
v 214841.3046047716 8956297.783559524 -1384.548925978411
v 215198.7281297134 8956736.136634506 -1422.45503204558
v 215191.2327610151 8956779.883117389 -1384.132431800064
v 215185.8500432129 8956835.404090354 -1342.468801520848
v 214183.5223679872 8956204.142930016 -806.5440775075729
v 214210.2830483055 8956254.918266499 -806.4697003999645
v 214238.7480427741 8956301.467517 -808.2142748337578
v 214268.1263856019 8956347.301915821 -809.3636110291418
v 214298.3751437333 8956392.498007664 -809.9586263223841
v 214329.4314219554 8956437.144048573 -810.0602022565718
v 214194.1186937652 8956154.434387285 -841.4676859882038
v 214217.6516391727 8956205.445376966 -839.7177121741986
v 214248.7008715911 8956247.892846139 -847.767169618719
v 214281.2311987607 8956292.839490049 -853.805104255865
v 214307.5039643032 8956341.865284465 -849.2871667164552
v 214338.3556538763 8956386.756452285 -849.5995329730952
v 214582.7732702431 8956613.656123079 -897.5859743429658
v 214558.1787884842 8956569.3313509 -908.0741548072701
v 214525.207708665 8956526.67636599 -912.0473181427899
v 214479.6557131865 8956458.876400407 -923.4831611040647
v 214501.5587446021 8956495.888701381 -914.7043392480516
v 214451.5796990098 8956419.275442384 -927.9364739145901
v 214445.9739184623 8956154.684522383 -1108.618552379537
v 214439.9972148485 8956207.151911706 -1068.321236730731
v 214481.9255017246 8956151.439418858 -1150.223068174185
v 214432.1454165544 8956253.678899296 -1028.380350945905
v 214425.6381380398 8956302.422094816 -987.6062135546968
v 214438.5626921074 8956360.688283645 -957.6836651408453
v 214414.5917559986 8956327.845195608 -958.7406000509684
v 214418.0655051581 8956375.789701862 -928.9098770560695
v 214494.5971894434 8956126.627732418 -1178.917598703521
v 214521.1961767732 8956124.383800536 -1210.21606351941
v 214557.4122038208 8956120.870338349 -1251.68379297143
v 214594.529817386 8956113.132088514 -1294.809781947096
v 214632.5504767109 8956112.109815108 -1333.202253733124
v 214541.7910827051 8956593.679087227 -880.4225473538281
v 214513.1054256083 8956554.103396237 -884.6536576010037
v 214478.468505515 8956511.405301128 -886.2345383203308
v 214444.3036024621 8956468.443158951 -887.6269326888462
v 214407.3537821297 8956429.471863953 -882.6877909247273
v 214402.1117462273 8956208.281249687 -1027.567029137368
v 214409.4032588382 8956161.949276268 -1064.031524803687
v 214418.6942922953 8956106.521380071 -1105.636240673221
v 214460.8376344874 8956115.723593017 -1148.318024078674
v 214394.6657924824 8956257.832163438 -987.4724494931995
v 214382.9857005854 8956283.060048062 -958.6531647226907
v 214385.6983503223 8956331.590202395 -929.2620877895763
v 214375.6100600085 8956384.364601284 -884.7333484467222
v 215637.6707337548 8957141.296335189 -1551.90878138672
v 215591.2535989704 8957147.64866841 -1520.560970178721
v 215579.3943289101 8957175.956631029 -1495.920516583801
v 215678.6904568395 8957178.442728302 -1553.834856287469
v 215631.7303546702 8957188.368296105 -1521.028601953995
v 215188.8574839799 8956036.550269527 -1710.625504115119
v 214953.781948682 8955759.364105761 -1587.706606921233
v 215043.1764771006 8955848.870957913 -1639.916462415961
v 215066.6689770612 8955892.178048246 -1650.486102736678
v 215019.5160877138 8955803.909041667 -1628.379303712671
v 214996.4866188286 8955758.6023192 -1615.968443025043
v 214937.1981787722 8955725.456359489 -1577.251852970566
v 214974.5342449609 8955714.831901394 -1602.997156690349
v 215039.747753661 8955759.730902469 -1644.888168992028
v 215060.3464709803 8955807.768010853 -1655.117395636775
v 215085.6826941517 8955848.453977576 -1668.440399233035
v 215017.033515773 8955714.819169855 -1631.890190620857
v 215112.9577072896 8955886.970919631 -1682.200990628191
v 215134.1607966305 8955938.664190227 -1689.538192527505
v 215160.8768858639 8955983.5767536 -1700.644452906821
v 214859.0140155915 8955670.274233947 -1522.016608359017
v 214910.8401518972 8955670.271246361 -1559.357029154755
v 214849.3039159074 8955625.425509177 -1512.393418989173
v 214885.0283764541 8955636.726931434 -1540.306400113755
v 214947.733787808 8955680.949649341 -1585.584582661116
v 214928.8596825036 8955633.061697157 -1571.368682462306
v 215128.0858315024 8955847.212329334 -1697.18254942944
v 215157.4473582172 8955903.186285077 -1710.772017327867
v 215175.7786868756 8955937.54384939 -1719.205168035521
v 215201.2807846864 8955979.236114055 -1730.92638227254
v 214752.0968039455 8955581.336567374 -1429.121637812535
v 214791.782734634 8955584.307807131 -1463.51177949967
v 215260.6463749578 8955938.206383822 -1777.984198124005
v 215279.7871984316 8955892.234935209 -1793.769115382936
v 216175.6617279649 8957000.210930062 -1813.27345028327
v 216196.8465446044 8956963.557490651 -1834.022845175415
v 216645.1861230754 8957361.182098871 -1863.41659980646
v 216637.5286728133 8957414.959975518 -1842.113613765899
v 216138.0476225274 8956964.591180898 -1810.851904396798
v 216169.1121028008 8956919.840440519 -1837.231216814505
v 216207.9619358798 8956909.822237864 -1855.385109612491
v 216230.7953989069 8956873.981042385 -1874.837304745828
v 216273.0291470765 8956862.164221963 -1893.887904798944
v 216330.964388525 8956871.933736125 -1912.640782871891
v 216699.9246139341 8957364.449742259 -1876.780681014477
v 216673.4879665816 8957403.664359706 -1856.19806709187
v 216675.9154205605 8957449.371071296 -1840.892625605838
v 215217.8064036283 8955936.408303313 -1748.874602733075
v 215231.4483372422 8955882.37748149 -1763.489769204807
v 215194.2298236981 8955892.885617072 -1737.620920296023
v 215301.1104355835 8955848.453977576 -1809.228924658901
v 215256.864009897 8955848.284253791 -1782.510504253122
v 215283.4046586074 8955814.392135281 -1800.206832298638
v 215792.7504248774 8957272.698215663 -1556.372358009917
v 215957.8670972201 8956773.981487134 -1805.962256153242
v 215981.9659782286 8956806.105399709 -1804.005204367618
v 215729.9817682497 8957252.207514646 -1537.38834479185
v 215754.8127326596 8957281.789054446 -1531.853597956585
v 215704.7860069618 8957221.658982392 -1542.471999866807
v 215981.4914905014 8956738.058846459 -1825.940858394127
v 216015.8699924464 8956783.158491382 -1823.601820900109
v 216049.0455374806 8956827.178556759 -1821.553187695302
v 216081.979823327 8956871.281502549 -1819.668460449649
v 216114.7477000728 8956915.464898586 -1817.869162227569
v 215700.7052897266 8957275.321048586 -1507.390872348596
v 215737.4234945456 8957308.636148982 -1506.239194327287
v 215667.473562452 8957230.692961834 -1516.39304537356
v 216038.9092726315 8956747.433760833 -1842.983329890357
v 216071.1819364741 8956790.978196882 -1840.887327037823
v 216110.1290981746 8956832.574518204 -1842.225815632008
v 216140.9241560447 8956870.470642995 -1842.004657192715
v 216895.4087394024 8957117.879244654 -1982.144241590502
v 216864.3530317619 8957138.711881543 -1974.103028889465
v 216920.1763210238 8957148.800581306 -1978.03892840612
v 216957.7816532321 8957134.480264733 -1984.846738786584
v 217116.256278008 8957005.885116728 -2017.794710860127
v 217084.5322084003 8957050.852489272 -2009.502177455603
v 217055.7589962406 8957091.869854158 -2001.100081282103
v 217021.0961622844 8957141.669240464 -1989.622712762435
v 216833.2696401252 8957183.495914049 -1959.322727997723
v 216892.6793604584 8957188.272326075 -1965.871960299768
v 216958.865592123 8957183.229613211 -1974.934428184737
v 216989.9028181445 8957162.855529521 -1982.575590551077
v 216612.1535909674 8956649.539773248 -2014.821349145406
v 216674.9225556708 8956583.721038137 -2027.070201865785
v 216706.1743867265 8956562.071476076 -2032.119499947123
v 217147.6798966032 8957050.479323197 -2015.106071443121
v 217114.6786794494 8957098.823693311 -2005.342726059511
v 217084.2266146805 8957141.016871898 -1995.821971004101
v 217014.3600555395 8957193.782175027 -1978.914479236064
v 217052.2707386051 8957179.282305796 -1985.838115149656
v 216546.0175604055 8956651.496030284 -2005.875910006317
v 216737.8023788201 8956517.163949288 -2040.348287050574
v 216767.734218483 8956473.140402017 -2049.496019112905
v 217180.0747663513 8956611.156539725 -2067.390561151686
v 217211.1945240344 8956648.845037699 -2066.912270515741
v 217242.6088292967 8956693.597845994 -2065.68888054827
v 217216.9085405536 8956596.901074216 -2075.57515383417
v 217248.9717812866 8956640.607544811 -2073.93735453017
v 217280.9455581299 8956684.470971126 -2072.583031992697
v 216461.0517563795 8956685.266326029 -1985.625115639768
v 216485.4883363314 8956650.797351757 -1995.692752755842
v 216799.9256682083 8957224.656581242 -1942.946440549244
v 216361.3801511239 8956826.416871024 -1933.473863920742
v 216365.1477161355 8956776.303386733 -1945.021355302046
v 216392.9122966411 8956741.109635988 -1959.845854342295
v 216423.8422147692 8956693.346825957 -1975.988479518647
v 216429.5160374256 8956640.907073963 -1985.864105016945
v 216863.624234379 8957230.562184522 -1951.314686995233
v 216299.7846384155 8956827.278179454 -1912.420848953203
v 216329.801733315 8956781.897076199 -1932.898045590218
v 216333.7735053966 8956731.682865985 -1944.770668889754
v 216360.3092328322 8956694.646926932 -1959.70230176138
v 216392.3588081175 8956648.690879272 -1976.230316842807
v 216801.562825349 8957271.775602557 -1929.374462459602
v 216832.4126869077 8957253.990728678 -1940.075981987101
v 216771.2857969267 8957316.378875447 -1909.530950609725
v 216737.9186081655 8957341.539257642 -1893.989703230658
v 216856.2927906126 8957283.370468795 -1935.684155574544
v 216826.3421422765 8957319.947869007 -1919.512648113669
v 216762.3836466902 8957371.737229286 -1889.588885587714
v 216800.1449535096 8957365.510077303 -1900.106800419214
v 216737.8761801564 8957408.430011803 -1871.417045997058
v 216264.9472224512 8956205.88512243 -2037.825185258643
v 216292.5397962077 8956161.801680978 -2051.535526742874
v 216672.8086904714 8956208.191642448 -2094.970532627615
v 216708.2929543769 8956246.894922145 -2090.564863927991
v 216328.733987122 8956650.712593714 -1959.995261445957
v 216296.0395922064 8956606.053387564 -1960.707018118394
v 216263.1616593461 8956561.994271994 -1961.801599097619
v 216229.8184045758 8956518.074249145 -1963.239796137831
v 216196.0543641142 8956474.276293863 -1964.968155925474
v 216171.5786764134 8956426.234241473 -1970.397752391746
v 216145.8863018223 8956329.814484783 -1986.794662807089
v 216175.3677982856 8956292.323492054 -2001.755288860214
v 216203.0993963417 8956247.935296865 -2017.164558742537
v 216233.9501882076 8956227.609315867 -2027.317966852089
v 216209.6105228516 8956195.178128041 -2029.308263876148
v 216233.583945822 8956161.028840223 -2040.941143010742
v 216264.1595584301 8956652.232334949 -1941.920866303189
v 216302.230108474 8956687.302994151 -1944.999896786573
v 216232.8059170162 8956607.589761684 -1943.398081956916
v 216201.4796000309 8956562.865343124 -1945.420541957743
v 216170.1742098993 8956518.061650828 -1947.927190619563
v 216141.9716181177 8956468.760715842 -1952.66799419124
v 216106.5940838294 8956288.99071493 -1987.336891242928
v 216138.8370727978 8956246.825283578 -2003.939690812284
v 216171.7675885896 8956203.080755295 -2020.214804690284
v 216107.9580832181 8956493.861582184 -1937.210745912754
v 216132.1601997073 8956526.366501285 -1935.488703634755
v 216104.8945174413 8956562.136153594 -1918.354535235063
v 216081.5858955466 8956598.786730479 -1901.252056053402
v 216017.8763590773 8956648.894924536 -1866.30817104156
v 215888.4465525735 8956114.110326232 -1975.099930838073
v 215925.7632888742 8956106.352049936 -1985.543306447254
v 215984.6366359096 8956112.078814667 -1998.324589716482
v 216012.9357810802 8956161.285917412 -1994.627041054683
v 216044.291216982 8956206.159969207 -1991.999256100533
v 216075.6224506006 8956251.080355486 -1989.021578683758
v 216077.6693409145 8956647.967074312 -1886.054194503968
v 216164.4467350214 8956569.911739126 -1933.373885352613
v 216138.3784319053 8956606.063424457 -1916.485392851783
v 216113.8416457368 8956642.238695655 -1899.087501844529
v 215981.9659782286 8956671.262921916 -1847.342470201913
v 216051.3560598724 8956692.788233658 -1864.040157815178
v 216006.5211189613 8956704.025815554 -1845.379150791015
v 216038.1913954977 8956118.242273029 -2009.183882287531
v 216071.9249250196 8956161.898640953 -2007.642989674151
v 216106.0553936762 8956205.479036726 -2005.83447279265
v 216105.7631876 8956697.57570898 -1880.815866156487
v 216822.0826395403 8959156.677167207 -724.7325534080846
v 216865.0627597265 8959143.318909662 -755.6670290070986
v 216895.4087394024 8959127.246494977 -784.276106607731
v 216918.5491979283 8959109.769328184 -811.4800009033636
v 216808.3451574823 8959127.301704649 -750.2946897546658
v 216832.4126869077 8959115.407147212 -772.4367588428881
v 216864.1174560167 8959097.840386461 -803.6141038439976
v 216895.4087394024 8959084.151287099 -830.2707705451282
v 216917.4579782449 8959066.532284729 -857.2995766982144
v 216956.9624183232 8959095.170704922 -840.7733443031898
v 216432.0836741827 8959133.882308202 -568.1989992197468
v 216454.4363719392 8959116.907951742 -595.757819745284
v 216485.3622834673 8959102.208865674 -625.4846084408514
v 216526.1842948818 8959089.841955863 -657.7556399331559
v 216548.9304506813 8959072.883976107 -685.3686518326265
v 216579.7025040324 8959058.070780726 -714.9577923951306
v 216620.4490807955 8959045.616956994 -747.1041590077675
v 216643.4245294234 8959028.688788095 -774.8082715408923
v 216714.6817837595 8959046.059875738 -791.962032926953
v 216768.4053159035 8959102.224491313 -759.254721765401
v 216737.9186081655 8959073.511321787 -775.0858693252937
v 216391.3669560254 8959098.81392839 -581.0734017189725
v 216432.7119957905 8959088.529729653 -612.0075854034853
v 216446.5628421892 8959063.531857204 -642.6064495793821
v 216485.6594572311 8959056.732845083 -669.1340417440392
v 216526.8107874124 8959044.485451192 -701.5619278536926
v 216548.9304506813 8959027.359056929 -728.9336044673937
v 216580.0256814287 8959012.644006306 -758.6386650946256
v 216768.2686711967 8959058.19641869 -804.2851308604006
v 216737.9186081655 8959029.117698479 -819.7821178332135
v 216810.4247540118 8959089.375434043 -790.530327870033
v 216076.5786354759 8958918.346059674 -575.8119445810842
v 216135.0899744054 8958791.76848395 -719.8441097681236
v 216107.9580832181 8958809.454453772 -689.2087449394503
v 216107.9580832181 8958761.667818829 -730.5119818100295
v 216132.905690747 8958841.114934796 -675.789984730337
v 216107.9580832181 8958857.028080944 -647.6925002969342
v 216130.9954014083 8958888.012713425 -633.5033269979056
v 216107.9580832181 8958904.362683026 -605.9372305658562
v 216132.1676965693 8958929.666041404 -597.0030254030821
v 216117.9795061898 8958954.252770551 -567.1539380639736
v 216541.6327838627 8958974.00205417 -774.9869329113617
v 216517.4324244339 8958949.662158253 -784.8715135116827
v 216863.0581768443 8958968.396716267 -937.1923823328034
v 216832.4126869077 8958983.948071454 -908.2472985279555
v 216809.5786031103 8959001.145058336 -880.6101511579875
v 216768.2982299478 8959013.905389447 -849.0337265503681
v 216527.7066039456 8958998.786708515 -745.0565693629089
v 216486.2781570765 8958964.480584743 -755.2976941975228
v 216902.926997236 8958993.532351216 -928.4640004839075
v 216863.1666120271 8959012.533270754 -892.2771095010651
v 216832.4126869077 8959028.091717895 -863.3010731542563
v 216809.8794047763 8959045.402329093 -835.7100760203459
v 217062.6204600658 8959089.705888415 -879.5692683369782
v 216989.9028181445 8959078.902434349 -869.5668537022393
v 217023.051110982 8959062.429847725 -898.0107550390253
v 217115.0628497988 8959095.896234663 -885.9808845069774
v 217181.1936941768 8959141.37063086 -848.0677688772544
v 217147.3929493814 8959119.923295878 -866.0427793236609
v 217240.8822142092 8959190.985391064 -800.8571114962206
v 217210.3890018761 8959166.888431858 -823.9180434900081
v 217273.3850543709 8959212.4611343 -780.4008741168686
v 216961.0740725124 8959052.836907104 -887.7688413290755
v 217060.8386582456 8959047.066700522 -926.1711207020828
v 217084.3968968866 8959071.031324154 -906.2406794142842
v 216989.9028181445 8959036.115638232 -915.8699293993645
v 217118.8372117501 8959054.096231142 -933.6339194685715
v 217176.3206873952 8959101.516934682 -892.2689774335995
v 217147.3929493814 8959078.045260517 -913.2546157776278
v 217242.164859381 8959147.830322996 -849.6115669428336
v 217210.3890018761 8959125.076691942 -871.1961753872761
v 217305.0598788044 8959192.563268458 -805.2268690194924
v 217273.3850543709 8959170.423039379 -827.4526510113151
v 216474.2638138976 8958481.484948475 -1162.880592793367
v 216529.6001592445 8958426.818529835 -1242.141422445359
v 216548.9304506813 8958408.966566252 -1268.709447373242
v 216574.9751430212 8958391.101359487 -1299.774347708291
v 216622.1759470204 8958383.130483458 -1332.021666899774
v 216643.4245294234 8958366.022098143 -1359.399786984802
v 215824.4758469918 8958450.440394655 -820.188980798584
v 215853.5190009229 8958434.531423679 -851.8734649114044
v 216139.1614856469 8958747.499841036 -760.2260627558444
v 215897.4677483158 8958426.918715606 -886.1165949156141
v 215926.7583386026 8958467.847921569 -871.1269645124214
v 215971.8589967107 8958526.150214646 -850.9532212429517
v 215950.4679519812 8958494.302727427 -864.0513135713081
v 216013.3177919653 8958563.470375635 -844.565687594561
v 216052.9489945529 8958600.190737236 -836.8832529743022
v 216100.7068038747 8958663.854196597 -810.2088202293103
v 216076.4600569707 8958631.845132716 -823.4139752312399
v 216139.4585570159 8958699.442227744 -801.4910346802235
v 215698.4837420023 8958453.509521 -734.1682353306828
v 215720.2920614207 8958437.236156275 -761.9674886470839
v 215763.3865809518 8958429.865943888 -796.6205757068831
v 215800.6990567531 8958423.136227656 -826.5102730248573
v 215816.0236458336 8958398.456135729 -856.3018127020587
v 215855.9864819214 8958387.508444689 -891.0394618163377
v 216181.5262624579 8958783.544993373 -752.6148103856694
v 216178.4588209789 8958734.531368237 -792.9507158444924
v 216171.2281812585 8958827.987915885 -708.4260898350085
v 216171.0571384307 8958875.71210935 -666.5954614295422
v 215941.8901527263 8958443.017217696 -900.9399556192507
v 215895.9065045943 8958376.634750249 -925.3859554331714
v 215918.9699257339 8958409.874698276 -913.2580921397666
v 215982.2345951012 8958481.147365017 -894.4065800894489
v 216016.681825139 8958518.246168686 -884.3333483366428
v 216052.403166207 8958557.59165531 -872.2719508261948
v 216103.3514752977 8958613.85927828 -854.0270226100561
v 216076.4600569707 8958583.55936287 -864.2180771991402
v 216139.5640324186 8958650.71435643 -842.9595601799836
v 216170.8542326164 8958920.643117838 -626.689830819596
v 215815.0848208283 8958347.963424575 -895.4089468822708
v 215786.2759049929 8958306.321002442 -908.2722082712924
v 215738.9121651928 8958242.102916861 -924.7766699287181
v 215761.479794497 8958276.901896359 -913.9200979461393
v 215707.3890265892 8958204.341312494 -930.9349614522994
v 215665.6013192182 8958163.341416109 -931.33059505913
v 215659.9877232536 8957995.513546813 -1043.332827466545
v 215649.2999035924 8958023.092411503 -1017.448669085573
v 215637.1314602008 8958073.35072994 -974.5043470370274
v 215634.539883073 8958118.651114484 -941.0827356471314
v 215926.6093481904 8957842.90980933 -1315.47801830357
v 215950.4679519812 8957874.325101199 -1313.152149110938
v 215975.0773536625 8957906.501186829 -1310.525285123391
v 216037.4139520514 8958352.600572364 -1033.337034410552
v 216013.464004476 8958368.507478014 -1005.525679600443
v 215984.4606069112 8958385.058347434 -974.3847416899557
v 215939.9487985419 8958392.89223621 -940.3449791289263
v 215771.0060320104 8958330.528993204 -879.507514702439
v 215739.1024213448 8958293.430953395 -886.3374257656219
v 215792.9778207444 8958364.375280479 -867.7586743446786
v 215697.7593732983 8958253.345669298 -888.0008585069868
v 215665.1770714714 8958211.614489319 -896.0908695997871
v 215624.3225571512 8958171.161917999 -896.5262717825567
v 215635.4876895075 8957964.221083183 -1046.688643838654
v 215611.1123739852 8957932.873124432 -1049.812586886117
v 215613.2019742651 8957981.171168257 -1019.766887557009
v 215603.8185432582 8958030.937229879 -979.6613412341844
v 215595.5565043321 8958080.607908756 -939.7261086311867
v 215597.6329534675 8958128.195590053 -907.8383445617492
v 215979.6932234814 8957852.342777798 -1344.09025883891
v 215941.3199784813 8957813.855183464 -1340.662421780591
v 216012.3928978783 8957897.112579089 -1340.19555152809
v 216076.5259925606 8958386.528277552 -1029.206878691069
v 216037.6861243661 8958395.552248329 -998.3151994577702
v 216022.6849891473 8958420.322239624 -969.0372287264747
v 215981.9033965382 8958432.258049222 -934.4072358029284
v 216523.8854582229 8958379.65407607 -1284.096334859528
v 216548.9304506813 8958363.551215878 -1312.38396881207
v 216578.9442595765 8958349.142441045 -1342.340975830593
v 216622.9259113366 8958338.228850797 -1376.216072015866
v 216643.4245294234 8958320.944748506 -1403.412309161954
v 216669.1408980544 8958305.356610853 -1432.232874899258
v 216707.6214092306 8958292.445344647 -1464.369915078027
v 216737.9186081655 8958277.549384128 -1493.651752505686
v 216763.298185992 8958261.265438372 -1521.608228991662
v 216806.6121470964 8958250.469744347 -1551.864550496764
v 215415.0015057759 8958364.968355561 -601.0821339827494
v 215439.9294003779 8958395.533573333 -596.393985128602
v 215424.7209176761 8958419.188716732 -567.2925094009468
v 215476.660291499 8958389.374556882 -628.070892068338
v 215467.6223400474 8958437.877236707 -584.3465672858647
v 215542.45507342 8958519.187785909 -574.2468137631804
v 215510.780651486 8958480.915242225 -581.9322136084634
v 215551.1636169928 8958471.013658375 -618.4578079440985
v 215572.4916370128 8958454.636889374 -646.2057318908821
v 215592.9473322783 8958438.113259986 -673.6643761845653
v 215634.3584774583 8958428.280148353 -710.1946919584407
v 215676.4308352785 8958419.738235706 -745.9079513083989
v 215691.6129936636 8958395.601696037 -775.0669876634754
v 215730.9885090434 8958391.911391951 -804.8071225268236
v 215772.5890915266 8958381.581361171 -840.8822159803858
v 214979.1840391805 8957894.151152082 -576.1626505895756
v 215011.6952361492 8957888.910773974 -606.295876880547
v 215022.6085552703 8957862.378875345 -631.6413281882769
v 215067.8343450127 8957851.71929279 -675.7631776239907
v 215106.0864508003 8957849.022950009 -709.2894727402743
v 215138.083156471 8957843.843875598 -738.8489547215879
v 215181.7190310188 8957861.196641708 -764.2992917380122
v 214943.2136427183 8957854.542542554 -569.9032444566399
v 214980.0402244902 8957844.498618975 -606.6506686850405
v 214991.0083966098 8957817.990933457 -631.7338581781514
v 215036.3321864671 8957807.226131912 -676.1082836257597
v 215074.2320158806 8957804.669457544 -709.4709429683344
v 215106.3776777269 8957799.485710951 -739.3291081141501
v 215149.5248145842 8957817.198209539 -764.7351614534236
v 215193.9641131651 8957807.480329763 -807.4004624329602
v 215225.5985373337 8957852.257949404 -805.7398739053574
v 214915.0108796654 8957810.188094279 -572.4069393628872
v 214795.7724798182 8957266.188462138 -751.0493930381992
v 214948.547752952 8957799.86089262 -606.550022692184
v 214810.4463212884 8957238.929575182 -775.4628537815838
v 214832.7727331864 8957273.8919266 -778.8508906929151
v 215508.3048860159 8958431.616405891 -618.5189588392814
v 215550.030339119 8958420.180128768 -657.2534624784987
v 215565.3962864872 8958396.024525817 -686.7175810905085
v 215602.2579709498 8958389.683641274 -717.7849683716781
v 215644.4171059194 8958382.617844541 -752.7582458658699
v 215266.0567573334 8957847.527037757 -841.6070579300904
v 215296.7553128686 8957842.42259188 -869.3908427092508
v 215320.5074270338 8957874.647324065 -868.0250129068468
v 215541.8095467943 8958166.804531569 -840.0073642757006
v 215539.5883028362 8958211.30513816 -806.410005861529
v 215529.4573246418 8958260.471078351 -763.1396587857821
v 215509.495584518 8958277.231243039 -736.0697009977293
v 215533.8525736046 8958307.153861051 -731.5463347044147
v 215518.2271259248 8958331.392909007 -702.1675712939593
v 215342.7427490774 8957858.782646978 -895.8732484625677
v 215376.3749483577 8957901.935837597 -894.690939486509
v 215413.9263321576 8957940.325005831 -898.7679709111571
v 215447.8756890288 8957988.501901293 -892.9146930912466
v 215478.5249425441 8958032.303294916 -886.6285820015819
v 215515.9170891487 8958071.898347592 -887.5164002203401
v 215552.1173037736 8958113.744467665 -885.0995823229327
v 215518.4027568926 8958382.514055949 -663.58588198488
v 215233.3912370518 8957803.66871402 -842.2189396303511
v 215264.7046668139 8957798.515656956 -870.8103661183525
v 215309.6072908401 8957815.348208714 -896.8083442380309
v 215581.3219665958 8958204.276353046 -841.7897829593726
v 215581.9102925687 8958152.168890143 -879.6075076692478
v 215571.613857719 8958253.124919584 -799.0216542421479
v 215570.67652263 8958300.838173242 -762.9117498580731
v 215560.4640821141 8958349.70202877 -718.7758728617039
v 215540.9936107654 8958366.611522118 -691.8151723549558
v 215351.1089253338 8957807.194669647 -934.9560235763333
v 215383.9551713711 8957853.869251091 -931.3173284600032
v 215416.2068747446 8957895.215405911 -929.8404379804463
v 215454.0879877582 8957937.441643972 -931.3851907635722
v 215488.9968448012 8957979.986705011 -929.6172065474893
v 215518.2142711207 8958019.316410653 -925.004763823928
v 215548.4872621558 8958066.157577867 -915.3028355594001
v 215572.4916370128 8958096.586092539 -911.7840377538996
v 215395.3235146116 8957801.036337955 -973.5713879182654
v 215517.6673016646 8957803.453053661 -1064.77489009117
v 215476.7919033337 8957806.97137429 -1032.117685180612
v 215440.0140069054 8957817.090715557 -997.8200656084884
v 215403.483444263 8957281.412119919 -1298.217633097829
v 215446.2589740601 8957273.536318444 -1338.215493904215
v 215476.0944905926 8957315.802928854 -1334.918303565863
v 215552.2991607473 8957846.153358599 -1063.179650719098
v 215509.0071764525 8957852.403395258 -1027.434334547706
v 215469.4639921422 8957864.706877211 -990.0386306832111
v 215429.1165731121 8957844.248168834 -972.4041579430459
v 215414.6093893427 8957228.583404597 -1340.438780687117
v 215454.9447655216 8957224.054784257 -1376.255098980982
v 215488.7558854285 8957267.318374483 -1375.158191043449
v 215517.6186433056 8957307.313065987 -1371.244157636477
v 215035.8512005716 8957584.047873436 -802.5421787826763
v 215025.3691719405 8957638.157354005 -763.8628075927998
v 215012.3496140064 8957664.864098623 -737.6832587429624
v 215011.8524017934 8957715.085730616 -709.082915872345
v 215004.8915921269 8957762.850991912 -675.6679383239386
v 214897.8694030135 8957324.081528474 -812.5417789292069
v 214869.5431368779 8957281.079821533 -807.5360500238089
v 214935.6521581625 8957373.678423632 -822.2337814477464
v 214957.5405799253 8957407.52673432 -825.127189221726
v 214980.3082890713 8957442.486143522 -827.8881953640687
v 215018.4895028706 8957487.520087767 -838.7352759425714
v 215047.7383035491 8957533.725373812 -840.0820804879172
v 214843.3931668795 8957229.208492359 -807.9287643264831
v 215068.2574579094 8957629.847435774 -805.3014630169014
v 215055.7319987477 8957683.384423766 -764.4741506208168
v 215043.5150419747 8957709.997837711 -738.7424269215385
v 215042.8245727606 8957760.024097122 -709.4010851227738
v 215077.4607104662 8957579.574110977 -841.1490900265703
v 214879.9745195273 8957229.604399623 -839.4487369378107
v 214910.6088807347 8957273.333066966 -846.9117433186843
v 214942.0969800452 8957318.146017825 -854.314211243601
v 214965.619073731 8957368.998939369 -851.2294581444698
v 214993.6899436142 8957415.924670903 -853.2180887658928
v 215022.8793917463 8957458.003142083 -857.8023537735171
v 215061.6440765739 8957506.935842272 -866.4015921349803
v 215084.5864436831 8957541.161542041 -868.1818851871317
v 216916.5817788099 8959023.080093112 -902.8658865335794
v 217241.8870281235 8958855.414168231 -1180.617818468141
v 217241.8870281235 8958897.782701584 -1133.896480006651
v 217209.1687622556 8958958.521973571 -1059.959123481302
v 217241.8870281235 8958939.753053218 -1086.776959826415
v 217176.609266723 8958978.406777781 -1031.334772901509
v 217115.5107728036 8959012.585639706 -979.1485264591256
v 217147.3929493814 8958994.084943837 -1007.474042724448
v 217084.3968968866 8959028.762043854 -953.06127092822
v 216895.4087394024 8959040.827949028 -876.037304289292
v 217241.8870281235 8958981.460632546 -1039.394667339368
v 217219.9371973017 8959001.188232215 -1013.568233458881
v 217179.9231922205 8959018.034399515 -987.4053405715654
v 217147.3929493814 8959036.126463689 -960.425690762444
v 216717.531139605 8958249.054935262 -1509.887096839302
v 216737.9186081655 8958230.913771611 -1536.106011803244
v 216767.8376034271 8958215.471986424 -1564.261204436379
v 216737.9186081655 8958182.347283261 -1576.629395266446
v 216713.8743227251 8958200.039706174 -1550.445026164518
v 217086.8141773757 8957850.250642007 -1818.699518814422
v 217053.1439128681 8957805.816995082 -1825.105996384741
v 217116.5108571441 8957806.421404308 -1838.635684738141
v 216368.1707520774 8957841.725802075 -1594.81451454112
v 216339.2718532643 8957802.208085801 -1598.7423764991
v 216326.0973957338 8957852.651705183 -1565.403338578894
v 216713.1731322721 8957443.653462928 -1852.919552502795
v 216737.9186081655 8957474.606113615 -1848.876815574114
v 216299.9118801331 8957764.349749925 -1594.555885275061
v 216292.7296612523 8957812.661097381 -1566.384865470921
v 216254.8279146653 8957770.460330907 -1564.142056659686
v 216177.3236232616 8957710.069615487 -1540.793270885166
v 216208.7061827921 8957755.078828115 -1541.420842203849
v 216240.5965243026 8957799.350485969 -1540.592746585818
v 216171.4154662383 8957763.988054916 -1512.680841262568
v 216203.1295208872 8957808.667027699 -1511.819270731512
v 216140.1410152561 8957719.392833807 -1511.888328129121
v 216102.9646400295 8957726.554753494 -1484.258147834361
v 216089.9777208835 8957755.249298573 -1463.273251007061
v 216134.275970691 8957771.206948791 -1484.629434654773
v 216201.9723449753 8958525.416280586 -983.510102308067
v 216163.8138721788 8958484.15955684 -997.6408082344469
v 216118.0748119986 8958427.171038222 -1019.933301211811
v 216139.4561094655 8958458.031378079 -1005.959707851226
v 216149.1675728524 8958508.97490046 -968.5211038506468
v 216107.8169033146 8958471.990185488 -976.2590368101592
v 216170.9541357128 8958539.826916616 -954.1204386676823
v 216072.8112048688 8958435.167405069 -986.6999078488391
v 216058.2299696466 8957889.559492648 -1374.328842650929
v 216070.3672804991 8957861.153134942 -1397.686541786005
v 216109.1605249731 8957854.995139392 -1426.332401781716
v 216144.9758363366 8957845.495591059 -1454.696309997018
v 216189.7751455139 8957860.623145286 -1476.106486022688
v 216235.3123867585 8957853.59916926 -1509.188174656914
v 216268.5124995625 8957894.141723244 -1507.888596706273
v 216023.9894680852 8957846.581790002 -1375.702446052887
v 216038.1778114071 8957817.669482404 -1399.72567300485
v 216075.516454713 8957808.354914032 -1428.478839148047
v 216121.9049021771 8957799.675549399 -1463.026852978797
v 216162.4850866695 8957820.286652949 -1479.319547772105
v 216272.9575972322 8957842.987947017 -1538.464739403855
v 216296.9462407023 8957874.647557968 -1536.199285416406
v 217336.8121084109 8957583.629875088 -1932.837384659644
v 217302.774876338 8957634.15719524 -1917.253279500138
v 217272.9407410171 8957676.342268381 -1902.977956499355
v 217241.8870281235 8957696.777308768 -1892.868267098863
v 217147.3929493814 8957787.839473294 -1850.295623905164
v 216894.8345548011 8957276.119852841 -1943.966877440861
v 216960.8182731963 8957270.88281678 -1955.058577139977
v 217019.923163399 8957277.673261452 -1961.532675759276
v 217084.7398554374 8957272.739676066 -1970.76642412253
v 217147.9181207033 8957272.048718499 -1978.159339366284
v 217179.2593838007 8957317.105898645 -1972.609300252897
v 217207.4027596831 8957366.830565481 -1965.476766375775
v 217241.2145705113 8957408.806683386 -1960.495125066653
v 217275.8884669319 8957448.810298081 -1955.771226363512
v 217304.5842184345 8957497.836577848 -1948.333401536271
v 217335.7743858031 8957536.237071212 -1943.122896492353
v 217367.879133113 8957565.417553924 -1939.688255883393
v 216926.5820611068 8957230.118100161 -1960.320315811833
v 216990.1954946679 8957228.376437709 -1968.831019927949
v 217053.3996151971 8957227.661159761 -1976.42203748006
v 217108.349229765 8957238.978361884 -1980.279773000028
v 217146.808997456 8957224.228271028 -1987.252655389363
v 217186.5970369896 8957264.065430608 -1983.797603334292
v 217210.3890018761 8957294.318472136 -1980.403725444727
v 217242.5517870179 8957323.702664027 -1977.989406266777
v 217273.7245822224 8957361.548125567 -1973.60686765294
v 217305.0615342557 8957406.706672287 -1967.511185783016
v 217335.161248102 8957453.615134308 -1960.625111140085
v 217370.769783942 8957492.833676005 -1955.543428547913
v 217399.1267263491 8957542.419849696 -1947.457992373424
v 215985.530409915 8957804.365960976 -1373.27654079937
v 215581.1541518802 8957885.695371544 -1058.846419853079
v 215574.0918257982 8957939.628783258 -1018.890340522983
v 215539.2769755991 8957895.152857158 -1022.359272441147
v 215534.3899305351 8957282.477249764 -1398.817350425706
v 215571.3232538881 8957272.952343587 -1430.375536580143
v 215616.9157206178 8957266.680719266 -1463.80520580046
v 215659.293996918 8957284.175916033 -1478.500253235126
v 215501.7137715081 8957239.641248276 -1402.192416199362
v 215538.2086389654 8957232.910463413 -1432.866196921012
v 215579.9954939981 8957225.041990902 -1466.277821157495
v 215628.4804418366 8957238.113613188 -1488.659252119051
v 215131.5015828907 8957318.128576973 -1028.428004606353
v 215102.1382578038 8957277.238688881 -1021.338357206942
v 215074.6687069655 8957224.768949904 -1020.698356001826
v 215048.1152333814 8957176.425605778 -1017.590953764352
v 215118.1337718765 8957372.518607795 -987.8889090463128
v 215090.0699706208 8957325.630324129 -985.9008560135883
v 215063.7771716876 8957273.129399298 -987.0608539866407
v 215035.8623980198 8957227.618432278 -982.1788988680669
v 216241.4494611667 8956817.828095809 -1894.212198755431
v 216176.0700034115 8956865.855709977 -1856.520585153507
v 216198.6180139258 8956829.656339355 -1875.511968594008
v 215232.8479476732 8957754.35138971 -871.6983031343734
v 215201.1879345577 8957709.916548993 -872.0374823515328
v 215169.7273484583 8957665.197310656 -871.8102315555634
v 215138.468211599 8957620.180217383 -871.0002335773154
v 215107.4111733705 8957574.853430437 -869.5947313007021
v 215113.7107751858 8957401.603827819 -968.5780859220308
v 215100.2024192603 8957452.719282534 -929.498542214254
v 215091.7811744386 8957502.329578787 -895.6348226072391
v 215201.2203848325 8957759.504617359 -842.563342994396
v 215169.5431773855 8957715.023923654 -842.6338331518048
v 215138.3587874962 8957670.215490798 -842.4243780683196
v 215107.6656752707 8957625.068632923 -841.9302520075692
v 215075.5915758585 8957352.021261711 -959.0318843659443
v 215074.3291783919 8957403.390231883 -931.9604517201367
v 215063.877720249 8957450.98841116 -897.9251971115914
v 216305.5703201373 8958866.879928034 -747.0830065317527
v 216265.5267436598 8958834.33389427 -754.0071454315557
v 216349.027557101 8958926.923239533 -717.269195863212
v 216392.1179468613 8958961.939481847 -708.4737045145537
v 216422.9383456918 8958947.168635445 -737.8330547964833
v 216328.4442669497 8958897.243715547 -732.4530708059544
v 216226.8797229391 8958797.206038423 -765.4130573747811
v 216202.4521619602 8958765.696970545 -779.0860694324758
v 216170.9541357128 8958587.987217452 -913.1908676896755
v 216146.7504818037 8958556.558573015 -926.8243369856475
v 216170.9541357128 8958636.183889911 -872.297668333219
v 216149.2335806059 8958605.670729637 -886.5782727919384
v 216445.8122666928 8958977.17805038 -722.7194550299525
v 216303.6475317806 8958913.833535388 -704.7736278752102
v 216265.1633379012 8958879.539157007 -714.422242015796
v 216353.0799430157 8958975.034475632 -676.1347357359996
v 216391.867004872 8959008.589076072 -665.7892862519991
v 216422.9383456918 8958993.856318254 -695.4308657918755
v 216328.4442669497 8958944.427681444 -690.5471648896532
v 216224.737426328 8958844.394465061 -723.3902042827988
v 216202.4521619602 8958813.573988589 -737.8732156638157
v 216107.7641014978 8958569.534504525 -893.9908886947946
v 216107.9524285888 8958521.342143649 -934.8078725305418
v 216485.9836883779 8959012.328523649 -711.0427641441456
v 216444.5740241526 8959023.165335925 -679.6578338358986
v 216140.7535833059 8956165.172634576 -2021.640009036134
v 217305.9078138533 8956477.223748576 -2111.272250492968
v 217271.1322022209 8956519.632251214 -2097.914230529328
v 217241.6170025928 8956561.783130428 -2085.705203562117
v 217337.0055340784 8956515.100519486 -2108.993927314483
v 217301.896190406 8956562.263019189 -2095.086868044678
v 217273.0336423172 8956606.465667188 -2083.267817323772
v 215477.9975582707 8957208.095465561 -1404.186423893878
v 215603.9896632601 8957207.333032157 -1492.513862302651
v 214924.1905391678 8957219.634303538 -883.0325845197533
v 214959.9692067055 8957229.346990693 -910.7824641052052
v 214996.0898654757 8957236.319501717 -941.052085378029
v 214980.91651538 8957262.932249237 -914.7437546259048
v 214951.1048442558 8957267.596741473 -885.7447403920116
v 215023.8409140748 8957279.782727832 -946.5646476100578
v 214175.5712284375 8955536.639426226 -972.1013907787706
v 214125.7169738735 8955537.428256618 -930.6871128403209
v 214063.4545143791 8955493.331652045 -884.8459272108935
v 214041.5556474296 8955447.549554411 -873.2672982901813
v 214015.886924975 8955409.668785777 -857.9346160297657
v 213995.7650513428 8955357.585758848 -849.418068958744
v 214147.2422945459 8955584.647781448 -943.2220630949482
v 214187.5836407258 8955581.474297045 -977.5817093259416
v 214023.6492176674 8955494.247332456 -851.8174170320663
v 214000.8138561618 8955449.095311478 -839.8359333029557
v 213978.5272045514 8955403.004618505 -828.7681693027203
v 214273.9544563814 8956121.111126868 -939.9142036154665
v 214311.8681498751 8956113.703888208 -983.9613007362582
v 214236.8125596987 8956125.409848493 -898.9071965963326
v 214202.7170226756 8956115.723593017 -868.0753752216015
v 214346.4448828387 8956116.637679884 -1020.091983474538
v 214382.9784538901 8956109.828257818 -1063.981899505599
v 214300.2984189856 8956169.312424414 -943.1061086406298
v 214337.1900026236 8956165.304301191 -984.2782184650346
v 214266.0984376168 8956160.268528925 -912.075326330403
v 214230.8851365419 8956153.870924734 -879.0554368194953
v 214374.4909943956 8956157.472452626 -1028.643956403394
v 217463.0029925758 8956604.093695488 -2111.371353948944
v 217368.3632700225 8956560.027101913 -2105.660755651337
v 217399.7266200876 8956604.898292866 -2102.552113238671
v 217336.2102456461 8956604.1881894 -2093.308160735507
v 217777.0133689363 8958435.35735609 -1517.768776275127
v 217745.8554480814 8958415.011805451 -1542.024302013624
v 217336.3811068656 8959172.42177066 -829.4513822924589
v 217367.9297135744 8959151.513579994 -853.4719131392981
v 217399.3771593604 8959130.524853392 -876.6443368375944
v 217430.4900078338 8959108.533964513 -899.631166966019
v 217780.1746051761 8959151.957637355 -813.1315415884976
v 217305.1598080596 8959150.432853635 -852.3830023288056
v 217336.3811068656 8959130.389462462 -876.5089459081692
v 217367.8608416975 8959109.320423245 -900.62454298948
v 217391.7350069059 8959083.519365434 -929.5363563391397
v 217808.8515005762 8959128.468888335 -830.0434358733642
v 217840.9289128301 8958517.839842999 -1421.954593220354
v 217808.8515005762 8958499.012655072 -1447.845408007333
v 217942.2096445805 8959017.270265603 -907.4417090460986
v 217904.0108932294 8959049.128551234 -885.1363555044904
v 217871.8475530709 8958536.436088674 -1396.178969793918
v 217904.6363015597 8958512.667410368 -1416.445096837072
v 217942.3733118531 8958493.242314108 -1431.426454292236
v 217840.1878061125 8959098.411590403 -851.6142486333338
v 217871.8475530709 8959075.998631449 -866.6630508014705
v 219037.3618870489 8959052.112430645 -874.3465090792654
v 219068.7640470149 8959021.02660696 -899.1400807216028
v 219447.0516275267 8958914.247943087 -973.7079932507845
v 219509.8169745306 8958967.159563182 -931.4863775838407
v 219478.2468916869 8958939.841860816 -953.2309597031717
v 219572.6937698975 8959010.435417797 -896.835829093387
v 219541.2429441816 8958989.395424431 -913.6946515042594
v 219005.7936208948 8959021.325476401 -899.4392068979309
v 219037.2745242237 8958995.625498682 -919.9247257549589
v 219478.0195426399 8958881.369589001 -997.3496477520316
v 219510.114652724 8958912.722148875 -972.5374316728576
v 219572.8831656341 8958962.964929929 -932.5430701490998
v 219541.2429441816 8958938.581900559 -951.9709994465977
v 219604.2389966764 8958988.240747128 -912.5399742019958
v 218407.3097345203 8959090.565788358 -837.9197658972103
v 218438.9860626488 8959059.515581492 -864.1286997394254
v 218470.310051771 8959043.148316249 -878.3576715095685
v 218501.9921389552 8959019.828382045 -898.3953322187967
v 218942.7983911815 8958972.009220071 -940.0047423237822
v 218911.2824192342 8958947.217589758 -960.6066886453941
v 218974.2784717289 8958995.958625272 -920.2578523457148
v 218375.8159730289 8959115.434762746 -817.0093102838132
v 218344.3431104741 8959090.193702018 -837.6042770575846
v 218375.9761738859 8959059.377674976 -863.4706436982474
v 218407.3139992763 8959042.695478473 -877.9048337334953
v 218438.9913481634 8959019.333637659 -897.9641807425814
v 218470.310051771 8958994.842587721 -919.1418147937741
v 218942.7811916213 8958921.728228733 -981.068116604029
v 219005.779284583 8958971.627118817 -939.6555490024361
v 218974.2784717289 8958946.81456051 -960.2036593986861
v 220265.6975478712 8958893.828357225 -951.7623920206131
v 220297.3380561013 8958921.874617763 -930.8298713196573
v 220328.6936003659 8958891.918914076 -949.8529488716531
v 220360.4764781768 8958916.538720632 -931.3629955713982
v 220108.7303259157 8958561.64745276 -1185.210900215313
v 220139.4600342648 8958522.151420165 -1208.744223196616
v 220171.2034691291 8958496.704934858 -1222.813008259033
v 220199.4496315495 8958469.46238902 -1238.126799435167
v 220516.6343405899 8958832.931502949 -979.649828452287
v 220454.4086990161 8958881.013951883 -950.6941637964394
v 220486.1837316028 8958860.41815388 -962.897124582681
v 220423.5876391905 8958914.27650669 -929.7184748407974
v 220139.3788319211 8958836.976607451 -997.5660577281863
v 220171.6444529314 8958869.058701588 -973.6881307724238
v 220202.7014953764 8958895.710527563 -953.6445623582867
v 220234.2485256616 8958922.011363182 -933.8396853796626
v 220100.5620991677 8958826.31585905 -1007.07258991673
v 220328.6936003659 8958944.7029202 -913.5470831800844
v 220391.6896528607 8958942.891231338 -911.7353943185121
v 220265.6975478712 8958946.484872833 -915.3290358138729
v 220076.2018827011 8958529.521552671 -1208.636368935438
v 220108.2074166343 8958499.591425229 -1225.69949862967
v 220140.2420704528 8958469.741023934 -1242.473191488435
v 220170.8026030918 8958435.486803979 -1261.902338099114
v 220521.0859542803 8958884.69258013 -944.7077046577672
v 220549.1797840975 8958858.365816785 -960.844787487295
v 220486.6997783232 8958911.971278524 -928.0580389428217
v 220454.6857053554 8958941.051727606 -909.8958905863728
v 220076.7093903869 8958846.962571254 -993.9864778636336
v 220108.5310459547 8958871.331249822 -975.3558419069427
v 220175.4201167971 8958922.094769625 -936.6357829021558
v 220139.7054428817 8958897.563338451 -955.4973732453996
v 220233.9208895411 8958974.816849478 -897.0470352003808
v 220202.7014953764 8958948.234196503 -917.0783594835773
v 219981.9862461751 8958929.072818644 -940.770295241538
v 220005.8928418913 8958959.935088368 -917.7193998392606
v 220044.9554316008 8958970.560866639 -908.4088120533152
v 220077.0761667368 8959002.511637248 -884.3025044908345
v 220139.7649681065 8959055.753363594 -843.8177980293906
v 220108.2074166343 8959028.967485676 -864.1768409359829
v 220045.0441162761 8958927.120890794 -939.2668240944904
v 220013.7133378922 8958901.168226898 -959.1022616927396
v 220076.7093903869 8958951.630328029 -920.4744910100562
v 220107.9845866331 8958970.030966658 -906.0339171168357
v 220136.2482407816 8959003.749167759 -880.9641296907769
v 220171.2034691291 8959027.473078454 -862.6824337131911
v 220675.171889087 8959120.092678577 -777.1222902091254
v 220707.0541047539 8959091.506238448 -795.3656504676005
v 220643.972623225 8959093.438947612 -796.770329921655
v 220674.9126296697 8959059.540832359 -818.6129627655837
v 220202.9934270803 8959007.626756052 -875.3510366942141
v 220486.2227030722 8958966.600268556 -890.909423829321
v 220548.9044781113 8959018.959929252 -852.1057670233733
v 220517.6817578502 8958992.160871571 -871.9151627382921
v 220581.0202502398 8959051.56230808 -828.2701160874331
v 220619.8214113268 8959062.292496441 -819.2244553687806
v 220170.8625138859 8958976.740691995 -898.5262405904664
v 220549.2721329806 8958966.407955412 -887.9693252865993
v 220517.6817578502 8958939.186183285 -908.0303462660995
v 220611.971594205 8959016.919809587 -850.5855068733354
v 220580.6778103449 8958990.384334709 -870.1386258760556
v 220643.6738628396 8959041.615484467 -832.2799038197727
v 219477.6968444829 8958530.134383429 -1253.996269769648
v 219509.7449179343 8958501.059260279 -1271.712269586113
v 219541.5372202004 8958476.309779 -1286.126942267037
v 219580.0015672792 8958438.544837486 -1308.555753142512
v 219604.2389966764 8958416.730644481 -1321.018461509805
v 219951.3433228505 8958424.491787875 -1286.507458970962
v 220014.8238694672 8958476.683474891 -1247.724637896149
v 219982.2153116448 8958451.431226669 -1266.629171883327
v 220045.2113641396 8958502.486335373 -1228.594408772854
v 220045.3847306023 8958877.470572654 -974.2407979176974
v 219446.7488654395 8958504.101430066 -1274.754439373512
v 219477.4140781912 8958476.59091302 -1291.363478001947
v 219509.7449179343 8958448.275222845 -1308.018103967254
v 219541.8835672641 8958428.063676188 -1318.903058318276
v 219572.4383292958 8958388.351148054 -1342.729974716226
v 219981.8157617259 8958390.734606829 -1305.582226031294
v 220010.217750954 8958424.319363287 -1281.840171085325
v 220076.9227223924 8958475.978481073 -1243.345329284519
v 220045.2113641396 8958448.386166777 -1263.584111992568
v 220076.7093903869 8958899.383213645 -957.3172484403867
v 220580.6778103449 8958937.296236489 -906.1403994705297
v 220612.3620125047 8958966.156436918 -885.0375123414296
v 220549.5112056888 8958918.590916164 -920.3424406853449
v 217367.879133113 8959067.910399117 -947.664690283028
v 217336.211460349 8959047.54066582 -970.6300472427649
v 217304.8830806182 8959025.779835984 -994.6239989652731
v 217272.816070304 8959004.322418099 -1016.676663570084
v 217297.4644910894 8959071.949837649 -941.2126588917981
v 217336.2158690308 8959081.856491299 -931.565179977893
v 217276.7291320476 8959043.481179394 -972.0912274330062
v 217234.5377138631 8959027.483417079 -985.9340801600183
v 218249.9332522726 8959018.281608481 -896.9903826892632
v 218281.3218942868 8959042.049369689 -877.2587249498229
v 218312.9553982358 8959059.277025247 -862.9777897050203
v 218312.9628335205 8959018.489663757 -897.2006929362533
v 218281.3218942868 8958993.641924391 -917.9411514648214
v 218344.3179467815 8959042.307365108 -877.5167203684173
v 217836.7014166288 8958474.817258798 -1468.158020723451
v 217808.8515005762 8958455.07261179 -1492.995236539258
v 217871.8475530709 8958493.593788948 -1442.426541883124
v 218438.918620486 8958970.848437173 -939.1391381815206
v 218407.3139992763 8958946.394934574 -959.7840334621308
v 218375.8219271543 8958921.68001763 -980.7450091779519
v 218375.9135394855 8958970.37538475 -938.7243369069533
v 218344.3179467815 8958945.97234069 -959.361439577744
v 218407.3139992763 8958994.393000841 -918.692227915375
v 218406.9193247019 8958528.583970048 -1343.337716147387
v 218438.8120255236 8958503.66295279 -1363.40583391098
v 218470.1797574162 8958478.698063914 -1382.790002291642
v 218501.8080780184 8958453.104526281 -1401.93727921704
v 218533.8956655163 8958426.80198474 -1420.847730692579
v 218974.2784717289 8958501.57108194 -1316.769027155102
v 219005.9489603099 8958477.152961349 -1332.501701090758
v 219037.2745242237 8958447.479021078 -1351.766838106274
v 219061.9177487558 8958426.038390469 -1365.176989850039
v 219415.0728466364 8958476.790839773 -1296.501704408286
v 219383.7528129448 8958454.813694028 -1314.556575150555
v 218946.5219311937 8958476.281023979 -1338.671248568613
v 218974.2784717289 8958450.963021643 -1355.250838671422
v 219006.7192886385 8958422.391726743 -1373.328744197077
v 219040.2319057346 8958394.338072494 -1390.451162808633
v 219415.8201132604 8958425.807896927 -1331.739348146886
v 219446.7488654395 8958451.537044337 -1311.279925458659
v 218312.9042300977 8958969.943981957 -938.3412277528644
v 218344.3179467815 8958993.971952995 -918.2711800684749
v 217651.2514508865 8958301.522147289 -1650.748049117588
v 217714.0660957146 8958347.121625386 -1607.303710332585
v 217682.8593955867 8958324.43615278 -1629.628392972408
v 217781.98819945 8958389.347136812 -1560.800228847674
v 217745.8554480814 8958368.556571905 -1584.658940281725
v 217836.907394338 8958430.47064995 -1512.961511823287
v 217808.8515005762 8958410.13777723 -1537.150273793452
v 217904.4443545587 8958469.300165931 -1462.47378235377
v 217871.8475530709 8958449.886880118 -1487.809504868101
v 220139.7054428817 8958416.581586953 -1276.324468073874
v 220107.9761708727 8958388.559668047 -1296.548882656452
v 220076.7093903869 8958365.047837516 -1313.880590452185
v 220045.5505648767 8958341.808678616 -1331.027450526557
v 220044.6573013485 8958395.54110883 -1297.335343662337
v 220013.7133378922 8958368.286969252 -1317.119722187727
v 220077.2935852663 8958427.931133928 -1274.105786059832
v 220115.5211743924 8958438.708010133 -1264.249170760283
v 219506.5650091545 8958342.744001189 -1379.070455349015
v 219541.2429441816 8958366.626298685 -1360.00398752625
v 219509.0640012525 8958396.689364294 -1342.970400300815
v 219478.2468916869 8958370.190393507 -1363.568082349736
v 218877.3816104629 8958432.37952338 -1379.045269324132
v 218848.2863667395 8958407.628665756 -1401.006354598509
v 218911.2824192342 8958454.450302027 -1358.738119056002
v 218375.8159730289 8958506.747902071 -1366.490783192471
v 218406.949349252 8958482.196593231 -1386.071829609249
v 218438.8120255236 8958456.768248599 -1405.601001534697
v 218468.3862548281 8958433.366272109 -1422.816280036042
v 218501.8080780184 8958405.093619145 -1443.016243894611
v 218880.693969919 8958379.155277768 -1418.859738056213
v 218943.3261193433 8958426.656487411 -1376.607995239384
v 218911.2824192342 8958403.757841183 -1397.135530025622
v 219446.2163162096 8958391.212561265 -1352.473681097061
v 219005.7764979763 8958372.18859937 -1410.111224119689
v 218973.7367296253 8958349.236641953 -1430.219334044309
v 218942.7804454816 8958324.50853212 -1451.521028683479
v 219475.1897239551 8958425.072875002 -1326.901649254033
v 218943.5588465453 8958383.742850427 -1408.476431455357
v 218981.3761135931 8958393.712818598 -1397.128088825241
v 218914.4844090012 8958350.517250922 -1436.137215083238
v 218407.8929280935 8958338.832903488 -1510.997448723793
v 218438.8120255236 8958361.118726728 -1488.131223292563
v 218470.9209556096 8958382.665206546 -1465.782583359208
v 218469.6254313606 8957900.223251451 -1785.747860820409
v 218879.7843929868 8957830.244000703 -1759.065343592519
v 218407.4211510617 8958387.467207998 -1470.107359680291
v 218375.8159730289 8958365.880749218 -1492.893245781049
v 218438.8120255236 8958409.302579364 -1447.225204111855
v 218438.8120255236 8957874.150114419 -1802.971457309029
v 217682.8593955867 8958275.195395051 -1669.477507055577
v 217462.2478383423 8957541.946319399 -1951.728556800535
v 217494.29546554 8957500.418073772 -1961.663980466103
v 217525.4540784931 8957450.673472444 -1972.745481151011
v 217432.8990464733 8957495.408922389 -1959.503347738975
v 217462.492158368 8957450.961920787 -1970.134475014218
v 217494.135562546 8957413.06785601 -1978.930916129043
v 217549.1732621372 8957416.637938064 -1979.969383049332
v 217588.2456644309 8957401.355389971 -1983.764993068276
v 217619.8292853602 8957364.158962868 -1991.634749241728
v 217682.8658967162 8957364.166162658 -1991.765566095351
v 217525.3692643498 8957387.812033344 -1984.80741483918
v 217556.7806094978 8957364.250154795 -1990.554886752231
v 217591.3202488183 8957314.543677172 -2000.99867562481
v 217651.1772054134 8957312.705743864 -2002.163170216877
v 217714.3309172042 8957313.081944918 -2002.213101008189
v 218309.5787207972 8957761.21567942 -1868.549453541048
v 217840.3790829786 8957227.279675335 -2020.81588932184
v 218218.3953935386 8957319.240605816 -1997.786883875556
v 218250.0888224036 8957358.052657103 -1987.38867117257
v 218281.3218942868 8957383.104746519 -1980.100128013091
v 218312.8066528364 8957405.590481535 -1973.513694896836
v 218344.3179467815 8957790.35584875 -1852.81199936133
v 218290.9143313461 8958442.758689415 -1435.628974182516
v 218312.8199205341 8958464.112218477 -1412.944971412432
v 218343.6966175732 8958485.614427628 -1389.425504111782
v 218343.7276148737 8958439.355468022 -1432.198678222383
v 218312.8199205341 8958417.782664889 -1455.705289638194
v 218375.8159730289 8958460.432996886 -1409.265749822023
v 218343.8765983668 8958392.352863781 -1474.341652660458
v 218375.8159730289 8958413.530211186 -1451.452835935595
v 218375.2355712394 8957811.926929751 -1839.780043394769
v 218405.3538842992 8957851.818033777 -1818.204723813938
v 217462.2692129651 8957319.22195553 -1995.603188022789
v 217525.3191044692 8957318.976891011 -1998.344427234387
v 217399.1846075219 8957319.570433974 -1991.876073877875
v 217304.4745369388 8956651.114125058 -2081.21308197239
v 217430.5166539686 8957357.63316045 -1986.538523317197
v 217493.7101264678 8957364.44979205 -1988.4361581822
v 217304.6622133529 8957274.919567853 -1993.000138933742
v 217336.0561942206 8957320.037893841 -1987.176656642767
v 217273.2675373406 8957229.872638479 -1998.397108804647
v 217375.6461867369 8957353.226637069 -1983.782681896655
v 217243.1704272237 8957182.440090692 -2003.849601537293
v 217208.488478481 8957142.830492049 -2007.159501545531
v 217179.085628597 8957095.181188043 -2011.758651847806
v 217336.9179983723 8957368.233174706 -1977.930024542769
v 217241.5047031526 8957275.506403076 -1987.173742464453
v 217280.8584171783 8957308.949766185 -1984.466088456054
v 217210.1300337469 8957230.429464214 -1992.461514701688
v 217304.8830806182 8957339.213134952 -1980.753452353934
v 217178.7451765319 8957185.416478474 -1997.380033791563
v 217153.4937777845 8957138.404694928 -2002.7706731707
v 213947.4648465431 8955485.270414693 -790.0027173937106
v 213984.7950098931 8955492.094490319 -819.9041539821235
v 213960.9118979038 8955449.514327241 -807.0404112943716
v 214382.0417297858 8956601.520687684 -753.6633064817975
v 214382.203135104 8956551.926571406 -783.1770437148484
v 214361.2074277548 8956481.337644827 -809.7472220094214
v 214393.5853042939 8956525.18448841 -809.1141560067001
v 214426.4129609666 8956568.797969369 -808.268041694881
v 214414.1574990236 8956595.898952454 -781.9591299304495
v 214370.1230143548 8956431.045199314 -849.3821356227108
v 214406.198563361 8956474.28699984 -851.9620447890547
v 214438.0077216107 8956515.495801697 -851.168683696033
v 214459.5028305655 8956612.299181366 -807.324632617182
v 214470.6708374842 8956562.027831616 -846.9129351518984
v 214502.0115292462 8956606.319496863 -842.9504235839893
v 214258.7359614879 8956197.921516828 -884.9864459565561
v 214286.9046549342 8956245.092617407 -887.1783710666407
v 214315.5079269031 8956295.700667979 -885.1723755913295
v 214343.9527486913 8956339.690374877 -884.6920566597171
v 214295.4801569681 8956197.900459966 -922.410333003131
v 214324.7282771826 8956240.555838482 -927.7038901048695
v 214354.5675263483 8956286.55161532 -928.8862831938086
v 214365.1756242861 8956212.170972243 -986.3811815463773
v 214359.863827233 8956249.358400738 -957.6507842821229
v 214337.291526521 8956215.081125699 -955.2955630446795
v 214991.6959288402 8955677.189594738 -1615.426236409654
v 215103.4497452573 8955800.844481163 -1684.740997216636
v 215082.0922744541 8955759.364105761 -1673.518019463969
v 215059.4799694129 8955714.151779542 -1660.669543058089
v 215037.5576491788 8955670.291266192 -1647.483023411467
v 214973.8349194039 8955625.712348072 -1603.904439649284
v 215102.4948086863 8955715.049938994 -1689.682005853334
v 215124.6830491447 8955758.756704705 -1702.0899230993
v 215147.6754389967 8955803.909041667 -1714.404226425489
v 215080.0083653298 8955670.274233947 -1676.465112010333
v 215171.1247289823 8955849.085969063 -1726.15057102508
v 215166.4725555615 8955756.209294269 -1729.87240323903
v 215190.1574910296 8955802.792532079 -1742.540506530876
v 215213.622382598 8955848.453977576 -1754.775972108539
v 215234.4955126865 8955804.210714929 -1770.923575871836
v 216144.1231639563 8956821.972170241 -1857.816699049395
v 216166.2001058698 8956785.394913878 -1876.433182104649
v 216209.7529366605 8956773.658368343 -1894.868126125725
v 216268.3063809477 8956782.753591357 -1912.517413637731
v 215254.1820048516 8955758.770186421 -1785.314736420058
v 215210.9328837928 8955759.364105761 -1758.579497794834
v 216075.3536147635 8956741.319455978 -1857.643367908493
v 216106.5915790099 8956786.239765879 -1855.075377110686
v 216133.4847093384 8956741.210814329 -1877.641495661086
v 217115.6000743719 8957186.03378907 -1991.048714928854
v 217084.3968968866 8957208.474019786 -1983.649144909145
v 216298.2666933179 8956737.303002484 -1932.875885220239
v 216236.4581046946 8956738.37639001 -1912.963905554415
v 216267.2195359996 8956699.39367779 -1931.967231172608
v 216177.2267979649 8956151.78111792 -2031.708756687357
v 216228.6000809139 8956657.552995168 -1930.288609561842
v 216196.5987293474 8956613.633442752 -1931.625802548434
v 216204.1913289095 8956694.150254272 -1913.774762893641
v 216169.9640829435 8956648.06566808 -1915.018399262472
v 216145.9554339498 8956685.862658221 -1897.295709582762
v 216177.924716875 8956729.668263286 -1895.88992115691
v 216832.4126869077 8959071.882941356 -818.0024248011575
v 216863.5261602208 8959056.336312065 -847.0049375181493
v 216328.4442669497 8959083.731027227 -562.5808952298416
v 216350.6295485763 8959067.025650023 -589.966354484998
v 216391.6136763441 8959054.780409984 -622.7627259063402
v 216422.9383456918 8959040.110246856 -652.5949225800614
v 216297.4944413979 8959052.188212525 -575.8029602935442
v 216328.4442669497 8959037.648592351 -605.5883321691699
v 216351.7351667765 8959021.183411494 -633.1887379775676
v 216170.5421661517 8958970.112640167 -582.1499845140706
v 216210.263950715 8958869.361270906 -693.52308856319
v 216211.4141344756 8958911.020692877 -657.5472932681223
v 216209.7469088697 8958957.654197181 -614.9516024259121
v 216214.4305525559 8959005.80519744 -573.8695676612952
v 217179.4903642746 8959059.920979984 -939.986631326728
v 217242.4113345285 8959105.976750666 -897.0854276853565
v 217210.3890018761 8959083.365989745 -918.5753450038601
v 217273.3850543709 8959128.576511938 -874.6959953831579
v 217242.6869236296 8959064.215537367 -944.7047151948013
v 217210.3890018761 8959041.70406509 -966.0032921652269
v 217305.2521600841 8959108.478067316 -899.7887177871944
v 217273.3850543709 8959086.905822007 -922.115177267036
v 216025.9919796135 8958470.439435977 -929.6654546851828
v 216067.1432316157 8958532.862798743 -901.7318651562578
v 216044.9620307234 8958500.978276063 -915.271798114627
v 215666.9857157549 8958366.445373937 -780.738895988243
v 215686.6893806589 8958349.414135516 -807.6186275462987
v 215729.134427371 8958342.737018615 -841.7460504505316
v 216233.9501882076 8958894.041050145 -684.7054694981471
v 216264.7623859886 8958926.876314005 -672.3205785368168
v 216233.9501882076 8958941.200445769 -642.774993307482
v 216069.7196881024 8958485.092984583 -943.2730349549661
v 216044.9620307234 8958452.358091377 -955.7414852413572
v 216260.566729632 8958970.138828259 -631.2273271508141
v 216233.9501882076 8958988.04233264 -600.5270083646969
v 215696.5677058961 8958300.716643987 -851.5871618438055
v 215654.6929968198 8958260.747762151 -852.4865548916182
v 215628.3423151221 8958218.092089219 -865.2153761697982
v 215603.9896632601 8958188.084524678 -869.6476621714551
v 215571.3171313601 8957984.981638797 -986.9553820246276
v 215559.4452969332 8958038.84462405 -942.134688557024
v 215659.669218832 8958307.209548473 -820.9400315160287
v 215612.5150043379 8958242.558242954 -836.1114680845983
v 215635.4876895075 8958278.012161182 -825.940490954875
v 215532.9463517638 8957946.885804605 -984.1331852612609
v 215534.4335066267 8957995.062915441 -953.1730566202955
v 215603.3545737458 8958342.633595133 -754.6070379564053
v 215644.0348519631 8958331.721423816 -791.530566675573
v 215074.8561445603 8957754.871425128 -739.293002002315
v 215117.8007490755 8957772.900473442 -764.9106781696519
v 215162.4313157542 8957762.885325635 -808.1821658437586
v 215086.5392566588 8957728.297585828 -764.8238965789701
v 215130.9805982772 8957718.43955924 -808.0862317059243
v 215612.0851162824 8958293.885412479 -797.6703540400474
v 215453.0638877698 8957888.840476736 -962.0246364693267
v 215485.7855203249 8957931.869878527 -958.7786617168613
v 215509.495584518 8957962.790891482 -956.1685803236176
v 215498.0576633078 8957904.450311076 -985.9351982190328
v 215099.5940735893 8957674.106722871 -807.1199783162465
v 214977.5159942192 8957319.046959512 -885.6468360786566
v 215006.3042474392 8957364.115580408 -889.9915778176364
v 215036.7972806689 8957407.170825403 -896.0968007769789
v 215018.3840800152 8957309.051969767 -927.6761338435135
v 215046.0978147023 8957356.435328957 -929.9754034839209
v 217368.127166676 8957406.141229223 -1973.001472273641
v 217399.4830936793 8957451.37880495 -1966.261064787454
v 217399.3771593604 8957382.659352586 -1979.654734081496
v 217431.1241226737 8957405.702577684 -1977.33487195309
v 215054.0933741434 8957318.436862506 -955.8505335956097
v 216307.3333074253 8958961.997042131 -663.6883712632357
v 216328.4442669497 8958991.223121019 -648.2527326513136
v 216297.6966632475 8959005.780131036 -618.698813357923
v 218375.9817165298 8959018.86726605 -897.5484244243321
v 220108.1225397361 8958922.146331364 -939.8087331567422
v 220139.7054428817 8958949.950144168 -918.7943071476539
v 218407.0694560138 8958435.263041738 -1428.342568672543
v 217462.3732118551 8957385.695631441 -1982.691012935288
v 215145.069141229 8955714.819169855 -1718.090088076225
v 215188.0052954077 8955714.39879494 -1745.907593096073
v 216259.2614383863 8959018.738237681 -586.3001892662678
v 213650.7819190774 8955228.738321168 -596.6712772438852
v 213650.7819190774 8955245.373238498 -593.33446783665
v 213650.7819190774 8955268.260053949 -588.6236736626636
v 213650.7819190774 8955313.444026338 -579.2630145111136
v 213650.7819190774 8955202.259374205 -601.916788954522
v 213650.7819190774 8955381.780425219 -564.6243600649186
v 213650.7819190774 8955359.546147101 -569.4188818726086
v 213650.7819190774 8955314.336887021 -579.0725046246853
v 213650.7819190774 8955313.839382352 -579.1796809983493
v 213650.7819190774 8955181.544314282 -606.0666997851708
v 213650.7819190774 8955167.22856959 -608.9037741664347
v 213650.7819190774 8955136.999359906 -614.78642381585
v 213650.7819190774 8955091.715481626 -623.518726228418
v 213650.7819190774 8955091.15066666 -623.6283068958483
v 213650.7819190774 8955090.671477741 -623.7203892268185
v 213650.7819190774 8955045.353655132 -632.2871653997977
v 220847.2710718516 8959416.821590241 -564.3598428186738
v 220847.2710718516 8959404.255702645 -573.1936612234522
v 220847.2710718516 8959389.180646917 -583.7606860991791
v 220847.2710718516 8959371.405226396 -596.2385052498457
v 220847.2710718516 8959361.693667844 -603.0606814254102
v 220847.2710718516 8959339.283564696 -618.7107612179911
v 220847.2710718516 8959324.591813879 -628.9705708159472
v 220847.2710718516 8959311.213119142 -638.3019683217171
v 220847.2710718516 8959288.028188361 -654.397898421118
v 220847.2710718516 8959274.472624682 -663.8078460418078
v 220847.2710718516 8959259.667114068 -674.0712646522934
v 220847.2710718516 8959239.680868646 -687.8562961356138
v 219722.3558108255 8959447.205232305 -561.9121731073719
v 219738.0376783134 8959447.155648103 -561.9121731073719
v 219761.7403204907 8959446.990776502 -561.9121731073719
v 219785.7057676419 8959446.87886484 -561.9121731073719
v 219800.6220187312 8959446.795095785 -561.9121731073719
v 220297.6699810548 8959438.721582681 -561.9121731073719
v 220328.6434547603 8959437.886385428 -561.9121731073719
v 220358.6413166729 8959437.135044308 -561.9121731073719
v 218603.3761541315 8959430.178668564 -561.9121731073719
v 218627.8325273896 8959430.722952126 -561.9121731073719
v 218653.1582908008 8959431.40216754 -561.9121731073719
v 219160.7036622946 8959443.205187948 -561.9121731073719
v 219165.9205716553 8959443.303980026 -561.9121731073719
v 219194.9024535631 8959443.761664597 -561.9121731073719
v 219223.008311819 8959444.237522516 -561.9121731073719
v 219231.0497120882 8959444.361656738 -561.9121731073719
v 217531.6524440001 8959430.545949273 -561.9121731073719
v 217556.8870230216 8959431.181146286 -561.9121731073719
v 217582.8657441919 8959431.645997403 -561.9121731073719
v 218038.9995981315 8959425.682884347 -561.9121731073719
v 218060.8778505663 8959425.332351958 -561.9121731073719
v 218082.3695822215 8959425.195291832 -561.9121731073719
v 213786.2694876677 8955852.442676291 -561.9121731073719
v 213799.7569434084 8955891.732491579 -561.9121731073719
v 213782.9984221543 8955843.053739225 -561.9121731073719
v 213990.9597646062 8956334.185580302 -561.9121731073719
v 214000.3539485889 8956351.827976357 -561.9121731073719
v 214017.284215519 8956383.083273232 -561.9121731073719
v 214026.4112187641 8956399.602545485 -561.9121731073719
v 214070.1240110308 8956476.0272756 -561.9121731073719
v 214084.3221952471 8956499.940583643 -561.9121731073719
v 214118.6938621273 8956556.222122345 -561.9121731073719
v 214096.2184240829 8956519.639744442 -561.9121731073719
v 214384.7980850195 8956968.216483064 -561.9121731073719
v 214405.6636082681 8957001.202870935 -561.9121731073719
v 214377.3876972761 8956956.484317096 -561.9121731073719
v 216905.0465095834 8959335.941994475 -561.9121731073719
v 216925.9335209026 8959342.099975716 -561.9121731073719
v 216957.9249305887 8959351.01556582 -561.9121731073719
v 216958.989342573 8959351.301281769 -561.9121731073719
v 216654.2835679447 8959245.443134258 -561.9121731073719
v 216674.1966801543 8959253.76818252 -561.9121731073719
v 216703.1615894795 8959265.64487353 -561.9121731073719
v 216719.4333004048 8959272.038046779 -561.9121731073719
v 215807.0719540905 8958748.764067115 -561.9121731073719
v 215824.4630317275 8958761.585052978 -561.9121731073719
v 215853.1741436083 8958782.507611781 -561.9121731073719
v 215863.5733180764 8958789.990245141 -561.9121731073719
v 217034.0851322316 8959370.141463665 -561.9121731073719
v 217021.4569017041 8959367.213181494 -561.9121731073719
v 217010.9681745102 8959364.639112733 -561.9121731073719
v 217064.5302200416 8959377.059570797 -561.9121731073719
v 217086.8508578983 8959381.86316829 -561.9121731073719
v 215250.2725947053 8958247.299721414 -561.9121731073719
v 215231.2831458143 8958226.450528579 -561.9121731073719
v 215209.1006418745 8958201.574213449 -561.9121731073719
v 215203.7910791974 8958195.599873055 -561.9121731073719
v 215751.165098573 8958706.470174311 -561.9121731073719
v 215738.9769310982 8958697.175066626 -561.9121731073719
v 215730.6194600742 8958690.691614637 -561.9121731073719
v 215784.0356809089 8958731.558964619 -561.9121731073719
v 215765.8039897247 8958717.680222811 -561.9121731073719
v 215168.8808386556 8958155.515110368 -561.9121731073719
v 215141.7548529249 8958123.749182852 -561.9121731073719
v 215133.8778706652 8958114.395926777 -561.9121731073719
v 215169.5079084314 8958156.251494668 -561.9121731073719
v 214731.7638845814 8957546.836247798 -561.9121731073719
v 214752.6990401192 8957581.006823294 -561.9121731073719
v 214724.2024865991 8957534.602061246 -561.9121731073719
v 220813.3201561706 8959421.658218428 -561.9121731073719
v 220832.8156477158 8959420.855542408 -561.9121731073719
v 220748.6296741987 8959424.221939437 -561.9121731073719
v 220769.7781963734 8959423.385011129 -561.9121731073719
v 220789.7480776581 8959422.633656276 -561.9121731073719
v 219659.1867396672 8959447.371712197 -561.9121731073719
v 219675.2805690156 8959447.360677101 -561.9121731073719
v 219698.7566934459 8959447.255743157 -561.9121731073719
v 219824.7250646037 8959446.568478612 -561.9121731073719
v 219849.2298104633 8959446.394805171 -561.9121731073719
v 219863.0459861551 8959446.284452621 -561.9121731073719
v 219596.1990004135 8959447.379826678 -561.9121731073719
v 219612.344984951 8959447.408946358 -561.9121731073719
v 219635.7734231959 8959447.362808077 -561.9121731073719
v 219887.7107707805 8959445.993932659 -561.9121731073719
v 219912.9188524335 8959445.754445752 -561.9121731073719
v 219925.3204623662 8959445.626192948 -561.9121731073719
v 220233.6360427385 8959440.256435554 -561.9121731073719
v 220234.7456151582 8959440.233326262 -561.9121731073719
v 220265.6446705959 8959439.459472766 -561.9121731073719
v 220296.7512942528 8959438.746428406 -561.9121731073719
v 220362.0089109581 8959437.037365623 -561.9121731073719
v 220393.1445796194 8959436.138368281 -561.9121731073719
v 220420.6134309866 8959435.397115387 -561.9121731073719
v 220169.0953245351 8959441.656744858 -561.9121731073719
v 220172.6601048673 8959441.59082697 -561.9121731073719
v 220202.6487925156 8959440.899765225 -561.9121731073719
v 220426.2317069843 8959435.223322084 -561.9121731073719
v 220454.6548156644 8959434.350614946 -561.9121731073719
v 220481.9364057128 8959433.558066605 -561.9121731073719
v 220490.8189907787 8959433.266975552 -561.9121731073719
v 218541.9249465246 8959428.758989969 -561.9121731073719
v 218564.8239271317 8959429.224523365 -561.9121731073719
v 218588.5478472867 8959429.833685933 -561.9121731073719
v 218664.9089920968 8959431.68931639 -561.9121731073719
v 218690.8430881472 8959432.298957177 -561.9121731073719
v 218717.6566494586 8959433.031331727 -561.9121731073719
v 218478.7162496391 8959427.442316143 -561.9121731073719
v 218501.8197478557 8959427.850704309 -561.9121731073719
v 218525.5784998022 8959428.416699389 -561.9121731073719
v 218725.9756357131 8959433.238167999 -561.9121731073719
v 218751.3647333004 8959433.847741041 -561.9121731073719
v 218781.5314583698 8959434.666439036 -561.9121731073719
v 219098.4874619332 8959442.046908053 -561.9121731073719
v 219102.1222922554 8959442.122833787 -561.9121731073719
v 219131.9082203383 8959442.655456249 -561.9121731073719
v 219257.8628630612 8959444.703852186 -561.9121731073719
v 219283.7915104346 8959445.103684908 -561.9121731073719
v 219294.9974634536 8959445.261331322 -561.9121731073719
v 219036.3533470821 8959440.773975581 -561.9121731073719
v 219038.2334086385 8959440.816534787 -561.9121731073719
v 219068.9099145898 8959441.422876138 -561.9121731073719
v 219320.8514542925 8959445.531203214 -561.9121731073719
v 219345.9706682974 8959445.85797512 -561.9121731073719
v 219358.8030062884 8959446.008134628 -561.9121731073719
v 217493.3005017431 8959429.35986756 -561.9121731073719
v 217469.8173651186 8959428.311275067 -561.9121731073719
v 217518.5354247288 8959430.240197472 -561.9121731073719
v 217593.8277866336 8959431.707210589 -561.9121731073719
v 217619.8769278784 8959431.935796073 -561.9121731073719
v 217646.1435933286 8959432.050894355 -561.9121731073719
v 217454.0050980566 8959427.623993024 -561.9121731073719
v 217430.8074525218 8959426.349362833 -561.9121731073719
v 217656.6386840102 8959431.967474554 -561.9121731073719
v 217682.8633158256 8959431.857557388 -561.9121731073719
v 217708.8966211259 8959431.710155753 -561.9121731073719
v 217409.6198118833 8959424.935827414 -561.9121731073719
v 217975.288594525 8959426.723601991 -561.9121731073719
v 217997.8800162564 8959426.270953214 -561.9121731073719
v 218019.9401594039 8959426.030507244 -561.9121731073719
v 218102.4984033301 8959424.941438263 -561.9121731073719
v 218123.8693473491 8959424.706929754 -561.9121731073719
v 218145.0189021926 8959424.68050749 -561.9121731073719
v 217911.423114608 8959427.976676269 -561.9121731073719
v 217934.8753501804 8959427.451356187 -561.9121731073719
v 217957.6918013127 8959427.125048839 -561.9121731073719
v 218165.7566052929 8959424.545457352 -561.9121731073719
v 218186.8567808475 8959424.430743268 -561.9121731073719
v 218207.9066232081 8959424.515862212 -561.9121731073719
v 217720.3725077953 8959431.500642896 -561.9121731073719
v 218228.7690037301 8959424.50717289 -561.9121731073719
v 218788.3210116336 8959434.83446428 -561.9121731073719
v 213776.746030869 8955824.198798325 -561.9121731073719
v 213756.8637079169 8955763.049521251 -561.9121731073719
v 213766.2316184783 8955791.876195323 -561.9121731073719
v 213770.6381304891 8955805.726791997 -561.9121731073719
v 213807.1065581219 8955912.075792242 -561.9121731073719
v 213817.4207172506 8955941.137264019 -561.9121731073719
v 213741.4240433631 8955713.469192507 -561.9121731073719
v 213746.7381727548 8955730.226662083 -561.9121731073719
v 213828.5920003416 8955970.876797948 -561.9121731073719
v 213833.4015095382 8955983.886952233 -561.9121731073719
v 213966.9491858946 8956287.673994394 -561.9121731073719
v 213973.4793346557 8956300.388892746 -561.9121731073719
v 214043.9357323568 8956430.798314279 -561.9121731073719
v 214055.8211392413 8956451.516204752 -561.9121731073719
v 213947.003696361 8956246.838909453 -561.9121731073719
v 213943.7133335273 8956240.159235878 -561.9121731073719
v 214126.6667996175 8956569.054020565 -561.9121731073719
v 214148.1735514683 8956603.363144182 -561.9121731073719
v 214155.4908952874 8956614.850067418 -561.9121731073719
v 214172.7685087532 8956642.107506724 -561.9121731073719
v 214349.7213826735 8956913.238190388 -561.9121731073719
v 214355.5838841625 8956922.43069011 -561.9121731073719
v 214414.5733652572 8957015.484054964 -561.9121731073719
v 214434.0621866322 8957046.805932384 -561.9121731073719
v 214318.1929212294 8956864.452096755 -561.9121731073719
v 214318.4179813738 8956864.801881585 -561.9121731073719
v 214444.1842808511 8957063.252826422 -561.9121731073719
v 214462.0512147523 8957092.452066753 -561.9121731073719
v 216866.5613259815 8959324.119585983 -561.9121731073719
v 216853.350165551 8959319.853435168 -561.9121731073719
v 216882.2194870666 8959328.960764874 -561.9121731073719
v 216985.2205373964 8959358.249457441 -561.9121731073719
v 216802.5543331351 8959302.765633035 -561.9121731073719
v 216830.687515991 8959312.37375199 -561.9121731073719
v 216620.5126461064 8959230.9018692 -561.9121731073719
v 216611.2603178843 8959226.820386041 -561.9121731073719
v 216629.7543669671 8959234.887453871 -561.9121731073719
v 216749.3188716658 8959283.396411696 -561.9121731073719
v 216770.9054636986 8959291.433095278 -561.9121731073719
v 216558.4138898411 8959202.751026602 -561.9121731073719
v 216579.1953665789 8959212.337969245 -561.9121731073719
v 216797.659490093 8959301.017964862 -561.9121731073719
v 215879.6015060314 8958801.313982559 -561.9121731073719
v 215890.4383848996 8958809.000958918 -561.9121731073719
v 215908.9452894299 8958822.07811344 -561.9121731073719
v 215932.3476345644 8958838.306144813 -561.9121731073719
v 215950.4406003832 8958850.701735748 -561.9121731073719
v 217110.9489814697 8959386.68806234 -561.9121731073719
v 217120.4766503869 8959388.519264599 -561.9121731073719
v 217148.0598808597 8959393.66109355 -561.9121731073719
v 217176.3798890639 8959398.475469546 -561.9121731073719
v 217182.2611631985 8959399.436328566 -561.9121731073719
v 215169.7770123581 8958156.562941195 -561.9121731073719
v 215262.2024380603 8958260.319278998 -561.9121731073719
v 215282.1321604511 8958281.813125672 -561.9121731073719
v 215300.8547100074 8958301.694610115 -561.9121731073719
v 215317.5597182179 8958319.128463034 -561.9121731073719
v 215685.5858568139 8958655.097002525 -561.9121731073719
v 215699.8200374252 8958666.447394442 -561.9121731073719
v 215639.7762227499 8958617.702387597 -561.9121731073719
v 215662.8746146371 8958636.750589702 -561.9121731073719
v 215107.8538166761 8958082.898386568 -561.9121731073719
v 215098.2218248549 8958071.161938956 -561.9121731073719
v 215063.1156197645 8958027.353403803 -561.9121731073719
v 215074.4468938676 8958041.568799566 -561.9121731073719
v 214760.8996865583 8957594.064836806 -561.9121731073719
v 214698.303937032 8957491.723256638 -561.9121731073719
v 214702.5858254284 8957498.746811885 -561.9121731073719
v 214780.8655252375 8957626.058100862 -561.9121731073719
v 214790.7253385839 8957641.472759824 -561.9121731073719
v 214677.3293999924 8957456.427089041 -561.9121731073719
v 214669.7588869457 8957443.70242417 -561.9121731073719
v 214667.1752485578 8957439.315454397 -561.9121731073719
v 214809.7848513956 8957671.392758759 -561.9121731073719
v 220683.9973845707 8959426.669054385 -561.9121731073719
v 220706.7449332913 8959425.806471027 -561.9121731073719
v 220728.3031189537 8959425.030365765 -561.9121731073719
v 220620.7413920571 8959428.948062176 -561.9121731073719
v 220643.7145903582 8959428.116198957 -561.9121731073719
v 220665.3765649057 8959427.372431763 -561.9121731073719
v 219533.390766604 8959447.2304652 -561.9121731073719
v 219549.2274810932 8959447.298601197 -561.9121731073719
v 219572.7903177545 8959447.311462671 -561.9121731073719
v 219950.6977991523 8959445.267679023 -561.9121731073719
v 219976.7633717312 8959444.958316617 -561.9121731073719
v 219987.4581662046 8959444.823048616 -561.9121731073719
v 219470.7565449718 8959446.925253812 -561.9121731073719
v 219485.928025221 8959447.028372467 -561.9121731073719
v 219509.8069974109 8959447.101492317 -561.9121731073719
v 220013.6863884862 8959444.392280616 -561.9121731073719
v 220040.7505821352 8959444.008382481 -561.9121731073719
v 220049.4734063826 8959443.878426405 -561.9121731073719
v 220104.8662462994 8959442.906989619 -561.9121731073719
v 220111.3807872668 8959442.795613725 -561.9121731073719
v 220139.6697763537 8959442.197127372 -561.9121731073719
v 220517.6705129296 8959432.391637538 -561.9121731073719
v 220543.3045400188 8959431.601139275 -561.9121731073719
v 220076.6767296738 8959443.370811883 -561.9121731073719
v 220555.6443590953 8959431.175381945 -561.9121731073719
v 220580.6903697528 8959430.312865062 -561.9121731073719
v 220604.459381925 8959429.537467718 -561.9121731073719
v 218416.491591908 8959426.324545432 -561.9121731073719
v 218438.8188533692 8959426.643770838 -561.9121731073719
v 218461.692354456 8959427.129162619 -561.9121731073719
v 218816.8749345198 8959435.52083631 -561.9121731073719
v 218846.2326843247 8959436.308323102 -561.9121731073719
v 218354.1118513578 8959425.432749825 -561.9121731073719
v 218375.8226712625 8959425.654045671 -561.9121731073719
v 218397.9522057866 8959426.049582051 -561.9121731073719
v 218850.200566341 8959436.403961094 -561.9121731073719
v 218879.8893039834 8959437.101916166 -561.9121731073719
v 218910.3135723201 8959437.890468854 -561.9121731073719
v 218974.2940659506 8959439.400064947 -561.9121731073719
v 219005.9073374079 8959440.076372009 -561.9121731073719
v 219383.8380227668 8959446.209155221 -561.9121731073719
v 219408.2872871591 8959446.466636023 -561.9121731073719
v 219422.4505345184 8959446.597929312 -561.9121731073719
v 218912.1925023748 8959437.933744404 -561.9121731073719
v 218942.9001606092 8959438.626309589 -561.9121731073719
v 218974.2648406118 8959439.39943012 -561.9121731073719
v 219446.8230475861 8959446.733517567 -561.9121731073719
v 217387.9711891365 8959423.482164418 -561.9121731073719
v 217367.6330347086 8959421.892919434 -561.9121731073719
v 217349.8922317119 8959420.283315057 -561.9121731073719
v 217748.2360888502 8959431.100899881 -561.9121731073719
v 217772.3335018272 8959430.827167964 -561.9121731073719
v 217320.4596713711 8959417.537144128 -561.9121731073719
v 217304.285881038 8959415.857613195 -561.9121731073719
v 217784.0639409139 8959430.54830548 -561.9121731073719
v 217808.8563901808 8959430.060521204 -561.9121731073719
v 217832.9906167549 8959429.685387114 -561.9121731073719
v 217291.0175755237 8959414.313924123 -561.9121731073719
v 217848.8817554797 8959429.278599352 -561.9121731073719
v 217871.8652881818 8959428.761933949 -561.9121731073719
v 217894.0951441826 8959428.405544212 -561.9121731073719
v 218249.8431159815 8959424.510168463 -561.9121731073719
v 218271.0342953888 8959424.704103038 -561.9121731073719
v 218291.5468462749 8959424.81320719 -561.9121731073719
v 218312.8310919821 8959424.928745754 -561.9121731073719
v 218334.3900697379 8959425.226655135 -561.9121731073719
v 213729.727378735 8955674.882948516 -561.9121731073719
v 213728.4085480104 8955670.524207566 -561.9121731073719
v 213840.8604141469 8956003.207193248 -561.9121731073719
v 213847.7073881812 8956020.988773761 -561.9121731073719
v 213727.7291145605 8955668.175548669 -561.9121731073719
v 213716.5024319542 8955630.361410601 -561.9121731073719
v 213850.8357164429 8956028.718682567 -561.9121731073719
v 213866.1520552009 8956066.956840118 -561.9121731073719
v 213673.47275941 8955477.692452949 -561.9121731073719
v 213677.4914075135 8955492.565637674 -561.9121731073719
v 213942.1212287082 8956236.881828964 -561.9121731073719
v 213927.4920129338 8956206.481896084 -561.9121731073719
v 213907.6713699252 8956163.48337147 -561.9121731073719
v 213922.1722539894 8956194.940066576 -561.9121731073719
v 214178.8636604476 8956651.495282346 -561.9121731073719
v 214196.7011941954 8956678.986276092 -561.9121731073719
v 214201.7994264721 8956686.731928714 -561.9121731073719
v 214227.011881274 8956725.447035978 -561.9121731073719
v 214312.2456218603 8956855.35593948 -561.9121731073719
v 214289.067848309 8956819.919691328 -561.9121731073719
v 214287.9020539564 8956818.159504205 -561.9121731073719
v 214491.0464182197 8957140.393234774 -561.9121731073719
v 214472.550659897 8957109.7543584 -561.9121731073719
v 214259.9434461511 8956775.565137127 -561.9121731073719
v 214257.4390355496 8956771.797026059 -561.9121731073719
v 214499.8172527766 8957155.023745796 -561.9121731073719
v 214518.8933135318 8957187.138902262 -561.9121731073719
v 216525.5927452042 8959187.197242854 -561.9121731073719
v 216516.133306309 8959182.63571669 -561.9121731073719
v 216536.0355675055 8959192.148117062 -561.9121731073719
v 216464.808224275 8959157.133767338 -561.9121731073719
v 216485.0423276845 8959167.28080428 -561.9121731073719
v 215980.1713948761 8958870.847833067 -561.9121731073719
v 215990.3560093767 8958877.66409079 -561.9121731073719
v 216003.6448872332 8958886.410227578 -561.9121731073719
v 216017.8202652172 8958895.776664995 -561.9121731073719
v 216036.4255789802 8958908.028146306 -561.9121731073719
v 217207.4339505928 8959403.390602443 -561.9121731073719
v 217233.1221506377 8959407.01823972 -561.9121731073719
v 217245.7096834532 8959408.856071904 -561.9121731073719
v 217256.4560967943 8959410.218080267 -561.9121731073719
v 215340.4454906299 8958342.733911466 -561.9121731073719
v 215353.2038226537 8958355.647102013 -561.9121731073719
v 215381.0109369259 8958383.558976674 -561.9121731073719
v 215391.7468389834 8958394.149612585 -561.9121731073719
v 215605.9610792759 8958589.448711522 -561.9121731073719
v 215628.0910435629 8958608.013914136 -561.9121731073719
v 215584.0275387297 8958570.878314005 -561.9121731073719
v 215572.3319920398 8958560.789700191 -561.9121731073719
v 215600.6122681898 8958584.90710221 -561.9121731073719
v 215028.8674757059 8957983.403610937 -561.9121731073719
v 215041.3511169741 8957999.498267345 -561.9121731073719
v 214995.398605538 8957939.256522188 -561.9121731073719
v 215008.8110792547 8957957.017393338 -561.9121731073719
v 214820.9023674199 8957688.430249207 -561.9121731073719
v 214649.055395388 8957408.713186592 -561.9121731073719
v 214627.7112031246 8957372.435766485 -561.9121731073719
v 214644.3696212332 8957400.68602038 -561.9121731073719
v 214839.1702661616 8957716.476393754 -561.9121731073719
v 214851.4209203579 8957734.848547971 -561.9121731073719
v 214599.9836113754 8957325.05907074 -561.9121731073719
v 214621.7217662279 8957362.065472791 -561.9121731073719
v 214869.0884808671 8957761.339108491 -561.9121731073719
v 213702.8287410525 8955582.999462666 -561.9121731073719
v 213709.2674637591 8955605.06163395 -561.9121731073719
v 213886.9549774609 8956116.379013943 -561.9121731073719
v 213873.8163531063 8956085.100602537 -561.9121731073719
v 213688.2857965833 8955531.600937944 -561.9121731073719
v 213691.1938448479 8955541.689997137 -561.9121731073719
v 213897.5346554813 8956140.434036916 -561.9121731073719
v 213683.1627767575 8955513.224166416 -561.9121731073719
v 214230.8053235672 8956731.165991956 -561.9121731073719
v 214529.2095734527 8957204.486381901 -561.9121731073719
v 214546.0837546014 8957233.238946002 -561.9121731073719
v 214558.6430142078 8957254.489263112 -561.9121731073719
v 214572.720351033 8957278.649456942 -561.9121731073719
v 216432.0223778622 8959140.321108501 -561.9121731073719
v 216424.148368 8959136.237348458 -561.9121731073719
v 216440.6995495729 8959144.769916005 -561.9121731073719
v 216368.3046622674 8959106.448514538 -561.9121731073719
v 216391.2545643956 8959118.772937115 -561.9121731073719
v 216060.3887258035 8958923.531045185 -561.9121731073719
v 216076.5535625138 8958933.848318733 -561.9121731073719
v 216112.0220174724 8958956.328878984 -561.9121731073719
v 216117.796862119 8958959.938554417 -561.9121731073719
v 215419.0337743705 8958420.734882297 -561.9121731073719
v 215424.8994432599 8958426.358846122 -561.9121731073719
v 215435.5038424738 8958436.397927063 -561.9121731073719
v 215450.6501967825 8958450.789028 -561.9121731073719
v 215468.2755153516 8958467.351144733 -561.9121731073719
v 215527.7530368732 8958521.608543016 -561.9121731073719
v 215542.0638354321 8958534.292431923 -561.9121731073719
v 215487.6149682126 8958485.244471774 -561.9121731073719
v 215505.9808843571 8958502.0067627 -561.9121731073719
v 214963.8791260541 8957896.593180962 -561.9121731073719
v 214976.6717191627 8957913.939234523 -561.9121731073719
v 214933.9844882091 8957855.009752396 -561.9121731073719
v 214942.7515885037 8957867.206576306 -561.9121731073719
v 214882.2651811277 8957780.649962636 -561.9121731073719
v 214591.6905116872 8957310.767728455 -561.9121731073719
v 214901.7642185723 8957809.082904045 -561.9121731073719
v 214912.2301692589 8957824.08079119 -561.9121731073719
v 216327.7487964171 8959084.054839667 -561.9121731073719
v 216329.3292873262 8959084.930449558 -561.9121731073719
v 216350.0563886429 8959096.428819003 -561.9121731073719
v 216280.7127102221 8959057.517968494 -561.9121731073719
v 216297.4307439851 8959067.003531987 -561.9121731073719
v 216125.4564973407 8958964.664141832 -561.9121731073719
v 216149.6081869454 8958979.571047409 -561.9121731073719
v 216170.4035020416 8958992.289487125 -561.9121731073719
v 216199.0338245622 8959009.631663561 -561.9121731073719
v 216212.5166827205 8959017.669463011 -561.9121731073719
v 216237.4751847939 8959032.366387175 -561.9121731073719
v 216258.5880633686 8959044.732757976 -561.9121731073719
v 216229.1069525572 8959027.433902277 -561.9121731073719
v 213650.7819190774 8955394.052060628 -561.9121731073719
v 213652.0990919133 8955398.98318816 -561.9121731073719
v 213657.2801576449 8955417.963786677 -561.9121731073719
v 213656.0210370789 8955413.26474781 -561.9121731073719
v 213665.5879389863 8955448.968432674 -561.9121731073719
v 220845.9773813033 8959420.339540817 -561.9121731073719
v 220847.2710718515 8959420.28882209 -561.9121731073719
v 213650.7819190774 8955037.440818276 -633.7746201797504
v 213661.8126227962 8955046.206482358 -640.6936068583714
v 213665.6592672354 8955049.259792093 -643.104143482971
v 213666.3225907118 8955049.784286126 -643.5202043271249
v 213673.4993347702 8955055.488197565 -648.0408400045471
v 213683.4368731684 8955063.349902963 -654.2766672262246
v 213697.8913560203 8955074.670843299 -663.3678391489757
v 213715.7604755156 8955088.775777275 -674.6783936663628
v 213728.2002940417 8955098.579026384 -682.5418554582789
v 213729.2366966346 8955099.387430061 -683.1985186524525
v 213749.0608391396 8955114.964508085 -695.8342039816503
v 213761.1257269618 8955124.395119118 -703.4915993371942
v 213775.3968732045 8955135.600490324 -712.5823552074135
v 213775.4643940128 8955135.653145239 -712.6254296211234
v 213791.036364072 8955147.793772686 -722.5575297569731
v 213798.3336403609 8955153.368197301 -727.2321300796041
v 213804.6229270059 8955158.259007473 -731.3190768578195
v 213812.013312357 8955163.968159998 -736.1280436460129
v 213823.4745699451 8955172.788060745 -743.5630747498221
v 213836.7004160269 8955182.976260561 -752.1497845478357
v 213854.0328452755 8955196.302158343 -763.3853677184998
v 213855.098466198 8955197.130237479 -764.0820494831698
v 213899.4502026664 8955230.737972574 -793.2010876416437
v 213917.7980039473 8955244.579179274 -805.2870735467172
v 213918.514958787 8955245.125699295 -805.7632301569076
v 213877.5888562747 8955214.185453963 -778.8569359747787
v 213886.4813618082 8955220.883495934 -784.6678405653111
v 213893.2732438867 8955226.04544122 -789.1375035346302
v 213940.2554191785 8955261.520391535 -820.2301473430416
v 213947.3334364259 8955266.786062909 -824.9515705844653
v 213949.454015562 8955268.351532863 -826.3577382316394
v 213950.748429361 8955269.314371368 -827.2210881454048
v 213980.880982843 8955291.766211571 -847.3451774237642
v 213981.0280680901 8955291.877326366 -847.444458900442
v 214012.0515566136 8955313.847955884 -868.6010860307299
v 214012.7319772213 8955314.330574211 -869.065637506488
v 214013.4501942303 8955314.844883332 -869.5594825508958
v 214027.1903069052 8955324.58199165 -878.9342325899652
v 214044.3953826924 8955336.810343336 -890.6681801313193
v 214050.8299256147 8955341.452857543 -895.1058724310976
v 214072.1916418399 8955355.85964255 -909.9737844299418
v 214075.867555508 8955358.405237334 -912.5232938114104
v 214076.3534760844 8955358.742699929 -912.8610213744812
v 214076.7371613797 8955359.012849387 -913.1304095316982
v 214108.0551399288 8955380.733197266 -934.8755709841462
v 214110.8545725641 8955382.706078267 -936.8424170631442
v 214137.4927622085 8955399.196535146 -955.8307239844041
v 214140.5306707351 8955401.047611687 -957.9732911711417
v 214144.3912874015 8955403.427926732 -960.7177701142111
v 214153.9849154354 8955409.373987706 -967.5618297359053
v 214171.5712256149 8955420.186863991 -980.1168826553446
v 214172.9207621243 8955420.94724449 -981.087542762526
v 214188.2090826437 8955429.722976403 -992.2148735660285
v 214194.409563995 8955433.354053117 -996.72053958269
v 214205.8228760793 8955439.908074213 -1004.909048432879
v 214222.2557803965 8955449.475881109 -1016.805277283407
v 214238.2845558111 8955458.880576348 -1028.467435819937
v 214238.4619019546 8955458.96083623 -1028.598396043643
v 214248.8173733692 8955463.748641798 -1036.336485872195
v 214272.6608904749 8955474.451484019 -1053.864612703248
v 214299.244573918 8955486.552560292 -1073.558462515864
v 214304.1372838337 8955488.959982274 -1077.171360384921
v 214304.8745348311 8955489.20292875 -1077.72357105642
v 214306.8978433126 8955489.839488145 -1079.210146474198
v 214308.2218628809 8955490.261692476 -1080.188348955005
v 214312.6405613715 8955491.734522561 -1083.449482144543
v 214342.4557023925 8955501.827260608 -1105.60228463708
v 214353.1320005745 8955505.540222671 -1113.629599054749
v 214378.4704237304 8955513.894472899 -1132.242470258133
v 214387.584049175 8955516.926923919 -1138.963542341349
v 214392.7592207917 8955518.006086983 -1142.794702567944
v 214401.3142262654 8955519.843027294 -1149.126737634161
v 214403.6341894331 8955520.32083739 -1150.821838110482
v 214415.6955007953 8955522.227631591 -1159.644753375064
v 214446.4391692438 8955526.948109208 -1181.996154318512
v 214454.8076600424 8955528.180783987 -1188.028781509882
v 214454.857443307 8955528.182291966 -1188.064765035135
v 214489.2265508574 8955529.38421859 -1213.083502767971
v 214491.3477724794 8955529.456646165 -1214.625704509053
v 214495.4935884401 8955529.87744078 -1217.636031465448
v 214532.6697152087 8955533.554801185 -1244.526166078348
v 214613.0844332172 8955542.207145115 -1306.494983918381
v 214613.1777695181 8955542.218688183 -1306.568878974205
v 214618.480590442 8955543.05937863 -1310.977830617927
v 214648.1627742088 8955548.158115715 -1336.104489292686
v 214659.8713840384 8955550.443762861 -1346.328737673211
v 214660.2944765292 8955550.526859049 -1346.698766779512
v 214670.7070919295 8955552.349146789 -1355.80095494694
v 214675.4957348588 8955553.404755035 -1359.991340680221
v 214684.9468077107 8955555.294569725 -1368.25775815822
v 214704.2034144454 8955559.766513202 -1385.791526327957
v 214720.0566750251 8955563.103982188 -1399.843851874699
v 214749.3924209786 8955569.520689091 -1426.114844169685
v 214753.1434946658 8955570.322369287 -1429.453130133406
v 214535.2793594509 8955533.848605234 -1246.452380672121
v 214535.858890757 8955533.925175682 -1246.892401548345
v 214564.6913100276 8955536.592090191 -1268.799103299636
v 214569.8798490841 8955537.081660016 -1272.752277930167
v 214583.5863355534 8955538.478008488 -1283.196350388477
v 214585.3261530762 8955538.652068183 -1284.518443349761
v 214756.5228709026 8955571.164843719 -1432.467041694074
v 214756.5856737613 8955571.180049365 -1432.523028618258
v 214789.3960986292 8955578.599807514 -1461.18620994803
v 214793.4833440166 8955579.47836234 -1464.705668147224
v 214811.0315488336 8955582.747868322 -1479.254067365497
v 214828.0751891476 8955586.055925811 -1493.532432511641
v 214829.2459717656 8955586.238242248 -1494.463008226225
v 214832.8040431423 8955586.964431914 -1497.300564561867
v 214837.0501002976 8955587.846205384 -1500.70374280519
v 214850.0516051216 8955591.198287722 -1511.159111318324
v 214864.7556918541 8955594.268286809 -1522.945185833345
v 214874.9748183761 8955596.179955149 -1530.874046421345
v 214899.4780304453 8955600.683865674 -1549.791338723385
v 214901.9366342452 8955601.318101594 -1551.697333419117
v 214919.4859761938 8955604.877811693 -1564.221649075089
v 214929.273202179 8955607.136484813 -1571.511833298833
v 214942.4380300413 8955610.984824087 -1581.323015944782
v 214970.4851507164 8955618.561317602 -1601.532166966337
v 214971.0705296914 8955618.717860833 -1601.952188773194
v 214976.2926819236 8955620.444016466 -1605.697546360379
v 214992.7479535541 8955625.654743418 -1617.259286565823
v 215001.5886814658 8955628.427351946 -1623.442663234617
v 215007.3495463196 8955630.452606633 -1627.467300392304
v 215013.3884966667 8955632.507942608 -1631.615041471916
v 215048.8552353422 8955644.402199239 -1655.788873141195
v 215049.2191954705 8955644.572283376 -1656.035965468569
v 215068.7138327546 8955653.542244211 -1669.138950737513
v 215084.4236628625 8955660.799784541 -1679.725390860139
v 215104.4639665706 8955669.643926231 -1692.84047345524
v 215105.2494154635 8955669.965990856 -1693.355296345704
v 215117.786461707 8955675.065066062 -1701.531174623162
v 215119.7108505111 8955676.170680486 -1702.773022899791
v 215128.1795099946 8955681.017409354 -1708.221538680999
v 215128.7922100375 8955681.362744773 -1708.611054948785
v 215154.3058900882 8955695.436441351 -1724.842021215734
v 215187.488675766 8955713.356315328 -1745.614565731377
v 215188.2999888582 8955713.787102627 -1746.115998550687
v 215188.7231179738 8955714.006359285 -1746.372761073156
v 215189.3278002683 8955714.414277285 -1746.736033246562
v 215220.2464989754 8955735.293946313 -1765.328112259647
v 215253.1678024961 8955757.059811419 -1784.759176356863
v 215254.5791236501 8955757.976347513 -1785.579206095476
v 215255.8972120616 8955758.805848286 -1786.324312118173
v 215256.7142528371 8955759.317827329 -1786.784454406906
v 215257.2648789137 8955759.657939799 -1787.094763474845
v 215257.6728903936 8955759.98394284 -1787.321596817497
v 215288.5148810594 8955783.371581923 -1804.520824404314
v 215295.265664272 8955788.324221397 -1808.168945447783
v 215318.5406051187 8955805.384502672 -1820.747391361057
v 215321.1102953429 8955807.304103527 -1822.160883840525
v 215321.6562291997 8955807.801756144 -1822.458089839598
v 215329.6774105121 8955814.631479053 -1826.527215753634
v 215354.7435570088 8955835.565842412 -1838.991046592718
v 215370.9835871219 8955848.380494252 -1846.604166562973
v 215383.1616325559 8955858.142465262 -1852.407247233373
v 215384.2383928418 8955858.913144005 -1852.86326943343
v 215389.6850107672 8955862.526675815 -1855.184601123458
v 215394.8973307254 8955866.576790471 -1857.375692927304
v 215407.7591423816 8955877.058384765 -1862.757360744753
v 215422.5989732308 8955889.015299357 -1868.891816643649
v 215432.3096891736 8955895.737747267 -1872.302416237276
v 215459.9067577973 8955915.254613819 -1882.22088982472
v 215461.2593801714 8955916.258803632 -1882.704691138711
v 215473.0085839558 8955924.16294058 -1886.467409894588
v 215492.1061181077 8955937.611715352 -1892.54145225382
v 215493.4237699281 8955938.518622417 -1892.949870811739
v 215494.9121356126 8955939.341089791 -1893.308659722973
v 215527.3146798957 8955957.904727558 -1901.453859750062
v 215565.1967502521 8955979.038129387 -1910.41045372871
v 215572.4200995113 8955983.075141594 -1912.110209756504
v 215534.2664667649 8955961.702977885 -1903.107690715756
v 215573.4018486709 8955983.577941617 -1912.347189338069
v 215578.9497808525 8955986.18349099 -1913.568168921768
v 215612.6965267727 8956002.40558002 -1921.182154846558
v 215620.1335962423 8956005.780014103 -1922.890146790621
v 215663.3271651985 8956024.507714584 -1932.36085042
v 215663.520186697 8956024.590781817 -1932.402851671162
v 215663.6652803052 8956024.649412217 -1932.432457961183
v 215682.6305966635 8956032.553992117 -1936.42661718711
v 215694.1859905563 8956037.568617733 -1938.825313733365
v 215696.4419945262 8956038.379031347 -1939.323281735021
v 215707.3041391921 8956042.170749813 -1941.663521938486
v 215708.4369478626 8956042.560958993 -1941.904864473557
v 215742.3670853231 8956053.997145111 -1949.177233552648
v 215792.992193738 8956070.280115262 -1959.62800408337
v 215793.4945087496 8956070.441417687 -1959.731565338027
v 215793.7884560046 8956070.517839679 -1959.7953904621
v 215795.4374784254 8956070.925171958 -1960.14165126827
v 215847.4151922848 8956083.566852313 -1970.946972834917
v 215870.7734349422 8956089.039754642 -1975.688011933318
v 215872.2565280464 8956089.373714002 -1975.981574449644
v 215890.608303576 8956093.491392838 -1979.616967252542
v 215899.2162179929 8956095.398734661 -1981.308900658749
v 215920.65697723 8956099.279323101 -1985.691994793708
v 215930.1431109298 8956101.017861407 -1987.643589201223
v 215951.4653471959 8956104.765386656 -1991.938671052475
v 215983.5956467013 8956110.458932333 -1998.40162878925
v 215985.5401033315 8956110.79183156 -1998.786141803198
v 215988.7105141652 8956111.308957491 -1999.398537148504
v 216000.4750762469 8956112.775779298 -2001.761448115387
v 216038.0150420171 8956117.892867839 -2009.213983754119
v 216038.4373414727 8956117.946697548 -2009.295596655353
v 216048.4986533999 8956119.195639621 -2011.22005253976
v 216069.5914599054 8956121.81053146 -2015.252495343946
v 216075.1070215365 8956122.496393064 -2016.306515854771
v 216076.1504819554 8956122.639520518 -2016.503213736056
v 216093.9780011911 8956124.811639523 -2019.919097260417
v 216100.5505031592 8956125.605607135 -2021.179819567124
v 216103.4596381043 8956125.944979282 -2021.730238462672
v 216139.1382126054 8956130.018787719 -2028.42501501346
v 216154.4995180026 8956131.607743008 -2031.203340987946
v 216190.8551268336 8956135.20650034 -2037.676726427369
v 216197.2547980965 8956135.829879677 -2038.809858281655
v 216203.5881345161 8956136.372561742 -2039.945986227454
v 216221.8719027181 8956138.485707 -2043.11736877507
v 216247.4632380543 8956141.183938634 -2047.383747291639
v 216280.4786568774 8956144.465214923 -2052.755020910801
v 216298.645928349 8956146.133683477 -2055.619491740095
v 216304.1963087736 8956146.569531145 -2056.508843435007
v 216327.6999809554 8956148.279982556 -2060.1835442265
v 216355.6073511647 8956151.668384086 -2064.280755077431
v 216361.3201413405 8956152.306236031 -2065.081807337966
v 216368.6214059551 8956153.053551693 -2066.059740165355
v 216369.2773785637 8956153.133845039 -2066.145096399714
v 216405.6218068212 8956157.595655508 -2070.883462431827
v 216408.1551690481 8956157.919817945 -2071.222937108231
v 216416.7912741592 8956158.885930898 -2072.407132386096
v 216450.9683829272 8956162.388178881 -2076.864647427958
v 216453.7706929169 8956162.674956638 -2077.229861622275
v 216454.7231358595 8956162.761904681 -2077.346489858325
v 216457.3974564812 8956162.996902458 -2077.667449888681
v 216508.7203295788 8956171.003157044 -2083.1494298981
v 216516.0085102374 8956172.090416284 -2083.892289003224
v 216519.4170796655 8956172.53178297 -2084.253032870011
v 216525.9272160507 8956173.43865327 -2084.929351510962
v 216567.589301044 8956178.981275309 -2089.062216871603
v 216580.4822449493 8956180.577187821 -2090.251891863332
v 216599.3858096564 8956184.374319166 -2091.705420939828
v 216622.9979853283 8956189.111915119 -2093.517002409594
v 216665.6383924486 8956196.173287796 -2096.66618911461
v 216671.4999095921 8956197.147839451 -2097.104337922925
v 216679.4254361774 8956198.533428565 -2097.682781401444
v 216623.6732961432 8956189.240282943 -2093.563480164546
v 216701.1203299489 8956202.172435729 -2099.145341358571
v 216715.2279143866 8956205.30574766 -2099.934992303616
v 216733.6109321608 8956209.401067263 -2100.973663299505
v 216734.1733506998 8956209.494893042 -2101.011990954623
v 216742.2966776313 8956210.78133817 -2101.504297799379
v 216779.2061520085 8956216.770731036 -2103.869772070554
v 216789.975914525 8956219.166998522 -2104.419389079382
v 216816.492753818 8956224.943714254 -2105.664275698958
v 216825.3337665362 8956226.87517103 -2106.084112143331
v 216837.0565939515 8956229.30115765 -2106.670563731479
v 216844.9692811859 8956230.535161437 -2107.155339653415
v 216883.3933355772 8956236.61083011 -2109.586082040612
v 216893.7727542064 8956238.302029492 -2110.288682408014
v 216895.6082708556 8956238.772052534 -2110.3742058319
v 216905.4265823092 8956241.196604187 -2110.749129945443
v 216943.8070027913 8956250.855296208 -2112.381382932758
v 216946.4475935289 8956251.364324408 -2112.527943398065
v 216952.2090147187 8956252.544244569 -2112.917226558225
v 216960.8156134541 8956254.280280409 -2113.472098782168
v 216981.4648458095 8956258.473629853 -2114.831651421494
v 216989.572691036 8956259.962831037 -2115.401980633813
v 217012.480531934 8956264.013645405 -2116.863057476875
v 217027.5425389133 8956266.822220208 -2117.962909307802
v 217028.3682259315 8956267.067367632 -2118.000521548001
v 217049.6448972132 8956273.603242587 -2119.178063554843
v 217051.5415506315 8956274.182363452 -2119.2796974569
v 217078.2057406948 8956282.001541125 -2120.784740812509
v 217086.9480963918 8956284.552447719 -2121.265859335644
v 217109.2205917847 8956291.231268439 -2122.665658142247
v 217139.7999503035 8956300.328096636 -2124.516972616754
v 217146.0841543222 8956302.269672293 -2124.967188743265
v 217148.0512664077 8956302.878902668 -2125.109538208518
v 217150.0901016327 8956303.428783732 -2125.275765061308
v 217151.4644660479 8956304.077666154 -2125.324075112269
v 217153.7651629699 8956304.811016141 -2125.485797450576
v 217193.6247834877 8956317.338762373 -2128.084241597402
v 217223.6138892496 8956326.928138129 -2130.226981347448
v 217240.3883015357 8956337.207984816 -2130.34606054681
v 217242.261867107 8956338.354251357 -2130.357151266758
v 217243.7985593149 8956339.299770134 -2130.372446028146
v 217245.8675111882 8956340.577475693 -2130.398467260894
v 217321.2960765257 8956366.968734877 -2135.679056854791
v 217328.633191961 8956366.627899772 -2136.813234899381
v 217336.7482356295 8956366.238945944 -2138.058859036957
v 217347.9780992361 8956368.560583834 -2139.187910152109
v 217292.6221614136 8956356.911025027 -2133.628941765336
v 217348.8609061708 8956369.742975593 -2139.068752135221
v 217358.4776270702 8956382.649370294 -2137.776946284624
v 217358.5713588909 8956382.777623797 -2137.764939416206
v 217379.6749551438 8956410.97118536 -2135.197042678474
v 217393.0467212853 8956428.751187416 -2133.548912677362
v 217412.2720685361 8956454.822599825 -2131.306390152597
v 217422.8628142545 8956472.193836002 -2129.423367349555
v 217445.2453885462 8956499.041725976 -2127.614779921451
v 217412.7089136933 8956455.408741431 -2131.253868404483
v 217422.6595227149 8956471.954330187 -2129.441393208302
v 217460.9140738575 8956517.646811977 -2126.278908306785
v 217472.8690459322 8956531.995718308 -2125.316191960958
v 217477.0958109146 8956537.055065388 -2124.978303408422
v 217490.66557114 8956553.109929405 -2123.824270576548
v 217495.8637942038 8956559.144032607 -2123.403465582633
v 217513.0407801626 8956579.248665009 -2122.075419073452
v 217532.6918895862 8956601.961908665 -2120.447738878704
v 217532.9371720487 8956602.239073416 -2120.428571861484
v 217544.1395858098 8956615.034856768 -2119.605179907042
v 217554.0483338684 8956626.281089738 -2118.849645237074
v 217556.2939158572 8956628.78150267 -2118.660133249533
v 217575.2841108913 8956649.484190706 -2117.13607423546
v 217586.3268859827 8956661.651068646 -2116.2993512634
v 217588.1603873796 8956663.648958132 -2116.16427894249
v 217606.0329994692 8956682.646766154 -2114.659809461762
v 217619.2150973229 8956696.524673428 -2113.497405090061
v 217622.9268179312 8956700.347315809 -2113.185086678111
v 217636.6803232862 8956714.621406162 -2112.071497394525
v 217664.1538502093 8956742.542746743 -2109.610981211108
v 217675.509018137 8956754.097864533 -2108.599942994626
v 217675.9127001099 8956754.498229595 -2108.559843837169
v 217692.3594116306 8956770.890734969 -2106.911431875923
v 217703.9192195347 8956782.693998717 -2105.701674028195
v 217710.098334359 8956789.013904838 -2105.059169586421
v 217739.1719513205 8956817.927164288 -2101.715435912262
v 217752.0300259509 8956830.596143149 -2100.190583774393
v 217764.6840997049 8956842.602708837 -2098.661649603403
v 217747.233550538 8956825.949337192 -2100.79024115067
v 217749.0629095436 8956827.719965994 -2100.56089213532
v 217768.1922986404 8956846.098345021 -2098.205400663772
v 217784.5464525194 8956862.676178521 -2096.023784757904
v 217796.5965113307 8956874.516319318 -2094.284834418809
v 217823.000376404 8956900.577619864 -2090.515675988233
v 217831.3464459788 8956908.58623407 -2089.243855130889
v 217839.1271816721 8956916.346280135 -2087.997933031898
v 217852.7385476612 8956929.903151087 -2085.811985649786
v 217859.188149038 8956936.230511751 -2084.796030950683
v 217887.6900286447 8956963.472161403 -2080.050807805132
v 217894.6241829069 8956969.97723295 -2078.852882440636
v 217897.838855995 8956973.007803081 -2078.302784109293
v 217901.3926496725 8956976.412330806 -2077.68268209299
v 217929.2875452469 8957002.752405768 -2072.679731575296
v 217934.753496 8957007.891638236 -2071.691610588231
v 217940.3483295588 8957013.026323795 -2070.6357100736
v 217959.6379385795 8957030.83913435 -2066.97072629253
v 217964.4109816872 8957035.309920888 -2066.086028130348
v 217978.2926291481 8957049.372609731 -2063.280986917803
v 217990.4384046912 8957061.371792093 -2060.721318684199
v 218027.1465418462 8957096.999293901 -2052.764922582089
v 218029.9421992481 8957099.720119854 -2052.161551725479
v 218030.0973621169 8957099.866545573 -2052.129161360192
v 218031.1756677942 8957100.868751001 -2051.898516682274
v 218032.1293393733 8957101.75486438 -2051.694439109841
v 218039.7241070179 8957109.843037767 -2049.818653124791
v 218064.7733961026 8957136.140675453 -2043.723957289359
v 218069.4615395946 8957141.005915049 -2042.564714247949
v 218093.3454710034 8957165.613585938 -2036.600254346447
v 218099.0017911147 8957171.904770853 -2035.07179467103
v 218106.4903308745 8957180.156422425 -2033.023231465121
v 218107.6961524961 8957181.465966368 -2032.687180468823
v 218129.2728094363 8957201.979359647 -2027.436132649815
v 218153.7727350517 8957225.929344386 -2021.730137283388
v 218154.8493832631 8957226.990910938 -2021.482932308932
v 218155.2054409394 8957227.332389981 -2021.397437316559
v 218156.1428223619 8957228.223254958 -2021.169183225669
v 218158.2779173895 8957230.252784304 -2020.649434236232
v 218194.4230546957 8957267.103022551 -2011.21451430452
v 218197.0438043705 8957269.738318948 -2010.516334102257
v 218207.9272696994 8957279.604928421 -2007.895458235112
v 218232.1371801308 8957301.717064645 -2002.139000868448
v 218233.2168832657 8957302.685064463 -2001.87414245471
v 218250.0932073689 8957319.317236891 -1997.34561694363
v 218267.5216988268 8957336.536543036 -1992.687573441735
v 218289.0043901748 8957357.846433654 -1986.588094219839
v 218299.0970637154 8957368.542630352 -1983.547425117328
v 218282.9429518027 8957351.427846862 -1988.416280339492
v 218299.3111611178 8957368.755670471 -1983.486575677513
v 218312.9723630401 8957382.374053387 -1979.613491367224
v 218326.3038704938 8957395.326612009 -1975.702293420218
v 218337.122407774 8957405.708196703 -1972.527202910992
v 218360.5303140106 8957427.597507555 -1965.691615979009
v 218333.9284789458 8957402.696372915 -1973.450509395803
v 218367.6856950061 8957434.041543834 -1963.509690830582
v 218387.0216304213 8957449.29095597 -1958.219201137532
v 218398.3468116835 8957458.188135311 -1955.106707599165
v 218400.4341072614 8957459.903529583 -1954.511715186579
v 218437.5239792012 8957489.186951337 -1943.506553150845
v 218439.8748238088 8957491.053114066 -1942.812669745521
v 218440.6930610311 8957491.685992273 -1942.56514091288
v 218443.0118523925 8957493.443305602 -1941.850605425004
v 218471.4005111925 8957513.273634506 -1933.631414876829
v 218502.5451262844 8957534.437801121 -1924.390430900482
v 218503.6985913437 8957535.219862096 -1924.047513531033
v 218508.035099213 8957538.046231598 -1922.794837589144
v 218516.4681363904 8957543.377030276 -1920.300049760664
v 218522.4602658556 8957547.100301605 -1918.504455031258
v 218536.6884052831 8957555.558430683 -1914.370469460476
v 218550.7861726371 8957564.193861799 -1910.188067068791
v 218582.4973289697 8957582.917103522 -1900.539989886613
v 218589.9900522174 8957587.267410731 -1898.235103688372
v 218657.5046123413 8957623.644890232 -1877.541937531541
v 218659.3170771661 8957624.614950296 -1876.985211240315
v 218663.400737035 8957626.83870199 -1875.716478016495
v 218592.3993268882 8957588.630075915 -1897.481573752796
v 218596.8151626429 8957591.027475487 -1896.136902324427
v 218624.2580279294 8957606.007976072 -1887.808359879942
v 218638.2939918843 8957613.434247319 -1883.467331105742
v 218664.0732234438 8957627.195789171 -1875.504331341025
v 218671.6664639015 8957631.040250845 -1873.180620129142
v 218673.5587552144 8957632.030761041 -1872.589129486089
v 218705.8610611823 8957648.529464083 -1862.359529837786
v 218724.9246493299 8957658.015992586 -1856.241405602967
v 218744.1364687457 8957667.670681927 -1850.106249716566
v 218755.5138814059 8957673.251624167 -1846.428743752767
v 218769.3758829116 8957679.789457846 -1842.055094719545
v 218780.1878495588 8957684.751825482 -1838.598495618947
v 218797.5751384004 8957692.642174561 -1833.010039341792
v 218803.1714371164 8957695.206833428 -1831.219614997332
v 218825.6061300059 8957705.695061533 -1823.952475286321
v 218847.3551927579 8957715.363882992 -1817.012820886533
v 218869.7812608301 8957724.655005034 -1810.033180606381
v 218838.4316599481 8957711.60553153 -1819.769085767464
v 218877.8830782747 8957727.921942433 -1807.480971033307
v 218880.8779127338 8957729.233222196 -1806.490204763085
v 218907.0095972341 8957740.903799484 -1797.914487384117
v 218910.8158264591 8957742.573123086 -1796.656132130709
v 218925.0849485201 8957748.488485293 -1792.096798761394
v 218940.4145263191 8957754.850734094 -1787.200844155732
v 218942.4076465238 8957755.730251839 -1786.54010840507
v 218948.1557391255 8957758.294982715 -1784.643773922124
v 218959.5013076295 8957763.277019944 -1780.874635900206
v 218990.0736289294 8957776.410661085 -1770.623178863889
v 218996.3976693115 8957779.090767821 -1768.490660672636
v 219005.9932111528 8957783.357237702 -1765.15812248183
v 219028.3562519892 8957793.507788138 -1757.457191506687
v 219065.5569741304 8957810.054361144 -1744.539259382259
v 219068.0102103693 8957811.145518104 -1743.687367284732
v 219068.6547019033 8957811.437956767 -1743.465400178951
v 219069.8471642419 8957811.973148897 -1743.052839700804
v 219075.7590748678 8957814.573450718 -1740.990644693556
v 219087.3814106904 8957819.976842951 -1736.788708430889
v 219100.2209288133 8957825.574507507 -1732.335226865383
v 219113.7788885091 8957832.03368555 -1727.354406651716
v 219136.4152926265 8957842.73433782 -1719.013681750768
v 219149.5066549951 8957848.97823834 -1714.206351898163
v 219149.6914208725 8957849.062372526 -1714.140535761184
v 219169.1603654982 8957857.854739556 -1707.183462115052
v 219186.7938537736 8957865.637246991 -1700.827764303537
v 219210.9778086956 8957876.422394881 -1692.144679758773
v 219211.9089793627 8957876.871005986 -1691.792827737141
v 219223.8580102134 8957882.638097238 -1687.281212954233
v 219228.1492501465 8957884.541536281 -1685.74925933316
v 219238.8635765062 8957889.316753196 -1681.931953238681
v 219240.3526113939 8957890.035874994 -1681.372295903295
v 219269.1627826411 8957903.707101583 -1670.473669504972
v 219284.7086456273 8957911.029260822 -1664.576938899863
v 219345.3821307382 8957937.829141056 -1642.680049441037
v 219348.3111110503 8957939.216721674 -1641.570977125344
v 219351.2746230769 8957940.59879116 -1640.441628252644
v 219361.0834929001 8957945.223250864 -1636.720073525493
v 219375.4924265412 8957952.025891362 -1631.256333080821
v 219353.1533188721 8957941.472194562 -1639.72478104232
v 219297.1089945833 8957916.917764232 -1659.887214253375
v 219305.1866461856 8957920.425316911 -1657.010379180777
v 219389.5072435137 8957958.454860726 -1626.046038472291
v 219415.3210405308 8957970.20779375 -1616.419544501432
v 219427.6943812738 8957975.918430561 -1611.831122140513
v 219440.3044678091 8957981.717459589 -1607.14790868152
v 219450.4548890434 8957986.508045081 -1603.309740636135
v 219466.4176553943 8957993.93392466 -1597.24177155826
v 219468.3819232617 8957994.844966356 -1596.494278148646
v 219475.0567121003 8957997.861256946 -1593.999555000421
v 219481.3765714345 8958000.749852272 -1591.647350564368
v 219506.5232766577 8958012.886599502 -1581.921116580012
v 219524.2371924931 8958021.405675789 -1575.059914652745
v 219540.4797040281 8958029.20343462 -1568.764207672477
v 219541.6810703355 8958029.788285116 -1568.301170974036
v 219544.0279334024 8958030.865497783 -1567.433792488781
v 219549.7404049039 8958033.483900456 -1565.321327898068
v 219586.4324558098 8958050.126402382 -1551.695013305238
v 219604.817500533 8958058.407088408 -1544.848271483136
v 219612.8939267091 8958062.092008244 -1541.856035393296
v 219613.4838188911 8958062.377884541 -1541.627776591025
v 219614.1104836298 8958062.67599242 -1541.388531670972
v 219622.7648300059 8958067.028051872 -1537.94808637936
v 219653.1042829689 8958082.265321266 -1525.880636281704
v 219664.8289743426 8958088.097443415 -1521.19910703548
v 219682.2386883064 8958096.794636119 -1514.259547810257
v 219699.6718862955 8958105.496151462 -1507.308252280492
v 219705.8365202013 8958108.566650754 -1504.853987067956
v 219719.7220411713 8958115.569500767 -1499.353698400432
v 219737.349658292 8958124.349091858 -1492.335651750696
v 219740.8214759187 8958126.179148747 -1490.89337574466
v 219757.7099320394 8958135.064841192 -1483.871576561203
v 219776.5501089664 8958145.014644381 -1476.05167276801
v 219787.1749039968 8958150.657301459 -1471.653013341091
v 219803.0150448992 8958159.002571659 -1465.135143650338
v 219815.9766897346 8958165.761953024 -1459.776759220078
v 219825.2531468589 8958170.593211595 -1455.939565885204
v 219825.9355813302 8958170.952662528 -1455.658728527114
v 219853.6604608579 8958186.345768187 -1443.77307268498
v 219855.8658186404 8958187.568574013 -1442.827107995765
v 219872.8705663494 8958196.85875125 -1435.616645724059
v 219886.2119582799 8958204.137196509 -1429.956183552722
v 219889.5082584801 8958206.053922132 -1428.486577429436
v 219891.8252714408 8958207.409117946 -1427.456429135522
v 219895.3476961825 8958209.468026692 -1425.889875563179
v 219923.4931010895 8958225.783685109 -1413.323494997005
v 219927.9217712558 8958228.378397774 -1411.329487613014
v 219952.8815942084 8958243.025867816 -1400.099909831392
v 219956.8099758139 8958245.345013682 -1398.33748870822
v 219964.4107326234 8958250.097930685 -1394.766012765495
v 219977.9799742815 8958258.573860576 -1388.387071631785
v 219989.6709347058 8958265.813083697 -1382.870665703006
v 220000.1774032328 8958272.482484223 -1377.812497680973
v 220030.2876566969 8958291.790717185 -1363.378753310428
v 220034.3278692081 8958294.35876001 -1361.434734528144
v 220038.4984203066 8958297.006228374 -1359.426904935392
v 220050.2231270602 8958304.463400338 -1353.786865500041
v 220066.3536159843 8958315.012711689 -1345.847620147512
v 220070.213128922 8958317.551046513 -1343.952999182603
v 220088.9731944684 8958330.877295287 -1334.132702056721
v 220095.6913332786 8958335.785003828 -1330.53219540932
v 220102.290671621 8958340.571663747 -1326.984995144855
v 220108.7591668318 8958345.262206862 -1323.507757249174
v 220135.2771299164 8958364.611662433 -1309.289012062297
v 220135.8672779601 8958365.065816864 -1308.957888020737
v 220165.2384336756 8958387.665526243 -1292.477208883744
v 220168.6885661581 8958390.302858373 -1290.536204407825
v 220171.6146552147 8958392.540375201 -1288.890245803016
v 220172.8813388032 8958393.512563882 -1288.178767745464
v 220187.0075892679 8958404.71891509 -1280.014753062148
v 220199.8371450503 8958415.481472032 -1272.231735213824
v 220228.7925355072 8958440.66262039 -1254.113901321909
v 220231.4014124643 8958442.923860047 -1252.47696024915
v 220200.8870784013 8958416.36259196 -1271.594899321051
v 220251.439700538 8958460.346855043 -1239.917656603149
v 220264.19910363 8958472.686378743 -1231.13234833012
v 220265.0771520064 8958473.530936565 -1230.526667947981
v 220266.1949439521 8958474.60696198 -1229.755821910203
v 220290.0995787609 8958497.696576595 -1213.289751428472
v 220302.2668518723 8958509.448852951 -1204.908611480389
v 220312.6062617381 8958520.18398756 -1197.309513279519
v 220317.0951148297 8958524.820922865 -1194.005906674081
v 220319.5468024689 8958527.52668567 -1192.090444145453
v 220328.7884929188 8958537.729532512 -1184.870653575245
v 220339.8798047696 8958550.018551841 -1176.213505618384
v 220345.4902937648 8958556.254863031 -1171.82152008036
v 220357.4617005451 8958569.562998954 -1162.450340192302
v 220371.2812570532 8958584.847506892 -1151.618853531246
v 220371.7118774819 8958585.365197929 -1151.254616146618
v 220390.6801510855 8958608.190448269 -1135.213755491156
v 220391.3006062915 8958609.002877938 -1134.646621972315
v 220408.7295874949 8958631.806950137 -1118.713836484093
v 220417.9662095902 8958643.871816512 -1110.268234987177
v 220420.3416756974 8958647.189918632 -1107.956253403491
v 220394.0299601843 8958612.586526513 -1132.152744407769
v 220395.3174279768 8958614.275890056 -1130.976252120328
v 220421.5255162891 8958648.83451434 -1106.803386702609
v 220423.6534065095 8958651.790973416 -1104.731198842158
v 220445.1783871936 8958681.780422045 -1083.775794798926
v 220457.8807232104 8958699.649445212 -1071.303687095226
v 220466.4604375253 8958713.45640745 -1061.69099762982
v 220468.2229239019 8958716.154666161 -1059.807041480952
v 220457.1569097595 8958698.477493158 -1072.114836603336
v 220486.0332612648 8958743.435908237 -1040.76898749949
v 220497.2582601717 8958760.621815054 -1028.770348693562
v 220510.3511535875 8958780.64131942 -1014.775498962377
v 220511.8050494287 8958782.850305442 -1013.221671662233
v 220487.636392439 8958745.89689834 -1039.055261749475
v 220514.3913564185 8958786.782624245 -1010.457553641761
v 220488.5643490701 8958747.322361592 -1038.063273392265
v 220516.1130907536 8958789.403850865 -1008.617393273194
v 220520.4921155855 8958797.352377979 -1003.085032335341
v 220531.241595572 8958816.983715607 -989.42489269524
v 220532.4874168951 8958819.269452488 -987.8347277304156
v 220539.8503137786 8958832.798751412 -978.4343469705957
v 220551.7508145946 8958854.537469326 -963.2557123936385
v 220552.4688196269 8958855.683464469 -962.4504517549997
v 220566.8007832349 8958878.553766355 -946.377184406635
v 220570.4791699978 8958885.234926281 -941.7042530062783
v 220560.0239340012 8958867.752211949 -953.9763589707825
v 220574.2102259817 8958891.960025884 -936.9723341421732
v 220588.6850814635 8958918.185273828 -918.5939219089437
v 220592.462978931 8958925.017378647 -913.7991386407066
v 220594.8710539705 8958928.68001594 -911.2089396939941
v 220612.4079501231 8958955.301813444 -892.351559083249
v 220616.7603602263 8958961.926218025 -887.6694671543637
v 220619.8292424607 8958966.599491065 -884.3678532824561
v 220624.927852667 8958975.156008979 -878.3350127660678
v 220619.1032205705 8958965.497028746 -885.1485800506441
v 220628.2492557298 8958980.707934633 -874.4087050652599
v 220637.521698513 8958994.081076261 -864.891382805683
v 220651.0540450961 8959013.601419518 -851.0011690151866
v 220659.8005585622 8959026.175344199 -842.0295326911328
v 220674.9488533346 8959047.964025253 -826.4896697257643
v 220680.5547780312 8959056.050531669 -820.7354963462808
v 220682.9289590251 8959059.469624063 -818.2993441977026
v 220684.2929902844 8959061.431448398 -816.9000745507067
v 220686.4740132497 8959064.50378364 -814.7067067962723
v 220692.338292472 8959071.494961604 -809.6749217723939
v 220707.8895090496 8959090.626683721 -795.9276203134607
v 220712.3179913945 8959096.07606687 -792.0127414278481
v 220733.6613503049 8959122.284258582 -773.148733649025
v 220734.1829927213 8959122.925066717 -772.6876685539833
v 220754.5892926875 8959144.76160557 -756.8679139294986
v 220708.6270907088 8959091.53811398 -795.2753059731001
v 220754.8846148587 8959145.07649683 -756.639015770138
v 220760.0709850671 8959150.51599656 -752.6814850892933
v 220766.9412556535 8959157.724226905 -747.4389493420192
v 220788.7082619393 8959180.606956057 -730.8276862749444
v 220788.9230752212 8959180.807773247 -730.6809654403423
v 220806.5673833458 8959197.322704464 -718.6295145803724
v 220820.103757519 8959209.944485284 -709.3841400401739
v 220829.6681654376 8959218.8944644 -702.8514512517422
v 220841.326852084 8959229.804183317 -694.8883266974785
v 220844.7213599276 8959232.981401917 -692.5698031909903
v 220844.9771654329 8959233.220832799 -692.3950824053713
v 220847.2542942956 8959235.274244865 -690.8934696530496
v 220847.2710718516 8959235.288281372 -690.8831589756755
f 8153 8579 8580
f 8580 8581 8153
f 8153 8581 4618
f 4618 8581 8582
f 8583 4618 8582
f 4619 4618 8583
f 8585 4619 8584
f 4619 8583 8584
f 4619 8585 8586
f 1805 8586 8587
f 1805 8587 8588
f 1805 4619 8586
f 8589 1805 8588
f 1809 1805 8589
f 8590 1809 8589
f 1809 8590 8591
f 1809 8591 8592
f 8594 1810 8593
f 1810 8592 8593
f 1810 1809 8592
f 1810 8594 8595
f 8595 8596 1810
f 8596 4624 1810
f 4624 8596 8597
f 4624 8597 8598
f 4625 8598 8599
f 4625 4624 8598
f 4625 8599 8600
f 8600 8604 4625
f 4625 8604 4635
f 8602 4636 8601
f 4636 4635 8601
f 8601 4635 8606
f 4636 8602 8603
f 8603 8607 4636
f 8607 6969 4636
f 8607 8608 6969
f 8605 4635 8604
f 8606 4635 8605
f 8609 6969 8608
f 6969 8609 8610
f 8610 8611 6974
f 6969 8610 6974
f 8611 8612 6974
f 8612 8613 6974
f 8613 8614 7696
f 6974 8613 7696
f 8614 8615 7696
f 7696 8615 5969
f 8616 5969 8615
f 8617 5969 8616
f 8617 8618 5969
f 8618 8619 5969
f 8619 8620 5969
f 8620 8621 5968
f 8620 5968 5969
f 8621 8622 5968
f 5963 5968 8622
f 5963 8622 8623
f 8624 8625 5963
f 8625 3249 5963
f 8623 8624 5963
f 3249 8625 8626
f 3249 8626 8627
f 3249 8627 8628
f 8628 5961 3249
f 8629 5961 8628
f 8629 8630 5961
f 8630 8631 5961
f 5961 8631 5960
f 5960 8631 8632
f 8632 8633 5960
f 8633 8634 5960
f 8635 5970 8634
f 8635 8636 5970
f 5960 8634 5970
f 8636 8637 5970
f 8637 4614 5970
f 8637 8638 4614
f 8638 8639 4614
f 8639 4613 4614
f 8640 4613 8639
f 8641 4613 8640
f 8641 8642 4613
f 8642 8643 4613
f 8643 8644 4613
f 8644 8645 6952
f 4613 8644 6952
f 8645 8646 6952
f 4608 6952 8646
f 4608 8646 8647
f 8648 4608 8647
f 8649 4608 8648
f 4607 4608 8649
f 4607 8649 8650
f 8652 4607 8651
f 4607 8650 8651
f 8653 4607 8652
f 4605 4607 8653
f 8655 4605 8654
f 4605 8653 8654
f 8656 4605 8655
f 4606 4605 8656
f 8658 4606 8657
f 4606 8656 8657
f 8659 4606 8658
f 8659 4609 4606
f 4611 8678 8660
f 4611 8660 8661
f 8662 4611 8661
f 8662 4882 4611
f 4882 8662 8663
f 8664 4882 8663
f 8664 4883 4882
f 8668 4883 8667
f 4883 8664 8665
f 4883 8665 8666
f 4883 8666 8667
f 8669 4883 8668
f 4886 4883 8669
f 8670 4886 8669
f 7109 8670 8671
f 7109 4886 8670
f 7109 8671 8672
f 7109 8672 8679
f 7109 8679 8680
f 8673 4609 8659
f 8674 4609 8673
f 8675 4609 8674
f 4595 8675 8676
f 4595 8676 8677
f 4595 4609 8675
f 4611 8677 8678
f 4611 4595 8677
f 8681 7109 8680
f 8681 7110 7109
f 7110 8681 8682
f 7110 8682 8683
f 5155 8683 8684
f 5155 7110 8683
f 8685 5155 8684
f 8686 5155 8685
f 8686 7101 5155
f 8689 7101 8688
f 7101 8686 8687
f 7101 8687 8688
f 8690 7101 8689
f 7102 7101 8690
f 8692 7102 8691
f 7102 8690 8691
f 8693 7104 8692
f 7104 7102 8692
f 8695 7104 8694
f 7104 8693 8694
f 8695 8696 8027
f 7104 8695 8027
f 8698 8027 8697
f 8027 8696 8697
f 8027 8698 8699
f 8022 8699 8700
f 8022 8700 8701
f 8022 8027 8699
f 8702 8022 8701
f 8026 8022 8702
f 8026 8702 8703
f 8026 8703 8704
f 8705 8026 8704
f 8031 8026 8705
f 8706 8031 8705
f 8707 8031 8706
f 8708 8031 8707
f 8710 8028 8709
f 8028 8708 8709
f 8028 8031 8708
f 8028 8710 8711
f 8028 8711 8135
f 8711 8712 8135
f 8712 8713 8135
f 8135 8713 8714
f 8135 8714 8136
f 8714 8715 8136
f 8715 8716 8136
f 8716 8717 8136
f 8718 8042 8717
f 8717 8042 8136
f 8719 8042 8718
f 8041 8042 8719
f 8720 8041 8719
f 8041 8720 8721
f 8721 8722 8041
f 8722 8723 8724
f 8722 8724 8041
f 8724 7131 8041
f 7131 8724 8725
f 8726 7131 8725
f 7131 8726 8727
f 8727 8728 8729
f 7129 8727 8729
f 8727 7129 7131
f 8730 7129 8729
f 4943 7129 8730
f 8731 4943 8730
f 8732 4943 8731
f 4939 8732 8733
f 4939 4943 8732
f 8734 4939 8733
f 8735 4939 8734
f 8736 4939 8735
f 8737 4939 8736
f 8737 4940 4939
f 8738 4940 8737
f 8739 4940 8738
f 8741 2178 8740
f 2178 8739 8740
f 2178 4940 8739
f 8742 2178 8741
f 2178 8742 8743
f 2173 8743 8744
f 2173 2178 8743
f 8745 2173 8744
f 2174 2173 8745
f 8746 2174 8745
f 8748 478 8747
f 8750 478 8748
f 8747 478 2174
f 8749 2174 8746
f 8749 8747 2174
f 8751 478 8750
f 8751 477 478
f 477 8751 8752
f 477 8752 8753
f 8755 480 8754
f 480 477 8754
f 8754 477 8753
f 480 8755 8756
f 480 8756 2384
f 8756 8757 2384
f 8757 8758 2384
f 8758 8759 2384
f 2384 8759 8760
f 2384 8760 2387
f 2387 8760 8761
f 2387 8761 8762
f 2387 8762 8763
f 8763 5148 2387
f 5148 8763 8764
f 5148 8764 8765
f 8766 5148 8765
f 8767 5150 8766
f 5150 5148 8766
f 5150 8767 8768
f 5150 8768 7232
f 8768 8769 7232
f 8769 8770 7232
f 7232 8770 8771
f 7232 8771 8772
f 7232 8772 7233
f 8772 8773 7233
f 7233 8773 8774
f 8774 7234 7233
f 8775 7234 8774
f 8775 8776 7234
f 7234 8777 8778
f 7234 8776 8777
f 8779 7245 8778
f 8778 7245 7234
f 8779 8780 7245
f 8781 7245 8780
f 7246 8781 8782
f 7246 8782 8783
f 7246 8783 8784
f 7246 8784 8785
f 7246 8785 8786
f 7246 7245 8781
f 7246 8786 8787
f 7246 8787 7676
f 8787 8788 7676
f 7676 8788 8789
f 7676 8789 8051
f 8789 8790 8051
f 8790 8791 8051
f 8791 8792 8051
f 8792 7217 8051
f 7217 8792 8793
f 8794 7217 8793
f 8795 7217 8794
f 7203 7217 8795
f 8796 7203 8795
f 7203 8796 8797
f 8798 7203 8797
f 5090 7203 8798
f 5090 8798 8799
f 5090 8799 8800
f 8802 5090 8801
f 5090 8800 8801
f 5091 8802 8803
f 5091 5090 8802
f 8805 5091 8804
f 5091 8803 8804
f 8806 5091 8805
f 5063 8806 8807
f 5063 5091 8806
f 8808 5063 8807
f 8808 5064 5063
f 8810 5064 8809
f 5064 8808 8809
f 8811 5064 8810
f 8812 5064 8811
f 5066 5064 8812
f 5066 8812 8813
f 8814 5066 8813
f 5066 8814 8815
f 8815 5092 5066
f 8816 5092 8815
f 8817 5092 8816
f 7204 8818 8819
f 7204 8819 8820
f 5092 8821 8818
f 5092 8817 8821
f 8818 7204 5092
f 7204 8820 8822
f 7204 8822 8823
f 7205 8823 8824
f 7205 8824 8825
f 7205 7204 8823
f 8826 7205 8825
f 8826 5899 7205
f 8827 5899 8826
f 8828 5899 8827
f 8829 5899 8828
f 8829 5887 5899
f 8830 5887 8829
f 8831 5887 8830
f 5887 8831 8832
f 8833 5887 8832
f 8833 3172 5887
f 3172 8833 8834
f 3172 8834 8835
f 8836 3172 8835
f 8838 3173 8837
f 8837 3172 8836
f 3173 3172 8837
f 3173 8838 8839
f 8840 3173 8839
f 8841 797 8840
f 8842 797 8841
f 8840 797 3173
f 8843 797 8842
f 8843 3157 797
f 3157 8843 8844
f 3157 8844 8845
f 8846 3157 8845
f 8846 798 3157
f 798 8846 8847
f 798 8847 8848
f 798 8848 3158
f 3158 8848 8849
f 8851 3159 8850
f 3159 3158 8850
f 8850 3158 8849
f 8852 3159 8851
f 3160 3159 8852
f 3160 8852 8853
f 8853 8854 8855
f 8853 8855 3160
f 8855 8856 3160
f 3160 8856 3174
f 8857 3174 8856
f 3174 8857 8858
f 3174 8858 5890
f 8858 8859 5890
f 8860 5890 8859
f 8861 5890 8860
f 8862 5890 8861
f 5900 5890 8862
f 5900 8862 8867
f 8863 8864 6000
f 5900 8867 8863
f 5900 8863 6000
f 8864 8865 6000
f 8865 8866 6000
f 8866 8868 6000
f 8869 8870 6000
f 6000 8870 5999
f 5999 8870 8871
f 8868 8869 6000
f 8871 8872 5999
f 5997 8872 8873
f 8872 5997 5999
f 8874 8875 5998
f 5997 8874 5998
f 8873 8876 5997
f 5997 8877 8874
f 5997 8876 8877
f 8878 8879 6001
f 8879 8880 6001
f 5998 8878 6001
f 8875 8878 5998
f 8882 6001 8881
f 6001 8880 8881
f 8882 8883 6914
f 6001 8882 6914
f 8883 8884 6914
f 8884 8885 6914
f 8885 8886 6913
f 8885 6913 6914
f 8886 8887 6913
f 8887 6895 6913
f 8888 6895 8887
f 8889 6895 8888
f 8890 6895 8889
f 8891 6869 8890
f 6869 6895 8890
f 6869 8891 8892
f 8893 6869 8892
f 8894 6869 8893
f 8895 4517 8894
f 4517 6869 8894
f 8896 4517 8895
f 8897 4489 8896
f 4489 4517 8896
f 8900 4489 8899
f 4489 8897 8898
f 4489 8898 8899
f 8901 4488 8900
f 4488 4489 8900
f 4488 8901 8902
f 4488 8902 4518
f 8908 4519 8907
f 8903 4518 8906
f 8904 4518 8903
f 4519 4518 8904
f 4519 8904 8907
f 4518 8902 8905
f 4518 8905 8906
f 4520 8909 8910
f 4520 4519 8909
f 4519 8908 8909
f 8911 4520 8910
f 8912 4520 8911
f 8913 4480 8912
f 8914 4480 8913
f 8912 4480 4520
f 8914 8915 4480
f 8915 8916 4479
f 8915 4479 4480
f 8916 8917 4479
f 4479 8917 8918
f 4479 8918 4473
f 8918 8919 4473
f 8919 8920 4473
f 4473 8920 4472
f 8920 8921 4472
f 8921 8922 4472
f 8922 8923 4472
f 8923 8924 4472
f 8925 4471 8924
f 8924 4471 4472
f 8925 8926 4471
f 1687 4471 8926
f 8926 8927 1687
f 8927 8928 1687
f 1687 8929 8930
f 1687 8930 8931
f 1687 8931 4467
f 8931 8932 4467
f 8928 8929 1687
f 4467 8933 8934
f 4467 8934 4468
f 8934 8935 4468
f 8933 4467 8932
f 4468 8936 8937
f 4468 8937 6849
f 8937 8938 6849
f 4468 8935 8936
f 6848 8939 8940
f 6848 6849 8939
f 6719 8940 8941
f 6719 6848 8940
f 6849 8938 8939
f 6719 8941 8942
f 6719 8942 6850
f 8942 8943 6850
f 8943 8944 6850
f 8946 6850 8945
f 6850 8944 8945
f 8947 7962 8946
f 6850 8946 7962
f 8949 7962 8948
f 7962 8947 8948
f 8950 7963 8949
f 7963 7962 8949
f 8954 7964 8952
f 7964 8951 8952
f 7964 7963 8951
f 8953 7963 8950
f 8951 7963 8953
f 8955 7964 8954
f 7965 7964 8955
f 8956 7965 8955
f 8958 6835 8957
f 8957 6835 7965
f 8959 7965 8956
f 8957 7965 8959
f 8960 6835 8958
f 8961 6835 8960
f 8961 8962 6826
f 8962 8963 6826
f 8961 6826 6835
f 8964 6826 8963
f 4459 6826 8964
f 8965 4459 8964
f 4459 8965 8966
f 8966 8967 4459
f 4459 8967 4446
f 4446 8967 8968
f 8969 4446 8968
f 1681 4446 8969
f 8970 1681 8969
f 8971 1681 8970
f 1681 8971 8972
f 8972 8973 1681
f 1681 8973 1680
f 8973 8974 1680
f 8974 8975 1680
f 1679 8976 8977
f 8976 1679 1680
f 8975 8976 1680
f 8978 8979 1675
f 8979 8980 1675
f 8977 8981 1679
f 1679 8981 8982
f 1679 8982 1678
f 8982 8983 1678
f 8983 8984 1678
f 1675 1678 8984
f 8978 1675 8984
f 1675 8980 8985
f 1675 8985 8986
f 1675 8986 8987
f 8988 1676 8987
f 1675 8987 1676
f 1676 8988 8989
f 1676 8989 1682
f 8989 8990 1682
f 1682 8990 8991
f 1682 8991 8992
f 8993 4447 8992
f 1682 8992 4447
f 4447 8993 8994
f 4447 8994 4460
f 8994 8995 4460
f 8995 8996 4460
f 8997 8998 6828
f 4460 8997 6828
f 4460 8999 8997
f 4460 8996 8999
f 8998 9000 6828
f 9000 9001 6828
f 9001 6817 6828
f 9002 6817 9001
f 9003 6817 9002
f 9004 6817 9003
f 6811 6817 9004
f 9005 6811 9004
f 9006 6811 9005
f 9006 9007 6811
f 9007 9008 6811
f 9009 6810 9008
f 9008 6810 6811
f 9009 9010 6810
f 6810 9010 9011
f 6810 9011 4436
f 9011 9012 4436
f 4431 9013 9014
f 9014 9015 4431
f 9012 9013 4436
f 4431 4436 9013
f 9015 9016 4431
f 4431 9016 9017
f 9017 4432 4431
f 9018 4432 9017
f 9019 4432 9018
f 9020 4432 9019
f 4432 9020 9021
f 9021 4433 4432
f 9021 9022 4433
f 9022 9023 4433
f 9023 9024 4433
f 9024 9025 4434
f 4433 9024 4434
f 9025 9026 4434
f 4434 9026 4114
f 4114 9026 9027
f 9029 4114 9028
f 4114 9027 9028
f 9030 4114 9029
f 9031 4114 9030
f 9032 4115 9031
f 4115 4114 9031
f 9033 4115 9032
f 3289 4115 9033
f 9035 3289 9034
f 9034 3289 9041
f 3290 9035 9036
f 3290 3289 9035
f 4117 9037 9038
f 4117 9038 9042
f 9039 3290 9036
f 3291 3290 9039
f 3291 9039 9037
f 3291 9037 4117
f 9041 3289 9040
f 3289 9033 9040
f 9043 4117 9042
f 9043 4116 4117
f 9044 4116 9043
f 9045 4116 9044
f 4116 9045 9046
f 4118 9046 9047
f 4118 4116 9046
f 9048 4118 9047
f 9049 4118 9048
f 4119 4118 9049
f 4119 9049 9050
f 4119 9050 9051
f 9052 4119 9051
f 6016 4119 9052
f 6016 9052 9053
f 9054 6016 9053
f 9055 6016 9054
f 4056 9056 9057
f 9056 4056 6016
f 9056 6016 9055
f 9057 9058 4056
f 3295 4056 9058
f 9059 3295 9058
f 9060 3295 9059
f 9061 3295 9060
f 3295 9061 9062
f 9063 3295 9062
f 1379 9063 9064
f 9063 1379 3295
f 9065 1379 9064
f 9065 1371 1379
f 9066 1371 9065
f 9067 1371 9066
f 9067 9068 1371
f 9069 1370 9068
f 9070 1370 9069
f 9068 1370 1371
f 9071 9072 124
f 9070 9071 1370
f 1370 9071 124
f 9074 124 9073
f 124 9072 9073
f 9074 9075 1369
f 124 9074 1369
f 1369 9075 9076
f 1369 9076 1372
f 1372 9076 9077
f 1372 9077 9078
f 1372 9078 9079
f 1372 9079 9080
f 1372 9080 1380
f 9080 9081 1380
f 9081 9082 1380
f 1380 9082 9083
f 9084 9085 4040
f 9085 9086 4040
f 1380 9084 4040
f 9084 1380 9083
f 4040 9086 9087
f 4040 9087 4057
f 9089 4057 9088
f 4057 9087 9088
f 4057 9089 9090
f 9090 9091 6509
f 9091 9092 6509
f 4057 9090 6509
f 9092 9093 6509
f 9093 9094 6520
f 6509 9093 6520
f 6520 9094 9095
f 6520 9095 7907
f 9095 9096 7907
f 9096 9097 7907
f 9097 9098 7907
f 9098 9099 7907
f 9099 9100 7907
f 7906 9100 9101
f 9100 7906 7907
f 9101 9102 7906
f 7906 9102 7905
f 9102 9103 7905
f 9103 9104 7905
f 9104 9105 7905
f 9106 7904 9105
f 9105 7904 7905
f 9106 9107 7904
f 7904 9107 7791
f 9107 9108 7791
f 9108 9109 7791
f 9109 9110 7791
f 9111 9112 7775
f 9111 7775 7791
f 9110 9113 7791
f 7791 9113 9111
f 9112 9114 7775
f 9114 9115 7775
f 6163 9115 9116
f 9115 6163 7775
f 9117 6163 9116
f 9117 6145 6163
f 6145 9117 9118
f 9119 6145 9118
f 9120 6145 9119
f 9121 3436 9120
f 3436 9121 9122
f 9120 3436 6145
f 9123 3436 9122
f 9123 3421 3436
f 3421 9123 9124
f 3421 9124 9125
f 9128 3419 9127
f 3419 9126 9127
f 3419 3421 9126
f 3421 9125 9126
f 9129 3419 9128
f 3420 3419 9129
f 3420 9129 9130
f 9133 884 9132
f 884 9131 9132
f 884 3420 9131
f 9134 3420 9130
f 3420 9134 9135
f 3420 9135 9131
f 9136 3422 9133
f 3422 884 9133
f 3422 9136 9137
f 3422 9137 3423
f 9138 3423 9137
f 9139 9140 3438
f 9140 9141 3438
f 3423 9139 3438
f 3423 9138 9142
f 9139 3423 9142
f 3438 9141 9143
f 3438 9143 6146
f 6147 9144 9145
f 6147 6146 9144
f 9145 9146 6165
f 6147 9145 6165
f 6146 9143 9147
f 6165 9146 9148
f 6165 9148 7776
f 9144 6146 9149
f 6146 9147 9149
f 9148 9150 7776
f 9150 9151 7776
f 9151 9152 7776
f 9152 9153 7776
f 9155 7793 9154
f 9155 9156 7793
f 7776 9154 7793
f 9153 9154 7776
f 9157 7792 9159
f 7792 7793 9159
f 7792 9157 9158
f 9160 7852 9158
f 7792 9158 7852
f 7793 9156 9159
f 9160 9161 7852
f 9162 7850 9161
f 9163 7850 9162
f 9161 7850 7852
f 7850 9163 9164
f 7850 9164 7851
f 9164 9165 7851
f 7851 9168 9166
f 7851 9166 9167
f 9165 9168 7851
f 9169 7851 9167
f 9170 7827 9169
f 7827 7851 9169
f 7827 9170 9171
f 7829 9171 9172
f 7829 7827 9171
f 9173 7829 9172
f 9173 7817 7829
f 7817 9173 9174
f 7817 9174 9175
f 9177 9178 7817
f 9178 7815 7817
f 9175 9176 7817
f 9176 9177 7817
f 9179 7815 9178
f 6211 9180 9181
f 9180 6211 7815
f 9182 6211 9181
f 6211 9182 9183
f 9184 7815 9179
f 9184 9180 7815
f 9185 6208 9183
f 6208 9185 9186
f 9183 6208 6211
f 9187 6208 9186
f 3528 6208 9187
f 9188 3528 9187
f 9189 3528 9188
f 3528 9189 9190
f 9191 3524 9190
f 9190 3524 3528
f 9192 3524 9191
f 944 9193 9194
f 944 3524 9193
f 9193 3524 9192
f 9197 8165 9196
f 8165 9194 9195
f 8165 9195 9196
f 8165 944 9194
f 6 5 2
f 6 7 5
f 7 8 5
f 8 2 5
f 10 9 4
f 10 11 9
f 12 9 11
f 12 4 9
f 15 14 13
f 14 16 13
f 16 17 13
f 17 18 13
f 18 19 13
f 15 13 19
f 22 21 20
f 21 23 20
f 25 24 20
f 24 22 20
f 23 26 20
f 26 27 20
f 27 28 20
f 28 25 20
f 31 30 29
f 30 32 29
f 34 33 29
f 33 31 29
f 32 35 29
f 35 36 29
f 36 37 29
f 37 34 29
f 45 42 44
f 45 44 46
f 47 45 46
f 47 42 45
f 43 49 48
f 49 50 48
f 50 51 48
f 51 43 48
f 38 53 52
f 53 54 52
f 54 55 52
f 55 38 52
f 57 56 40
f 57 58 56
f 58 59 56
f 59 40 56
f 62 61 60
f 62 63 61
f 63 64 61
f 64 65 61
f 65 66 61
f 66 67 61
f 60 61 67
f 70 69 68
f 69 72 71
f 68 69 71
f 70 72 69
f 73 72 70
f 76 75 74
f 75 77 74
f 77 78 74
f 79 74 78
f 81 80 74
f 80 76 74
f 79 81 74
f 84 83 82
f 86 85 82
f 85 84 82
f 83 87 82
f 87 88 82
f 88 89 82
f 89 86 82
f 92 91 90
f 94 93 90
f 93 92 90
f 91 95 90
f 95 96 90
f 96 97 90
f 97 94 90
f 100 99 98
f 102 101 99
f 101 103 99
f 103 104 99
f 98 99 104
f 102 99 100
f 107 106 105
f 105 109 108
f 108 107 105
f 106 109 105
f 112 111 110
f 111 114 113
f 110 111 113
f 112 114 111
f 117 116 115
f 116 118 115
f 120 119 115
f 119 117 115
f 118 121 115
f 121 122 115
f 122 123 115
f 123 120 115
f 126 102 125
f 126 125 127
f 128 126 127
f 128 102 126
f 131 130 129
f 133 129 132
f 133 131 129
f 130 132 129
f 136 135 134
f 138 137 135
f 137 139 135
f 139 140 135
f 134 135 140
f 138 135 136
f 143 142 141
f 145 144 141
f 144 143 141
f 142 145 141
f 146 145 142
f 149 148 147
f 151 150 147
f 150 149 147
f 148 151 147
f 148 152 151
f 155 154 153
f 154 156 153
f 156 157 153
f 157 158 153
f 158 159 153
f 155 153 159
f 162 161 160
f 164 160 163
f 164 162 160
f 161 163 160
f 161 165 163
f 168 167 166
f 166 170 169
f 168 166 169
f 167 170 166
f 96 95 171
f 95 172 171
f 169 171 172
f 174 173 171
f 173 96 171
f 169 174 171
f 114 176 175
f 176 177 175
f 179 178 175
f 178 114 175
f 177 180 175
f 180 181 175
f 181 182 175
f 182 179 175
f 185 184 183
f 184 186 183
f 187 185 183
f 186 188 183
f 188 189 183
f 189 190 183
f 190 191 183
f 191 187 183
f 194 193 192
f 193 195 192
f 195 196 192
f 196 197 192
f 197 198 192
f 198 194 192
f 201 200 199
f 200 202 199
f 202 203 199
f 199 203 204
f 205 199 204
f 201 199 205
f 208 207 206
f 210 209 206
f 209 208 206
f 207 211 206
f 211 212 206
f 212 213 206
f 213 210 206
f 216 215 214
f 214 215 217
f 220 219 218
f 219 221 218
f 221 222 218
f 222 223 218
f 223 224 218
f 224 225 218
f 225 220 218
f 230 229 228
f 230 231 229
f 231 232 229
f 232 233 229
f 236 235 234
f 235 237 234
f 237 238 234
f 238 239 234
f 239 240 234
f 240 236 234
f 243 242 241
f 242 244 241
f 244 245 241
f 245 246 241
f 246 247 241
f 247 243 241
f 256 255 254
f 257 256 254
f 257 258 256
f 258 259 256
f 260 255 256
f 259 260 256
f 263 262 261
f 264 263 261
f 267 266 265
f 268 267 265
f 266 269 265
f 269 270 265
f 271 268 265
f 270 271 265
f 274 273 272
f 249 274 272
f 277 276 275
f 276 278 275
f 279 277 275
f 278 280 275
f 280 281 275
f 282 279 275
f 281 282 275
f 271 270 283
f 271 283 284
f 287 286 285
f 287 288 286
f 288 289 286
f 291 290 286
f 290 285 286
f 289 291 286
f 294 293 292
f 293 295 292
f 296 294 292
f 295 297 292
f 297 298 292
f 298 296 292
f 301 300 299
f 302 301 299
f 302 303 301
f 303 304 301
f 305 300 301
f 304 305 301
f 307 306 303
f 308 306 307
f 303 306 304
f 308 309 306
f 310 306 309
f 304 306 310
f 313 312 311
f 312 314 311
f 314 315 311
f 315 316 311
f 316 317 311
f 317 313 311
f 320 319 318
f 321 319 320
f 321 322 319
f 322 323 319
f 323 324 319
f 324 318 319
f 327 326 325
f 326 328 325
f 329 327 325
f 328 330 325
f 330 331 325
f 331 329 325
f 334 333 332
f 333 335 332
f 335 336 332
f 338 337 332
f 337 334 332
f 332 336 338
f 341 340 339
f 341 342 340
f 343 339 340
f 344 343 340
f 347 346 345
f 336 335 346
f 335 345 346
f 347 348 346
f 348 349 346
f 349 336 346
f 352 351 350
f 351 329 350
f 353 352 350
f 329 354 350
f 354 355 350
f 355 353 350
f 358 357 356
f 358 359 357
f 362 361 360
f 361 363 360
f 363 364 360
f 364 365 360
f 365 366 360
f 366 362 360
f 282 281 367
f 370 369 368
f 369 371 368
f 372 370 368
f 371 373 368
f 373 374 368
f 374 372 368
f 377 376 375
f 377 378 376
f 378 379 376
f 381 380 376
f 380 375 376
f 376 379 381
f 384 383 382
f 384 385 383
f 385 386 383
f 388 387 383
f 387 382 383
f 386 388 383
f 391 390 389
f 390 392 389
f 371 391 389
f 392 393 389
f 393 394 389
f 394 371 389
f 397 396 395
f 398 395 396
f 395 398 377
f 399 395 377
f 399 358 395
f 358 397 395
f 402 401 400
f 401 403 400
f 404 402 400
f 403 405 400
f 405 406 400
f 406 404 400
f 409 408 407
f 409 410 408
f 410 411 408
f 413 412 408
f 412 407 408
f 408 411 413
f 416 415 414
f 416 417 415
f 417 418 415
f 418 419 415
f 419 420 415
f 420 414 415
f 423 422 421
f 422 424 421
f 424 425 421
f 426 423 421
f 425 427 421
f 427 428 421
f 428 426 421
f 431 430 429
f 430 432 429
f 433 431 429
f 432 434 429
f 434 435 429
f 435 436 429
f 436 433 429
f 439 438 437
f 438 440 437
f 440 441 437
f 441 442 437
f 442 443 437
f 443 439 437
f 446 445 444
f 445 447 444
f 447 448 444
f 448 449 444
f 449 450 444
f 450 446 444
f 453 452 451
f 453 454 452
f 457 456 455
f 456 458 455
f 459 457 455
f 458 460 455
f 460 461 455
f 461 459 455
f 464 463 462
f 464 465 463
f 465 457 463
f 457 466 463
f 466 467 463
f 467 462 463
f 470 469 468
f 470 471 469
f 474 473 472
f 475 472 473
f 476 475 473
f 479 478 477
f 479 477 480
f 483 482 481
f 482 484 481
f 484 485 481
f 485 486 481
f 486 487 481
f 487 483 481
f 498 497 496
f 497 499 496
f 500 498 496
f 499 501 496
f 501 502 496
f 502 503 496
f 503 500 496
f 506 505 504
f 508 507 505
f 507 504 505
f 508 505 506
f 511 510 509
f 510 512 509
f 513 511 509
f 512 514 509
f 514 515 509
f 513 509 516
f 515 516 509
f 519 518 517
f 519 520 518
f 520 521 518
f 523 522 518
f 522 517 518
f 521 523 518
f 526 525 524
f 525 527 524
f 528 526 524
f 527 529 524
f 529 530 524
f 530 528 524
f 532 531 502
f 533 531 532
f 502 531 534
f 512 531 533
f 512 510 531
f 511 531 510
f 511 534 531
f 537 536 535
f 536 538 535
f 539 537 535
f 538 540 535
f 540 541 535
f 541 542 535
f 542 539 535
f 544 515 543
f 545 544 537
f 545 516 544
f 516 515 544
f 538 544 543
f 538 536 544
f 537 544 536
f 548 555 554
f 556 554 555
f 549 554 556
f 519 549 556
f 548 554 549
f 559 558 557
f 560 559 557
f 562 561 558
f 561 557 558
f 562 558 559
f 563 562 559
f 547 551 564
f 551 565 564
f 566 547 564
f 565 567 564
f 567 560 564
f 560 566 564
f 570 569 568
f 570 571 569
f 571 572 569
f 574 573 569
f 573 568 569
f 572 574 569
f 577 576 575
f 576 578 575
f 579 577 575
f 578 580 575
f 581 579 575
f 575 580 581
f 584 583 582
f 586 585 583
f 585 582 583
f 584 586 583
f 589 588 587
f 588 590 587
f 590 591 587
f 592 589 587
f 591 593 587
f 593 594 587
f 594 592 587
f 597 596 595
f 596 598 595
f 598 599 595
f 601 600 595
f 600 597 595
f 599 602 595
f 602 603 595
f 603 601 595
f 606 605 604
f 605 607 604
f 608 606 604
f 607 609 604
f 609 610 604
f 610 611 604
f 611 612 604
f 612 608 604
f 615 614 613
f 614 616 613
f 616 617 613
f 618 615 613
f 617 607 613
f 607 605 613
f 605 606 613
f 606 618 613
f 621 620 619
f 599 620 622
f 599 619 620
f 621 622 620
f 625 624 623
f 625 623 626
f 627 625 626
f 622 624 627
f 627 624 625
f 630 629 628
f 631 628 629
f 634 633 632
f 634 635 633
f 637 636 632
f 636 634 632
f 633 637 632
f 633 638 637
f 640 639 635
f 640 641 639
f 642 639 641
f 638 639 642
f 638 633 639
f 635 639 633
f 645 644 643
f 646 645 643
f 644 647 643
f 647 186 643
f 186 184 643
f 184 185 643
f 185 646 643
f 650 649 648
f 650 651 649
f 651 652 649
f 654 653 649
f 653 648 649
f 649 652 654
f 657 656 655
f 657 658 656
f 660 659 655
f 659 657 655
f 656 660 655
f 656 661 660
f 664 663 662
f 663 665 662
f 666 665 663
f 669 668 667
f 669 670 668
f 671 668 670
f 668 671 666
f 663 668 666
f 663 667 668
f 674 673 672
f 675 672 673
f 670 674 672
f 676 672 675
f 677 672 676
f 677 670 672
f 680 679 678
f 680 681 679
f 682 679 681
f 679 682 675
f 673 679 675
f 678 679 673
f 685 684 683
f 685 686 684
f 687 684 686
f 681 683 684
f 688 684 687
f 689 684 688
f 689 681 684
f 692 691 690
f 692 693 691
f 693 694 691
f 696 695 691
f 695 690 691
f 694 696 691
f 699 698 697
f 698 700 697
f 701 699 697
f 700 702 697
f 701 697 703
f 697 702 703
f 706 705 704
f 706 707 705
f 708 704 705
f 708 705 407
f 711 710 709
f 711 712 710
f 712 713 710
f 715 714 710
f 714 709 710
f 710 713 715
f 718 717 716
f 717 719 716
f 720 718 716
f 719 721 716
f 721 722 716
f 722 723 716
f 723 720 716
f 726 725 724
f 726 727 725
f 727 728 725
f 730 729 725
f 729 724 725
f 728 730 725
f 733 732 731
f 732 734 731
f 734 735 731
f 737 736 731
f 736 733 731
f 731 735 737
f 740 739 738
f 741 740 738
f 743 742 739
f 742 738 739
f 743 739 740
f 744 743 740
f 747 746 745
f 748 747 745
f 749 747 748
f 749 750 747
f 751 746 747
f 750 751 747
f 753 722 752
f 756 755 754
f 755 757 754
f 754 757 758
f 759 754 758
f 759 760 754
f 760 756 754
f 763 762 761
f 762 764 761
f 765 763 761
f 764 766 761
f 766 570 761
f 570 765 761
f 769 768 767
f 770 769 767
f 768 771 767
f 771 772 767
f 770 767 773
f 767 772 773
f 776 775 774
f 775 777 774
f 778 776 774
f 777 779 774
f 779 780 774
f 780 778 774
f 516 782 781
f 516 545 782
f 545 537 782
f 784 783 782
f 783 781 782
f 537 784 782
f 787 786 785
f 786 788 785
f 789 787 785
f 788 790 785
f 790 791 785
f 791 792 785
f 792 789 785
f 795 794 793
f 796 795 793
f 794 797 793
f 797 798 793
f 798 799 793
f 799 796 793
f 802 801 800
f 425 802 800
f 801 420 800
f 420 803 800
f 803 804 800
f 804 425 800
f 694 806 805
f 806 426 805
f 807 694 805
f 426 428 805
f 428 808 805
f 808 809 805
f 809 807 805
f 812 811 810
f 812 813 811
f 811 814 810
f 815 814 811
f 818 817 816
f 817 819 816
f 820 818 816
f 819 821 816
f 821 822 816
f 822 820 816
f 825 824 823
f 824 826 823
f 827 825 823
f 826 828 823
f 828 829 823
f 829 827 823
f 832 831 830
f 831 833 830
f 834 830 833
f 836 835 830
f 835 832 830
f 836 830 834
f 839 838 837
f 840 838 839
f 841 840 839
f 841 842 840
f 130 838 842
f 842 838 840
f 209 844 843
f 846 122 845
f 844 845 122
f 843 844 122
f 209 845 844
f 210 845 209
f 849 848 847
f 848 81 847
f 81 850 847
f 850 92 847
f 847 851 849
f 92 851 847
f 854 853 852
f 853 855 852
f 857 856 852
f 856 854 852
f 855 858 852
f 858 859 852
f 859 860 852
f 860 857 852
f 863 862 861
f 862 865 864
f 861 862 864
f 863 865 862
f 868 867 866
f 867 869 866
f 872 871 870
f 871 874 873
f 870 871 873
f 872 874 871
f 877 876 875
f 876 879 878
f 875 876 878
f 877 879 876
f 882 881 880
f 884 883 880
f 883 882 880
f 881 884 880
f 887 886 885
f 886 888 885
f 888 889 885
f 889 890 885
f 890 891 885
f 891 892 885
f 887 885 892
f 894 895 893
f 1 898 2
f 8 3 2
f 898 899 2
f 899 6 2
f 897 902 898
f 902 903 898
f 903 904 898
f 904 899 898
f 904 6 899
f 904 905 6
f 905 15 6
f 15 906 6
f 906 7 6
f 907 900 8
f 7 908 8
f 908 907 8
f 911 912 4
f 912 10 4
f 910 914 911
f 914 915 911
f 915 916 911
f 916 912 911
f 916 10 912
f 916 917 10
f 917 21 10
f 22 10 21
f 22 11 10
f 11 919 12
f 919 918 12
f 920 908 7
f 906 19 7
f 19 921 7
f 921 920 7
f 920 907 908
f 922 903 902
f 922 904 903
f 922 923 904
f 923 924 904
f 924 905 904
f 924 15 905
f 19 906 15
f 924 925 15
f 925 14 15
f 926 921 19
f 18 926 19
f 921 926 920
f 928 927 920
f 907 920 927
f 926 929 920
f 929 928 920
f 930 909 907
f 927 930 907
f 928 930 927
f 931 919 11
f 932 11 22
f 932 931 11
f 931 918 919
f 933 915 914
f 933 916 915
f 933 934 916
f 934 935 916
f 935 917 916
f 935 21 917
f 23 21 935
f 24 932 22
f 932 24 25
f 25 936 932
f 936 937 932
f 937 931 932
f 939 938 931
f 938 918 931
f 937 939 931
f 938 940 918
f 896 895 941
f 941 943 942
f 945 925 924
f 945 14 925
f 946 14 945
f 14 946 16
f 947 17 16
f 946 948 16
f 948 949 16
f 949 950 16
f 950 947 16
f 18 17 947
f 947 951 18
f 951 952 18
f 952 926 18
f 923 953 924
f 953 954 924
f 954 945 924
f 955 954 953
f 955 945 954
f 956 945 955
f 945 956 946
f 956 957 946
f 957 958 946
f 958 948 946
f 949 948 958
f 959 950 949
f 960 949 958
f 960 887 949
f 887 961 949
f 961 959 949
f 959 947 950
f 962 951 947
f 959 963 947
f 963 962 947
f 952 951 962
f 962 964 952
f 964 965 952
f 965 966 952
f 926 952 966
f 966 929 926
f 935 967 23
f 967 968 23
f 968 969 23
f 969 26 23
f 969 27 26
f 970 28 27
f 969 971 27
f 971 972 27
f 972 973 27
f 973 970 27
f 970 25 28
f 974 936 25
f 970 975 25
f 975 974 25
f 934 976 935
f 967 935 976
f 976 977 967
f 977 978 967
f 978 979 967
f 979 968 967
f 979 969 968
f 979 980 969
f 980 981 969
f 981 971 969
f 981 972 971
f 981 982 972
f 972 982 983
f 984 972 983
f 984 973 972
f 973 984 970
f 985 975 970
f 984 986 970
f 986 985 970
f 974 975 985
f 937 936 974
f 988 987 974
f 987 937 974
f 985 989 974
f 989 988 974
f 30 990 32
f 991 990 31
f 31 990 30
f 990 992 32
f 992 993 32
f 993 994 32
f 994 995 32
f 995 35 32
f 995 36 35
f 996 37 36
f 995 997 36
f 998 36 997
f 998 996 36
f 996 34 37
f 33 34 999
f 1001 1000 34
f 999 34 1000
f 996 1002 34
f 1002 1001 34
f 999 31 33
f 999 1003 31
f 1003 991 31
f 993 1005 1004
f 992 1005 993
f 1006 1005 990
f 990 1005 992
f 1008 1007 991
f 1007 1006 991
f 1003 1009 991
f 1009 1008 991
f 1006 990 991
f 1004 1010 993
f 1010 1011 993
f 1011 1012 993
f 1012 994 993
f 1012 995 994
f 1012 1013 995
f 1013 1014 995
f 997 995 1014
f 1014 1015 997
f 1015 1016 997
f 1016 998 997
f 1016 1015 1017
f 998 1016 1017
f 1017 1018 998
f 1018 1019 998
f 1019 996 998
f 1020 996 1019
f 1020 1002 996
f 1002 1020 1001
f 1000 1001 1021
f 1023 1022 1001
f 1021 1001 1022
f 1020 1024 1001
f 1024 1023 1001
f 1021 999 1000
f 1021 1025 999
f 1025 1003 999
f 1026 1009 1003
f 1025 1027 1003
f 1027 1026 1003
f 1008 1009 1026
f 1028 1029 38
f 1029 53 38
f 1030 1031 1028
f 1031 1032 1028
f 1032 1029 1028
f 1032 53 1029
f 1032 1033 53
f 1033 60 53
f 60 1034 53
f 1034 54 53
f 54 1036 55
f 1035 55 1036
f 39 1038 40
f 59 41 40
f 1038 1039 40
f 1039 57 40
f 1037 1042 1038
f 1042 1043 1038
f 1043 1044 1038
f 1044 1039 1038
f 1044 57 1039
f 1044 1045 57
f 1045 68 57
f 68 1046 57
f 1046 58 57
f 1047 1040 59
f 58 1048 59
f 1048 1047 59
f 1050 1051 42
f 1051 44 42
f 1052 1053 1050
f 1053 1054 1050
f 1054 1051 1050
f 1051 1054 44
f 1054 1055 44
f 1055 854 44
f 854 1056 44
f 1056 46 44
f 46 1058 47
f 1058 1057 47
f 1059 1060 43
f 1060 49 43
f 1061 1062 1059
f 1062 1063 1059
f 1063 1060 1059
f 1063 49 1060
f 1063 1064 49
f 1064 84 49
f 84 1065 49
f 1065 50 49
f 50 1067 51
f 1067 1066 51
f 1068 1056 854
f 1068 46 1056
f 1069 1058 46
f 1068 1070 46
f 1070 1069 46
f 1069 1057 1058
f 1052 1071 1053
f 1071 1054 1053
f 1071 1072 1054
f 1072 1073 1054
f 1073 1055 1054
f 1055 1073 854
f 1073 853 854
f 856 1068 854
f 857 1068 856
f 1074 1070 1068
f 857 1075 1068
f 1075 1074 1068
f 1074 1069 1070
f 1077 1076 1069
f 1057 1069 1076
f 1074 1078 1069
f 1078 1077 1069
f 1076 1079 1057
f 1079 1076 1077
f 1080 1067 50
f 1065 85 50
f 85 1081 50
f 1081 1080 50
f 1062 1082 1063
f 1082 1083 1063
f 1083 1084 1063
f 1084 1064 1063
f 1084 84 1064
f 1084 83 84
f 85 1065 84
f 1085 85 86
f 1085 1081 85
f 1081 1085 1080
f 1066 1067 1080
f 1087 1086 1080
f 1086 1066 1080
f 1085 1088 1080
f 1088 1087 1080
f 1086 1089 1066
f 1090 1036 54
f 1034 67 54
f 67 1091 54
f 1091 1090 54
f 1031 1092 1032
f 1092 1093 1032
f 1093 1094 1032
f 1094 1033 1032
f 1094 60 1033
f 62 60 1094
f 67 1034 60
f 1095 1091 67
f 66 1095 67
f 1091 1095 1090
f 1036 1090 1035
f 1097 1096 1090
f 1035 1090 1096
f 1095 1098 1090
f 1098 1097 1090
f 1096 1099 1035
f 1100 1048 58
f 1046 71 58
f 71 1101 58
f 1101 1100 58
f 1100 1047 1048
f 1102 1043 1042
f 1102 1044 1043
f 1102 1103 1044
f 1103 1104 1044
f 1104 1045 1044
f 1104 68 1045
f 71 1046 68
f 1104 1105 68
f 1105 70 68
f 1106 1101 71
f 72 1107 71
f 1107 1106 71
f 1101 1106 1100
f 1109 1100 1108
f 1047 1100 1109
f 1106 1110 1100
f 1108 1100 1110
f 1111 1049 1047
f 1109 1111 1047
f 1111 1109 1108
f 1094 1112 62
f 1112 1113 62
f 1113 1114 62
f 1114 63 62
f 63 1114 64
f 1115 65 64
f 1114 1116 64
f 1116 1117 64
f 1117 1118 64
f 1118 1115 64
f 66 65 1115
f 1115 1119 66
f 1119 1120 66
f 1120 1095 66
f 1093 1121 1094
f 1112 1094 1121
f 1121 1122 1112
f 1122 1123 1112
f 1123 1124 1112
f 1124 1113 1112
f 1113 1124 1114
f 1124 1125 1114
f 1125 1126 1114
f 1126 1116 1114
f 1116 1126 1117
f 1127 1118 1117
f 1126 1128 1117
f 1128 1129 1117
f 1129 1130 1117
f 1130 1127 1117
f 1115 1118 1127
f 1131 1119 1115
f 1127 1132 1115
f 1132 1131 1115
f 1120 1119 1131
f 1131 1133 1120
f 1133 1134 1120
f 1134 1135 1120
f 1095 1120 1135
f 1135 1098 1095
f 1136 1105 1104
f 1136 70 1105
f 1137 70 1136
f 70 1137 73
f 1138 72 73
f 1137 1139 73
f 1139 1140 73
f 1140 1141 73
f 1141 1138 73
f 1142 72 1138
f 1142 1107 72
f 1107 1142 1106
f 1103 1143 1104
f 1143 1144 1104
f 1144 1136 1104
f 1145 1144 1143
f 1145 1136 1144
f 1146 1136 1145
f 1136 1146 1137
f 1146 1147 1137
f 1147 1148 1137
f 1148 1139 1137
f 1139 1148 1140
f 1149 1141 1140
f 1148 1150 1140
f 1150 1151 1140
f 1151 1152 1140
f 1152 1149 1140
f 1138 1141 1149
f 1153 1142 1138
f 1149 1154 1138
f 1154 1153 1138
f 1155 1142 1153
f 1155 1156 1142
f 1156 1106 1142
f 1156 1155 1157
f 1106 1156 1157
f 1157 1110 1106
f 1159 1158 78
f 1160 78 1158
f 77 1159 78
f 1161 78 1160
f 1161 79 78
f 1160 1162 1161
f 1162 79 1161
f 1163 79 1162
f 850 79 1163
f 81 79 850
f 1164 80 81
f 848 1164 81
f 1164 76 80
f 75 76 1165
f 1167 1166 76
f 1165 76 1166
f 1164 869 76
f 869 1167 76
f 1168 77 1165
f 1165 77 75
f 1169 1159 1168
f 1159 77 1168
f 1171 1170 1160
f 1158 1171 1160
f 1170 1172 1160
f 1172 1162 1160
f 1174 1173 1159
f 1171 1159 1173
f 1169 1174 1159
f 1158 1159 1171
f 1175 1162 1172
f 1176 1163 1162
f 1175 1176 1162
f 1176 850 1163
f 1176 1177 850
f 1177 92 850
f 849 1164 848
f 869 1164 866
f 849 1178 1164
f 1178 866 1164
f 867 1167 869
f 1179 1166 1167
f 1180 1167 867
f 1179 1167 1180
f 1165 1166 1179
f 1181 1168 1165
f 1179 1182 1165
f 1182 1181 1165
f 1183 1169 1181
f 1181 1169 1168
f 1174 1169 1183
f 1084 1184 83
f 1184 1185 83
f 1185 1186 83
f 1186 87 83
f 87 1186 88
f 1187 89 88
f 1186 1188 88
f 1188 1189 88
f 1189 1190 88
f 1190 1187 88
f 86 89 1187
f 1191 1085 86
f 1187 1192 86
f 1192 1191 86
f 1083 1193 1084
f 1193 1184 1084
f 1193 1194 1184
f 1194 1195 1184
f 1195 1185 1184
f 1185 1195 1186
f 1195 1196 1186
f 1196 1197 1186
f 1197 1188 1186
f 1188 1197 1189
f 1198 1190 1189
f 1197 1199 1189
f 1199 1200 1189
f 1200 1201 1189
f 1201 1198 1189
f 1198 1187 1190
f 1202 1192 1187
f 1198 1203 1187
f 1203 1202 1187
f 1191 1192 1202
f 1205 1204 1191
f 1204 1085 1191
f 1202 1206 1191
f 1206 1205 1191
f 1204 1088 1085
f 1177 1207 91
f 1207 1208 91
f 1177 91 92
f 1208 1209 91
f 1209 95 91
f 172 1209 1208
f 172 95 1209
f 1210 97 96
f 173 1211 96
f 1211 1212 96
f 1212 1210 96
f 1210 94 97
f 1213 94 1210
f 851 93 94
f 1214 94 1213
f 851 94 1214
f 92 93 851
f 1216 1215 1208
f 1217 1208 1215
f 1207 1216 1208
f 1218 1208 1217
f 1218 172 1208
f 1216 1177 1176
f 1216 1207 1177
f 1217 1219 1218
f 1219 172 1218
f 1220 172 1219
f 1220 169 172
f 1211 173 174
f 1221 1212 1211
f 1222 1211 174
f 1222 1223 1211
f 1223 1224 1211
f 1224 1221 1211
f 1221 1210 1212
f 1225 1210 1221
f 1213 1210 1225
f 1227 1226 1213
f 1226 1214 1213
f 1225 1228 1213
f 1228 1227 1213
f 1227 1229 1226
f 1214 1226 1229
f 849 851 1214
f 1229 1230 1214
f 1230 849 1214
f 1232 1231 98
f 1231 1233 98
f 104 1234 98
f 1234 1232 98
f 1233 1235 98
f 1235 100 98
f 1236 1235 1233
f 1236 100 1235
f 1237 100 1236
f 100 1237 102
f 128 101 102
f 1237 1238 102
f 1238 125 102
f 103 101 128
f 128 1239 103
f 1239 1240 103
f 1240 1241 103
f 104 103 1241
f 1242 1234 104
f 1241 1243 104
f 1243 1242 104
f 1232 1234 1242
f 1245 1244 1233
f 1244 1246 1233
f 1231 1245 1233
f 1246 1247 1233
f 1247 1236 1233
f 1249 1248 1232
f 1248 1245 1232
f 1242 1250 1232
f 1250 1249 1232
f 1245 1231 1232
f 1251 1247 1246
f 1251 1236 1247
f 1251 1252 1236
f 1237 1236 1252
f 1252 1253 1237
f 1253 1254 1237
f 1254 1238 1237
f 1238 1254 125
f 1254 1255 125
f 1255 1256 125
f 1256 1257 125
f 1257 127 125
f 1258 1239 128
f 127 1259 128
f 1259 1258 128
f 1240 1239 1258
f 1261 1260 1240
f 1260 1241 1240
f 1258 1262 1240
f 1262 1261 1240
f 1263 1243 1241
f 1260 1264 1241
f 1264 1263 1241
f 1242 1243 1263
f 1265 1250 1242
f 1263 1266 1242
f 1266 1265 1242
f 1249 1250 1265
f 1267 106 107
f 1267 1268 106
f 1268 1269 106
f 1269 1270 106
f 1270 1271 106
f 1271 109 106
f 1273 109 1272
f 1271 1272 109
f 1270 1272 1271
f 1274 1272 1270
f 1276 1275 109
f 1275 108 109
f 1273 1276 109
f 1275 1276 1277
f 108 1275 1277
f 1279 108 1278
f 107 108 1279
f 1277 1280 108
f 1278 108 1280
f 1281 107 1279
f 1278 1281 1279
f 1281 1282 107
f 1282 1283 107
f 1283 1267 107
f 1268 1267 1283
f 1284 1269 1268
f 1284 1270 1269
f 1284 1285 1270
f 1274 1270 1285
f 1286 1272 1274
f 1285 1287 1274
f 1287 1288 1274
f 1288 1289 1274
f 1289 1286 1274
f 1273 1272 1286
f 1286 1290 1273
f 1290 1291 1273
f 1291 1276 1273
f 1292 1276 1291
f 1292 1293 1276
f 1293 1277 1276
f 1293 1292 1294
f 1277 1293 1294
f 1280 1277 1295
f 1294 1296 1277
f 1295 1277 1296
f 1295 1278 1280
f 1298 1297 1278
f 1297 1281 1278
f 1295 1299 1278
f 1299 1298 1278
f 1301 1300 1281
f 1297 1302 1281
f 1302 1301 1281
f 1300 1282 1281
f 1282 1300 1283
f 1300 1303 1283
f 1303 1304 1283
f 1304 1305 1283
f 1305 1268 1283
f 1305 1306 1268
f 1306 1307 1268
f 1307 1284 1268
f 1304 1306 1305
f 1309 1308 110
f 1308 864 110
f 113 1310 110
f 1310 1309 110
f 864 1311 110
f 1311 112 110
f 865 1311 864
f 865 112 1311
f 865 1312 112
f 1312 177 112
f 177 176 112
f 176 114 112
f 1314 1313 114
f 1313 113 114
f 178 1314 114
f 1313 1314 1315
f 113 1313 1315
f 1316 1310 113
f 1315 1317 113
f 1317 1316 113
f 1309 1310 1316
f 1319 1318 864
f 1318 861 864
f 1308 1319 864
f 1321 1320 1309
f 1320 1319 1309
f 1316 1322 1309
f 1322 1321 1309
f 1319 1308 1309
f 863 1323 865
f 1323 1324 865
f 1324 1312 865
f 1324 177 1312
f 1324 1325 177
f 1325 1326 177
f 1326 180 177
f 1326 181 180
f 178 179 1314
f 1328 1327 1314
f 1327 1315 1314
f 179 1329 1314
f 1329 1328 1314
f 1327 1328 1330
f 1315 1327 1330
f 1331 1317 1315
f 1330 1332 1315
f 1332 1331 1315
f 1316 1317 1331
f 1333 1322 1316
f 1331 1334 1316
f 1334 1333 1316
f 1321 1322 1333
f 116 1335 118
f 117 1335 116
f 1335 1336 118
f 1336 1337 118
f 1337 1338 118
f 1338 843 118
f 843 121 118
f 843 122 121
f 1339 122 846
f 1339 123 122
f 1339 120 123
f 1340 120 1339
f 1341 119 120
f 1342 120 1340
f 1342 1343 120
f 1343 1341 120
f 1341 117 119
f 1345 1344 117
f 1344 1335 117
f 1341 1346 117
f 1346 1345 117
f 1336 1347 1337
f 1335 1347 1336
f 1344 1348 1335
f 1345 1348 1344
f 1348 1349 1335
f 1349 1347 1335
f 1347 1350 1337
f 1350 1351 1337
f 1351 1352 1337
f 1352 1353 1337
f 1353 1338 1337
f 1353 843 1338
f 1353 1354 843
f 1354 209 843
f 845 210 1355
f 846 845 1355
f 1356 1339 846
f 1355 1357 846
f 1357 1356 846
f 1340 1339 1356
f 1358 1342 1340
f 1356 1359 1340
f 1359 1358 1340
f 1360 1343 1342
f 1361 1342 1358
f 1360 1342 1361
f 1341 1343 1360
f 1346 1341 167
f 1360 1362 1341
f 167 1341 1362
f 167 1345 1346
f 1364 1363 1345
f 1363 1348 1345
f 167 1365 1345
f 1365 1364 1345
f 1367 124 1366
f 1368 124 1367
f 1366 124 1369
f 1370 124 1368
f 1368 1371 1370
f 1372 1366 1369
f 1374 1373 1368
f 1373 1375 1368
f 1367 1374 1368
f 1375 1376 1368
f 1376 1371 1368
f 1372 1377 1366
f 1377 1378 1366
f 1378 1374 1366
f 1374 1367 1366
f 1376 1379 1371
f 1380 1381 1372
f 1381 1377 1372
f 1375 1379 1376
f 1257 1256 1382
f 127 1257 1382
f 1383 1259 127
f 1382 1384 127
f 1384 1383 127
f 1258 1259 1383
f 1253 1252 1385
f 1253 1385 1254
f 1385 1386 1254
f 1386 1387 1254
f 1387 1255 1254
f 1255 1387 1256
f 1387 1388 1256
f 1388 1389 1256
f 1389 1390 1256
f 1390 1382 1256
f 1389 1391 1390
f 1382 1390 1391
f 1392 1384 1382
f 1391 1393 1382
f 1393 1392 1382
f 1392 1383 1384
f 1395 1394 1383
f 1394 1258 1383
f 1392 1396 1383
f 1396 1395 1383
f 1397 1394 1395
f 1397 1258 1394
f 1397 1262 1258
f 1398 130 131
f 1399 130 1398
f 838 130 1399
f 842 132 130
f 841 1400 842
f 1400 1401 842
f 1401 132 842
f 1402 132 1401
f 1402 1403 132
f 133 132 1403
f 1405 1404 1402
f 1403 1402 1404
f 133 1403 1404
f 1407 1406 133
f 1406 131 133
f 1404 1408 133
f 1408 1407 133
f 1410 1409 1406
f 1409 1411 1406
f 131 1406 1411
f 1410 1406 1407
f 1411 1412 131
f 1412 1398 131
f 1398 1412 1399
f 1412 1413 1399
f 1413 1414 1399
f 1414 1415 1399
f 1415 837 1399
f 837 838 1399
f 1416 1400 841
f 1417 841 839
f 1417 1418 841
f 1419 841 1418
f 1419 1416 841
f 1401 1400 1416
f 1420 1402 1401
f 1416 1421 1401
f 1421 1420 1401
f 1405 1402 1420
f 1420 1422 1405
f 1422 1423 1405
f 1423 1424 1405
f 1404 1405 1424
f 1408 1404 1425
f 1424 1426 1404
f 1425 1404 1426
f 1425 1407 1408
f 1427 1407 1425
f 1410 1407 1427
f 1429 1411 1428
f 1429 1430 1411
f 1428 1411 1409
f 1430 1412 1411
f 1430 1413 1412
f 1428 1409 1410
f 1432 134 1431
f 1433 134 1432
f 140 1434 134
f 1431 134 1434
f 1435 134 1433
f 1435 136 134
f 1433 1436 1435
f 1436 136 1435
f 1436 1437 136
f 136 1437 138
f 1438 137 138
f 1437 1439 138
f 1439 1440 138
f 1440 1441 138
f 1441 1438 138
f 1438 139 137
f 1443 1442 139
f 1442 140 139
f 1438 1444 139
f 1444 1443 139
f 1434 140 1445
f 1442 1446 140
f 1445 140 1446
f 1445 1431 1434
f 1432 1447 1433
f 1447 1448 1433
f 1448 1449 1433
f 1449 1450 1433
f 1450 1436 1433
f 1445 1451 1431
f 1451 1452 1431
f 1452 1447 1431
f 1447 1432 1431
f 1453 1436 1450
f 1454 1436 1453
f 1454 1455 1436
f 1437 1436 1455
f 1455 1456 1437
f 1456 1439 1437
f 1456 1440 1439
f 1458 1440 1457
f 1458 1441 1440
f 1456 1459 1440
f 1457 1440 1459
f 1458 1438 1441
f 1460 1438 1458
f 1461 1444 1438
f 1460 1461 1438
f 1443 1444 1461
f 1462 1442 1443
f 1464 1463 1443
f 1463 1462 1443
f 1461 1465 1443
f 1465 1464 1443
f 1466 1446 1442
f 1466 1442 1462
f 1445 1446 1466
f 1467 1451 1445
f 1466 1468 1445
f 1468 1467 1445
f 1449 1453 1450
f 1469 143 144
f 1470 142 143
f 1470 1471 142
f 1471 1472 142
f 1472 146 142
f 1472 1473 146
f 1473 1474 146
f 1474 215 146
f 215 145 146
f 216 1475 145
f 144 145 1475
f 215 216 145
f 216 1476 1475
f 1476 144 1475
f 1476 1477 144
f 1477 1469 144
f 216 1478 1476
f 1480 1479 1469
f 1477 1481 1469
f 1481 1480 1469
f 1479 143 1469
f 1479 1482 143
f 1482 1470 143
f 1471 1470 1482
f 1471 1483 1472
f 1484 1472 1483
f 1473 1472 1484
f 1482 1485 1471
f 1484 1486 1473
f 1486 1487 1473
f 1487 1488 1473
f 1488 1474 1473
f 1487 1489 1488
f 1489 1474 1488
f 1489 1490 1474
f 1490 217 1474
f 217 215 1474
f 1491 1478 216
f 214 1491 216
f 1491 1492 1478
f 1492 1493 1478
f 1493 1476 1478
f 1493 1477 1476
f 1493 1494 1477
f 1494 1481 1477
f 190 1479 191
f 190 189 1479
f 1482 1479 189
f 191 1479 1480
f 189 1495 1482
f 1495 1485 1482
f 1485 1483 1471
f 1495 1496 1485
f 1496 1497 1485
f 1497 1483 1485
f 1498 149 150
f 1499 148 149
f 1499 1500 148
f 1500 1501 148
f 1501 152 148
f 155 151 152
f 1501 1502 152
f 154 152 1502
f 154 155 152
f 155 1503 151
f 1503 1504 151
f 150 151 1504
f 1503 1505 1504
f 1505 150 1504
f 1505 1506 150
f 1506 1498 150
f 1507 1498 1506
f 1491 214 1498
f 214 149 1498
f 1491 1498 1507
f 214 217 149
f 217 1499 149
f 1500 1499 217
f 1500 1508 1501
f 1509 1501 1508
f 1502 1501 1509
f 1509 1510 1502
f 1510 1511 1502
f 1511 154 1502
f 1511 156 154
f 159 1503 155
f 159 1512 1503
f 1512 1513 1503
f 1505 1503 1513
f 1514 1513 1512
f 1514 1505 1513
f 1514 1515 1505
f 1515 1506 1505
f 1515 1516 1506
f 1516 1507 1506
f 1490 1500 217
f 1490 1489 1500
f 1489 1508 1500
f 1518 1517 156
f 157 156 1517
f 1517 1519 157
f 1519 1520 157
f 1520 158 157
f 1522 1521 158
f 1521 159 158
f 1520 1522 158
f 1521 1512 159
f 1510 1523 1511
f 1523 1524 1511
f 1524 1525 1511
f 1525 156 1511
f 1524 1518 1525
f 156 1525 1518
f 1524 1526 1518
f 1526 1527 1518
f 1527 1517 1518
f 1527 1528 1517
f 1528 1519 1517
f 1527 1529 1528
f 1529 1519 1528
f 1529 1530 1519
f 1530 162 1519
f 162 1520 1519
f 162 1531 1520
f 1531 1522 1520
f 1533 1532 1522
f 1532 1521 1522
f 1531 1533 1522
f 1532 1534 1521
f 1534 1512 1521
f 1534 1535 1512
f 1514 1512 1535
f 1531 162 164
f 1530 161 162
f 1530 1529 161
f 1529 1536 161
f 1536 165 161
f 1536 1537 165
f 1537 1538 165
f 1538 1539 165
f 1539 163 165
f 1539 1540 163
f 1540 1541 163
f 164 163 1541
f 1542 1541 1540
f 1542 164 1541
f 1542 1543 164
f 1543 1531 164
f 1533 1531 1543
f 1529 1544 1536
f 1544 1545 1536
f 1545 1537 1536
f 1545 1546 1537
f 1547 1537 1546
f 1547 1538 1537
f 1548 1539 1538
f 1549 1538 1547
f 1549 1548 1538
f 1548 1550 1539
f 1550 1540 1539
f 1550 1551 1540
f 1551 1552 1540
f 1542 1540 1552
f 1554 1553 1551
f 1553 1552 1551
f 1553 1542 1552
f 1553 1555 1542
f 1555 1543 1542
f 1555 1556 1543
f 1533 1543 1556
f 1527 1544 1529
f 168 1365 167
f 1362 170 167
f 174 170 1557
f 174 169 170
f 1362 1360 170
f 1557 170 1360
f 1557 1222 174
f 168 169 1220
f 1219 168 1220
f 168 1364 1365
f 1219 1558 168
f 1558 1364 168
f 1557 1360 1361
f 1223 1222 1557
f 1361 1559 1557
f 1559 1223 1557
f 1217 1560 1219
f 1560 1561 1219
f 1561 1558 1219
f 1558 1561 1364
f 1561 1562 1364
f 1562 1563 1364
f 1563 1363 1364
f 1564 182 181
f 1326 1565 181
f 1565 1566 181
f 1566 1567 181
f 1567 1564 181
f 182 1564 179
f 1568 1329 179
f 1564 1569 179
f 1569 1568 179
f 1323 1570 1324
f 1570 1571 1324
f 1571 1572 1324
f 1572 1325 1324
f 1572 1326 1325
f 1572 1573 1326
f 1573 1574 1326
f 1574 1565 1326
f 1574 1566 1565
f 1575 1567 1566
f 1574 1576 1566
f 1576 1577 1566
f 1577 1578 1566
f 1578 1575 1566
f 1567 1575 1564
f 1579 1569 1564
f 1575 1580 1564
f 1580 1579 1564
f 1569 1579 1568
f 1328 1329 1568
f 1582 1581 1568
f 1581 1328 1568
f 1579 1583 1568
f 1583 1582 1568
f 647 1584 186
f 1585 186 1584
f 188 186 1585
f 1585 1586 188
f 1586 1495 188
f 188 1495 189
f 1480 1587 191
f 187 191 1587
f 185 187 1588
f 1587 1589 187
f 1588 187 1589
f 1588 646 185
f 644 1584 647
f 1591 646 1590
f 1591 645 646
f 1592 646 1588
f 1590 646 1592
f 1584 1593 1585
f 1593 1594 1585
f 1594 1595 1585
f 1595 1586 1585
f 1595 1495 1586
f 644 1596 1584
f 1496 1495 1595
f 1481 1597 1480
f 1597 1587 1480
f 1597 1481 1598
f 1587 1597 1598
f 1589 1587 1599
f 1598 1600 1587
f 1599 1587 1600
f 1599 1588 1589
f 1601 1592 1588
f 1599 1602 1588
f 1602 1601 1588
f 1601 1590 1592
f 1593 1584 1596
f 1604 1603 195
f 1603 1605 195
f 193 1606 195
f 1606 1604 195
f 1605 1607 195
f 1607 196 195
f 1608 1607 1605
f 1608 196 1607
f 1608 1609 196
f 196 1609 197
f 201 198 197
f 1609 1610 197
f 1610 202 197
f 202 200 197
f 200 201 197
f 201 194 198
f 1611 193 194
f 1613 1612 194
f 1612 1611 194
f 201 1614 194
f 1614 1613 194
f 1615 1606 193
f 1615 193 1611
f 1604 1606 1615
f 1617 1605 1616
f 1618 1605 1617
f 1616 1605 1603
f 1619 1605 1618
f 1619 1608 1605
f 1621 1604 1620
f 1616 1604 1621
f 1615 1622 1604
f 1620 1604 1622
f 1603 1604 1616
f 1618 1623 1619
f 1623 1608 1619
f 1623 1624 1608
f 1624 1625 1608
f 1609 1608 1625
f 1625 1626 1609
f 1626 1610 1609
f 202 1610 1626
f 1627 202 1626
f 203 202 1627
f 1628 1614 201
f 205 1628 201
f 1628 1613 1614
f 1612 1613 1629
f 1631 1630 1613
f 1629 1613 1630
f 1628 1632 1613
f 1632 1631 1613
f 1629 1611 1612
f 1629 1633 1611
f 1633 1615 1611
f 1634 1622 1615
f 1633 1635 1615
f 1635 1634 1615
f 1620 1622 1634
f 1627 1636 203
f 1636 1637 203
f 1637 1638 203
f 1638 204 203
f 1637 1639 1638
f 204 1638 1639
f 1641 1640 204
f 1640 205 204
f 1639 1642 204
f 1642 1641 204
f 1643 1640 1641
f 1628 205 1643
f 1643 205 1640
f 1625 1644 1626
f 1644 1645 1626
f 1645 1646 1626
f 1646 1627 1626
f 1647 1636 1627
f 1647 1627 1646
f 1637 1636 1647
f 1639 1637 1648
f 1649 1637 1647
f 1648 1637 1649
f 1639 1648 1650
f 1642 1639 1650
f 1650 1651 1642
f 1651 1652 1642
f 1652 1641 1642
f 1653 1641 1652
f 1653 1654 1641
f 1643 1641 1654
f 1656 1655 1643
f 1655 1632 1643
f 1632 1628 1643
f 1654 1656 1643
f 1653 1656 1654
f 208 1657 207
f 209 1354 208
f 1354 1353 208
f 1353 1657 208
f 1657 1658 207
f 1658 1659 207
f 1659 597 207
f 597 600 207
f 600 211 207
f 600 212 211
f 601 212 600
f 1660 213 212
f 1661 212 601
f 1661 1660 212
f 1660 210 213
f 1660 1662 210
f 1662 1355 210
f 1659 1658 1663
f 1657 1663 1658
f 1352 1664 1353
f 1657 1353 1664
f 1664 1663 1657
f 1665 1659 1663
f 1665 1666 1659
f 1666 597 1659
f 1666 596 597
f 603 1667 601
f 1667 1668 601
f 1668 1661 601
f 1667 1669 1668
f 1669 1661 1668
f 1669 1670 1661
f 1670 1671 1661
f 1671 1660 1661
f 1672 1662 1660
f 1671 1672 1660
f 1355 1662 1672
f 1673 1357 1355
f 1672 1674 1355
f 1674 1673 1355
f 1676 1677 1675
f 1677 1678 1675
f 1684 1683 1678
f 1683 1679 1678
f 1684 1678 1677
f 1683 1680 1679
f 1487 1685 1489
f 1685 1508 1489
f 1507 1686 1491
f 1492 1491 1686
f 1688 220 225
f 1689 222 221
f 1689 1690 222
f 1690 1691 222
f 1691 223 222
f 1691 224 223
f 1691 1692 224
f 1692 1693 224
f 1693 1694 224
f 1694 225 224
f 1694 1695 225
f 1695 1688 225
f 1697 1696 1688
f 220 1688 1696
f 1698 1688 1695
f 1698 1697 1688
f 1696 1699 220
f 1699 219 220
f 219 1700 221
f 1700 1701 221
f 1701 1689 221
f 1699 1702 219
f 1702 1700 219
f 1701 1703 1689
f 1703 1704 1689
f 1704 1690 1689
f 1704 1705 1690
f 1705 1706 1690
f 1706 1691 1690
f 1706 1707 1691
f 1707 1692 1691
f 1707 1693 1692
f 1707 1708 1693
f 1709 1693 1708
f 1709 1694 1693
f 1709 1710 1694
f 1710 1695 1694
f 1711 1698 1695
f 1710 1711 1695
f 1713 1712 1696
f 1699 1696 1712
f 1697 1713 1696
f 1712 1714 1699
f 1714 1702 1699
f 1702 1715 1700
f 1715 1716 1700
f 1716 1701 1700
f 1716 1717 1701
f 1717 1703 1701
f 1714 1718 1702
f 1718 1715 1702
f 227 1722 226
f 1722 1723 226
f 1721 226 1723
f 1722 227 1720
f 1719 1724 1720
f 1725 1722 1720
f 1725 1720 1724
f 1726 1723 1722
f 1725 1726 1722
f 1727 1728 1719
f 1728 1724 1719
f 1721 1723 1729
f 1730 1723 1726
f 1730 1729 1723
f 1729 1731 1721
f 1732 1724 1728
f 1733 1724 1732
f 1725 1724 1733
f 1733 1734 1725
f 1734 1726 1725
f 1735 1730 1726
f 1735 1726 1734
f 1735 231 1736
f 1737 231 1735
f 232 231 1737
f 1736 231 230
f 1737 1738 232
f 1738 1739 232
f 1739 233 232
f 230 228 1740
f 1740 228 1741
f 229 1742 228
f 1742 1743 228
f 1741 228 1743
f 1742 229 233
f 1739 1744 233
f 1744 1745 233
f 1745 1742 233
f 1746 1743 1742
f 1745 1746 1742
f 1737 1747 1738
f 1734 1737 1735
f 1734 1747 1737
f 1748 1736 230
f 1740 1748 230
f 1749 1730 1736
f 1730 1735 1736
f 1748 1749 1736
f 1747 1750 1738
f 1750 1751 1738
f 1751 1739 1738
f 1751 1752 1739
f 1752 1744 1739
f 1741 1743 1753
f 1754 1743 1746
f 1754 1753 1743
f 1755 1740 1741
f 1756 1755 1741
f 1753 1756 1741
f 1757 1748 1740
f 1755 1757 1740
f 1758 1744 1752
f 1759 1744 1758
f 1759 1745 1744
f 1759 1760 1745
f 1746 1745 1760
f 1760 1761 1746
f 1761 1754 1746
f 1757 1762 1748
f 1762 1749 1748
f 1764 236 1763
f 235 236 1764
f 1763 236 1765
f 240 1765 236
f 237 235 1766
f 1767 235 1764
f 1766 235 1767
f 1768 237 1766
f 1769 237 1768
f 238 237 1769
f 1765 240 1770
f 1771 240 239
f 1770 240 1771
f 1772 238 1769
f 1772 1773 238
f 238 1773 239
f 1773 1774 239
f 1774 1771 239
f 1775 1763 1765
f 1765 1776 1775
f 1770 1776 1765
f 1777 1763 1775
f 1777 1778 1763
f 1764 1763 1778
f 1778 1779 1764
f 1779 1767 1764
f 1767 1780 1766
f 1780 1781 1766
f 1781 1768 1766
f 1782 1767 1779
f 1782 1780 1767
f 1781 1783 1768
f 1768 1784 1769
f 1784 1785 1769
f 1785 1772 1769
f 1783 1784 1768
f 1774 361 1771
f 1771 361 1786
f 1770 1771 1786
f 1786 1787 1770
f 1787 1776 1770
f 1788 1772 1785
f 1789 1772 1788
f 1773 1772 1789
f 1789 1790 1773
f 1790 1774 1773
f 1790 363 1774
f 361 1774 363
f 242 243 1791
f 1793 1792 243
f 1792 1791 243
f 247 1793 243
f 1794 1795 244
f 1795 245 244
f 246 1796 247
f 1797 247 1796
f 1797 1793 247
f 1798 245 1795
f 1799 245 1798
f 1799 246 245
f 1799 1800 246
f 1796 246 1800
f 1792 1793 1801
f 1801 1793 1802
f 1802 1793 1797
f 1801 1803 1792
f 1795 1794 1804
f 1804 1805 1795
f 1805 1798 1795
f 1800 1806 1796
f 1806 1807 1796
f 1807 1797 1796
f 1808 1802 1797
f 1807 1808 1797
f 1805 1809 1798
f 1809 1810 1798
f 1810 1799 1798
f 1811 1800 1799
f 1810 1811 1799
f 1812 1800 1811
f 1812 1806 1800
f 1813 1814 248
f 1814 1815 248
f 1815 249 248
f 1815 274 249
f 1814 1813 1816
f 250 272 273
f 1816 1817 1814
f 1818 1815 1814
f 1817 1818 1814
f 1819 274 1815
f 1818 1819 1815
f 1820 274 1819
f 1820 273 274
f 273 1822 250
f 1822 251 250
f 1822 1823 251
f 1823 1821 251
f 1823 1824 1821
f 1824 1825 1821
f 1826 273 1820
f 1826 1822 273
f 1826 1827 1822
f 1827 1823 1822
f 1827 1828 1823
f 1828 1824 1823
f 253 1831 252
f 1832 252 1831
f 1832 1830 252
f 1829 1833 253
f 1831 253 1833
f 1834 1833 1829
f 1834 1835 1833
f 1836 1831 1833
f 1835 1836 1833
f 1837 1832 1831
f 1836 1837 1831
f 1834 1829 1838
f 1839 1834 1838
f 1839 1840 1834
f 1840 1835 1834
f 1832 1837 1841
f 1841 1842 1832
f 1842 1830 1832
f 1842 1843 1830
f 1840 1844 1835
f 1844 1845 1835
f 1845 1836 1835
f 1845 1846 1836
f 1846 1837 1836
f 1846 257 1837
f 257 1841 1837
f 1841 254 1847
f 257 254 1841
f 1848 1847 254
f 255 1848 254
f 1846 258 257
f 1846 1849 258
f 1849 1850 258
f 1850 259 258
f 255 260 1851
f 1852 255 1851
f 1852 1848 255
f 1850 1853 259
f 1853 1854 259
f 1854 260 259
f 1855 1851 260
f 260 1854 1855
f 1847 1848 1856
f 1857 1856 1848
f 1852 1857 1848
f 1858 1842 1847
f 1842 1841 1847
f 1856 1858 1847
f 1845 1849 1846
f 1845 1859 1849
f 1859 1860 1849
f 1860 1850 1849
f 1860 1861 1850
f 1861 1853 1850
f 1855 1862 1851
f 1863 1852 1851
f 1862 1863 1851
f 1864 1852 1863
f 1864 1857 1852
f 1861 1865 1853
f 1866 1853 1865
f 1866 1854 1853
f 1866 1867 1854
f 1867 1855 1854
f 1867 1868 1855
f 1868 1862 1855
f 1870 261 1869
f 1870 264 261
f 1871 1869 261
f 262 1871 261
f 1872 264 1870
f 1873 264 1872
f 1874 264 1873
f 1874 263 264
f 1875 1871 262
f 263 1876 262
f 1876 1877 262
f 1877 1875 262
f 1874 1878 263
f 1878 1876 263
f 1869 1871 1879
f 1879 1871 1880
f 1880 1871 1875
f 1882 1881 1869
f 1881 1870 1869
f 1879 1882 1869
f 1881 1883 1870
f 1883 1872 1870
f 1872 1884 1873
f 1884 1885 1873
f 1885 1886 1873
f 1886 1874 1873
f 1887 1874 1886
f 1887 1878 1874
f 1883 1888 1872
f 1888 1889 1872
f 1889 1884 1872
f 1878 266 1876
f 266 267 1876
f 267 1877 1876
f 1890 1875 1877
f 267 1891 1877
f 1891 1890 1877
f 1892 1880 1875
f 1890 1892 1875
f 1887 1893 1878
f 1893 266 1878
f 268 1891 267
f 1893 1894 266
f 1894 269 266
f 1894 270 269
f 268 271 1895
f 1896 268 1895
f 1896 1891 268
f 1894 1897 270
f 1897 1898 270
f 1898 283 270
f 284 1895 271
f 1899 1890 1891
f 1896 1899 1891
f 1887 1900 1893
f 1900 1901 1893
f 1901 1894 1893
f 1901 1902 1894
f 1902 1897 1894
f 1902 1898 1897
f 1895 284 1903
f 1904 1895 1903
f 1904 1896 1895
f 1905 1899 1896
f 1904 1905 1896
f 1902 1906 1898
f 1907 283 1898
f 1907 1898 1906
f 1908 1907 1906
f 1909 284 283
f 1907 1909 283
f 1910 1903 284
f 1909 1910 284
f 1818 1911 1819
f 1912 1820 1819
f 1911 1912 1819
f 1913 1826 1820
f 1912 1913 1820
f 1817 1914 1818
f 1914 1911 1818
f 1826 1913 1915
f 1827 1826 1915
f 1914 1916 1911
f 1916 1917 1911
f 1917 1912 1911
f 1918 1913 1912
f 1912 1917 1918
f 1919 1915 1913
f 1919 1913 1918
f 1920 278 276
f 1920 276 277
f 1922 1921 278
f 1920 1922 278
f 1921 280 278
f 1921 1923 280
f 1923 1924 280
f 1924 281 280
f 1924 1925 281
f 1925 367 281
f 1926 279 282
f 367 1927 282
f 1927 1926 282
f 1928 277 279
f 1929 1928 279
f 1926 1929 279
f 1931 1930 277
f 1930 1920 277
f 1928 1931 277
f 1932 1920 1930
f 1933 1932 1931
f 1932 1930 1931
f 1934 1922 1920
f 1932 1934 1920
f 1936 1935 1921
f 1922 1936 1921
f 1935 1937 1921
f 1937 1923 1921
f 1937 1924 1923
f 1936 1922 1938
f 1938 1922 1934
f 1937 1939 1924
f 1939 1940 1924
f 1940 1925 1924
f 1941 1929 1926
f 1927 1942 1926
f 1942 1941 1926
f 1940 1943 1925
f 1944 367 1925
f 1943 1944 1925
f 1944 1945 367
f 1945 1927 367
f 1945 1946 1927
f 1946 1942 1927
f 1947 1928 1929
f 1948 1947 1929
f 1941 1948 1929
f 1949 1931 1928
f 1947 1949 1928
f 1949 1933 1931
f 1901 1950 1902
f 1950 1951 1902
f 1951 1906 1902
f 1951 1908 1906
f 1908 1952 1907
f 293 1909 1907
f 1952 293 1907
f 294 1910 1909
f 293 294 1909
f 1910 294 1953
f 1954 1903 1910
f 1953 1954 1910
f 1955 1903 1954
f 1955 1904 1903
f 1956 1905 1904
f 1955 1956 1904
f 1958 285 1957
f 1958 287 285
f 1957 285 1959
f 290 1959 285
f 1960 287 1958
f 1960 1961 287
f 1961 1962 287
f 1962 288 287
f 289 288 1962
f 1963 289 1962
f 291 1964 290
f 1963 1965 289
f 1965 1966 289
f 1966 1967 289
f 1967 291 289
f 1968 291 1967
f 1968 1964 291
f 1964 1969 290
f 1969 1959 290
f 1971 1959 1970
f 1971 1957 1959
f 1969 1970 1959
f 1973 1972 1957
f 1972 1958 1957
f 1971 1973 1957
f 1972 1974 1958
f 1974 1960 1958
f 1975 1961 1960
f 1975 1976 1961
f 1976 1977 1961
f 1977 1962 1961
f 1963 1962 1977
f 1974 1978 1960
f 1978 1975 1960
f 1979 1963 1977
f 1979 370 1963
f 370 1965 1963
f 1980 1969 1964
f 1981 1964 1968
f 1981 1980 1964
f 370 372 1965
f 372 1982 1965
f 1982 1966 1965
f 1982 1967 1966
f 1982 1983 1967
f 1983 1968 1967
f 1983 1984 1968
f 1984 1981 1968
f 1980 1985 1969
f 1985 1970 1969
f 293 1952 295
f 1952 1986 295
f 1986 1987 295
f 1987 297 295
f 298 1988 296
f 1987 1989 297
f 1989 302 297
f 302 298 297
f 302 299 298
f 1988 298 299
f 1953 294 296
f 1990 1953 296
f 1988 1990 296
f 1952 1991 1986
f 1908 1991 1952
f 1991 1992 1986
f 1992 1993 1986
f 1986 1993 1987
f 1993 1994 1987
f 1994 1989 1987
f 1995 1990 1988
f 299 1996 1988
f 1996 1995 1988
f 1989 303 302
f 300 1996 299
f 1997 1953 1990
f 1998 1997 1990
f 1995 1998 1990
f 1997 1954 1953
f 307 1989 1994
f 303 1989 307
f 300 305 1999
f 2000 300 1999
f 2000 1996 300
f 310 333 304
f 333 305 304
f 333 334 305
f 334 1999 305
f 1995 1996 2001
f 2001 1996 2000
f 1994 353 307
f 353 308 307
f 334 342 1999
f 342 2002 1999
f 2002 2000 1999
f 2001 2000 2003
f 2002 2003 2000
f 310 309 345
f 310 345 335
f 333 310 335
f 337 342 334
f 355 308 353
f 2004 308 355
f 309 308 2004
f 2004 2005 309
f 2005 345 309
f 1994 352 353
f 1993 352 1994
f 2006 355 354
f 355 2006 2004
f 2006 2007 2004
f 2004 2007 2005
f 2007 2008 2005
f 2008 347 2005
f 345 2005 347
f 2010 313 2009
f 312 313 2010
f 2011 2009 313
f 317 2011 313
f 324 312 2012
f 324 314 312
f 2010 2012 312
f 324 323 314
f 323 2013 314
f 315 314 2013
f 316 2014 317
f 2015 315 2013
f 2016 315 2015
f 316 315 2016
f 316 2016 2017
f 2014 316 2017
f 2014 2018 317
f 2018 2011 317
f 2009 2011 2019
f 2019 2011 2020
f 2020 2011 2018
f 2022 2009 2021
f 2022 2010 2009
f 2019 2021 2009
f 2022 2023 2010
f 2023 2012 2010
f 2012 318 324
f 2023 2024 2012
f 2024 318 2012
f 2025 323 322
f 2013 323 2025
f 2025 2026 2013
f 2026 2015 2013
f 2018 2014 328
f 2027 2014 2017
f 328 2014 2027
f 326 2018 328
f 2020 2018 326
f 2028 2015 2026
f 2029 2015 2028
f 2016 2015 2029
f 2029 2030 2016
f 2030 2017 2016
f 2030 2031 2017
f 2031 2027 2017
f 2032 318 2024
f 2032 320 318
f 2033 320 2032
f 487 320 2033
f 321 320 487
f 487 486 321
f 486 2034 321
f 2034 322 321
f 2035 322 2034
f 2025 322 2035
f 2036 2024 2023
f 2037 2024 2036
f 2037 2032 2024
f 2038 2032 2037
f 2033 2032 2038
f 483 487 2033
f 2038 2039 2033
f 2039 483 2033
f 485 2040 486
f 2040 2034 486
f 2040 2041 2034
f 2041 2035 2034
f 2042 2035 2041
f 2043 2035 2042
f 2025 2035 2043
f 2043 2026 2025
f 326 327 2044
f 351 327 329
f 2045 327 351
f 2045 2044 327
f 2044 2020 326
f 2027 330 328
f 2046 330 2027
f 2047 330 2046
f 331 330 2047
f 331 2047 2048
f 354 331 2048
f 329 331 354
f 2049 351 352
f 2049 2045 351
f 2051 2050 2045
f 2050 2044 2045
f 2049 2051 2045
f 2050 2052 2044
f 2052 2020 2044
f 2052 2019 2020
f 2031 2046 2027
f 354 2048 2006
f 2031 2053 2046
f 2054 2046 2053
f 2047 2046 2054
f 2054 2055 2047
f 2055 2048 2047
f 2055 2056 2048
f 2056 2006 2048
f 344 337 338
f 340 337 344
f 340 342 337
f 349 2057 336
f 2057 338 336
f 2057 2058 338
f 344 338 2058
f 2002 342 341
f 2058 2059 344
f 2059 343 344
f 357 2057 349
f 356 357 349
f 2060 2058 2057
f 357 2060 2057
f 2058 2060 2061
f 2059 2058 2061
f 356 349 348
f 2062 2002 341
f 2063 2062 341
f 339 2063 341
f 339 343 2064
f 2065 339 2064
f 2063 339 2065
f 2059 2066 343
f 2066 2064 343
f 2003 2002 2062
f 2067 2062 2063
f 2067 2068 2062
f 2068 2003 2062
f 2069 2067 2063
f 2065 2069 2063
f 392 2065 2064
f 2066 2070 2064
f 2070 392 2064
f 390 2065 392
f 2069 2065 390
f 2059 2061 2071
f 2066 2059 2071
f 2066 2071 2072
f 2070 2066 2072
f 2073 347 2008
f 348 347 2073
f 2073 2074 348
f 2074 356 348
f 2008 2075 2073
f 2075 2076 2073
f 2076 2074 2073
f 2076 2077 2074
f 2077 397 2074
f 397 356 2074
f 356 397 358
f 359 2060 357
f 2007 2078 2008
f 2075 2008 2078
f 2049 352 1993
f 2049 1993 1992
f 1992 2051 2049
f 2056 2007 2006
f 2079 358 399
f 2079 359 358
f 2060 359 2080
f 2081 359 2079
f 2081 2080 359
f 2077 396 397
f 377 2079 399
f 375 2081 2079
f 377 375 2079
f 375 2082 2081
f 2082 2083 2081
f 2083 2080 2081
f 2084 2080 2083
f 2061 2080 2084
f 2061 2060 2080
f 1786 362 2085
f 361 362 1786
f 2085 362 2086
f 2086 362 366
f 1790 2087 363
f 364 363 2087
f 365 482 366
f 366 482 2088
f 2086 366 2088
f 2089 365 364
f 2089 484 365
f 482 365 484
f 2087 2090 364
f 2090 2089 364
f 2091 2085 2086
f 2088 2092 2086
f 2092 2091 2086
f 2093 2085 2091
f 2093 1787 2085
f 1786 2085 1787
f 2095 2087 2094
f 1790 2094 2087
f 2095 2090 2087
f 2094 1790 1789
f 2088 482 483
f 483 2039 2088
f 2039 2092 2088
f 2095 2096 2090
f 2097 2090 2096
f 2089 2090 2097
f 2098 2089 2097
f 2098 484 2089
f 2098 485 484
f 1937 2099 1939
f 1940 1939 2099
f 1943 2100 1944
f 2100 2101 1944
f 2101 1945 1944
f 2101 2102 1945
f 2102 1946 1945
f 2104 1946 2103
f 2104 1942 1946
f 2102 2105 1946
f 2103 1946 2105
f 2103 2106 2104
f 2106 1942 2104
f 2107 1942 2106
f 2107 1941 1942
f 369 370 1979
f 391 369 2108
f 371 369 391
f 1979 2108 369
f 394 373 371
f 2109 373 394
f 2109 2110 373
f 2110 374 373
f 2110 2111 374
f 2111 2112 374
f 2112 372 374
f 2112 1982 372
f 1977 2113 1979
f 2113 2108 1979
f 390 391 2114
f 2108 2114 391
f 2113 2115 2108
f 2115 2114 2108
f 2116 394 393
f 2116 2109 394
f 2116 2117 2109
f 2118 2109 2117
f 2118 2110 2109
f 2111 2110 813
f 813 2110 2118
f 2111 813 812
f 2119 2111 812
f 2119 2112 2111
f 2120 2112 2119
f 2120 1982 2112
f 2120 1983 1982
f 380 2082 375
f 398 378 377
f 378 402 379
f 404 379 402
f 379 404 2121
f 381 379 2121
f 381 2121 2122
f 2123 381 2122
f 380 381 2123
f 2123 2124 380
f 2124 2082 380
f 2125 2082 2124
f 2083 2082 2125
f 396 2126 398
f 2126 2127 398
f 2127 378 398
f 402 378 2127
f 2126 2128 2127
f 2128 401 2127
f 2127 401 402
f 2129 2123 2122
f 2129 2130 2123
f 2124 2123 2130
f 406 2131 404
f 2131 2121 404
f 2131 2132 2121
f 2132 2122 2121
f 2132 2133 2122
f 2133 2129 2122
f 2134 2125 2124
f 2130 2134 2124
f 2136 382 2135
f 2136 384 382
f 2137 2135 382
f 387 2137 382
f 2138 384 2136
f 2138 2139 384
f 2139 2140 384
f 2140 385 384
f 386 385 2140
f 2141 386 2140
f 388 2142 387
f 2141 2143 386
f 2143 2144 386
f 2144 2145 386
f 2145 388 386
f 2146 388 2145
f 2146 2142 388
f 2142 2147 387
f 2147 2137 387
f 2135 2137 2148
f 2149 2148 2137
f 2147 2149 2137
f 413 2135 2150
f 413 2136 2135
f 2148 2150 2135
f 411 2136 413
f 411 2138 2136
f 2151 2139 2138
f 2152 2139 2151
f 2153 2139 2152
f 2153 2140 2139
f 2141 2140 2153
f 2154 2138 411
f 2154 2151 2138
f 2155 2141 2153
f 2155 2156 2141
f 2156 2143 2141
f 2158 2142 2157
f 2158 2147 2142
f 2157 2142 2146
f 2156 2159 2143
f 2159 464 2143
f 464 2144 2143
f 464 2145 2144
f 464 462 2145
f 462 2146 2145
f 462 2160 2146
f 2157 2146 2160
f 2161 2147 2158
f 2161 2149 2147
f 2114 2069 390
f 2070 2162 392
f 2162 393 392
f 2070 2163 2162
f 2163 393 2162
f 2163 2116 393
f 2115 2164 2114
f 2164 2069 2114
f 2164 2067 2069
f 2163 2070 2072
f 2165 2163 2072
f 2166 2163 2165
f 2166 2116 2163
f 2117 2116 2166
f 2126 396 2167
f 2167 396 2077
f 2168 2126 2167
f 2128 2126 2168
f 2077 2169 2167
f 2169 2170 2167
f 2170 2168 2167
f 2076 2169 2077
f 2171 401 2128
f 2171 403 401
f 2171 2172 403
f 2172 2173 403
f 405 403 2173
f 478 406 405
f 478 479 406
f 2173 2174 405
f 2174 478 405
f 479 2131 406
f 2128 2175 2171
f 2175 2176 2171
f 2176 2172 2171
f 2168 2175 2128
f 2177 2172 2176
f 2178 2172 2177
f 2173 2172 2178
f 479 2179 2131
f 2179 479 480
f 2179 2132 2131
f 2181 416 2180
f 2181 2182 416
f 2182 2183 416
f 414 2180 416
f 2183 417 416
f 2182 2184 2183
f 433 2183 2184
f 2185 2183 433
f 417 2183 2185
f 433 436 2185
f 436 2186 2185
f 2187 417 2185
f 2185 2186 2187
f 417 2187 418
f 2180 414 2188
f 801 2188 414
f 420 801 414
f 2190 2180 2189
f 2190 2181 2180
f 2188 2189 2180
f 2190 2182 2181
f 2190 2191 2182
f 2184 2182 2191
f 2184 431 433
f 2191 2192 2184
f 435 2193 436
f 436 2193 2186
f 2187 2186 2194
f 2193 2195 2186
f 2194 2186 2195
f 2187 2194 2196
f 418 2187 2196
f 418 2196 2197
f 419 418 2197
f 2199 2198 2190
f 2198 2200 2190
f 2200 2191 2190
f 2189 2199 2190
f 2200 2201 2191
f 2201 2192 2191
f 431 2184 2192
f 2201 2202 2192
f 2202 2203 2192
f 2203 431 2192
f 705 2204 407
f 2204 409 407
f 708 407 412
f 2205 409 2204
f 2205 809 409
f 809 2206 409
f 2206 410 409
f 2206 2207 410
f 2207 2154 410
f 410 2154 411
f 413 2150 412
f 2150 2208 412
f 2208 708 412
f 2204 705 707
f 2209 704 708
f 2208 2209 708
f 707 807 2204
f 807 2205 2204
f 807 809 2205
f 809 808 2206
f 2210 2206 808
f 2207 2206 2210
f 2210 2211 2207
f 2211 2212 2207
f 2212 2154 2207
f 2151 2154 2212
f 2213 2208 2150
f 2148 2213 2150
f 2213 2214 2208
f 2209 2208 2214
f 419 2197 2215
f 803 419 2215
f 420 419 803
f 2216 2189 2188
f 2188 801 2217
f 2217 801 802
f 2217 2216 2188
f 2218 803 2215
f 2218 804 803
f 2194 2219 2196
f 2219 2220 2196
f 2220 2197 2196
f 2220 2221 2197
f 2221 2222 2197
f 2222 2215 2197
f 2222 2223 2215
f 2223 2218 2215
f 2224 424 422
f 2224 422 423
f 802 424 2225
f 425 424 802
f 2225 424 2224
f 804 2226 425
f 2226 427 425
f 804 2227 2226
f 2227 427 2226
f 2227 2228 427
f 2228 428 427
f 2228 808 428
f 2229 423 426
f 806 2229 426
f 2231 2230 423
f 2230 2224 423
f 2229 2231 423
f 2224 2230 2232
f 2232 2231 2233
f 2231 2232 2230
f 2234 2224 2232
f 2225 2224 2234
f 2225 2217 802
f 2234 2235 2225
f 2235 2236 2225
f 2236 2217 2225
f 2218 2227 804
f 2218 2237 2227
f 2238 2227 2237
f 2238 2228 2227
f 808 2228 2210
f 2210 2228 2238
f 694 2229 806
f 692 2231 2229
f 693 2229 694
f 693 692 2229
f 2233 2231 692
f 2239 1983 2120
f 2239 1984 1983
f 2119 2240 2120
f 2240 2239 2120
f 2240 2241 2239
f 2241 432 2239
f 432 1984 2239
f 430 1984 432
f 430 1981 1984
f 2119 812 2242
f 2240 2119 2242
f 2243 2240 2242
f 2243 2241 2240
f 430 431 2203
f 1981 430 2203
f 2241 434 432
f 2241 2244 434
f 2244 2193 434
f 2193 435 434
f 1980 2203 2202
f 1980 1981 2203
f 2243 2244 2241
f 2243 2245 2244
f 2246 2244 2245
f 2246 2193 2244
f 2195 2193 2246
f 2247 439 443
f 441 440 2248
f 2248 446 441
f 446 2249 441
f 2249 442 441
f 2249 2250 442
f 2250 2251 442
f 2251 443 442
f 2251 2252 443
f 2252 2247 443
f 2254 2253 2247
f 2252 2255 2247
f 2255 2254 2247
f 2253 439 2247
f 2256 439 2253
f 2256 438 439
f 438 2257 440
f 2257 2258 440
f 2258 2248 440
f 2256 2259 438
f 2259 2257 438
f 2248 2258 2260
f 446 2248 445
f 2260 445 2248
f 450 2249 446
f 450 2261 2249
f 2261 2250 2249
f 2261 2262 2250
f 2262 2263 2250
f 2263 2251 2250
f 2263 2264 2251
f 2264 2252 2251
f 2265 2255 2252
f 2264 2265 2252
f 2267 2266 2253
f 2266 2256 2253
f 2254 2267 2253
f 2266 452 2256
f 2259 2256 452
f 452 454 2259
f 454 2268 2259
f 2268 2257 2259
f 2268 2269 2257
f 2269 2258 2257
f 2269 2270 2258
f 2270 2260 2258
f 448 2272 2271
f 448 447 2272
f 2271 2273 448
f 2273 449 448
f 2273 2274 449
f 2274 2275 449
f 2275 450 449
f 2275 2261 450
f 2260 2276 445
f 2276 447 445
f 447 2276 2277
f 2277 2272 447
f 2260 2278 2276
f 2278 2279 2276
f 2279 2277 2276
f 2279 2280 2277
f 2280 2281 2277
f 2281 2282 2277
f 2282 2272 2277
f 2281 2283 2282
f 2283 2272 2282
f 2283 2271 2272
f 2283 2284 2271
f 2284 2285 2271
f 2285 2273 2271
f 2285 2286 2273
f 2286 2274 2273
f 2286 2287 2274
f 2287 2288 2274
f 2288 2275 2274
f 2288 2289 2275
f 2289 2261 2275
f 2289 2262 2261
f 2270 2278 2260
f 460 451 461
f 460 453 451
f 452 2266 451
f 2266 2290 451
f 461 451 2290
f 2291 453 460
f 2291 2292 453
f 2292 454 453
f 2292 2293 454
f 2268 454 2293
f 2267 2290 2266
f 2267 2294 2290
f 2295 2290 2294
f 2295 461 2290
f 2295 459 461
f 458 2291 460
f 458 2296 2291
f 2296 2297 2291
f 2297 2292 2291
f 2297 2298 2292
f 2298 2293 2292
f 2298 2299 2293
f 2300 2293 2299
f 2293 2300 2268
f 2300 2269 2268
f 2267 2301 2294
f 2301 2295 2294
f 456 2302 458
f 2302 2296 458
f 2296 2303 2297
f 2303 2304 2297
f 2304 2298 2297
f 2302 2305 2296
f 2305 2303 2296
f 465 456 457
f 466 457 459
f 2306 456 465
f 2306 2302 456
f 2307 466 459
f 2295 2307 459
f 2307 2308 466
f 467 466 2308
f 2159 465 464
f 2159 2306 465
f 2309 2302 2306
f 2309 2305 2302
f 2310 2306 2159
f 2310 2309 2306
f 2301 2311 2295
f 2311 2307 2295
f 2308 2307 2312
f 2313 2307 2311
f 2313 2312 2307
f 2312 467 2308
f 2160 462 467
f 2314 2160 467
f 2312 2314 467
f 2315 2160 2314
f 2157 2160 2315
f 2156 2310 2159
f 2313 2316 2312
f 2316 2314 2312
f 2317 2315 2314
f 2316 2317 2314
f 2319 468 2318
f 2319 470 468
f 469 2320 468
f 2320 2321 468
f 2318 468 2321
f 2322 470 2319
f 2322 2323 470
f 2323 2324 470
f 2324 471 470
f 2325 471 2324
f 2326 471 2325
f 2327 471 2326
f 2327 469 471
f 2320 469 2328
f 2328 469 2327
f 2329 2320 2328
f 2329 2330 2320
f 2330 2321 2320
f 2330 2331 2321
f 2332 2321 2331
f 2332 2318 2321
f 2334 2333 2318
f 2333 2319 2318
f 2332 2334 2318
f 2333 2335 2319
f 2335 2322 2319
f 2323 2322 2335
f 2335 2336 2323
f 2323 2337 2324
f 2337 2338 2324
f 2325 2324 2338
f 2338 2339 2325
f 2339 2340 2325
f 2340 2326 2325
f 2340 2341 2326
f 2341 2342 2326
f 2342 2327 2326
f 2342 2343 2327
f 2343 2328 2327
f 2343 2344 2328
f 2344 2329 2328
f 2346 2333 2345
f 2346 2335 2333
f 2334 2345 2333
f 2347 2335 2346
f 2347 2336 2335
f 2336 2337 2323
f 2336 2348 2337
f 2347 2349 2336
f 2349 2348 2336
f 2350 472 475
f 2350 2351 472
f 2352 472 2351
f 2352 474 472
f 2353 473 474
f 2353 2354 473
f 476 473 2354
f 2354 2355 476
f 2355 2356 476
f 2356 2357 476
f 2357 475 476
f 2357 2358 475
f 2358 2350 475
f 2359 2351 2350
f 2360 2350 2358
f 2360 2359 2350
f 2359 2361 2351
f 2362 2351 2361
f 2362 2352 2351
f 2364 2363 2352
f 2362 2364 2352
f 2363 474 2352
f 2365 474 2363
f 2365 2353 474
f 2366 2354 2353
f 2366 2367 2354
f 2367 2355 2354
f 2368 2353 2365
f 2368 2366 2353
f 2367 2369 2355
f 2369 2370 2355
f 2370 2371 2355
f 2371 2356 2355
f 2370 2372 2371
f 2372 2356 2371
f 2372 2373 2356
f 2373 2357 2356
f 2373 2374 2357
f 2374 2358 2357
f 2374 2375 2358
f 2375 2360 2358
f 2359 2376 2361
f 2376 2362 2361
f 2378 2363 2377
f 2378 2365 2363
f 2364 2377 2363
f 2379 2365 2378
f 2379 2380 2365
f 2368 2365 2380
f 2380 2381 2368
f 2381 2382 2368
f 2382 2366 2368
f 2382 2383 2366
f 2383 2367 2366
f 2385 2179 480
f 2384 2385 480
f 2386 2179 2385
f 2386 2132 2179
f 2387 2388 2384
f 2388 2385 2384
f 2389 2386 2385
f 2388 2389 2385
f 2098 2390 485
f 2390 2040 485
f 2038 2391 2039
f 2391 2092 2039
f 2392 2098 2097
f 2392 2390 2098
f 2392 2393 2390
f 2394 2390 2393
f 2040 2390 2394
f 2041 2040 2394
f 2396 489 488
f 2395 2397 488
f 2397 2398 488
f 2398 2399 488
f 2399 2396 488
f 2400 2401 2395
f 2401 2397 2395
f 2398 2397 2401
f 2402 2399 2398
f 2401 2403 2398
f 2403 2404 2398
f 2404 2405 2398
f 2405 2402 2398
f 2396 2399 2402
f 504 2396 2402
f 2396 504 494
f 504 2406 494
f 2406 495 494
f 2407 2408 490
f 2408 2409 490
f 2409 2410 490
f 2410 491 490
f 2410 2412 491
f 2412 2411 491
f 2414 2407 2413
f 2414 2408 2407
f 2409 2408 2414
f 2414 2415 2409
f 2415 2416 2409
f 2416 2417 2409
f 2417 2410 2409
f 2418 2412 2410
f 2417 2419 2410
f 2419 2418 2410
f 2412 2418 2411
f 2418 2420 2411
f 2400 2411 2420
f 549 519 492
f 519 517 492
f 517 493 492
f 517 2422 493
f 2421 493 2422
f 2423 519 556
f 2423 520 519
f 522 2421 2422
f 522 2422 517
f 2424 2421 522
f 2421 2424 2425
f 507 495 2406
f 507 2406 504
f 2427 495 507
f 2426 495 2427
f 2402 506 504
f 2428 2427 507
f 508 2429 507
f 2429 2428 507
f 2428 2426 2427
f 2431 2430 2426
f 2428 2432 2426
f 2432 2431 2426
f 2433 499 497
f 2433 497 498
f 2435 499 2434
f 2434 499 2433
f 2435 501 499
f 2435 2436 501
f 2436 532 501
f 532 502 501
f 534 503 502
f 2438 503 2437
f 2438 500 503
f 534 2439 503
f 2437 503 2439
f 2437 2440 2438
f 2440 500 2438
f 2441 498 500
f 2442 500 2440
f 2442 2441 500
f 2444 2443 498
f 2443 2433 498
f 2441 2444 498
f 2445 2433 2443
f 2445 2443 2444
f 2433 2446 2434
f 2445 2446 2433
f 2447 2435 2434
f 2448 2435 2447
f 2448 2449 2435
f 2449 2436 2435
f 2449 532 2436
f 2446 2450 2434
f 2450 2451 2434
f 2451 2447 2434
f 2449 2452 532
f 2452 533 532
f 2439 534 2453
f 2453 534 511
f 2453 2437 2439
f 2454 2437 2453
f 2455 2440 2437
f 2437 2454 2455
f 2456 2442 2440
f 2457 2456 2440
f 2457 2440 2455
f 2456 2441 2442
f 2458 2441 2456
f 2444 2441 2459
f 2459 2441 2458
f 2461 2460 2444
f 2460 2445 2444
f 2459 2461 2444
f 2405 506 2402
f 2405 2462 506
f 2462 2463 506
f 2463 2464 506
f 508 506 2464
f 2465 508 2464
f 2463 2465 2464
f 2466 2429 508
f 2465 2467 508
f 2467 2466 508
f 2468 2405 2404
f 2468 2462 2405
f 2468 2463 2462
f 2428 2429 2466
f 2468 2469 2463
f 2470 2463 2469
f 2471 2463 2470
f 2465 2463 2471
f 2472 2465 2471
f 2470 2472 2471
f 2473 2467 2465
f 2472 2474 2465
f 2474 2473 2465
f 2466 2467 2473
f 2475 2466 2473
f 2476 2428 2466
f 2475 2476 2466
f 2477 2432 2428
f 2476 2477 2428
f 512 533 2478
f 2479 512 2478
f 2479 514 512
f 515 514 2479
f 2479 2480 515
f 2480 543 515
f 513 516 781
f 2453 511 513
f 2481 2453 513
f 781 2481 513
f 533 2482 2478
f 2482 2483 2478
f 2483 2484 2478
f 2484 2485 2478
f 2485 2479 2478
f 2485 2486 2479
f 2486 2480 2479
f 2452 2487 533
f 2487 2482 533
f 543 2480 2486
f 2488 543 2486
f 2489 781 783
f 2489 2481 781
f 2488 2490 543
f 2490 538 543
f 783 2491 2489
f 2491 2481 2489
f 2492 2481 2491
f 2492 2454 2481
f 2454 2453 2481
f 2487 2483 2482
f 2423 521 520
f 2423 2493 521
f 2493 2494 521
f 2495 523 521
f 2494 2495 521
f 2496 522 523
f 2495 2497 523
f 2497 2496 523
f 2496 2424 522
f 555 2498 556
f 2498 2499 556
f 2499 2423 556
f 2500 2423 2499
f 2500 2493 2423
f 2494 2493 2500
f 2502 2496 2501
f 2502 2424 2496
f 2497 2503 2496
f 2501 2496 2503
f 2500 2504 2494
f 2504 2505 2494
f 2494 2506 2495
f 2505 2506 2494
f 2506 2507 2495
f 2507 2497 2495
f 2503 2497 2508
f 2507 2509 2497
f 2508 2497 2509
f 2508 2501 2503
f 2501 2510 2502
f 2510 2424 2502
f 2511 2425 2424
f 2510 2511 2424
f 2514 2513 2512
f 527 2512 2513
f 525 2512 527
f 2514 2512 525
f 2513 2515 527
f 2515 2516 527
f 2516 529 527
f 2516 2517 529
f 2517 2518 529
f 2519 529 2518
f 2519 530 529
f 2521 530 2520
f 2521 528 530
f 2520 530 2519
f 2520 2522 2521
f 2522 528 2521
f 526 528 2523
f 2523 528 2524
f 2522 2524 528
f 2526 2525 526
f 2525 2527 526
f 2527 525 526
f 2523 2526 526
f 2527 2514 525
f 2528 2527 2525
f 2528 2525 2526
f 2529 2514 2527
f 2528 2529 2527
f 2531 2530 2513
f 2515 2513 2530
f 2514 2531 2513
f 2531 2514 2532
f 2532 2514 2529
f 2530 2533 2515
f 2533 2534 2515
f 2534 2516 2515
f 2535 2516 2534
f 2535 2517 2516
f 2536 2519 2518
f 2536 2518 2517
f 2537 2536 2517
f 2538 2520 2519
f 2536 2538 2519
f 2539 2520 2538
f 2540 2522 2520
f 2539 2540 2520
f 2540 2541 2522
f 2541 2524 2522
f 2542 2524 2541
f 2542 2543 2524
f 2523 2524 2543
f 2544 2526 2523
f 2543 2544 2523
f 2545 2528 2526
f 2544 2545 2526
f 2535 2537 2517
f 2449 2487 2452
f 2547 2487 2546
f 2546 2487 2449
f 2547 2483 2487
f 2546 2449 2448
f 2490 540 538
f 2490 2548 540
f 2548 2549 540
f 2549 541 540
f 2549 2550 541
f 2550 2551 541
f 2551 542 541
f 2553 542 2552
f 2553 539 542
f 2551 2554 542
f 2552 542 2554
f 2552 2555 2553
f 2555 539 2553
f 537 539 784
f 2556 539 2555
f 784 539 2556
f 2557 2490 2488
f 2557 2558 2490
f 2558 2548 2490
f 2558 2549 2548
f 2558 2559 2549
f 2559 2560 2549
f 2560 2550 2549
f 2560 2561 2550
f 2561 590 2550
f 590 2551 2550
f 2554 2551 589
f 590 588 2551
f 589 2551 588
f 589 2552 2554
f 2562 2552 589
f 2563 2555 2552
f 2563 2552 2562
f 2564 2556 2555
f 2563 2564 2555
f 2565 2556 2564
f 2565 2566 2556
f 784 2556 2566
f 2566 783 784
f 2485 2567 2486
f 2567 2488 2486
f 2567 2568 2488
f 2568 2557 2488
f 566 546 547
f 2570 2569 546
f 566 2570 546
f 550 2571 551
f 2571 565 551
f 2570 2573 2569
f 2573 2572 2569
f 560 557 566
f 557 2570 566
f 557 2574 2570
f 2574 2573 2570
f 2575 555 548
f 2577 2575 2576
f 2577 555 2575
f 2577 2498 555
f 2577 2578 2498
f 2578 2579 2498
f 2579 2499 2498
f 2580 2571 550
f 2580 2581 2571
f 2581 2582 2571
f 2582 565 2571
f 2583 2584 2580
f 2584 2581 2580
f 2582 2581 2584
f 2585 2582 2584
f 2585 2586 2582
f 2587 565 2582
f 2586 2587 2582
f 565 2587 567
f 553 576 552
f 577 552 576
f 577 2589 552
f 2588 2590 553
f 576 553 2590
f 2591 2590 2588
f 2591 2592 2590
f 578 576 2590
f 2592 578 2590
f 2593 2594 2591
f 2594 2592 2591
f 2595 577 579
f 2595 2589 577
f 2595 2596 2589
f 2594 2597 2592
f 2597 2598 2592
f 2598 578 2592
f 2598 580 578
f 2599 2577 2576
f 2599 2600 2577
f 2600 2578 2577
f 2579 2578 2600
f 2579 2601 2499
f 2601 2500 2499
f 561 2574 557
f 567 2602 560
f 2602 559 560
f 563 559 2602
f 561 562 2603
f 2602 2604 563
f 2604 2605 563
f 2606 562 563
f 2605 2606 563
f 2607 2603 562
f 2606 2607 562
f 2603 2608 561
f 2608 2574 561
f 2609 2574 2608
f 2609 2573 2574
f 2587 2610 567
f 2610 2602 567
f 2610 2604 2602
f 2610 2611 2604
f 2611 2612 2604
f 2612 2605 2604
f 2607 2613 2603
f 2614 2608 2603
f 2614 2603 2613
f 2612 2615 2605
f 2615 2616 2605
f 2616 2606 2605
f 2616 2617 2606
f 2617 2607 2606
f 2617 2618 2607
f 2618 2613 2607
f 2619 2609 2608
f 2614 2619 2608
f 2620 2587 2586
f 2620 2610 2587
f 2620 2611 2610
f 570 568 765
f 2622 568 2621
f 2622 765 568
f 573 2621 568
f 766 2623 570
f 2623 571 570
f 572 571 2623
f 2624 572 2623
f 573 574 2625
f 2624 2626 572
f 2627 574 572
f 572 2626 2627
f 2628 2625 574
f 574 2627 2628
f 2625 2629 573
f 2629 2621 573
f 2631 2630 2621
f 2622 2621 2630
f 2629 2631 2621
f 2633 2632 2622
f 2632 765 2622
f 2630 2633 2622
f 2632 763 765
f 2634 766 764
f 2634 2635 766
f 2635 2623 766
f 2624 2623 2635
f 2636 2624 2635
f 2636 2637 2624
f 2637 2626 2624
f 2628 2638 2625
f 2639 2629 2625
f 2639 2625 2638
f 2640 2626 2637
f 2640 2641 2626
f 2641 2627 2626
f 2641 2642 2627
f 2642 2628 2627
f 2642 2643 2628
f 2643 2638 2628
f 2639 2644 2629
f 2644 2631 2629
f 581 2645 579
f 2598 2646 580
f 2646 2647 580
f 2647 581 580
f 2647 2648 581
f 2648 2645 581
f 2649 2595 579
f 2645 2649 579
f 2650 2595 2649
f 2650 2596 2595
f 2597 2651 2598
f 2651 2646 2598
f 2649 2645 2652
f 2648 2653 2645
f 2652 2645 2653
f 2654 2647 2646
f 2655 2654 2646
f 2656 2647 2654
f 2656 2648 2647
f 2657 2648 2656
f 2657 2653 2648
f 2658 2650 2649
f 2652 2658 2649
f 2655 2646 2651
f 2660 2659 582
f 2661 582 2659
f 2662 582 585
f 2662 2660 582
f 2661 584 582
f 2659 2663 2661
f 2663 2664 2661
f 2664 2665 2661
f 2665 2666 2661
f 2666 584 2661
f 2667 585 586
f 2666 2668 584
f 2668 2669 584
f 586 584 2669
f 2670 586 2669
f 2668 2670 2669
f 586 2671 2667
f 2670 2671 586
f 2672 2662 585
f 2673 2672 585
f 585 2667 2673
f 2672 2660 2662
f 2674 2664 2663
f 2675 2674 2659
f 2674 2663 2659
f 2677 2676 2660
f 2676 2675 2660
f 2678 2660 2672
f 2678 2677 2660
f 2675 2659 2660
f 2674 2679 2664
f 2491 2664 2679
f 2491 2680 2664
f 2680 2665 2664
f 2680 2666 2665
f 2680 2681 2666
f 2681 2682 2666
f 2682 2668 2666
f 2684 2667 2683
f 2684 2673 2667
f 2671 2685 2667
f 2683 2667 2685
f 2686 2668 2682
f 2686 2687 2668
f 2670 2668 2687
f 2688 2670 2687
f 2686 2688 2687
f 2670 2689 2671
f 2688 2689 2670
f 2685 2671 2690
f 2689 2691 2671
f 2690 2671 2691
f 2690 2683 2685
f 2683 2692 2684
f 2692 2673 2684
f 2693 2672 2673
f 2694 2673 2692
f 2694 2693 2673
f 2695 2678 2672
f 2693 2695 2672
f 2695 2677 2678
f 2561 591 590
f 2561 2696 591
f 2696 2697 591
f 2697 593 591
f 2697 2698 593
f 2698 616 593
f 616 594 593
f 2699 594 615
f 2699 592 594
f 616 614 594
f 615 594 614
f 615 2700 2699
f 2700 592 2699
f 2701 592 2700
f 2701 2562 592
f 2562 589 592
f 2702 2561 2560
f 2702 2703 2561
f 2703 2696 2561
f 2703 2697 2696
f 2703 2704 2697
f 2704 2705 2697
f 2705 2698 2697
f 616 2698 617
f 2705 2706 2698
f 2706 2707 2698
f 617 2698 2707
f 2708 2700 615
f 618 2708 615
f 2709 2701 2700
f 2710 2709 2700
f 2700 2708 2710
f 2709 2562 2701
f 2711 2562 2709
f 2563 2562 2711
f 1666 598 596
f 619 598 2712
f 619 599 598
f 1666 2712 598
f 622 602 599
f 622 2713 602
f 2713 1667 602
f 1667 603 602
f 612 1666 1665
f 2712 1666 612
f 2714 619 2712
f 2714 2715 619
f 2715 2716 619
f 2716 621 619
f 612 611 2712
f 611 610 2712
f 610 2714 2712
f 2713 622 627
f 621 624 622
f 1667 2713 2717
f 2718 2713 627
f 2718 2719 2713
f 2717 2713 2719
f 1669 1667 2717
f 610 2715 2714
f 2720 607 617
f 609 607 2720
f 2720 2721 609
f 2721 2722 609
f 2722 610 609
f 2722 2715 610
f 1665 608 612
f 606 608 2723
f 2724 608 1665
f 2723 608 2724
f 2723 618 606
f 2725 618 2723
f 2725 2708 618
f 617 2707 2720
f 2707 2706 2720
f 2706 2726 2720
f 2726 2727 2720
f 2727 2721 2720
f 2721 2727 2722
f 2727 2728 2722
f 2728 2729 2722
f 2729 2715 2722
f 2729 2730 2715
f 2730 2716 2715
f 1663 2724 1665
f 2731 2724 1663
f 2731 2732 2724
f 2723 2724 2732
f 2733 2725 2723
f 2732 2733 2723
f 2733 2708 2725
f 2734 2708 2733
f 2734 2710 2708
f 2730 621 2716
f 2730 2735 621
f 2735 2736 621
f 624 621 2736
f 2736 623 624
f 2728 2737 2729
f 2737 2738 2729
f 2738 630 2729
f 630 2730 2729
f 628 2730 630
f 628 2735 2730
f 628 2736 2735
f 631 2736 628
f 2736 631 623
f 631 2739 623
f 2739 2740 623
f 2740 2741 623
f 2741 626 623
f 626 2718 627
f 2740 2742 2741
f 626 2741 2742
f 2743 2718 626
f 2742 2744 626
f 2744 2743 626
f 2745 2718 2743
f 2745 2719 2718
f 629 2746 631
f 2746 2747 631
f 2747 2739 631
f 2747 2740 2739
f 2748 2740 2747
f 2740 2748 2749
f 2742 2740 2749
f 2742 2749 1596
f 644 2742 1596
f 644 2744 2742
f 644 2743 2744
f 644 645 2743
f 645 2745 2743
f 2719 2745 2717
f 2750 2745 1590
f 2717 2745 2750
f 645 1591 2745
f 1590 2745 1591
f 2738 2751 630
f 2751 2752 630
f 2752 629 630
f 2752 2753 629
f 2753 636 629
f 2746 629 636
f 636 2754 2746
f 2754 2755 2746
f 2746 2755 2747
f 2738 2737 2751
f 2737 2756 2751
f 2756 2757 2751
f 2757 2758 2751
f 2758 2753 2751
f 2753 2752 2751
f 634 2753 2758
f 636 2753 634
f 637 2754 636
f 637 2755 2754
f 2747 2755 2748
f 637 2759 2755
f 2760 2755 2759
f 2748 2755 2760
f 2761 2758 2757
f 2761 2762 2758
f 2762 634 2758
f 2763 638 642
f 2759 638 2763
f 2759 637 638
f 2762 2764 634
f 2764 635 634
f 2764 2765 635
f 2765 640 635
f 641 2766 642
f 2766 2767 642
f 2767 2763 642
f 2768 2763 2767
f 2768 2769 2763
f 2769 2759 2763
f 2769 2770 2759
f 2770 2760 2759
f 2761 2764 2762
f 2765 2764 2771
f 2761 2771 2764
f 2772 2765 2771
f 2772 2773 2765
f 2773 640 2765
f 2773 659 640
f 659 641 640
f 659 660 641
f 2766 641 660
f 2773 657 659
f 2774 2773 2772
f 2774 2775 2773
f 657 2773 2775
f 661 2776 660
f 2766 660 2776
f 2776 2777 2766
f 2777 2778 2766
f 2778 2767 2766
f 2777 2779 2778
f 2779 2767 2778
f 2779 2768 2767
f 2749 2780 1596
f 2780 1593 1596
f 1590 1601 2781
f 2782 2750 1590
f 2781 2782 1590
f 2782 2717 2750
f 2784 648 2783
f 2784 650 648
f 2785 648 653
f 2783 648 2785
f 2786 650 2784
f 2787 650 2786
f 2788 650 2787
f 2788 651 650
f 2788 652 651
f 2789 652 2788
f 667 652 2789
f 664 652 667
f 664 654 652
f 2790 654 658
f 653 654 2790
f 658 654 664
f 2791 2785 653
f 2790 2791 653
f 2792 2785 2791
f 2793 2785 2792
f 2793 2783 2785
f 2795 2794 2783
f 2794 2796 2783
f 2793 2795 2783
f 2796 2784 2783
f 2797 2784 2796
f 2797 2786 2784
f 2786 2798 2787
f 2798 2799 2787
f 2799 2800 2787
f 2800 2801 2787
f 2801 2788 2787
f 2789 2788 2801
f 2802 2786 2797
f 2802 2798 2786
f 2803 2789 2801
f 2803 669 2789
f 669 667 2789
f 2790 658 657
f 2775 2790 657
f 2791 2790 2775
f 664 667 663
f 662 658 664
f 662 656 658
f 2804 2792 2791
f 2775 2804 2791
f 2802 2799 2798
f 662 661 656
f 662 665 661
f 665 2805 661
f 2776 661 2805
f 2774 2804 2775
f 2772 2804 2774
f 2806 665 666
f 2805 665 2806
f 2806 2807 2805
f 2807 2808 2805
f 2808 2776 2805
f 2808 2777 2776
f 671 2809 666
f 2809 2806 666
f 2803 2810 669
f 2810 670 669
f 670 677 671
f 677 2811 671
f 2811 2812 671
f 2812 2809 671
f 2811 2813 2812
f 2813 2809 2812
f 2813 2814 2809
f 2814 2806 2809
f 2814 2807 2806
f 674 2810 2803
f 674 670 2810
f 2803 2815 674
f 2801 2816 2803
f 2816 2815 2803
f 673 674 2815
f 676 2817 677
f 2817 2811 677
f 2817 2818 2811
f 2818 2813 2811
f 682 2819 675
f 2819 676 675
f 2820 676 2819
f 2820 2817 676
f 2815 678 673
f 2816 2821 2815
f 2821 678 2815
f 2822 678 2821
f 2822 680 678
f 681 689 682
f 689 2823 682
f 2823 2824 682
f 2824 2819 682
f 2823 2825 2824
f 2825 2819 2824
f 2825 2820 2819
f 2825 2826 2820
f 2820 2826 2827
f 2817 2820 2827
f 2818 2817 2827
f 683 681 680
f 2828 680 2822
f 2828 683 680
f 2830 2821 2829
f 2830 2822 2821
f 2816 2829 2821
f 2831 2822 2830
f 2828 2822 2831
f 2828 2832 683
f 2832 685 683
f 2831 2833 2828
f 2833 2834 2828
f 2834 2832 2828
f 686 685 2832
f 688 2835 689
f 2835 2823 689
f 2835 2836 2823
f 2836 2825 2823
f 686 2837 687
f 2837 2838 687
f 2838 2839 687
f 2839 688 687
f 2840 688 2839
f 2840 2835 688
f 2832 2841 686
f 2837 686 2841
f 2834 2842 2832
f 2842 2841 2832
f 703 2837 701
f 2838 2837 703
f 2841 701 2837
f 2842 2843 2841
f 2843 701 2841
f 703 2844 2838
f 2844 2845 2838
f 2845 2846 2838
f 2846 2839 2838
f 2845 2847 2846
f 2847 2839 2846
f 2847 2840 2839
f 2847 2848 2840
f 2840 2848 2849
f 2835 2840 2849
f 2836 2835 2849
f 2851 690 2850
f 2851 692 690
f 2852 2850 690
f 695 2852 690
f 2853 692 2851
f 2853 2233 692
f 695 696 2854
f 2855 695 2854
f 2855 2852 695
f 696 694 807
f 707 2854 696
f 807 707 696
f 2850 2852 2856
f 2856 2852 2857
f 2857 2852 2855
f 715 2850 2858
f 715 2851 2850
f 2856 2858 2850
f 713 2851 715
f 713 2853 2851
f 713 2233 2853
f 2233 2859 2232
f 713 2859 2233
f 2854 707 706
f 706 2860 2854
f 2860 2855 2854
f 2861 2857 2855
f 2860 2861 2855
f 698 699 2862
f 2843 699 701
f 2863 699 2843
f 2863 2862 699
f 2861 2860 698
f 700 698 2860
f 2861 698 2862
f 2860 706 700
f 706 704 700
f 700 704 702
f 2209 702 704
f 702 2209 2844
f 703 702 2844
f 2864 2843 2842
f 2864 2863 2843
f 2866 2865 2863
f 2865 2862 2863
f 2864 2866 2863
f 2865 2867 2862
f 2867 2861 2862
f 2857 2861 2867
f 2214 2844 2209
f 2214 2845 2844
f 2869 709 2868
f 2869 711 709
f 2870 2868 709
f 714 2870 709
f 2871 711 2869
f 2871 2872 711
f 2873 711 2872
f 2874 711 2873
f 2874 712 711
f 2874 713 712
f 2859 713 2874
f 715 2858 714
f 2858 2875 714
f 2875 2870 714
f 2868 2870 2876
f 2877 2876 2870
f 2875 2877 2870
f 773 2868 2878
f 773 2869 2868
f 2876 2878 2868
f 772 2869 773
f 772 2871 2869
f 772 2872 2871
f 2872 2879 2873
f 2879 2880 2873
f 2880 2881 2873
f 2881 2874 2873
f 2881 2859 2874
f 2882 2872 772
f 2881 2883 2859
f 2883 2232 2859
f 2884 2875 2858
f 2856 2884 2858
f 2884 2885 2875
f 2885 2877 2875
f 2879 2872 2882
f 2886 719 717
f 2886 717 718
f 2888 719 2887
f 2887 719 2886
f 2888 721 719
f 2888 2889 721
f 2889 752 721
f 752 722 721
f 753 2890 722
f 2890 723 722
f 2892 723 2891
f 2892 720 723
f 2890 2893 723
f 2891 723 2893
f 2891 2894 2892
f 2894 720 2892
f 2895 718 720
f 2896 720 2894
f 2896 2895 720
f 2898 2897 718
f 2897 2886 718
f 2895 2898 718
f 2899 2886 2897
f 2899 2897 2898
f 2886 2900 2887
f 2900 2886 2899
f 2901 2888 2887
f 2902 2888 2901
f 2903 2888 2902
f 2903 2889 2888
f 2903 752 2889
f 2900 2904 2887
f 2904 2901 2887
f 2903 2905 752
f 2905 729 752
f 729 753 752
f 729 2906 753
f 2906 2907 753
f 2907 2890 753
f 2893 2890 2908
f 2907 2909 2890
f 2908 2890 2909
f 2908 2891 2893
f 2910 2891 2908
f 2911 2894 2891
f 2891 2910 2911
f 2912 2896 2894
f 2911 2912 2894
f 2913 2896 2912
f 2913 2914 2896
f 2914 2895 2896
f 2898 2895 2915
f 2915 2895 2914
f 2917 2916 2898
f 2916 2899 2898
f 2915 2917 2898
f 2918 726 724
f 2905 724 729
f 2905 2903 724
f 2903 2918 724
f 2920 726 2919
f 2918 2919 726
f 2920 2921 726
f 2921 727 726
f 728 727 2921
f 2922 728 2921
f 2906 729 730
f 2922 2923 728
f 730 728 2924
f 2923 2924 728
f 2924 2925 730
f 2925 2906 730
f 2918 2903 2902
f 2926 2918 2902
f 2919 2918 2926
f 2927 2920 2919
f 2928 2920 2927
f 2929 2920 2928
f 2929 2921 2920
f 2929 2922 2921
f 2926 2930 2919
f 2930 2931 2919
f 2931 2927 2919
f 2929 2932 2922
f 2932 2933 2922
f 2933 2923 2922
f 2907 2906 2934
f 2925 2935 2906
f 2934 2906 2935
f 2933 2936 2923
f 2936 2937 2923
f 2937 2924 2923
f 2937 2938 2924
f 2939 2924 2938
f 2939 2925 2924
f 2935 2925 2940
f 2940 2925 2939
f 2940 2934 2935
f 2941 733 736
f 2942 734 732
f 2942 735 734
f 2942 2943 735
f 2943 2944 735
f 735 2944 2945
f 737 735 2945
f 2946 737 2945
f 2946 2947 737
f 736 737 2947
f 2947 2948 736
f 2948 2941 736
f 2946 2949 2947
f 2949 2950 2947
f 2948 2947 2950
f 2951 2941 2948
f 2953 2952 2941
f 733 2941 2952
f 2951 2953 2941
f 2952 2954 733
f 2954 732 733
f 732 2955 2942
f 2956 732 2954
f 2956 2955 732
f 2957 2942 2955
f 2957 2943 2942
f 2958 2943 2957
f 2959 2943 2958
f 2944 2943 2959
f 2959 2960 2944
f 2960 2961 2944
f 2961 2962 2944
f 2962 2945 2944
f 2962 2963 2945
f 2963 2946 2945
f 2949 2946 2964
f 2964 2946 2963
f 2949 2965 2950
f 2965 2948 2950
f 2965 2966 2948
f 2966 2951 2948
f 2968 2952 2967
f 2968 2954 2952
f 2967 2952 2953
f 2969 2954 2968
f 2969 2970 2954
f 2970 2956 2954
f 2970 2971 2956
f 2972 2956 2971
f 2955 2956 2972
f 2972 2973 2955
f 2973 2957 2955
f 2976 2975 2974
f 2976 760 2975
f 2974 2975 2977
f 760 759 2975
f 759 2978 2975
f 2979 2975 2978
f 2979 2977 2975
f 2980 760 2976
f 2980 756 760
f 2981 2979 2978
f 2981 2978 759
f 758 2981 759
f 2979 2981 2982
f 2982 2983 2979
f 2983 2977 2979
f 2985 2977 2984
f 2985 2974 2977
f 2983 2984 2977
f 2987 2986 2974
f 2986 2976 2974
f 2985 2987 2974
f 2986 2988 2976
f 2988 2989 2976
f 2989 2980 2976
f 2990 756 2980
f 2991 756 2990
f 755 756 2991
f 2989 2992 2980
f 2992 2990 2980
f 755 742 757
f 742 2993 757
f 2994 758 757
f 2993 2994 757
f 2981 758 2995
f 758 2994 2995
f 2995 2996 2981
f 2996 2982 2981
f 2997 2989 2988
f 2998 2997 2986
f 2997 2988 2986
f 2999 2992 2989
f 2997 2999 2989
f 2987 2998 2986
f 3001 3000 2992
f 3000 2990 2992
f 2999 3001 2992
f 3000 3002 2990
f 3002 2991 2990
f 741 738 3003
f 2991 738 755
f 2991 3003 738
f 742 755 738
f 3004 741 3003
f 3004 3005 741
f 3005 3006 741
f 3006 740 741
f 744 740 3006
f 3007 744 3006
f 742 743 2993
f 3007 3008 744
f 743 744 3009
f 744 3008 3009
f 3009 3010 743
f 3010 2993 743
f 3002 3003 2991
f 3002 3011 3003
f 3011 3012 3003
f 3012 3004 3003
f 3013 3005 3004
f 3014 3005 3013
f 3015 3005 3014
f 3015 3006 3005
f 3015 3007 3006
f 3012 2643 3004
f 2643 3013 3004
f 3015 3016 3007
f 3016 3017 3007
f 3017 3008 3007
f 3010 3018 2993
f 3018 2994 2993
f 3019 3008 3017
f 3019 3020 3008
f 3020 3009 3008
f 3020 3021 3009
f 3022 3009 3021
f 3022 3010 3009
f 3018 3010 3023
f 3023 3010 3022
f 3024 748 745
f 3026 745 3025
f 3024 745 3026
f 746 3025 745
f 3028 3027 748
f 749 748 3027
f 3024 3028 748
f 3027 3029 749
f 3029 3030 749
f 3030 750 749
f 3031 3025 746
f 3032 746 751
f 3032 3031 746
f 3030 3033 750
f 3034 751 750
f 3033 3034 750
f 3035 3032 751
f 3034 3035 751
f 3037 3036 3025
f 3036 3026 3025
f 3031 3037 3025
f 3039 3038 3026
f 3038 3024 3026
f 3036 3039 3026
f 3040 3024 3038
f 3028 3024 3040
f 3027 3041 3029
f 3028 3042 3027
f 3041 3027 3042
f 3043 3042 3028
f 3043 3028 3040
f 3041 3044 3029
f 3044 3045 3029
f 3045 3030 3029
f 3045 3046 3030
f 3046 3033 3030
f 3032 3035 3047
f 3047 3048 3032
f 3048 3031 3032
f 3049 3037 3031
f 3048 3049 3031
f 3046 3050 3033
f 3050 3051 3033
f 3034 3033 3051
f 3051 3052 3034
f 3052 3035 3034
f 3053 3047 3035
f 3053 3035 3052
f 2907 2934 3054
f 2909 2907 3054
f 3054 2908 2909
f 3055 2908 3054
f 2908 3055 2910
f 3018 3056 2994
f 3057 2994 3056
f 3057 2995 2994
f 3058 2995 3057
f 3058 2996 2995
f 3059 2156 2155
f 3059 2310 2156
f 2153 3060 2155
f 3060 3061 2155
f 3061 3059 2155
f 3060 2153 2152
f 762 3062 764
f 3062 3063 764
f 3063 2634 764
f 3065 3064 763
f 3064 762 763
f 2632 3065 763
f 3064 3066 762
f 3066 3062 762
f 3067 3064 3065
f 3068 3065 2632
f 3068 3069 3065
f 3069 3067 3065
f 3070 3066 3064
f 3067 3070 3064
f 3062 3071 3063
f 3066 3072 3062
f 3072 3071 3062
f 3073 3072 3066
f 3070 3073 3066
f 3071 3074 3063
f 3074 3075 3063
f 3075 2634 3063
f 3075 3076 2634
f 3076 2635 2634
f 2636 2635 3076
f 2633 3068 2632
f 768 769 3077
f 3078 769 770
f 3079 769 3078
f 3079 3077 769
f 3023 768 3077
f 3023 3080 768
f 3080 771 768
f 3080 3081 771
f 3081 2882 771
f 2882 772 771
f 770 773 2878
f 3082 3078 770
f 2878 3082 770
f 3083 3078 3082
f 3083 3084 3078
f 3084 3079 3078
f 3058 3057 3079
f 3057 3077 3079
f 3084 3058 3079
f 3057 3056 3077
f 3056 3018 3077
f 3018 3023 3077
f 3022 3080 3023
f 3085 3080 3022
f 3086 3080 3085
f 3086 3081 3080
f 2882 3081 3086
f 3087 2882 3086
f 3087 2879 2882
f 3088 2878 2876
f 3082 2878 3088
f 3089 3083 3082
f 3088 3089 3082
f 3090 775 776
f 3093 3092 3091
f 777 3091 3092
f 775 3091 777
f 3090 3093 775
f 3093 3091 775
f 3092 3094 777
f 3094 3095 777
f 3095 779 777
f 3096 779 3095
f 3096 3097 779
f 3098 779 3097
f 3098 780 779
f 3100 780 3099
f 3100 778 780
f 3099 780 3098
f 3099 3101 3100
f 3101 778 3100
f 3102 778 3101
f 3102 3103 778
f 3103 776 778
f 3105 3104 776
f 3104 3090 776
f 3103 3105 776
f 3106 3090 3104
f 3106 3104 3105
f 3093 3090 3107
f 3107 3090 3106
f 3109 3092 3108
f 3108 3092 3093
f 3109 3094 3092
f 2940 3093 3107
f 3108 3093 2940
f 3109 3110 3094
f 3110 3111 3094
f 3111 3095 3094
f 3111 3112 3095
f 3112 3096 3095
f 3112 3113 3096
f 3096 3113 3114
f 3097 3096 3114
f 3114 3098 3097
f 3115 3099 3098
f 3114 3115 3098
f 3116 3101 3099
f 3115 3117 3099
f 3117 3116 3099
f 3118 3102 3101
f 3119 3118 3101
f 3119 3101 3116
f 3118 3103 3102
f 3120 3103 3118
f 3121 3105 3103
f 3120 3121 3103
f 3123 3122 3105
f 3122 3106 3105
f 3121 3123 3105
f 2680 2491 783
f 2566 2680 783
f 2681 2566 2682
f 2681 2680 2566
f 2682 2566 2565
f 2564 2682 2565
f 2679 2492 2491
f 2679 2454 2492
f 3124 788 786
f 3124 786 787
f 788 3126 3125
f 3124 3126 788
f 3127 788 3125
f 3127 790 788
f 791 790 3127
f 3127 3128 791
f 3128 3129 791
f 3129 3130 791
f 3130 792 791
f 3131 792 2448
f 3131 789 792
f 3130 3132 792
f 2448 792 3132
f 2448 2447 3131
f 2447 789 3131
f 787 789 3133
f 2451 789 2447
f 3133 789 2451
f 3135 3134 787
f 3134 3124 787
f 3133 3135 787
f 3136 3124 3134
f 3137 3136 3135
f 3136 3134 3135
f 3136 3138 3124
f 3126 3124 3138
f 3126 3139 3125
f 3139 3140 3125
f 3140 3141 3125
f 3141 3142 3125
f 3142 3127 3125
f 3142 3128 3127
f 3138 3143 3126
f 3143 3144 3126
f 3144 3139 3126
f 3142 3145 3128
f 3145 3146 3128
f 3146 3129 3128
f 3146 3147 3129
f 3147 3148 3129
f 3149 3129 3148
f 3149 3130 3129
f 3132 3130 2546
f 2546 3130 3149
f 2546 2448 3132
f 2450 3150 2451
f 3133 2451 3150
f 3151 3135 3133
f 3150 3151 3133
f 3151 3137 3135
f 3144 3140 3139
f 3153 3152 795
f 794 795 3152
f 3154 795 796
f 3154 3153 795
f 3152 3155 794
f 3155 3156 794
f 3156 797 794
f 798 797 3157
f 799 798 3158
f 3158 3159 799
f 3159 3160 799
f 3160 3161 799
f 3161 796 799
f 3162 3154 796
f 3161 3162 796
f 3164 3152 3163
f 3164 3165 3152
f 3165 3155 3152
f 3153 3163 3152
f 3167 3154 3166
f 3167 3153 3154
f 3162 3168 3154
f 3168 3166 3154
f 3169 3153 3167
f 3166 3169 3167
f 3165 3170 3155
f 3171 3155 3170
f 3156 3155 3171
f 3171 3172 3156
f 3172 3173 3156
f 3173 797 3156
f 3174 3175 3160
f 3175 3161 3160
f 3175 3176 3161
f 3176 3162 3161
f 3177 3162 3176
f 3177 3168 3162
f 3163 3153 3169
f 2236 2216 2217
f 2237 2218 2223
f 2238 3178 2210
f 3178 2211 2210
f 814 3179 810
f 3179 3180 810
f 2242 810 3180
f 2242 812 810
f 3181 811 813
f 815 811 3181
f 3181 3182 815
f 3182 3183 815
f 3183 3184 815
f 3184 3185 815
f 3185 814 815
f 3186 814 3185
f 3186 3179 814
f 3179 3187 3180
f 3187 2242 3180
f 3188 3187 3179
f 3189 3179 3186
f 3189 3188 3179
f 2243 2242 3187
f 3190 3181 2118
f 3182 3181 3190
f 813 2118 3181
f 3190 3191 3182
f 3191 3192 3182
f 3192 3183 3182
f 3193 3183 3192
f 3194 3183 3193
f 3194 3184 3183
f 3194 3185 3184
f 3194 3195 3185
f 3195 3186 3185
f 3195 3196 3186
f 3196 3189 3186
f 3188 2245 3187
f 2245 2243 3187
f 2117 3190 2118
f 817 3197 819
f 3197 3198 819
f 3198 3199 819
f 3199 821 819
f 3199 1978 821
f 1978 1974 821
f 1974 822 821
f 820 822 3200
f 1974 1972 822
f 1972 3200 822
f 3201 818 820
f 3202 3201 820
f 3200 3202 820
f 3204 3203 818
f 3203 817 818
f 3201 3204 818
f 3203 3205 817
f 3205 3197 817
f 3206 3203 3204
f 3207 3204 3201
f 3207 3208 3204
f 3208 3206 3204
f 3209 3205 3203
f 3206 3209 3203
f 3197 3210 3198
f 3205 3211 3197
f 3211 3210 3197
f 3209 3212 3205
f 3212 3211 3205
f 3210 3213 3198
f 3213 3214 3198
f 3214 3199 3198
f 3214 3215 3199
f 3215 1978 3199
f 3202 3200 3216
f 1972 1973 3200
f 1973 3216 3200
f 3217 3201 3202
f 3218 3217 3202
f 3216 3218 3202
f 3217 3207 3201
f 1975 1978 3215
f 3219 824 825
f 3220 825 827
f 3220 3221 825
f 3221 3219 825
f 824 3222 826
f 3219 3223 824
f 3223 3222 824
f 3222 3224 826
f 3224 3225 826
f 3225 828 826
f 829 3226 827
f 3225 3227 828
f 3228 828 3227
f 3228 829 828
f 3228 3229 829
f 3226 829 3229
f 3226 3230 827
f 3230 3220 827
f 3232 3220 3231
f 3221 3220 3232
f 3230 3231 3220
f 3234 3221 3233
f 3234 3219 3221
f 3233 3221 3232
f 3235 3219 3234
f 3223 3219 3235
f 3224 3222 3236
f 3223 3237 3222
f 3237 3236 3222
f 3238 3237 3223
f 3238 3223 3235
f 3236 3239 3224
f 3239 3240 3224
f 3240 3225 3224
f 3241 3225 3240
f 3227 3225 3241
f 3242 3230 3226
f 3229 3243 3226
f 3243 3242 3226
f 3244 3230 3242
f 3244 3231 3230
f 3241 3245 3227
f 3246 3228 3227
f 3245 3246 3227
f 3247 3229 3228
f 3246 3247 3228
f 3248 3229 3247
f 3248 3243 3229
f 3250 831 832
f 3252 832 3251
f 3250 832 3252
f 3251 832 835
f 833 831 3253
f 3250 3254 831
f 3253 831 3254
f 3255 833 3253
f 3255 3256 833
f 3256 834 833
f 3251 835 3257
f 3258 835 836
f 3258 3257 835
f 3259 834 3256
f 3260 834 3259
f 836 834 3260
f 3260 3261 836
f 3261 3258 836
f 3262 3252 3251
f 3263 3262 3251
f 3257 3263 3251
f 3265 3264 3252
f 3264 3250 3252
f 3262 3265 3252
f 3266 3250 3264
f 3254 3250 3266
f 3254 3267 3253
f 3267 3268 3253
f 3268 3255 3253
f 3269 3267 3254
f 3269 3254 3266
f 3268 3270 3255
f 3271 3255 3270
f 3256 3255 3271
f 3271 3272 3256
f 3272 3259 3256
f 3261 3273 3258
f 3274 3258 3273
f 3274 3257 3258
f 3263 3257 3275
f 3275 3257 3274
f 3260 3259 3276
f 3277 3260 3276
f 3277 3261 3260
f 3272 3278 3259
f 3278 3276 3259
f 3277 3279 3261
f 3279 3273 3261
f 1415 3280 837
f 3280 3281 837
f 837 3281 839
f 3281 3282 839
f 3282 3283 839
f 3283 1417 839
f 3283 1418 1417
f 3280 1415 1414
f 3280 3284 3281
f 3284 3285 3281
f 3285 3286 3281
f 3286 3282 3281
f 3286 3283 3282
f 1418 3283 3287
f 3286 3288 3283
f 3287 3283 3288
f 3289 1418 3287
f 3289 1419 1418
f 3289 3290 1419
f 3290 3291 1419
f 3291 1416 1419
f 3292 1416 3291
f 3292 1421 1416
f 1420 1421 3292
f 3293 3280 1414
f 3293 3294 3280
f 3294 3284 3280
f 1356 1357 1673
f 3296 1359 1356
f 1673 3297 1356
f 3297 3296 1356
f 3298 1178 849
f 1230 3298 849
f 1216 1176 1175
f 1229 3298 1230
f 3299 3298 1229
f 866 1178 3298
f 868 3298 3299
f 866 3298 868
f 853 1073 855
f 1073 3300 855
f 3300 3301 855
f 3301 3302 855
f 3302 3303 855
f 3303 858 855
f 858 3303 859
f 3304 860 859
f 3303 3305 859
f 3305 3306 859
f 3306 3307 859
f 3307 3304 859
f 3304 857 860
f 3308 1075 857
f 3304 3309 857
f 3309 3308 857
f 3300 3310 3301
f 1073 3310 3300
f 1072 3310 1073
f 3310 3311 3301
f 3311 3312 3301
f 3312 3313 3301
f 3313 3314 3301
f 3314 3302 3301
f 3302 3314 3303
f 3314 3315 3303
f 3315 3316 3303
f 3316 3305 3303
f 3305 3316 3306
f 3317 3307 3306
f 3316 3318 3306
f 3318 3319 3306
f 3319 3320 3306
f 3320 3317 3306
f 3317 3304 3307
f 3321 3309 3304
f 3317 3322 3304
f 3322 3321 3304
f 3309 3321 3308
f 1074 1075 3308
f 3324 3323 3308
f 3323 1074 3308
f 3321 3325 3308
f 3325 3324 3308
f 3326 1559 1361
f 1358 3327 1361
f 3327 3326 1361
f 3329 3328 861
f 3328 3330 861
f 1318 3329 861
f 3330 3331 861
f 3331 863 861
f 3332 3331 3330
f 3332 863 3331
f 3333 863 3332
f 3333 1570 863
f 1570 1323 863
f 3329 1318 1319
f 3335 3334 3330
f 868 3330 3334
f 3328 3335 3330
f 3336 3330 868
f 3332 3330 3336
f 3338 3337 3329
f 3337 3335 3329
f 1319 3339 3329
f 3339 3338 3329
f 3335 3328 3329
f 868 3299 3336
f 3299 3332 3336
f 3299 3340 3332
f 3340 3341 3332
f 3341 3333 3332
f 3341 1570 3333
f 3342 1570 3341
f 3343 1570 3342
f 1571 1570 3343
f 3343 1572 1571
f 3344 3339 1319
f 1320 3344 1319
f 3338 3339 3344
f 3334 867 868
f 3335 3345 867
f 3345 1180 867
f 3334 3335 867
f 1229 3346 3299
f 3346 3340 3299
f 3345 3335 3347
f 3347 3335 3337
f 3347 1180 3345
f 3347 3348 1180
f 3348 3349 1180
f 3349 1179 1180
f 1152 870 1149
f 1152 1151 870
f 873 3350 870
f 1149 870 3350
f 1151 3351 870
f 3351 872 870
f 3352 3351 1151
f 3352 872 3351
f 3352 3353 872
f 3353 3354 872
f 3355 872 3354
f 3355 874 872
f 3354 3356 3355
f 3356 3357 3355
f 3357 3358 3355
f 3358 874 3355
f 3360 3359 874
f 3359 873 874
f 3358 3360 874
f 3359 3360 3361
f 873 3359 3361
f 3350 873 3362
f 3361 3363 873
f 3362 873 3363
f 3362 1149 3350
f 1150 3364 1151
f 3364 3365 1151
f 3365 3352 1151
f 3362 1154 1149
f 3366 3365 3364
f 3366 3352 3365
f 3366 3367 3352
f 3367 3368 3352
f 3368 3353 3352
f 3368 3354 3353
f 3369 3354 3368
f 3354 3369 3356
f 3370 3357 3356
f 3369 3371 3356
f 3371 3372 3356
f 3372 3373 3356
f 3373 3370 3356
f 3358 3357 3370
f 3370 3374 3358
f 3374 3375 3358
f 3375 3360 3358
f 3377 3376 3360
f 3376 3361 3360
f 3375 3377 3360
f 3376 3377 3378
f 3361 3376 3378
f 3363 3361 3379
f 3378 3380 3361
f 3379 3361 3380
f 3379 3362 3363
f 1153 1154 3362
f 3379 3381 3362
f 3381 1153 3362
f 1130 875 1127
f 1130 1129 875
f 878 3382 875
f 1127 875 3382
f 1129 3383 875
f 3383 877 875
f 3384 3383 1129
f 3384 877 3383
f 3384 3385 877
f 3385 3386 877
f 3386 3387 877
f 3387 879 877
f 3387 3388 879
f 3386 3388 3387
f 3389 3388 3386
f 3391 3390 879
f 3390 878 879
f 3388 3392 879
f 3392 3391 879
f 3390 3391 3393
f 878 3390 3393
f 3382 878 3394
f 3393 3395 878
f 3394 878 3395
f 3394 1127 3382
f 1128 3396 1129
f 3396 3397 1129
f 3397 3384 1129
f 3394 1132 1127
f 3398 3397 3396
f 3398 3384 3397
f 3398 3399 3384
f 3399 3400 3384
f 3400 3385 3384
f 3400 3386 3385
f 3401 3386 3400
f 3386 3401 3389
f 3402 3388 3389
f 3401 3403 3389
f 3403 3404 3389
f 3404 3405 3389
f 3405 3402 3389
f 3406 3388 3402
f 3406 3392 3388
f 3392 3406 3391
f 3408 3407 3391
f 3407 3393 3391
f 3406 3409 3391
f 3409 3408 3391
f 3407 3408 3410
f 3393 3407 3410
f 3395 3393 3411
f 3410 3412 3393
f 3411 3393 3412
f 3411 3394 3395
f 1131 1132 3394
f 3411 3413 3394
f 3413 1131 3394
f 3414 881 882
f 3415 881 3414
f 3416 881 3415
f 3416 3417 881
f 3417 3418 881
f 3418 884 881
f 3420 884 3419
f 3418 3419 884
f 3417 3419 3418
f 3421 3419 3417
f 883 884 3422
f 3423 883 3422
f 3424 882 883
f 3423 3425 883
f 3425 3424 883
f 3427 3426 3424
f 3426 3428 3424
f 882 3424 3428
f 3425 3429 3424
f 3429 3427 3424
f 3428 3430 882
f 3430 3414 882
f 3414 3430 3415
f 3430 3431 3415
f 3431 3432 3415
f 3432 3433 3415
f 3433 3434 3415
f 3434 3416 3415
f 3434 3417 3416
f 3435 3417 3434
f 3417 3435 3421
f 3435 3436 3421
f 3437 3425 3423
f 3438 3437 3423
f 3439 3429 3425
f 3439 3425 3437
f 3427 3429 3439
f 3441 3440 3428
f 3440 3442 3428
f 3426 3441 3428
f 3442 3430 3428
f 3442 3443 3430
f 3443 3431 3430
f 3441 3426 3427
f 960 3444 887
f 892 961 887
f 3444 886 887
f 3445 886 3444
f 3446 888 886
f 3446 886 3445
f 888 3446 889
f 3447 890 889
f 3446 3448 889
f 3448 3449 889
f 3449 3450 889
f 3450 3447 889
f 891 890 3447
f 3447 3451 891
f 3451 3452 891
f 3452 3453 891
f 892 891 3453
f 959 961 892
f 3453 3454 892
f 3454 959 892
f 3455 3444 958
f 3455 3456 3444
f 958 3444 960
f 3456 3457 3444
f 3457 3445 3444
f 3458 3457 3456
f 3458 3445 3457
f 3459 3445 3458
f 3445 3459 3446
f 3459 3460 3446
f 3460 3461 3446
f 3461 3448 3446
f 3461 3449 3448
f 3462 3450 3449
f 3461 3463 3449
f 3463 3464 3449
f 3464 3465 3449
f 3465 3462 3449
f 3462 3447 3450
f 3466 3451 3447
f 3462 3467 3447
f 3467 3466 3447
f 3452 3451 3466
f 3469 3468 3452
f 3468 3453 3452
f 3466 3470 3452
f 3470 3469 3452
f 3471 3454 3453
f 3468 3472 3453
f 3472 3471 3453
f 959 3454 3471
f 3471 963 959
f 3473 3474 894
f 3474 3475 894
f 895 894 3475
f 3475 941 895
f 3476 3477 3473
f 3477 3478 3473
f 3478 3474 3473
f 3478 3475 3474
f 3479 3475 3478
f 3475 3479 941
f 3479 3480 941
f 3480 943 941
f 901 3482 902
f 3482 3483 902
f 3483 922 902
f 3481 3486 3482
f 3486 3487 3482
f 3487 3488 3482
f 3488 3483 3482
f 922 3483 3488
f 3489 922 3488
f 3489 953 922
f 953 923 922
f 3490 3484 930
f 928 3491 930
f 3491 3490 930
f 913 3494 914
f 3494 3495 914
f 3495 933 914
f 3493 3496 3494
f 3496 3497 3494
f 3497 3498 3494
f 3498 3495 3494
f 3498 933 3495
f 3498 3499 933
f 3499 976 933
f 976 934 933
f 938 939 940
f 939 3501 940
f 3501 3500 940
f 929 966 928
f 3502 3491 928
f 966 3503 928
f 3503 3502 928
f 3502 3490 3491
f 3487 3486 3504
f 3487 3504 3488
f 3504 3505 3488
f 3505 3506 3488
f 3506 3489 3488
f 3506 953 3489
f 3506 3507 953
f 3507 955 953
f 3508 3503 966
f 965 3508 966
f 3503 3508 3502
f 3510 3509 3502
f 3490 3502 3509
f 3508 3511 3502
f 3511 3510 3502
f 3496 3492 3490
f 3509 3496 3490
f 3510 3496 3509
f 987 3512 937
f 3512 939 937
f 3513 939 3512
f 3513 3501 939
f 3510 3497 3496
f 3510 3498 3497
f 3510 3514 3498
f 3514 3515 3498
f 3515 3499 3498
f 3515 976 3499
f 977 976 3515
f 3512 987 988
f 3516 3513 3512
f 988 3517 3512
f 3517 3516 3512
f 3500 3501 3513
f 3518 3513 3516
f 3518 3519 3513
f 3519 3500 3513
f 3519 3476 3500
f 3477 3518 3478
f 3520 3478 3518
f 3478 3520 3479
f 3520 3521 3479
f 3521 3522 3479
f 3522 3480 3479
f 3522 943 3480
f 3522 3523 943
f 3523 3524 943
f 3524 944 943
f 3521 3525 3522
f 3525 3526 3522
f 3526 3527 3522
f 3527 3523 3522
f 3527 3524 3523
f 3528 3524 3527
f 3520 3525 3521
f 3529 3507 3506
f 3529 955 3507
f 3530 955 3529
f 955 3530 956
f 3530 3531 956
f 3531 3532 956
f 3532 957 956
f 957 3532 958
f 3532 3455 958
f 3471 962 963
f 3533 964 962
f 3471 3534 962
f 3534 3533 962
f 965 964 3533
f 3533 3535 965
f 3535 3536 965
f 3536 3508 965
f 3505 3537 3506
f 3537 3538 3506
f 3538 3529 3506
f 3539 3538 3537
f 3539 3529 3538
f 3540 3529 3539
f 3529 3540 3530
f 3540 3541 3530
f 3541 3542 3530
f 3542 3531 3530
f 3531 3542 3532
f 3542 3543 3532
f 3543 3456 3532
f 3456 3455 3532
f 3544 3534 3471
f 3472 3544 3471
f 3544 3533 3534
f 3545 3535 3533
f 3544 3546 3533
f 3546 3545 3533
f 3536 3535 3545
f 3545 3547 3536
f 3547 3548 3536
f 3548 3549 3536
f 3508 3536 3549
f 3549 3511 3508
f 3515 3548 977
f 3548 3550 977
f 3550 3551 977
f 3551 978 977
f 979 978 3551
f 3552 979 3551
f 3552 3553 979
f 3553 980 979
f 3553 981 980
f 3553 3554 981
f 982 981 3554
f 3554 3555 982
f 3555 3556 982
f 3556 3557 982
f 3557 983 982
f 3557 3556 3558
f 983 3557 3558
f 3559 984 983
f 3558 3560 983
f 3560 3559 983
f 3561 984 3559
f 3561 986 984
f 986 3561 985
f 3562 989 985
f 3561 3563 985
f 3563 3562 985
f 988 989 3562
f 3564 3517 988
f 3562 3565 988
f 3565 3564 988
f 3514 3549 3515
f 3548 3515 3549
f 3547 3566 3548
f 3566 3550 3548
f 3550 3566 3551
f 3566 3567 3551
f 3567 3568 3551
f 3568 3552 3551
f 3568 3553 3552
f 3568 3569 3553
f 3554 3553 3569
f 3569 3570 3554
f 3570 3571 3554
f 3571 3555 3554
f 3555 3571 3556
f 3571 3572 3556
f 3572 3573 3556
f 3573 3574 3556
f 3574 3558 3556
f 3573 3575 3574
f 3558 3574 3575
f 3576 3560 3558
f 3575 3577 3558
f 3577 3576 3558
f 3576 3559 3560
f 3578 3561 3559
f 3576 3579 3559
f 3579 3578 3559
f 3563 3561 3578
f 3578 3580 3563
f 3580 3581 3563
f 3581 3562 3563
f 3582 3565 3562
f 3581 3582 3562
f 3564 3565 3582
f 3516 3517 3564
f 3525 3583 3564
f 3583 3516 3564
f 3582 3584 3564
f 3584 3525 3564
f 3586 1006 3585
f 3586 3587 1006
f 3585 1006 1007
f 3587 1005 1006
f 3587 3588 1004
f 3588 3589 1004
f 1010 1004 3589
f 1005 3587 1004
f 3591 1008 3590
f 3585 1008 3591
f 1026 3592 1008
f 3590 1008 3592
f 1007 1008 3585
f 3589 3593 1010
f 3593 3594 1010
f 3594 3595 1010
f 3595 1011 1010
f 1012 1011 3595
f 3596 1012 3595
f 3596 3597 1012
f 3597 1013 1012
f 3597 1014 1013
f 3598 1014 3597
f 1014 3598 1015
f 3598 3599 1015
f 3599 3600 1015
f 3600 3601 1015
f 3601 1017 1015
f 3600 3602 3601
f 1017 3601 3602
f 3603 1018 1017
f 3602 3604 1017
f 3604 3603 1017
f 3603 1019 1018
f 3605 1020 1019
f 3603 3606 1019
f 3606 3605 1019
f 1024 1020 3605
f 3605 3607 1024
f 3607 3608 1024
f 3608 1023 1024
f 1022 1023 3609
f 3611 3610 1023
f 3609 1023 3610
f 3608 3611 1023
f 3609 1021 1022
f 3612 1025 1021
f 3609 3613 1021
f 3613 3612 1021
f 3614 1027 1025
f 3614 1025 3612
f 1026 1027 3614
f 3592 1026 3615
f 3614 3616 1026
f 3615 1026 3616
f 3615 3590 3592
f 3618 3587 3617
f 3618 3619 3587
f 3617 3587 3586
f 3619 3588 3587
f 3619 3620 3589
f 3620 3621 3589
f 3588 3619 3589
f 3621 3593 3589
f 3623 3622 3585
f 3622 3617 3585
f 3591 3623 3585
f 3617 3586 3585
f 3590 3623 3591
f 3625 3624 3590
f 3624 3623 3590
f 3615 3626 3590
f 3626 3625 3590
f 3621 3627 3593
f 3627 3628 3593
f 3628 3629 3593
f 3629 3594 3593
f 3594 3629 3595
f 3629 3630 3595
f 3630 3631 3595
f 3631 3596 3595
f 3631 3597 3596
f 3631 3632 3597
f 3598 3597 3632
f 3632 3633 3598
f 3633 3634 3598
f 3634 3599 3598
f 3634 3600 3599
f 3634 3635 3600
f 3635 3636 3600
f 3637 3600 3636
f 3637 3602 3600
f 3639 3602 3638
f 3639 3604 3602
f 3638 3602 3637
f 3639 3603 3604
f 3640 3606 3603
f 3639 3641 3603
f 3641 3640 3603
f 3640 3605 3606
f 3642 3607 3605
f 3640 3643 3605
f 3643 3642 3605
f 3608 3607 3642
f 3642 3644 3608
f 3644 3645 3608
f 3645 3611 3608
f 3646 3610 3611
f 3647 3611 3645
f 3647 3648 3611
f 3648 3646 3611
f 3646 3609 3610
f 3649 3613 3609
f 3646 3650 3609
f 3650 3649 3609
f 3651 3612 3649
f 3649 3612 3613
f 3614 3612 3651
f 3616 3614 3652
f 3651 3653 3614
f 3652 3614 3653
f 3652 3615 3616
f 3654 3626 3615
f 3652 3655 3615
f 3655 3654 3615
f 3656 3657 1030
f 3657 1092 1030
f 1092 1031 1030
f 3658 3659 3656
f 3659 3660 3656
f 3660 3657 3656
f 3660 1092 3657
f 3660 3661 1092
f 3661 1121 1092
f 1121 1093 1092
f 1099 1096 1097
f 1097 3663 1099
f 3663 3662 1099
f 1041 3664 1042
f 3664 3665 1042
f 3665 1102 1042
f 3667 3668 3664
f 3668 3669 3664
f 3669 3665 3664
f 3669 1102 3665
f 3669 3670 1102
f 3670 1143 1102
f 1143 1103 1102
f 3671 3666 1111
f 1108 3672 1111
f 3672 3671 1111
f 3673 3674 1052
f 3674 1071 1052
f 3675 3676 3673
f 3676 3677 3673
f 3677 3674 3673
f 3677 1071 3674
f 3677 3678 1071
f 3310 1071 3678
f 1072 1071 3310
f 1077 3680 1079
f 3680 3679 1079
f 3681 3682 1061
f 3682 1082 1061
f 1082 1062 1061
f 3679 3683 3681
f 3683 3684 3681
f 3684 3682 3681
f 3684 1082 3682
f 3684 3685 1082
f 3685 1193 1082
f 1193 1083 1082
f 1086 1087 1089
f 1087 3687 1089
f 3687 3686 1089
f 3688 1078 1074
f 3323 3688 1074
f 1078 3688 1077
f 3689 3680 1077
f 3688 3690 1077
f 3690 3689 1077
f 3689 3679 3680
f 3676 3691 3677
f 3691 3692 3677
f 3692 3693 3677
f 3693 3678 3677
f 3693 3310 3678
f 3693 3311 3310
f 3323 3324 3688
f 3694 3690 3688
f 3324 3695 3688
f 3695 3694 3688
f 3690 3694 3689
f 3684 3683 3689
f 3683 3679 3689
f 3694 3696 3689
f 3696 3684 3689
f 3697 1087 1204
f 1088 1204 1087
f 3698 3687 1087
f 3697 3698 1087
f 3696 3699 3684
f 3699 3685 3684
f 3699 1193 3685
f 3699 3700 1193
f 3700 1194 1193
f 3697 1204 1205
f 3701 3697 1205
f 3697 3701 3698
f 3686 3687 3698
f 3703 3702 3698
f 3702 3686 3698
f 3701 3704 3698
f 3704 3703 3698
f 3702 3658 3686
f 1098 1135 1097
f 3705 3663 1097
f 1135 3706 1097
f 3706 3705 1097
f 3659 3703 3660
f 3703 3707 3660
f 3707 3708 3660
f 3708 3661 3660
f 3708 1121 3661
f 1122 1121 3708
f 3709 3706 1135
f 1134 3709 1135
f 3706 3709 3705
f 3663 3705 3662
f 3711 3710 3705
f 3662 3705 3710
f 3709 3712 3705
f 3712 3711 3705
f 3710 3667 3662
f 1108 1110 1157
f 3713 3672 1108
f 1157 3714 1108
f 3714 3713 1108
f 3671 3672 3713
f 3711 3668 3667
f 3711 3669 3668
f 3711 3715 3669
f 3715 3716 3669
f 3716 3670 3669
f 3716 1143 3670
f 3716 3717 1143
f 3717 1145 1143
f 3718 3714 1157
f 1155 3719 1157
f 3719 3718 1157
f 3713 3714 3718
f 3504 3720 3713
f 3720 3671 3713
f 3718 3721 3713
f 3721 3504 3713
f 3486 3485 3671
f 3720 3486 3671
f 3486 3720 3504
f 3708 3722 1122
f 3722 3723 1122
f 3723 3724 1122
f 3724 1123 1122
f 1123 3724 1124
f 3724 3725 1124
f 3725 3726 1124
f 3726 1125 1124
f 1125 3726 1126
f 3726 3727 1126
f 3727 3396 1126
f 3396 1128 1126
f 3728 1133 1131
f 3413 3728 1131
f 1134 1133 3728
f 3728 3729 1134
f 3729 3709 1134
f 3707 3730 3708
f 3722 3708 3730
f 3730 3731 3722
f 3731 3732 3722
f 3732 3733 3722
f 3733 3723 3722
f 3723 3733 3724
f 3733 3734 3724
f 3734 3735 3724
f 3735 3725 3724
f 3735 3726 3725
f 3735 3736 3726
f 3736 3737 3726
f 3737 3727 3726
f 3737 3396 3727
f 3737 3738 3396
f 3738 3398 3396
f 3728 3413 3411
f 3739 3729 3728
f 3411 3740 3728
f 3740 3739 3728
f 3741 3729 3739
f 3741 3742 3729
f 3742 3709 3729
f 3742 3741 3743
f 3709 3742 3743
f 3743 3712 3709
f 3744 3717 3716
f 3744 1145 3717
f 3745 1145 3744
f 1145 3745 1146
f 3745 3746 1146
f 3746 3747 1146
f 3747 1147 1146
f 1147 3747 1148
f 3747 3748 1148
f 3748 3364 1148
f 3364 1150 1148
f 3749 1155 1153
f 3381 3749 1153
f 3750 1155 3749
f 3750 3719 1155
f 3719 3750 3718
f 3715 3743 3716
f 3743 3751 3716
f 3751 3744 3716
f 3741 3751 3743
f 3741 3744 3751
f 3752 3744 3741
f 3744 3752 3745
f 3752 3753 3745
f 3753 3754 3745
f 3754 3746 3745
f 3746 3754 3747
f 3754 3755 3747
f 3755 3756 3747
f 3756 3748 3747
f 3756 3364 3748
f 3756 3757 3364
f 3757 3366 3364
f 3749 3381 3379
f 3758 3750 3749
f 3379 3759 3749
f 3759 3758 3749
f 3539 3750 3758
f 3539 3760 3750
f 3760 3718 3750
f 3760 3539 3537
f 3718 3760 3537
f 3537 3721 3718
f 3762 1170 3761
f 1171 3761 1170
f 3762 3763 1170
f 3763 1172 1170
f 3765 3764 1171
f 3764 3761 1171
f 1173 3765 1171
f 3766 3763 3762
f 3766 1172 3763
f 3766 3767 1172
f 3767 1175 1172
f 1174 3765 1173
f 3769 3768 1174
f 3765 1174 3768
f 1183 3770 1174
f 3770 3769 1174
f 3771 3767 3766
f 3771 1175 3767
f 3772 1175 3771
f 3772 1216 1175
f 3773 1182 1179
f 3349 3773 1179
f 3773 1181 1182
f 3774 1183 1181
f 3773 3775 1181
f 3775 3774 1181
f 3776 3770 1183
f 3776 1183 3774
f 3769 3770 3776
f 3778 3777 3762
f 3777 3779 3762
f 3761 3778 3762
f 3779 3780 3762
f 3780 3766 3762
f 3778 3761 3781
f 3764 3781 3761
f 3765 3781 3764
f 3782 3780 3779
f 3782 3766 3780
f 3783 3766 3782
f 3771 3766 3783
f 3785 3784 3765
f 3784 3781 3765
f 3768 3785 3765
f 3785 3768 3769
f 3787 3786 3769
f 3785 3769 3786
f 3776 3788 3769
f 3788 3787 3769
f 3782 3789 3783
f 3789 3771 3783
f 3789 3790 3771
f 3790 3791 3771
f 3791 3772 3771
f 3791 1216 3772
f 1215 1216 3791
f 3792 3348 3347
f 3338 3793 3347
f 3793 3792 3347
f 3337 3338 3347
f 3794 3349 3792
f 3792 3349 3348
f 3773 3349 3794
f 3795 3775 3773
f 3794 3796 3773
f 3796 3795 3773
f 3795 3774 3775
f 3797 3776 3774
f 3795 3798 3774
f 3798 3797 3774
f 3799 3788 3776
f 3799 3776 3797
f 3787 3788 3799
f 3800 3700 3699
f 3800 1194 3700
f 3800 3801 1194
f 1194 3801 1195
f 3801 3802 1195
f 3802 3803 1195
f 3803 1196 1195
f 1196 3803 1197
f 3803 3804 1197
f 3804 3805 1197
f 3805 1199 1197
f 3805 1200 1199
f 3806 1201 1200
f 3805 3807 1200
f 3807 3808 1200
f 3808 3809 1200
f 3809 3806 1200
f 3806 1198 1201
f 3810 1203 1198
f 3806 3811 1198
f 3811 3810 1198
f 3810 1202 1203
f 3812 1206 1202
f 3810 3813 1202
f 3813 3812 1202
f 1205 1206 3812
f 3731 3701 1205
f 3812 3814 1205
f 3814 3731 1205
f 3696 3694 3699
f 3694 3815 3699
f 3815 3800 3699
f 3816 3815 3694
f 3816 3800 3815
f 3816 3817 3800
f 3801 3800 3817
f 3817 3818 3801
f 3818 3819 3801
f 3819 3802 3801
f 3802 3819 3803
f 3819 3820 3803
f 3820 3821 3803
f 3821 3804 3803
f 3821 3805 3804
f 3821 3822 3805
f 3822 3823 3805
f 3823 3807 3805
f 3823 3808 3807
f 3824 3809 3808
f 3823 3825 3808
f 3826 3808 3825
f 3826 3824 3808
f 3809 3824 3806
f 3827 3811 3806
f 3824 3828 3806
f 3828 3827 3806
f 3811 3827 3810
f 3829 3813 3810
f 3827 3830 3810
f 3830 3829 3810
f 3829 3812 3813
f 3831 3814 3812
f 3829 3832 3812
f 3832 3831 3812
f 3731 3814 3831
f 3730 3701 3731
f 3831 3732 3731
f 3730 3704 3701
f 3791 3833 1217
f 3833 3834 1217
f 1215 3791 1217
f 3834 1560 1217
f 3835 1224 1223
f 1559 3326 1223
f 3326 3836 1223
f 3836 3835 1223
f 3837 1221 3835
f 1224 3835 1221
f 1225 1221 3837
f 3838 1228 1225
f 3837 3839 1225
f 3839 3838 1225
f 3838 1227 1228
f 3346 1227 3840
f 1229 1227 3346
f 3838 3840 1227
f 3833 3841 3834
f 3791 3841 3833
f 3790 3841 3791
f 3841 3842 3834
f 3842 3843 3834
f 3843 3844 3834
f 3844 1561 3834
f 1561 1560 3834
f 3844 3845 1561
f 3845 1562 1561
f 3846 3836 3326
f 3327 3847 3326
f 3847 3848 3326
f 3848 3846 3326
f 3849 3835 3846
f 3836 3846 3835
f 3837 3835 3849
f 3850 3839 3837
f 3849 3851 3837
f 3851 3850 3837
f 3850 3838 3839
f 3852 3840 3838
f 3850 3853 3838
f 3853 3852 3838
f 3855 3854 3840
f 3854 3346 3840
f 3855 3840 3852
f 3341 3854 3855
f 3341 3346 3854
f 3341 3340 3346
f 3857 3856 1245
f 3856 3858 1245
f 1248 3857 1245
f 3858 1244 1245
f 3858 3859 1246
f 3859 3860 1246
f 1244 3858 1246
f 3860 3861 1246
f 3861 1251 1246
f 3863 1249 3862
f 3863 3857 1249
f 1265 3864 1249
f 3862 1249 3864
f 3857 1248 1249
f 3865 3861 3860
f 3865 1251 3861
f 3865 3866 1251
f 3866 3867 1251
f 1252 1251 3867
f 3867 1385 1252
f 1261 1262 1397
f 3869 3868 1261
f 3868 1260 1261
f 1397 3870 1261
f 3870 3869 1261
f 3871 1264 1260
f 3868 3872 1260
f 3872 3871 1260
f 1263 1264 3871
f 3873 1266 1263
f 3871 3874 1263
f 3874 3873 1263
f 1265 1266 3873
f 3864 1265 3875
f 3873 3876 1265
f 3875 1265 3876
f 3875 3862 3864
f 3878 3877 3858
f 3877 3879 3858
f 3856 3878 3858
f 3879 3859 3858
f 3879 3880 3860
f 3880 3881 3860
f 3859 3879 3860
f 3881 3882 3860
f 3882 3865 3860
f 3884 3857 3883
f 3884 3878 3857
f 3883 3857 3863
f 3878 3856 3857
f 3886 3885 3862
f 3885 3883 3862
f 3875 3887 3862
f 3887 3886 3862
f 3883 3863 3862
f 3888 3882 3881
f 3888 3865 3882
f 3888 3889 3865
f 3889 3890 3865
f 3890 3866 3865
f 3890 3867 3866
f 3891 3867 3890
f 3867 3891 1385
f 3891 3892 1385
f 3892 3893 1385
f 3893 1386 1385
f 1386 3893 1387
f 3893 3894 1387
f 3894 3895 1387
f 3895 1388 1387
f 1389 1388 3895
f 3896 1389 3895
f 3896 3897 1389
f 3897 3898 1389
f 3898 1391 1389
f 3899 3870 1397
f 1395 3900 1397
f 3900 3899 1397
f 3869 3870 3899
f 3902 3901 3869
f 3901 3903 3869
f 3903 3868 3869
f 3899 3904 3869
f 3904 3902 3869
f 3905 3872 3868
f 3903 3905 3868
f 3871 3872 3905
f 3906 3874 3871
f 3905 3907 3871
f 3907 3906 3871
f 3873 3874 3906
f 3876 3873 3908
f 3906 3909 3873
f 3908 3873 3909
f 3908 3875 3876
f 3910 3887 3875
f 3908 3911 3875
f 3911 3910 3875
f 3912 1302 1298
f 1298 1302 1297
f 3913 1306 1304
f 3914 1306 3913
f 3915 1306 3914
f 3915 3916 1306
f 3916 1307 1306
f 3916 1284 1307
f 3916 3917 1284
f 1285 1284 3917
f 3917 3918 1285
f 3918 3919 1285
f 3919 1287 1285
f 1287 3919 1288
f 3920 1289 1288
f 3919 3921 1288
f 3921 3922 1288
f 3922 3923 1288
f 3923 3920 1288
f 3920 1286 1289
f 3924 1290 1286
f 3920 3925 1286
f 3925 3924 1286
f 1291 1290 3924
f 3926 1292 1291
f 3924 3927 1291
f 3927 3926 1291
f 3928 1292 3926
f 3928 3929 1292
f 3929 1294 1292
f 3627 3930 3928
f 3929 3928 3930
f 1294 3929 3930
f 1296 1294 3931
f 3930 3932 1294
f 3931 1294 3932
f 3931 1295 1296
f 3933 1299 1295
f 3931 3934 1295
f 3934 3933 1295
f 3935 1298 3933
f 3933 1298 1299
f 3912 1298 3935
f 3937 3936 1301
f 3936 3938 1301
f 1300 1301 3938
f 1302 3937 1301
f 3938 3939 1300
f 3939 1303 1300
f 3937 1302 3912
f 1303 3939 1304
f 3939 3940 1304
f 3940 3902 1304
f 3902 3913 1304
f 3913 3902 3914
f 3914 3941 3915
f 3941 3916 3915
f 3941 3942 3916
f 3942 3943 3916
f 3943 3917 3916
f 3944 3918 3917
f 3944 3917 3943
f 3918 3944 3919
f 3944 3945 3919
f 3945 3946 3919
f 3946 3921 3919
f 3946 3922 3921
f 3947 3923 3922
f 3946 3948 3922
f 3948 3949 3922
f 3949 3950 3922
f 3950 3947 3922
f 3947 3920 3923
f 3951 3925 3920
f 3947 3952 3920
f 3952 3951 3920
f 3924 3925 3951
f 3953 3927 3924
f 3951 3954 3924
f 3954 3953 3924
f 3926 3927 3953
f 3955 3928 3926
f 3953 3956 3926
f 3956 3955 3926
f 3627 3928 3955
f 3955 3628 3627
f 3930 3627 3621
f 3932 3930 3957
f 3621 3958 3930
f 3957 3930 3958
f 3957 3931 3932
f 3959 3934 3931
f 3957 3960 3931
f 3960 3959 3931
f 3959 3933 3934
f 3959 3961 3933
f 3961 3935 3933
f 3963 3962 3912
f 3962 3937 3912
f 3935 3964 3912
f 3964 3963 3912
f 3965 3964 3935
f 3961 3966 3935
f 3966 3965 3935
f 3963 3964 3965
f 3968 3967 3938
f 3967 3969 3938
f 3969 3939 3938
f 3936 3968 3938
f 3971 3970 3937
f 3970 3968 3937
f 3962 3971 3937
f 3968 3936 3937
f 3969 3972 3939
f 3972 3940 3939
f 3971 3962 3963
f 3940 3972 3902
f 3972 3901 3902
f 3904 3914 3902
f 3904 3899 3914
f 3899 3973 3914
f 3973 3941 3914
f 3975 3974 1321
f 3974 3344 1321
f 1333 3976 1321
f 3976 3975 1321
f 3344 1320 1321
f 3978 3977 1328
f 3977 1330 1328
f 1581 3978 1328
f 3977 3978 3979
f 1330 3977 3979
f 3980 1332 1330
f 3979 3981 1330
f 3981 3980 1330
f 1331 1332 3980
f 3982 1334 1331
f 3980 3983 1331
f 3983 3982 1331
f 1333 1334 3982
f 3984 3976 1333
f 3982 3985 1333
f 3985 3984 1333
f 3975 3976 3984
f 3987 3344 3986
f 3987 3338 3344
f 3986 3344 3974
f 3989 3975 3988
f 3986 3975 3989
f 3984 3990 3975
f 3988 3975 3990
f 3974 3975 3986
f 3991 1572 3343
f 3992 1572 3991
f 1573 1572 3992
f 3992 1574 1573
f 3993 1574 3992
f 3994 1574 3993
f 1576 1574 3994
f 3994 1577 1576
f 1581 1582 3978
f 3888 3995 3978
f 3995 3979 3978
f 1582 3996 3978
f 3996 3888 3978
f 3995 3888 3881
f 3979 3995 3881
f 3997 3981 3979
f 3881 3998 3979
f 3998 3997 3979
f 3980 3981 3997
f 3999 3983 3980
f 3997 4000 3980
f 4000 3999 3980
f 3982 3983 3999
f 4001 3985 3982
f 3999 4002 3982
f 4002 4001 3982
f 3984 3985 4001
f 3990 3984 4003
f 4001 4004 3984
f 4003 3984 4004
f 4003 3988 3990
f 1349 4005 1347
f 1348 4005 1349
f 4006 1351 1350
f 4006 1350 1347
f 4005 4007 1347
f 4007 4006 1347
f 1363 1563 1348
f 1563 4008 1348
f 4008 4005 1348
f 4006 4009 1351
f 4010 1351 4009
f 1664 1351 4010
f 1664 1352 1351
f 1358 1359 3296
f 3847 3327 1358
f 3296 4011 1358
f 4011 3847 1358
f 4012 4006 4007
f 4012 4007 4005
f 4012 4013 4006
f 4009 4006 4013
f 4008 4014 4005
f 1563 4014 4008
f 4014 4015 4005
f 4015 4012 4005
f 1562 3845 1563
f 3845 4016 1563
f 4016 4014 1563
f 4009 4017 4010
f 4017 2732 4010
f 2732 2731 4010
f 2731 1663 4010
f 1663 1664 4010
f 4013 4018 4009
f 4018 4019 4009
f 4019 4017 4009
f 4019 2732 4017
f 4020 1674 1672
f 4021 1672 1671
f 4021 4020 1672
f 1673 1674 4020
f 4022 3297 1673
f 4020 4023 1673
f 4023 4022 1673
f 3296 3297 4022
f 4024 4011 3296
f 4022 4025 3296
f 4025 4024 3296
f 4024 3847 4011
f 4026 3848 3847
f 4024 4027 3847
f 4027 4026 3847
f 4029 4028 1373
f 4028 4030 1373
f 1375 1373 4030
f 4029 1373 1374
f 4032 1378 4031
f 4032 4029 1378
f 1377 4033 1378
f 4031 1378 4033
f 4029 1374 1378
f 4030 4034 1375
f 4034 4035 1375
f 4035 1379 1375
f 4036 4033 1377
f 1381 4037 1377
f 4037 4036 1377
f 4036 4031 4033
f 4035 4038 1379
f 4038 3295 1379
f 4034 4038 4035
f 4039 1381 1380
f 4040 4039 1380
f 4041 4037 1381
f 4041 1381 4039
f 4036 4037 4041
f 4043 4030 4042
f 4043 4044 4030
f 4044 4034 4030
f 4042 4030 4028
f 4046 4029 4045
f 4042 4029 4046
f 4045 4029 4032
f 4028 4029 4042
f 4044 4047 4034
f 4047 4048 4034
f 4048 4038 4034
f 4031 4045 4032
f 4050 4036 4049
f 4031 4036 4050
f 4041 4051 4036
f 4049 4036 4051
f 4052 4045 4031
f 4050 4053 4031
f 4053 4052 4031
f 4049 4053 4050
f 4054 4038 4048
f 4055 4038 4054
f 4055 4056 4038
f 3295 4038 4056
f 4057 4039 4040
f 4058 4039 4057
f 4041 4039 4058
f 4051 4041 4059
f 4058 4060 4041
f 4059 4041 4060
f 4059 4049 4051
f 4047 4054 4048
f 4061 1393 1391
f 3898 4062 1391
f 4062 4063 1391
f 4063 4061 1391
f 4061 1392 1393
f 4064 1396 1392
f 4061 4065 1392
f 4065 4064 1392
f 1395 1396 4064
f 4066 3900 1395
f 4064 4067 1395
f 4067 4066 1395
f 4066 3899 3900
f 3889 4068 3890
f 4068 4069 3890
f 3891 3890 4069
f 4069 4070 3891
f 4070 4071 3891
f 4071 3892 3891
f 3892 4071 3893
f 4071 4072 3893
f 4072 4073 3893
f 4073 3894 3893
f 3894 4073 3895
f 4073 4074 3895
f 4074 4075 3895
f 4075 3896 3895
f 4075 3897 3896
f 4062 3898 3897
f 4075 4076 3897
f 4076 4077 3897
f 4077 4078 3897
f 4078 4062 3897
f 4079 4063 4062
f 4078 4080 4062
f 4081 4062 4080
f 4081 4079 4062
f 4063 4079 4061
f 4082 4065 4061
f 4079 4083 4061
f 4083 4082 4061
f 4065 4082 4064
f 4084 4067 4064
f 4082 4085 4064
f 4085 4084 4064
f 4084 4066 4067
f 3941 3973 4066
f 3899 4066 3973
f 4084 4086 4066
f 4086 3941 4066
f 1430 4087 1413
f 4087 4088 1413
f 1414 1413 4088
f 4090 1410 4089
f 1428 1410 4090
f 1427 4091 1410
f 4089 1410 4091
f 4088 4092 1414
f 4092 3293 1414
f 4093 1422 1420
f 3292 4094 1420
f 4094 4093 1420
f 4093 1423 1422
f 4054 4095 1423
f 4095 1424 1423
f 4093 4096 1423
f 4096 4054 1423
f 1426 1424 4097
f 4095 4098 1424
f 4097 1424 4098
f 4097 1425 1426
f 4097 4099 1425
f 4099 1427 1425
f 4091 1427 4100
f 4099 4101 1427
f 4100 1427 4101
f 4100 4089 4091
f 4103 4102 1428
f 4102 4104 1428
f 4090 4103 1428
f 4104 1429 1428
f 1430 1429 4104
f 4105 1430 4104
f 4106 1430 4105
f 4087 1430 4106
f 4089 4103 4090
f 4107 4103 4089
f 4100 4108 4089
f 4108 4109 4089
f 4109 4107 4089
f 4106 4088 4087
f 4110 4088 4106
f 4110 4111 4088
f 4111 4092 4088
f 4111 4112 4092
f 4112 3294 4092
f 3294 3293 4092
f 3288 4113 3287
f 4113 4114 3287
f 4114 4115 3287
f 4115 3289 3287
f 4116 3292 3291
f 4117 4116 3291
f 4094 3292 4116
f 4116 4118 4094
f 4118 4119 4094
f 4119 4093 4094
f 4120 4096 4093
f 4119 4120 4093
f 4054 4096 4120
f 4047 4095 4054
f 4120 4055 4054
f 4121 4098 4095
f 4047 4121 4095
f 4121 4097 4098
f 4122 4099 4097
f 4121 4123 4097
f 4123 4122 4097
f 4124 4101 4099
f 4124 4099 4122
f 4100 4101 4124
f 4125 4108 4100
f 4124 4126 4100
f 4126 4125 4100
f 4104 4128 4127
f 4102 4128 4104
f 4129 4128 4103
f 4103 4128 4102
f 4127 4130 4104
f 4130 4105 4104
f 4105 4130 4106
f 4130 4131 4106
f 4131 4132 4106
f 4132 4110 4106
f 4107 4129 4103
f 4132 4111 4110
f 4134 4133 1448
f 4133 4135 1448
f 1447 4134 1448
f 4135 1449 1448
f 4137 4136 1452
f 4136 4134 1452
f 1451 4138 1452
f 4138 4137 1452
f 4134 1447 1452
f 4135 4139 1449
f 4139 1453 1449
f 4140 4138 1451
f 4140 1451 1467
f 4137 4138 4140
f 4139 4141 1453
f 4141 4142 1453
f 4142 4143 1453
f 4143 1454 1453
f 4143 1455 1454
f 4144 1455 4143
f 1456 1455 4144
f 4145 1456 4144
f 4145 4146 1456
f 1459 1456 4146
f 4146 4147 1459
f 4147 4148 1459
f 4148 1457 1459
f 4147 4149 4148
f 1457 4148 4149
f 4150 1458 1457
f 4149 4151 1457
f 4151 4150 1457
f 4150 1460 1458
f 4150 4152 1460
f 4152 4153 1460
f 4153 1461 1460
f 4154 1461 4153
f 4154 1465 1461
f 4154 1464 1465
f 4155 1464 4154
f 1463 1464 4156
f 4158 4157 1464
f 4156 1464 4157
f 4155 4158 1464
f 4159 1462 4156
f 4156 1462 1463
f 1466 1462 4159
f 1468 1466 4160
f 4159 4161 1466
f 4160 1466 4161
f 4160 1467 1468
f 4160 4162 1467
f 4162 4140 1467
f 4164 4135 4163
f 4165 4135 4164
f 4163 4135 4133
f 4166 4135 4165
f 4166 4139 4135
f 4168 4134 4167
f 4163 4134 4168
f 4167 4134 4136
f 4133 4134 4163
f 4165 4169 4166
f 4169 4139 4166
f 4169 4141 4139
f 4137 4167 4136
f 4171 4170 4140
f 4170 4137 4140
f 4162 4172 4140
f 4172 4171 4140
f 4174 4137 4173
f 4167 4137 4174
f 4173 4137 4170
f 4171 4173 4170
f 4169 4175 4141
f 4175 4176 4141
f 4176 4177 4141
f 4177 4142 4141
f 4177 4143 4142
f 4177 4178 4143
f 4144 4143 4178
f 4178 4179 4144
f 4179 4180 4144
f 4180 4145 4144
f 4180 4146 4145
f 4181 4146 4180
f 4147 4146 4181
f 4182 4147 4181
f 4182 4183 4147
f 4184 4147 4183
f 4184 4149 4147
f 4186 4149 4185
f 4186 4151 4149
f 4185 4149 4184
f 4186 4150 4151
f 4187 4150 4186
f 4188 4152 4150
f 4187 4188 4150
f 4153 4152 4188
f 4189 4154 4153
f 4188 4190 4153
f 4190 4189 4153
f 4189 4155 4154
f 4189 4191 4155
f 4191 4192 4155
f 4192 4158 4155
f 4157 4158 4193
f 4112 4158 4192
f 4112 4194 4158
f 4193 4158 4194
f 4193 4156 4157
f 4193 4195 4156
f 4195 4159 4156
f 4196 4161 4159
f 4195 4197 4159
f 4197 4196 4159
f 4196 4160 4161
f 4198 4162 4160
f 4196 4199 4160
f 4199 4198 4160
f 4200 4172 4162
f 4200 4162 4198
f 4171 4172 4200
f 1494 4201 1481
f 4201 1598 1481
f 4202 1497 1496
f 4202 1483 1497
f 4202 4203 1483
f 4203 1484 1483
f 4203 4204 1484
f 4204 1486 1484
f 4204 4205 1486
f 4205 4206 1486
f 1486 4206 1487
f 4206 1685 1487
f 1507 4207 1686
f 4207 1492 1686
f 4207 4208 1492
f 4208 1493 1492
f 4208 4209 1493
f 4209 1494 1493
f 4210 4201 1494
f 4209 4211 1494
f 4211 4210 1494
f 1598 4201 4210
f 1600 1598 4212
f 4210 4213 1598
f 4212 1598 4213
f 4212 1599 1600
f 4202 4214 4203
f 4215 4203 4214
f 4204 4203 4215
f 1496 4216 4202
f 4215 4217 4204
f 4217 4218 4204
f 4218 4205 4204
f 4218 4206 4205
f 4214 4202 4216
f 1595 4219 1496
f 4219 4216 1496
f 4218 4220 4206
f 4221 4206 4220
f 1685 4206 4221
f 1685 4221 4222
f 1508 1685 4222
f 1508 4222 1509
f 1516 4223 1507
f 4207 1507 4223
f 1516 4224 4223
f 4224 4207 4223
f 4224 4225 4207
f 4208 4207 4225
f 4209 4208 4226
f 4225 4227 4208
f 4226 4208 4227
f 4228 4211 4209
f 4228 4209 4226
f 4210 4211 4228
f 4213 4210 4229
f 4228 4230 4210
f 4229 4210 4230
f 4229 4212 4213
f 1594 4219 1595
f 4219 4231 4216
f 4231 4232 4216
f 4232 4214 4216
f 4233 4219 1594
f 4233 4234 4219
f 4231 4219 4234
f 4222 4235 1509
f 4235 1510 1509
f 4235 4236 1510
f 4236 4237 1510
f 4237 1523 1510
f 4237 1524 1523
f 4239 4238 1534
f 4238 1535 1534
f 4238 1514 1535
f 4238 4240 1514
f 1515 1514 4240
f 4240 4241 1515
f 4241 1516 1515
f 4241 4242 1516
f 4224 1516 4242
f 4221 4243 4222
f 4243 4235 4222
f 4243 4244 4235
f 4244 4245 4235
f 4245 4236 4235
f 4245 4237 4236
f 4245 4246 4237
f 4246 4247 4237
f 4247 1524 4237
f 4247 1526 1524
f 1532 4239 1534
f 1532 4248 4239
f 4248 4249 4239
f 4249 4250 4239
f 4250 4238 4239
f 4250 4251 4238
f 4240 4238 4251
f 4251 4252 4240
f 4253 4240 4252
f 4253 4241 4240
f 4242 4241 4254
f 4254 4241 4253
f 4254 4224 4242
f 4255 4224 4254
f 4225 4224 4255
f 4247 4256 1526
f 4256 4257 1526
f 4257 1527 1526
f 4257 1544 1527
f 1556 4258 1533
f 4258 1532 1533
f 4258 4248 1532
f 4246 4259 4247
f 4259 4256 4247
f 4257 4256 4260
f 4259 4261 4256
f 4260 4256 4261
f 4257 4260 4262
f 1544 4257 4262
f 1545 1544 4262
f 4263 1556 1555
f 4263 4264 1556
f 4264 4258 1556
f 4249 4248 4258
f 4264 4265 4258
f 4249 4258 4265
f 4266 1545 4262
f 1546 1545 4266
f 4266 4267 1546
f 4267 4268 1546
f 4268 1547 1546
f 4268 4269 1547
f 4269 1549 1547
f 4269 4270 1549
f 4270 4271 1549
f 4271 1548 1549
f 4272 1550 1548
f 4271 4272 1548
f 4272 4273 1550
f 4273 1551 1550
f 4273 1554 1551
f 4273 4274 1554
f 4274 4275 1554
f 4275 4276 1554
f 4276 1553 1554
f 4276 4277 1553
f 4277 1555 1553
f 4277 4263 1555
f 4260 4278 4262
f 4278 4266 4262
f 4278 4279 4266
f 4279 4267 4266
f 4279 4280 4267
f 4280 4281 4267
f 4281 4282 4267
f 4282 4268 4267
f 4281 4283 4282
f 4283 4268 4282
f 4283 4284 4268
f 4284 4269 4268
f 4283 4285 4284
f 4285 4269 4284
f 4285 4286 4269
f 4286 4270 4269
f 4285 4287 4286
f 4287 4270 4286
f 4287 4288 4270
f 4288 4289 4270
f 4289 4271 4270
f 4289 4290 4271
f 4290 4272 4271
f 4291 4273 4272
f 4290 4291 4272
f 4291 4292 4273
f 4292 4274 4273
f 4275 4274 4292
f 4292 4293 4275
f 4293 4294 4275
f 4294 4295 4275
f 4295 4276 4275
f 4295 4296 4276
f 4296 4277 4276
f 4296 4297 4277
f 4297 4263 4277
f 4264 4263 4298
f 4297 4299 4263
f 4298 4263 4299
f 4265 4264 4300
f 4300 4264 4298
f 4300 4249 4265
f 3844 3843 3845
f 3843 4301 3845
f 4301 4302 3845
f 4302 4016 3845
f 4016 4302 4014
f 4302 4303 4014
f 4303 4304 4014
f 4304 4015 4014
f 4305 1578 1577
f 4306 1577 3994
f 4306 4307 1577
f 4307 4308 1577
f 4308 4305 1577
f 1578 4305 1575
f 4309 1580 1575
f 4305 4310 1575
f 4310 4309 1575
f 1580 4309 1579
f 4311 1583 1579
f 4309 4312 1579
f 4312 4311 1579
f 1583 4311 1582
f 4068 3996 1582
f 4311 4313 1582
f 4313 4068 1582
f 3855 3342 3341
f 3855 3343 3342
f 3855 4314 3343
f 4314 4315 3343
f 4315 3991 3343
f 4315 3992 3991
f 4315 4316 3992
f 4316 4317 3992
f 4317 3993 3992
f 4317 3994 3993
f 4317 4318 3994
f 4318 4319 3994
f 4319 4306 3994
f 4319 4307 4306
f 4320 4308 4307
f 4321 4307 4319
f 4321 4322 4307
f 4322 4323 4307
f 4323 4320 4307
f 4308 4320 4305
f 4324 4310 4305
f 4320 4325 4305
f 4325 4324 4305
f 4310 4324 4309
f 4326 4312 4309
f 4324 4327 4309
f 4327 4326 4309
f 4312 4326 4311
f 4328 4313 4311
f 4326 4329 4311
f 4329 4328 4311
f 4069 4068 4328
f 4313 4328 4068
f 3888 3996 4068
f 3889 3888 4068
f 4330 2780 2749
f 4330 1593 2780
f 4331 1593 4330
f 1594 1593 4331
f 4331 4233 1594
f 4212 4332 1599
f 4332 1602 1599
f 4332 4333 1602
f 4333 4334 1602
f 4334 1601 1602
f 2781 1601 4334
f 2782 2781 4335
f 4334 4336 2781
f 4335 2781 4336
f 1669 2717 2782
f 4335 1669 2782
f 4330 4337 4331
f 4337 4338 4331
f 4338 4234 4331
f 4234 4233 4331
f 4339 4330 2749
f 4339 4340 4330
f 4340 4337 4330
f 2748 4339 2749
f 4341 4212 4229
f 4341 4332 4212
f 4342 4333 4332
f 4341 4343 4332
f 4343 4342 4332
f 4334 4333 4342
f 4336 4334 4344
f 4342 4345 4334
f 4344 4334 4345
f 4344 4335 4336
f 4340 4339 2748
f 4347 4346 1616
f 4346 4348 1616
f 1621 4347 1616
f 4348 1617 1616
f 1617 4348 1618
f 4348 4349 1618
f 4349 4350 1618
f 4350 4351 1618
f 4351 1623 1618
f 1620 4347 1621
f 4353 4352 1620
f 4352 4347 1620
f 1634 4354 1620
f 4354 4353 1620
f 4355 1623 4351
f 4356 1623 4355
f 4356 4357 1623
f 4357 1624 1623
f 4357 1625 1624
f 1644 1625 4357
f 4350 4355 4351
f 1655 4358 1632
f 4358 1631 1632
f 4359 1630 1631
f 4360 1631 4358
f 4360 4359 1631
f 4359 1629 1630
f 4361 1633 1629
f 4359 4362 1629
f 4362 4361 1629
f 4363 1635 1633
f 4363 1633 4361
f 1634 1635 4363
f 4364 4354 1634
f 4363 4365 1634
f 4365 4364 1634
f 4364 4353 4354
f 4367 4366 4349
f 4366 4368 4349
f 4368 4350 4349
f 4367 4349 4348
f 4348 4369 4367
f 4346 4369 4348
f 4347 4369 4346
f 4368 4370 4350
f 4370 4355 4350
f 4372 4371 4347
f 4371 4369 4347
f 4352 4372 4347
f 4353 4372 4352
f 4374 4373 4353
f 4373 4372 4353
f 4364 4375 4353
f 4375 4374 4353
f 4370 4376 4355
f 4376 4377 4355
f 4377 4378 4355
f 4378 4356 4355
f 4378 4357 4356
f 4378 4379 4357
f 1644 4357 4379
f 4379 4380 1644
f 4380 4381 1644
f 4381 1645 1644
f 4381 1646 1645
f 4381 4382 1646
f 1646 4382 1647
f 4382 4383 1647
f 4383 4384 1647
f 4384 1649 1647
f 1656 4358 1655
f 4386 4385 4358
f 4385 4360 4358
f 1656 4387 4358
f 4387 4386 4358
f 4388 4385 4386
f 4389 4360 4388
f 4388 4360 4385
f 4359 4360 4389
f 4362 4359 4390
f 4389 4391 4359
f 4390 4359 4391
f 4390 4361 4362
f 4390 4392 4361
f 4392 4393 4361
f 4393 4363 4361
f 4394 4365 4363
f 4393 4394 4363
f 4364 4365 4394
f 4395 4375 4364
f 4394 4396 4364
f 4396 4395 4364
f 4395 4374 4375
f 4398 4397 1649
f 4397 1648 1649
f 4384 4398 1649
f 4398 4399 4397
f 4399 1648 4397
f 4399 4400 1648
f 4400 1650 1648
f 4399 4401 4400
f 1650 4400 4401
f 4402 1651 1650
f 4401 4403 1650
f 4403 4402 1650
f 4402 1652 1651
f 4404 1653 1652
f 4402 4405 1652
f 4405 4404 1652
f 4406 1653 4404
f 1656 1653 4406
f 4407 4387 1656
f 4406 4407 1656
f 4378 4408 4379
f 4408 4409 4379
f 4409 4380 4379
f 4381 4380 4409
f 4410 4381 4409
f 4382 4381 4410
f 4410 4411 4382
f 4411 4412 4382
f 4412 4383 4382
f 4412 4384 4383
f 4412 4413 4384
f 4398 4384 4413
f 4414 4398 4413
f 4415 4398 4414
f 4415 4399 4398
f 4401 4399 4416
f 4416 4399 4415
f 4417 4401 4416
f 4417 4403 4401
f 4417 4418 4403
f 4418 4419 4403
f 4419 4402 4403
f 4420 4402 4419
f 4420 4405 4402
f 4404 4405 4420
f 4422 4421 4404
f 4421 4406 4404
f 4420 4423 4404
f 4423 4422 4404
f 4424 4421 4422
f 4407 4406 4424
f 4424 4406 4421
f 4387 4407 4386
f 4175 4407 4424
f 4386 4407 4175
f 1670 1669 4335
f 1671 1670 4335
f 4335 4425 1671
f 4425 4021 1671
f 4344 4425 4335
f 4021 4425 4344
f 4344 4426 4021
f 4426 4427 4021
f 4427 4020 4021
f 4428 4023 4020
f 4427 4428 4020
f 4428 4022 4023
f 4429 4025 4022
f 4428 4430 4022
f 4430 4429 4022
f 4432 4435 4431
f 4435 4436 4431
f 4437 4432 4433
f 4437 4433 4434
f 4438 4432 4437
f 4438 4435 4432
f 4440 1677 4439
f 4440 1684 1677
f 1676 4441 1677
f 4439 1677 4441
f 4442 1680 1683
f 4442 4443 1680
f 4443 1681 1680
f 4441 1676 4444
f 4444 1676 1682
f 4444 4439 4441
f 4443 4445 1681
f 4445 4446 1681
f 4447 4444 1682
f 4448 4439 4444
f 4447 4449 4444
f 4449 4448 4444
f 4451 1684 4450
f 4440 4450 1684
f 1683 1684 4451
f 4452 4440 4439
f 4452 4439 4448
f 4451 4442 1683
f 4453 4440 4452
f 4453 4450 4440
f 4454 4442 4451
f 4454 4455 4442
f 4455 4443 4442
f 4456 4443 4455
f 4445 4443 4456
f 4456 4457 4445
f 4457 4458 4445
f 4458 4459 4445
f 4459 4446 4445
f 4460 4461 4447
f 4461 4449 4447
f 4450 4462 4451
f 4462 4463 4451
f 4463 4454 4451
f 4464 4450 4453
f 4452 4464 4453
f 4463 4455 4454
f 4465 4450 4464
f 4465 4462 4450
f 4220 4466 4221
f 4466 4243 4221
f 4470 4469 4467
f 1687 4467 4469
f 4468 4470 4467
f 4469 4471 1687
f 4475 4474 4469
f 4471 4469 4474
f 4470 4475 4469
f 4474 4476 4471
f 4476 4472 4471
f 4476 4477 4472
f 4477 4473 4472
f 4477 4478 4473
f 4478 4479 4473
f 4478 4480 4479
f 4481 1697 1698
f 1711 4482 1698
f 4482 4481 1698
f 4483 1713 1697
f 4481 4483 1697
f 4484 1717 1716
f 4484 1703 1717
f 4484 4485 1703
f 4485 4486 1703
f 4486 1704 1703
f 4487 1704 4486
f 1705 1704 4487
f 1706 1705 4488
f 4489 1705 4487
f 4488 1705 4489
f 4490 1706 4488
f 4490 1707 1706
f 4490 4491 1707
f 4491 1708 1707
f 4491 4492 1708
f 4492 4493 1708
f 1709 1708 4493
f 4492 4494 4493
f 4494 1709 4493
f 4494 4495 1709
f 4495 1710 1709
f 4495 4496 1710
f 1711 1710 4496
f 4496 4497 1711
f 4497 4482 1711
f 4499 4481 4498
f 4499 4483 4481
f 4482 4500 4481
f 4498 4481 4500
f 4500 4482 4501
f 4497 4502 4482
f 4502 4501 4482
f 4501 4498 4500
f 4503 4483 4499
f 4498 4503 4499
f 4505 1713 4504
f 4505 4506 1713
f 4506 1712 1713
f 4483 4504 1713
f 4506 4507 1712
f 4507 1714 1712
f 4504 4483 4503
f 4507 4508 1714
f 4508 1718 1714
f 4509 1715 1718
f 4509 4510 1715
f 4510 1716 1715
f 4510 4511 1716
f 4511 4484 1716
f 4508 4512 1718
f 4509 1718 4512
f 4513 4484 4511
f 4513 4485 4484
f 4513 4514 4485
f 4514 4515 4485
f 4515 4486 4485
f 4515 4516 4486
f 4487 4486 4516
f 4516 4517 4487
f 4517 4489 4487
f 4518 4490 4488
f 4519 4491 4490
f 4518 4519 4490
f 4519 4520 4491
f 4520 4492 4491
f 4520 4480 4492
f 4480 4521 4492
f 4494 4492 4521
f 4480 4478 4521
f 4478 4494 4521
f 4478 4522 4494
f 4522 4495 4494
f 4522 4523 4495
f 4496 4495 4523
f 4523 4524 4496
f 4524 4497 4496
f 4524 4525 4497
f 4525 4502 4497
f 4527 4526 4504
f 4526 4505 4504
f 4503 4527 4504
f 4526 4506 4505
f 4528 4506 4526
f 4528 4507 4506
f 4529 4507 4528
f 4529 4530 4507
f 4530 4508 4507
f 4530 4531 4508
f 4531 4512 4508
f 4512 4532 4509
f 4532 4533 4509
f 4533 4510 4509
f 4533 4534 4510
f 4534 4511 4510
f 4534 4535 4511
f 4535 4513 4511
f 4531 4536 4512
f 4536 4532 4512
f 1728 1727 4537
f 1728 4537 4538
f 1728 4538 1732
f 1731 1729 4540
f 1730 1749 1729
f 4540 1729 1749
f 4540 4541 1731
f 4541 4539 1731
f 1733 1732 4542
f 1733 4542 1747
f 1734 1733 1747
f 4538 4543 1732
f 4543 4542 1732
f 4544 4545 4537
f 4545 4538 4537
f 4545 4546 4538
f 4546 4543 4538
f 4541 4547 4539
f 4540 1749 1762
f 4548 4541 4540
f 1762 4548 4540
f 4549 4541 4548
f 4549 4547 4541
f 4546 4550 4543
f 4550 4551 4543
f 4542 4543 4551
f 4551 1750 4542
f 1750 1747 4542
f 4551 4552 1750
f 4552 1751 1750
f 4553 1751 4552
f 1752 1751 4553
f 4553 4554 1752
f 4554 1758 1752
f 4555 1755 1756
f 4555 4556 1755
f 4556 1757 1755
f 4557 1757 4556
f 1762 1757 4557
f 1756 1753 4558
f 1754 4559 1753
f 4558 1753 4559
f 1754 1761 4560
f 4559 1754 4560
f 4558 4561 1756
f 4561 4555 1756
f 4554 4562 1758
f 4562 4563 1758
f 4563 1759 1758
f 4564 1760 1759
f 4563 4564 1759
f 4565 1760 4564
f 1761 1760 4565
f 4565 3269 1761
f 3269 4560 1761
f 4548 1762 4557
f 4566 4551 4550
f 4552 4551 4566
f 4566 4567 4552
f 4567 4553 4552
f 4567 4568 4553
f 4568 4554 4553
f 4568 4569 4554
f 4569 4562 4554
f 4571 4555 4570
f 4556 4555 4571
f 4561 4570 4555
f 4557 4556 4572
f 4572 4556 4571
f 4573 4548 4557
f 4572 4573 4557
f 3266 4560 3269
f 3266 4574 4560
f 4574 4559 4560
f 4575 4558 4559
f 4574 4575 4559
f 4576 4561 4558
f 4575 4576 4558
f 4577 4561 4576
f 4577 4570 4561
f 4578 4562 4569
f 4579 4562 4578
f 4563 4562 4579
f 4579 4580 4563
f 4580 4564 4563
f 4581 4564 4580
f 4581 4565 4564
f 4565 4581 3267
f 3269 4565 3267
f 4573 4549 4548
f 1777 1775 4582
f 4582 1775 4583
f 1776 4583 1775
f 4585 4584 1777
f 4584 1778 1777
f 4582 4585 1777
f 3279 1778 4584
f 3279 1779 1778
f 4583 1776 4586
f 4586 1776 1787
f 3279 3277 1779
f 3277 1782 1779
f 1783 1781 4587
f 4588 1781 1780
f 4588 4587 1781
f 1782 4589 1780
f 4589 4588 1780
f 3276 1782 3277
f 4589 1782 3276
f 4591 1784 4590
f 1783 4590 1784
f 4591 1785 1784
f 4592 1783 4587
f 4590 1783 4592
f 4591 4593 1785
f 4593 1788 1785
f 4586 1787 2093
f 4594 1789 1788
f 2094 1789 4594
f 4593 4595 1788
f 4595 4594 1788
f 4596 4582 4583
f 4596 4597 4582
f 4586 4598 4583
f 4598 4596 4583
f 4597 4585 4582
f 2093 4599 4586
f 4599 4598 4586
f 4597 4600 4585
f 4600 4601 4585
f 4584 4585 4601
f 4601 3273 4584
f 3273 3279 4584
f 4602 4588 4589
f 4603 4588 4602
f 4587 4588 4603
f 3278 4589 3276
f 4602 4589 3278
f 4603 4604 4587
f 4604 4592 4587
f 4605 4591 4590
f 4606 4591 4605
f 4593 4591 4606
f 4592 4607 4590
f 4607 4605 4590
f 4607 4592 4608
f 4604 4608 4592
f 4609 4593 4606
f 4609 4595 4593
f 4610 4599 2093
f 2091 4610 2093
f 4594 4595 4611
f 4612 4594 4611
f 2094 4594 4612
f 4612 2095 2094
f 4615 1801 1802
f 4615 4616 1801
f 4616 1803 1801
f 1808 4617 1802
f 4617 4615 1802
f 4618 4619 1804
f 4619 1805 1804
f 1807 1806 4620
f 1812 4621 1806
f 4620 1806 4621
f 4622 1807 4620
f 4622 1808 1807
f 4617 1808 4623
f 4623 1808 4622
f 1811 1810 4624
f 4624 4625 1811
f 4625 1812 1811
f 4626 1812 4625
f 4621 1812 4626
f 4628 4627 4615
f 4616 4615 4627
f 4617 4628 4615
f 4629 4617 4623
f 4629 4628 4617
f 4621 4630 4620
f 4630 4631 4620
f 4631 4622 4620
f 4632 4623 4622
f 4631 4632 4622
f 4633 4621 4626
f 4633 4630 4621
f 4632 4634 4623
f 4634 4629 4623
f 4626 4625 4635
f 4635 4636 4626
f 4636 4633 4626
f 4637 4638 1816
f 4638 1817 1816
f 4638 4639 1817
f 1817 4639 1914
f 4640 4641 4637
f 4638 4637 4641
f 4641 4642 4638
f 4642 4639 4638
f 4642 4643 4639
f 4643 4644 4639
f 4644 1914 4639
f 4644 1916 1914
f 4645 1825 1824
f 1828 4646 1824
f 4646 4645 1824
f 4645 4647 1825
f 1827 1915 4648
f 1828 1827 4648
f 1828 4648 4649
f 4646 1828 4649
f 4650 4645 4646
f 4651 4646 4649
f 4651 4650 4646
f 4652 4647 4645
f 4650 4652 4645
f 4652 4653 4647
f 1915 1919 4654
f 4654 4648 1915
f 4648 4654 4655
f 4655 4649 4648
f 4649 4655 4656
f 4656 4651 4649
f 4657 4658 1839
f 4658 1840 1839
f 4658 4659 1840
f 4659 1844 1840
f 1858 1843 1842
f 1858 4660 1843
f 4659 4661 1844
f 1859 1844 4661
f 1859 1845 1844
f 4662 4663 4657
f 4657 4663 4658
f 4663 4664 4658
f 4664 4659 4658
f 4664 4665 4659
f 4661 4659 4665
f 4666 1858 1856
f 4666 4660 1858
f 4666 4667 4660
f 4665 4668 4661
f 4669 1859 4661
f 4668 4669 4661
f 4669 1860 1859
f 1856 1857 4670
f 4670 1857 4671
f 4671 1857 1864
f 4670 4666 1856
f 4669 4672 1860
f 4672 1861 1860
f 4672 4673 1861
f 1865 1861 4673
f 1863 1862 4674
f 1868 4675 1862
f 4674 1862 4675
f 4674 4676 1863
f 4676 1864 1863
f 4671 1864 4677
f 4676 4677 1864
f 4673 4678 1865
f 4679 1866 1865
f 4678 4679 1865
f 4680 1867 1866
f 4679 4680 1866
f 1867 4680 4681
f 1868 1867 4681
f 1868 4681 4682
f 4675 1868 4682
f 4683 4666 4670
f 4683 4667 4666
f 4684 4670 4671
f 4685 4684 4671
f 4677 4685 4671
f 4684 4683 4670
f 4668 4686 4669
f 4686 4672 4669
f 4686 4687 4672
f 4673 4672 4687
f 4687 4688 4673
f 4688 4678 4673
f 4674 4675 4689
f 4690 4675 4682
f 4690 4689 4675
f 4691 4676 4674
f 4689 4691 4674
f 4691 4692 4676
f 4692 4677 4676
f 4685 4677 4693
f 4692 4693 4677
f 4688 4694 4678
f 4694 4695 4678
f 4695 4679 4678
f 4695 4696 4679
f 4696 4680 4679
f 4696 4697 4680
f 4697 4681 4680
f 4697 4698 4681
f 4698 4682 4681
f 4698 3238 4682
f 3238 4690 4682
f 4699 1881 1882
f 4700 1882 1879
f 4700 4701 1882
f 4701 4699 1882
f 4699 4702 1881
f 4702 1883 1881
f 4703 1889 1888
f 4702 4703 1883
f 4703 1888 1883
f 4704 1879 1880
f 4705 4704 1880
f 1892 4705 1880
f 4704 4700 1879
f 4707 1948 4706
f 1885 4706 1948
f 1884 4706 1885
f 4707 4706 1884
f 1889 4707 1884
f 4708 4707 1889
f 4703 4708 1889
f 1948 4709 1885
f 4709 4710 1885
f 4710 1886 1885
f 4710 4711 1886
f 4711 1887 1886
f 1900 1887 4711
f 4712 1892 1890
f 1899 4712 1890
f 4705 1892 4713
f 4712 4713 1892
f 4714 4704 4705
f 4714 4715 4704
f 4715 4700 4704
f 3245 4700 4715
f 4701 4700 3245
f 4713 4716 4705
f 4716 4714 4705
f 4717 4701 3241
f 4717 4699 4701
f 3241 4701 3245
f 4718 4699 4717
f 4702 4699 4718
f 4703 4702 4719
f 4718 4719 4702
f 4720 4703 4719
f 4720 4708 4703
f 4707 1947 1948
f 1941 4709 1948
f 4710 4709 1941
f 1947 4707 4721
f 4708 4721 4707
f 1941 2107 4710
f 2107 2106 4710
f 2106 4711 4710
f 2106 4722 4711
f 4722 1900 4711
f 4722 4723 1900
f 4723 1901 1900
f 4724 4708 4720
f 4721 4708 4724
f 4725 4712 1899
f 1905 4725 1899
f 4713 4712 4726
f 4725 4726 4712
f 4727 4716 4713
f 4726 4727 4713
f 4723 1950 1901
f 4728 4725 1905
f 1956 4728 1905
f 1951 4729 1908
f 4729 1991 1908
f 4726 4725 4730
f 4728 4730 4725
f 2106 2103 4722
f 2103 4731 4722
f 4731 4723 4722
f 4732 4723 4731
f 1950 4723 4732
f 4733 1950 4732
f 4733 1951 1950
f 4733 4734 1951
f 4734 4729 1951
f 4734 1991 4729
f 4735 1954 1997
f 4735 1955 1954
f 4736 1956 1955
f 4735 4736 1955
f 4737 4728 1956
f 4736 4737 1956
f 4730 4728 4738
f 4737 4738 4728
f 4734 4739 1991
f 4739 1992 1991
f 4644 4740 1916
f 4740 4741 1916
f 4741 1917 1916
f 4741 4742 1917
f 4742 1918 1917
f 4742 4743 1918
f 1919 1918 4743
f 4743 4744 1919
f 4744 4654 1919
f 4745 4644 4643
f 4740 4644 4745
f 4744 4746 4654
f 4746 4655 4654
f 4745 4747 4740
f 4748 4741 4740
f 4747 4748 4740
f 4749 4742 4741
f 4748 4749 4741
f 4750 4742 4749
f 4750 4743 4742
f 4750 4751 4743
f 4751 4744 4743
f 4751 4752 4744
f 4752 4746 4744
f 4753 1932 1933
f 4754 1933 1949
f 4754 4755 1933
f 4755 4753 1933
f 1934 1932 4756
f 4756 1932 4753
f 4757 1934 4756
f 1938 1934 4757
f 4759 4758 1935
f 1936 4759 1935
f 4758 4760 1935
f 4760 1937 1935
f 4760 2099 1937
f 4761 1936 1938
f 4761 4759 1936
f 4757 4762 1938
f 4762 4761 1938
f 4763 1940 2099
f 4763 4764 1940
f 4764 1943 1940
f 4764 4765 1943
f 4765 2100 1943
f 1949 1947 4721
f 4766 4754 1949
f 4721 4766 1949
f 4766 4755 4754
f 4767 4755 4766
f 4753 4755 4768
f 4767 4769 4755
f 4769 4768 4755
f 4770 4753 4768
f 4756 4753 4770
f 4770 4771 4756
f 4771 4757 4756
f 4771 4772 4757
f 4772 4762 4757
f 4774 4758 4773
f 4759 4773 4758
f 4774 4775 4758
f 4775 4760 4758
f 4775 4776 4760
f 4776 2099 4760
f 4777 4759 4761
f 4773 4759 4777
f 4763 2099 4776
f 4762 4778 4761
f 4778 4777 4761
f 4772 4779 4762
f 4779 4778 4762
f 4780 4763 4776
f 4780 4781 4763
f 4781 4764 4763
f 4781 4782 4764
f 4782 4765 4764
f 4782 4783 4765
f 4783 4784 4765
f 4784 2100 4765
f 4784 4785 2100
f 4785 2101 2100
f 4785 4786 2101
f 4786 2102 2101
f 2105 2102 4787
f 4786 4788 2102
f 4787 2102 4788
f 4787 2103 2105
f 2103 4787 4731
f 4724 4766 4721
f 4724 4767 4766
f 4731 4789 4732
f 4789 4790 4732
f 4790 4733 4732
f 4791 4733 4790
f 4791 4734 4733
f 4791 4792 4734
f 4792 4739 4734
f 1992 4739 4792
f 4793 1997 1998
f 4793 4735 1997
f 4794 4736 4735
f 4793 4794 4735
f 4795 4737 4736
f 4794 4795 4736
f 4738 4737 4796
f 4796 4737 4795
f 4797 1973 1971
f 4797 3216 1973
f 4798 1970 1985
f 4799 1970 4798
f 4799 1971 1970
f 4800 4797 1971
f 4799 4800 1971
f 4800 3216 4797
f 3215 4801 1975
f 4801 1976 1975
f 4801 4802 1976
f 4802 2113 1976
f 2113 1977 1976
f 2202 1985 1980
f 4803 4798 1985
f 4803 1985 2202
f 4804 3216 4800
f 4805 4798 4803
f 4805 4806 4798
f 4806 4799 4798
f 4807 4800 4799
f 4806 4807 4799
f 4807 4804 4800
f 3218 3216 4804
f 3215 4808 4801
f 4808 4809 4801
f 4809 4802 4801
f 3214 4808 3215
f 4809 4810 4802
f 4810 2115 4802
f 2115 2113 4802
f 4803 2202 2201
f 4811 4805 4803
f 2201 4811 4803
f 4792 2051 1992
f 4812 1998 1995
f 2001 4812 1995
f 4812 4813 1998
f 4813 4793 1998
f 4814 4794 4793
f 4813 4814 4793
f 4791 4815 4792
f 4815 2051 4792
f 4815 2050 2051
f 4816 4812 2001
f 2003 4816 2001
f 4817 4813 4812
f 4816 4817 4812
f 4818 4813 4817
f 4818 4814 4813
f 2068 4816 2003
f 4819 4817 4816
f 2068 4819 4816
f 4820 4819 2068
f 2067 4820 2068
f 2056 2078 2007
f 4821 2056 2055
f 2078 2056 4821
f 4821 4822 2078
f 4822 2075 2078
f 4822 4823 2075
f 4823 2076 2075
f 4824 2021 2019
f 2022 2021 4825
f 4826 2021 4824
f 4826 4825 2021
f 2023 2022 4827
f 4825 4827 2022
f 4827 2036 2023
f 2052 4824 2019
f 4828 2026 2043
f 4828 2028 2026
f 4829 2029 2028
f 4830 2029 4829
f 2030 2029 4830
f 2030 4830 4831
f 2031 2030 4831
f 4828 4832 2028
f 4832 4829 2028
f 2053 2031 4831
f 4833 4824 2052
f 4834 4824 4833
f 4834 4826 4824
f 2050 4833 2052
f 4836 4835 4826
f 4835 4825 4826
f 4834 4836 4826
f 4835 4837 4825
f 4837 4827 4825
f 4837 4838 4827
f 4838 2036 4827
f 4838 4839 2036
f 4839 2037 2036
f 4840 2037 4839
f 2038 2037 4840
f 4841 2043 2042
f 4841 4828 2043
f 4842 4828 4841
f 4832 4828 4842
f 4843 4832 4842
f 4843 4844 4832
f 4829 4832 4844
f 4845 4829 4844
f 4830 4829 4845
f 4845 4846 4830
f 4846 4831 4830
f 4846 4847 4831
f 4847 2053 4831
f 4848 2053 4847
f 4848 2054 2053
f 2391 2038 4840
f 4849 2041 2394
f 2042 2041 4849
f 4849 4850 2042
f 4850 4841 2042
f 4852 4851 4838
f 4851 4839 4838
f 4837 4852 4838
f 4851 4853 4839
f 4853 4840 4839
f 4853 4854 4840
f 4854 2391 4840
f 4855 2391 4854
f 2092 2391 4855
f 2091 2092 4855
f 2393 4856 2394
f 4856 4849 2394
f 4857 4849 4856
f 4850 4849 4857
f 4858 4850 4857
f 4859 4850 4858
f 4841 4850 4859
f 4841 4859 4842
f 4815 4833 2050
f 2054 4848 4860
f 2055 2054 4860
f 2055 4860 4821
f 4861 4833 4815
f 4791 4861 4815
f 4834 4833 4861
f 4862 4847 4846
f 4863 4847 4862
f 4848 4847 4863
f 4863 4864 4848
f 4864 4860 4848
f 4864 4865 4860
f 4865 4821 4860
f 4822 4821 4865
f 2084 2071 2061
f 2084 4866 2071
f 4866 2072 2071
f 2084 2083 4867
f 4866 2084 4867
f 2164 4820 2067
f 4866 4868 2072
f 4868 2165 2072
f 2115 4810 2164
f 4810 4820 2164
f 4819 4820 4869
f 4810 4869 4820
f 4870 4817 4819
f 4869 4870 4819
f 4866 4867 4871
f 4868 4866 4871
f 4871 2165 4868
f 4872 2165 4871
f 4872 2166 2165
f 4823 2169 2076
f 4865 4873 4822
f 4873 4823 4822
f 4874 4823 4873
f 2169 4823 4874
f 4874 2170 2169
f 2125 4867 2083
f 4875 2125 2134
f 4867 2125 4875
f 4875 4871 4867
f 4610 2091 4855
f 4876 2095 4612
f 2096 2095 4876
f 4877 2096 4876
f 4877 4878 2096
f 2097 2096 4878
f 4878 2392 2097
f 4879 4610 4855
f 4854 4879 4855
f 4880 4599 4610
f 4879 4880 4610
f 4880 4881 4599
f 4881 4598 4599
f 4882 4612 4611
f 4876 4612 4882
f 4882 4883 4876
f 4883 4877 4876
f 4877 4884 4878
f 4885 4878 4884
f 2392 4878 4885
f 2393 2392 4885
f 4886 4877 4883
f 4886 4884 4877
f 4775 4887 4776
f 4780 4776 4887
f 4783 4852 4784
f 4852 4888 4784
f 4888 4785 4784
f 4888 4889 4785
f 4889 4786 4785
f 4788 4786 4890
f 4889 4891 4786
f 4890 4786 4891
f 4890 4787 4788
f 4787 4890 4789
f 4789 4731 4787
f 2166 4892 2117
f 2117 4892 3190
f 4869 4810 4809
f 2166 4872 4892
f 3190 4892 3191
f 4872 4893 4892
f 3191 4892 4893
f 4894 2130 2129
f 4895 2129 2133
f 4895 4894 2129
f 4894 4896 2130
f 2134 2130 4896
f 2386 2133 2132
f 2386 4897 2133
f 4895 2133 4897
f 4894 4898 4896
f 4898 2134 4896
f 4899 4875 2134
f 4898 4899 2134
f 4899 4900 4875
f 4871 4875 4900
f 4901 2168 2170
f 2175 2168 4901
f 4901 4902 2175
f 4902 2176 2175
f 4897 4903 4895
f 4903 4904 4895
f 4904 4894 4895
f 4905 4894 4904
f 4905 4898 4894
f 4897 2386 2389
f 4906 4897 2389
f 4906 4903 4897
f 4905 4907 4898
f 4907 4899 4898
f 4900 4899 4908
f 4909 4908 4899
f 4907 4909 4899
f 4908 4871 4900
f 2148 2149 4910
f 4911 2149 2161
f 4911 4910 2149
f 4910 2213 2148
f 2212 4912 2151
f 4912 2152 2151
f 4913 4912 2212
f 2152 4912 4913
f 4913 4914 2152
f 4914 3060 2152
f 4915 2158 2157
f 2315 4915 2157
f 4916 2158 4915
f 2161 2158 4916
f 4917 4911 2161
f 4916 4917 2161
f 4918 2213 4910
f 4918 2214 2213
f 4910 4911 4919
f 4920 4911 4917
f 4919 4911 4920
f 4919 4918 4910
f 4922 4913 4921
f 4914 4913 4922
f 2212 4921 4913
f 2211 3178 2212
f 3178 4921 2212
f 4922 4923 4914
f 4923 4924 4914
f 4924 3060 4914
f 3061 3060 4924
f 4925 3061 4924
f 4925 4926 3061
f 4926 3059 3061
f 4926 4927 3059
f 4927 2310 3059
f 4927 2309 2310
f 2317 4928 2315
f 4915 2315 4928
f 2317 4929 4928
f 4929 4915 4928
f 4930 4916 4915
f 4929 4930 4915
f 4930 4931 4916
f 4917 4916 4931
f 4930 4932 4931
f 4932 4917 4931
f 4933 4920 4917
f 4932 4933 4917
f 4908 4872 4871
f 4893 4872 4908
f 4874 4934 2170
f 4934 4901 2170
f 4902 4901 4935
f 4935 4901 4934
f 4934 4874 4936
f 4873 4936 4874
f 4937 4934 4936
f 4935 4934 4937
f 4938 2176 4902
f 4938 2177 2176
f 4939 2177 4938
f 4939 4940 2177
f 4940 2178 2177
f 4941 4902 4935
f 4938 4902 4941
f 4941 4942 4938
f 4942 4939 4938
f 4942 4943 4939
f 2199 2189 4944
f 2216 4944 2189
f 2246 4945 2195
f 4945 4946 2195
f 4946 2194 2195
f 4946 2219 2194
f 4944 2216 4947
f 4947 2216 2236
f 4948 2200 2198
f 4949 4948 2199
f 4948 2198 2199
f 4949 4944 4950
f 4949 2199 4944
f 4947 4950 4944
f 2201 2200 4811
f 4948 4811 2200
f 2245 4951 2246
f 4951 4945 2246
f 4952 4945 4951
f 4945 4952 4953
f 4946 4945 4953
f 4946 4953 4954
f 2219 4946 4954
f 4955 2219 4954
f 4955 2220 2219
f 4955 4956 2220
f 4956 2221 2220
f 4956 2222 2221
f 4956 4957 2222
f 4957 2223 2222
f 4959 4949 4958
f 4959 4948 4949
f 4958 4949 4950
f 4960 4948 4959
f 4811 4948 4960
f 4960 4961 4811
f 4961 4805 4811
f 4918 2845 2214
f 2237 4962 2238
f 4962 3178 2238
f 4921 3178 4962
f 4963 4921 4962
f 4963 4922 4921
f 2847 2845 4918
f 4919 2847 4918
f 4957 4964 2223
f 4964 2237 2223
f 2235 4965 2236
f 4965 4947 2236
f 4967 4966 4947
f 4966 4950 4947
f 4965 4967 4947
f 2234 4965 2235
f 4964 4962 2237
f 4953 4968 4954
f 4968 4969 4954
f 4969 4955 4954
f 4970 4955 4969
f 4970 4956 4955
f 4971 4956 4970
f 4971 4957 4956
f 4972 4957 4971
f 4972 4964 4957
f 4962 4964 4963
f 4963 4964 4972
f 2883 4973 2232
f 4973 2234 2232
f 4973 4965 2234
f 2881 4973 2883
f 4965 4973 4974
f 2881 4974 4973
f 4967 4965 4974
f 3188 4951 2245
f 4951 3188 4975
f 4975 3188 3189
f 4951 4975 4952
f 4976 2267 2254
f 2255 4977 2254
f 4977 4976 2254
f 2265 4978 2255
f 4978 4977 2255
f 2289 4979 2262
f 4979 4980 2262
f 4980 2263 2262
f 4980 4981 2263
f 4981 2264 2263
f 4981 4982 2264
f 4982 2265 2264
f 4983 2265 4982
f 4983 4978 2265
f 4985 4977 4984
f 4985 4976 4977
f 4978 4986 4977
f 4984 4977 4986
f 4983 4987 4978
f 4987 4986 4978
f 4988 4976 4985
f 4988 2301 4976
f 4984 4988 4985
f 2301 2267 4976
f 2300 4989 2269
f 4989 2270 2269
f 4989 4990 2270
f 4990 2278 2270
f 2278 4990 4991
f 4991 2279 2278
f 2288 4992 2289
f 4992 4979 2289
f 4992 4993 4979
f 4993 4994 4979
f 4994 4980 4979
f 4994 4995 4980
f 4995 4981 4980
f 4995 4996 4981
f 4996 4982 4981
f 4997 4983 4982
f 4996 4997 4982
f 4997 4998 4983
f 4998 4987 4983
f 4988 2311 2301
f 2299 4999 2300
f 4999 4989 2300
f 4999 5000 4989
f 5000 4990 4989
f 5000 5001 4990
f 5001 4991 4990
f 2287 5002 2288
f 5002 4992 2288
f 5003 2280 2279
f 5003 2281 2280
f 5003 5004 2281
f 5004 5005 2281
f 5005 2283 2281
f 5005 5006 2283
f 5006 2284 2283
f 5007 2284 5006
f 5008 2284 5007
f 5008 2285 2284
f 5008 5009 2285
f 5009 2286 2285
f 5009 5010 2286
f 5010 2287 2286
f 5010 5011 2287
f 5011 5002 2287
f 4991 5012 2279
f 5012 5003 2279
f 5013 5012 4991
f 5013 5003 5012
f 5013 5014 5003
f 5014 5004 5003
f 5001 5015 4991
f 5015 5013 4991
f 5014 5016 5004
f 5016 5017 5004
f 5017 5005 5004
f 5018 5005 5017
f 5006 5005 5018
f 5019 5006 5018
f 5007 5006 5019
f 5011 5020 5002
f 5020 5021 5002
f 5021 4992 5002
f 5021 4993 4992
f 5019 5022 5007
f 5022 5023 5007
f 5023 5008 5007
f 5024 5008 5023
f 5024 5009 5008
f 5025 5009 5024
f 5025 5010 5009
f 5026 5010 5025
f 5026 5011 5010
f 5027 5011 5026
f 5027 5020 5011
f 5028 2298 2304
f 5028 2299 2298
f 5028 5029 2299
f 4999 2299 5029
f 5030 2311 4988
f 5030 2313 2311
f 2305 5031 2303
f 5031 5032 2303
f 5032 2304 2303
f 5032 5033 2304
f 5033 5028 2304
f 5034 2305 2309
f 5034 5031 2305
f 5035 5028 5033
f 5035 5029 5028
f 5035 5036 5029
f 5037 5029 5036
f 5029 5037 4999
f 5037 5000 4999
f 4984 5038 4988
f 5038 5030 4988
f 4927 5034 2309
f 5039 5031 5034
f 5039 5040 5031
f 5032 5031 5040
f 5040 5041 5032
f 5041 5033 5032
f 5041 5042 5033
f 5042 5035 5033
f 5043 5034 4927
f 5043 5039 5034
f 5030 5044 2313
f 2316 2313 5044
f 4926 5043 4927
f 5045 5030 5038
f 5045 5044 5030
f 5045 5046 5044
f 5047 5044 5046
f 5047 2316 5044
f 5047 2317 2316
f 5048 2317 5047
f 5048 4929 2317
f 5045 5049 5046
f 5049 5047 5046
f 5050 5048 5047
f 5049 5050 5047
f 4929 5048 5051
f 5052 5048 5050
f 5051 5048 5052
f 5051 4930 4929
f 5053 2345 2334
f 5054 2334 2332
f 5054 5053 2334
f 5056 2329 5055
f 5056 2330 2329
f 5055 2329 2344
f 5056 5057 2330
f 5057 2331 2330
f 5057 5058 2331
f 5059 2331 5058
f 5059 2332 2331
f 5059 5054 2332
f 5060 2337 2348
f 5060 2338 2337
f 5060 5061 2338
f 5061 2339 2338
f 5061 5062 2339
f 5062 5063 2339
f 5063 2340 2339
f 2340 5063 5064
f 5064 5065 2340
f 5065 2341 2340
f 5064 5066 5065
f 5066 2341 5065
f 5066 5067 2341
f 5067 2342 2341
f 5067 5068 2342
f 5068 2343 2342
f 5068 5069 2343
f 5069 5070 2343
f 5070 2344 2343
f 5070 5071 2344
f 5071 5055 2344
f 5057 5072 5058
f 5072 5059 5058
f 5073 5056 5055
f 5071 5074 5055
f 5074 5073 5055
f 5073 5075 5056
f 5075 5057 5056
f 5075 5076 5057
f 5076 5072 5057
f 5077 5054 5059
f 5078 5053 5054
f 5077 5078 5054
f 5079 5059 5072
f 5079 5077 5059
f 5081 5080 5053
f 5080 2345 5053
f 5078 5081 5053
f 5080 5082 2345
f 5082 2346 2345
f 5082 5083 2346
f 2347 2346 5083
f 5083 5084 2347
f 5084 2349 2347
f 2349 5085 2348
f 5085 5086 2348
f 5086 5060 2348
f 5084 5087 2349
f 5087 5085 2349
f 5086 5088 5060
f 5088 5061 5060
f 5089 5061 5088
f 5062 5061 5089
f 5089 5090 5062
f 5090 5091 5062
f 5091 5063 5062
f 5092 5067 5066
f 5092 5093 5067
f 5093 5068 5067
f 5093 5094 5068
f 5094 5069 5068
f 5094 5070 5069
f 5094 5095 5070
f 5095 5071 5070
f 5095 5096 5071
f 5096 5097 5071
f 5097 5074 5071
f 5098 5072 5076
f 5098 5079 5072
f 5099 5080 5081
f 5099 5100 5080
f 5100 5082 5080
f 5101 5082 5100
f 5101 5083 5082
f 5102 5083 5101
f 5102 5084 5083
f 5103 5084 5102
f 5103 5087 5084
f 5087 5104 5085
f 5104 5105 5085
f 5105 5086 5085
f 5105 5106 5086
f 5106 5088 5086
f 5107 5087 5103
f 5107 5108 5087
f 5108 5104 5087
f 2377 2364 5109
f 5110 2364 2362
f 5109 2364 5110
f 2375 5111 2360
f 5111 5112 2360
f 5112 2359 2360
f 5113 2359 5112
f 5113 2376 2359
f 5114 2362 2376
f 5114 5110 2362
f 5115 2383 2382
f 5115 2367 2383
f 5115 5116 2367
f 5116 2369 2367
f 5116 5117 2369
f 5117 5118 2369
f 5118 2370 2369
f 5118 5119 2370
f 5119 2372 2370
f 2373 2372 5120
f 5119 5121 2372
f 5120 2372 5121
f 2373 5120 5122
f 2374 2373 5122
f 2374 5122 5123
f 2375 2374 5123
f 5124 2375 5123
f 5124 5111 2375
f 5113 5125 2376
f 5125 5114 2376
f 5124 5126 5111
f 5126 5127 5111
f 5112 5111 5127
f 5128 5113 5112
f 5127 5128 5112
f 5129 5113 5128
f 5129 5125 5113
f 5130 5110 5114
f 5131 5110 5130
f 5131 5109 5110
f 5114 5125 5132
f 5132 5130 5114
f 3194 5109 3195
f 3194 2377 5109
f 5131 3195 5109
f 3193 2377 3194
f 3193 2378 2377
f 3193 5133 2378
f 5133 2379 2378
f 2380 2379 5133
f 2381 2380 5134
f 5133 5134 2380
f 2382 4904 5115
f 2381 4905 2382
f 4905 4904 2382
f 4903 5115 4904
f 4903 5116 5115
f 4903 4906 5116
f 4906 5117 5116
f 4907 2381 5134
f 4907 4905 2381
f 4906 5135 5117
f 5135 5136 5117
f 5136 5118 5117
f 5136 5137 5118
f 5137 5119 5118
f 5137 5138 5119
f 5121 5119 5138
f 5138 5139 5121
f 5139 5140 5121
f 5140 5141 5121
f 5141 5120 5121
f 5141 5142 5120
f 5142 5122 5120
f 5142 5143 5122
f 5143 5123 5122
f 5143 5144 5123
f 5144 5124 5123
f 5145 5124 5144
f 5145 5126 5124
f 5129 5146 5125
f 5146 5132 5125
f 3192 5133 3193
f 3192 5147 5133
f 5147 5134 5133
f 5147 4909 5134
f 4909 4907 5134
f 5148 5149 2387
f 5149 2388 2387
f 5149 5135 2388
f 5135 2389 2388
f 5135 4906 2389
f 5150 5149 5148
f 5150 5136 5149
f 5135 5149 5136
f 5151 2393 4885
f 5151 4856 2393
f 5152 4879 4854
f 4853 5152 4854
f 4884 5153 4885
f 5153 5151 4885
f 5151 5154 4856
f 4857 4856 5154
f 5155 5151 5153
f 5154 5151 5155
f 2420 5156 2400
f 5156 2401 2400
f 5156 5157 2401
f 5157 2403 2401
f 5157 2404 2403
f 5157 5158 2404
f 5158 5159 2404
f 5159 2468 2404
f 2418 5156 2420
f 2418 5160 5156
f 5160 5161 5156
f 5161 5157 5156
f 5161 5162 5157
f 5162 5158 5157
f 5162 5159 5158
f 5162 5163 5159
f 5163 5164 5159
f 5165 2468 5159
f 5164 5165 5159
f 5165 2469 2468
f 5166 5167 2413
f 5167 5168 2413
f 5168 2414 2413
f 5169 2414 5168
f 5169 2415 2414
f 2416 2415 5169
f 5169 5170 2416
f 5170 5171 2416
f 5171 5172 2416
f 5172 2417 2416
f 2419 2417 5173
f 5172 5174 2417
f 5173 2417 5174
f 5173 2418 2419
f 5160 2418 5173
f 5176 5166 5175
f 5176 5167 5166
f 5168 5167 5176
f 5176 5177 5168
f 5177 5178 5168
f 5178 5169 5168
f 5179 5169 5178
f 5179 5170 5169
f 5171 5170 5179
f 5179 5180 5171
f 5180 5181 5171
f 5181 5182 5171
f 5182 5172 5171
f 5174 5172 5183
f 5182 5184 5172
f 5183 5172 5184
f 5183 5173 5174
f 5161 5160 5173
f 5183 5185 5173
f 5185 5161 5173
f 2511 5186 2425
f 2601 5187 2500
f 5187 2504 2500
f 2510 2501 5188
f 5188 5189 2510
f 5189 2511 2510
f 5190 2511 5189
f 5190 5186 2511
f 5189 5191 5190
f 5191 5186 5190
f 2431 2432 2477
f 5192 2431 2477
f 2431 5192 5193
f 5194 2477 2476
f 2475 5195 2476
f 5195 5194 2476
f 2477 5194 5192
f 3691 5196 5192
f 5196 5193 5192
f 5194 5197 5192
f 5197 3691 5192
f 5196 3691 3675
f 5193 5196 3675
f 5198 2445 2460
f 5199 5198 2461
f 5198 2460 2461
f 5198 5200 2445
f 2446 2445 5200
f 3150 2450 2446
f 5200 5201 2446
f 5201 3150 2446
f 5202 2454 2679
f 5202 2455 2454
f 2679 5203 5202
f 5203 2455 5202
f 2457 2455 5204
f 5203 5204 2455
f 5205 2456 2457
f 5206 5205 2457
f 5204 5206 2457
f 5205 2458 2456
f 5207 2458 5205
f 5207 5208 2458
f 2459 2458 5208
f 5209 2461 2459
f 5208 5209 2459
f 5209 5199 2461
f 5198 5199 5210
f 5211 5199 5209
f 5211 5212 5199
f 5210 5199 5212
f 5213 5198 5210
f 5200 5198 5213
f 5214 3150 5201
f 5214 5201 5200
f 5213 5215 5200
f 5215 5214 5200
f 3151 3150 5214
f 3149 2547 2546
f 2674 5203 2679
f 2674 5216 5203
f 5216 5204 5203
f 5217 5204 5216
f 5217 5206 5204
f 5216 5218 5217
f 5218 5206 5217
f 5219 5206 5218
f 5219 5220 5206
f 5205 5206 5220
f 5221 5207 5205
f 5220 5221 5205
f 5221 5208 5207
f 5222 5208 5221
f 5222 5223 5208
f 5209 5208 5223
f 5224 5211 5209
f 5223 5224 5209
f 5224 5212 5211
f 2470 2469 5165
f 5165 5225 2470
f 5225 5226 2470
f 5226 5227 2470
f 5227 2472 2470
f 5227 5228 2472
f 5229 2474 2472
f 5228 5229 2472
f 5230 2473 2474
f 5229 5231 2474
f 5231 5230 2474
f 2473 5230 2475
f 5232 5195 2475
f 5230 5233 2475
f 5233 5232 2475
f 5195 5232 5194
f 5164 5234 5165
f 5234 5225 5165
f 5226 5225 5234
f 5227 5226 5228
f 5235 5197 5194
f 5232 5236 5194
f 5236 5235 5194
f 5234 5237 5226
f 5237 5238 5226
f 5238 5239 5226
f 5239 5228 5226
f 5239 5240 5228
f 5228 5241 5229
f 5240 5241 5228
f 5242 5231 5229
f 5241 5243 5229
f 5243 5242 5229
f 5231 5242 5230
f 5244 5233 5230
f 5242 5245 5230
f 5245 5244 5230
f 5233 5244 5232
f 5246 5236 5232
f 5244 5247 5232
f 5247 5246 5232
f 5236 5246 5235
f 5197 5235 3691
f 2547 5248 2483
f 5248 2484 2483
f 5248 5249 2484
f 5249 5250 2484
f 5250 2485 2484
f 5250 2567 2485
f 2547 5251 5248
f 5252 5248 5251
f 5252 5253 5248
f 5253 5249 5248
f 5253 5250 5249
f 5251 2547 3149
f 5253 5254 5250
f 5254 5255 5250
f 5255 2567 5250
f 5255 5256 2567
f 5256 2568 2567
f 5256 2557 2568
f 5256 5257 2557
f 5257 5258 2557
f 5258 2558 2557
f 5258 5259 2558
f 5259 2559 2558
f 2505 2504 5187
f 5260 2505 5187
f 5261 2501 2508
f 5261 5188 2501
f 5260 5262 2505
f 5262 5263 2505
f 5263 2506 2505
f 5263 5264 2506
f 5265 2506 5264
f 5265 2507 2506
f 2509 2507 5266
f 5266 2507 5265
f 5266 2508 2509
f 5267 2508 5266
f 2508 5267 5261
f 2600 5268 2579
f 5268 5269 2579
f 5269 2601 2579
f 5270 2601 5269
f 5270 5187 2601
f 5270 5260 5187
f 5270 5271 5260
f 5271 5272 5260
f 5272 5262 5260
f 5188 5261 5273
f 5267 5274 5261
f 5274 5273 5261
f 5275 5189 5188
f 5273 5275 5188
f 5272 5276 5262
f 5276 5277 5262
f 5277 5263 5262
f 5264 5263 5278
f 5277 5279 5263
f 5278 5263 5279
f 5278 5265 5264
f 5265 5278 5280
f 5280 5266 5265
f 5280 5281 5266
f 5281 5267 5266
f 5274 5267 5282
f 5281 5283 5267
f 5282 5267 5283
f 5284 5191 5189
f 5275 5284 5189
f 5285 2528 2545
f 5286 2545 2544
f 5286 5287 2545
f 5287 5285 2545
f 2529 2528 5288
f 5288 2528 5285
f 5289 2529 5288
f 2532 2529 5289
f 5291 5290 2530
f 2531 5291 2530
f 5290 2533 2530
f 5292 2531 2532
f 5292 5291 2531
f 5289 5293 2532
f 5293 5292 2532
f 5290 5294 2533
f 5294 5295 2533
f 5295 2534 2533
f 5295 5296 2534
f 5296 2535 2534
f 5296 5297 2535
f 2537 2535 5297
f 5297 5298 2537
f 5299 2536 2537
f 5298 5299 2537
f 2538 2536 5300
f 2536 5299 5300
f 5300 5301 2538
f 5301 2539 2538
f 2540 2539 5302
f 5301 2931 2539
f 2931 5302 2539
f 5303 2541 2540
f 5302 5303 2540
f 5304 2542 2541
f 5305 5304 2541
f 5305 2541 5303
f 5304 2543 2542
f 5306 2543 5304
f 5306 5307 2543
f 5307 2544 2543
f 5308 5286 2544
f 5307 5308 2544
f 5308 5287 5286
f 5285 5287 5309
f 5310 5287 5308
f 5310 5311 5287
f 5309 5287 5311
f 5312 5285 5309
f 5288 5285 5312
f 5312 5313 5288
f 5313 5289 5288
f 5314 5293 5289
f 5313 5315 5289
f 5315 5314 5289
f 5317 5290 5316
f 5291 5316 5290
f 5317 5318 5290
f 5318 5294 5290
f 5295 5294 5318
f 5319 5291 5292
f 5316 5291 5319
f 5293 5320 5292
f 5320 5321 5292
f 5321 5319 5292
f 5322 5321 5320
f 5314 5322 5293
f 5322 5320 5293
f 5323 5295 5318
f 5323 5324 5295
f 5324 5296 5295
f 5324 5325 5296
f 5325 5326 5296
f 5297 5296 5326
f 5326 5327 5297
f 5327 5298 5297
f 5327 5326 5325
f 5327 5328 5298
f 5328 5329 5298
f 5329 5299 5298
f 5329 5330 5299
f 5330 5300 5299
f 5330 5331 5300
f 5332 5300 5331
f 5332 5301 5300
f 2931 5301 2927
f 2927 5301 5332
f 2930 5302 2931
f 2926 5302 2930
f 5333 5302 2926
f 5333 5303 5302
f 5305 5303 5334
f 5333 5334 5303
f 5335 5304 5305
f 5336 5335 5305
f 5334 5336 5305
f 5335 5306 5304
f 5337 5306 5335
f 5337 5338 5306
f 5338 5307 5306
f 5308 5307 5339
f 5339 5307 5338
f 5340 5310 5308
f 5339 5340 5308
f 5340 5311 5310
f 3148 5251 3149
f 3147 5251 3148
f 3147 5341 5251
f 5341 5252 5251
f 5259 2560 2559
f 5259 5342 2560
f 5342 2702 2560
f 5343 2564 2563
f 2711 5343 2563
f 2686 2682 2564
f 5343 2686 2564
f 5344 5256 5255
f 5344 5345 5256
f 5345 5257 5256
f 5345 5258 5257
f 5345 5346 5258
f 5346 5347 5258
f 5347 5259 5258
f 5347 5348 5259
f 5348 5342 5259
f 5348 2702 5342
f 5348 5349 2702
f 5349 5350 2702
f 5350 2703 2702
f 5350 5351 2703
f 5351 2704 2703
f 2710 5352 2709
f 5352 2711 2709
f 5353 2711 5352
f 5353 5343 2711
f 5352 5354 5353
f 5354 5343 5353
f 5355 5343 5354
f 5355 2686 5343
f 5354 2688 5355
f 2688 2686 5355
f 5253 5356 5254
f 5356 5255 5254
f 5356 5357 5255
f 5357 5344 5255
f 2572 2573 5358
f 2609 5358 2573
f 5358 5359 2572
f 5360 2609 2619
f 5360 5358 2609
f 2619 5361 5360
f 5361 5358 5360
f 5362 5358 5361
f 5362 5359 5358
f 5362 5363 5359
f 5364 2599 2576
f 5365 5366 5364
f 5366 5367 5364
f 5367 2599 5364
f 5367 5368 2599
f 5368 2600 2599
f 5368 5369 2600
f 5369 5268 2600
f 5269 5268 5369
f 5370 5269 5369
f 5370 5371 5269
f 5371 5270 5269
f 5372 5373 2583
f 5373 2584 2583
f 2585 2584 5373
f 5374 2585 5373
f 5374 5375 2585
f 5375 2586 2585
f 5375 5376 2586
f 5376 2620 2586
f 5377 5378 5372
f 5378 5373 5372
f 5374 5373 5378
f 5379 5374 5378
f 5379 5380 5374
f 5380 5375 5374
f 5380 5381 5375
f 5381 5376 5375
f 5381 5382 5376
f 5382 5383 5376
f 5383 2620 5376
f 5383 5384 2620
f 2611 2620 5384
f 5385 5386 2593
f 2593 5386 2594
f 5386 5387 2594
f 5387 2597 2594
f 2650 5388 2596
f 5387 5389 2597
f 2651 2597 5389
f 5390 5391 5385
f 5385 5391 5386
f 5391 5392 5386
f 5392 5387 5386
f 5393 5387 5392
f 5389 5387 5393
f 5394 2650 2658
f 5394 5388 2650
f 5394 5395 5388
f 5393 5396 5389
f 5397 2651 5389
f 5396 5397 5389
f 5397 2655 2651
f 5365 5398 5366
f 5367 5366 5398
f 5398 5399 5367
f 5399 5400 5367
f 5400 5368 5367
f 5401 5368 5400
f 5401 5369 5368
f 5401 5370 5369
f 5402 5270 5371
f 5402 5271 5270
f 5384 5403 2611
f 5403 2612 2611
f 5403 5404 2612
f 2612 5404 2615
f 2614 2613 5405
f 2618 5406 2613
f 5406 5405 2613
f 5407 2619 2614
f 5405 5407 2614
f 5404 5408 2615
f 5408 5409 2615
f 5409 2616 2615
f 5409 5410 2616
f 5410 2617 2616
f 5410 5411 2617
f 5412 2617 5411
f 5412 2618 2617
f 5406 2618 5413
f 5413 2618 5412
f 5414 5361 2619
f 5407 5414 2619
f 5403 5384 5383
f 5415 5403 5383
f 5415 5416 5403
f 5416 5404 5403
f 5417 5404 5416
f 5417 5408 5404
f 5406 5413 5418
f 5419 5406 5418
f 5419 5405 5406
f 5418 5420 5419
f 5420 5405 5419
f 5421 5407 5405
f 5420 5421 5405
f 5414 5407 5422
f 5421 5422 5407
f 5423 5410 5409
f 5408 5424 5409
f 5423 5409 5424
f 5410 5423 5425
f 5411 5410 5425
f 5425 5412 5411
f 5417 5426 5408
f 5424 5408 5426
f 5412 5425 5427
f 5427 5413 5412
f 5413 5427 5428
f 5428 5418 5413
f 5429 5361 5414
f 5430 5429 5414
f 5422 5430 5414
f 5429 5362 5361
f 5415 5383 5382
f 5431 2631 2644
f 5431 5432 2631
f 5432 2630 2631
f 2633 2630 5433
f 5432 5433 2630
f 5434 3068 2633
f 5433 5434 2633
f 5435 2636 3076
f 5435 5436 2636
f 5436 2637 2636
f 5436 5437 2637
f 5437 2640 2637
f 2639 2638 5438
f 2643 3012 2638
f 3012 5438 2638
f 5439 2644 2639
f 5438 5439 2639
f 5437 5440 2640
f 5440 5441 2640
f 5442 2640 5441
f 5442 2641 2640
f 5443 2641 5442
f 5443 2642 2641
f 2643 2642 3013
f 3013 2642 5443
f 5444 5431 2644
f 5439 5444 2644
f 5445 5431 5444
f 5445 5446 5431
f 5446 5432 5431
f 5433 5432 5447
f 5446 5447 5432
f 5449 5448 5433
f 5448 5434 5433
f 5447 5449 5433
f 5450 3068 5434
f 5448 5451 5434
f 5451 5450 5434
f 5450 3069 3068
f 5449 5451 5448
f 3074 5452 3075
f 5452 5453 3075
f 5453 3076 3075
f 5435 3076 5453
f 5452 5454 5453
f 5454 5455 5453
f 5455 5435 5453
f 5455 5456 5435
f 5456 5436 5435
f 5456 5457 5436
f 5457 5437 5436
f 5457 5458 5437
f 5458 5440 5437
f 3011 5438 3012
f 3002 5438 3011
f 5439 5438 3000
f 3002 3000 5438
f 3001 5444 5439
f 3000 3001 5439
f 5459 5442 5441
f 5459 5441 5440
f 5460 5459 5440
f 5461 5443 5442
f 5459 5461 5442
f 5443 5461 3014
f 3014 3013 5443
f 5460 5440 5458
f 5462 5445 5444
f 3001 5462 5444
f 2652 2653 5463
f 5464 2653 2657
f 5464 5463 2653
f 5465 2658 2652
f 5463 5465 2652
f 5397 5466 2655
f 5467 2654 2655
f 2655 5466 5467
f 5468 2656 2654
f 5467 5468 2654
f 2656 5468 5469
f 5469 2657 2656
f 2657 5469 5470
f 5470 5464 2657
f 5471 5394 2658
f 5465 5471 2658
f 5472 5394 5471
f 5472 5395 5394
f 5396 5473 5397
f 5473 5466 5397
f 5465 5463 5474
f 5464 5475 5463
f 5475 5474 5463
f 5464 5470 5476
f 5475 5464 5476
f 5477 5471 5465
f 5474 5477 5465
f 5473 5478 5466
f 5478 5479 5466
f 5479 5467 5466
f 5479 5480 5467
f 5468 5467 5480
f 5480 5481 5468
f 5481 5469 5468
f 5481 5482 5469
f 5482 5470 5469
f 5482 5483 5470
f 5483 5476 5470
f 5484 5472 5471
f 5477 5484 5471
f 2674 2675 5216
f 2676 5485 2675
f 5216 2675 5485
f 5487 5486 2677
f 5486 5485 2677
f 5488 2677 2695
f 5488 5487 2677
f 5485 2676 2677
f 5489 2692 2683
f 2690 5490 2683
f 5490 5489 2683
f 2688 5491 2689
f 5354 5491 2688
f 2691 2689 5492
f 5491 5493 2689
f 5492 2689 5493
f 5492 2690 2691
f 5492 5494 2690
f 5494 5490 2690
f 5495 2694 2692
f 5496 5495 2692
f 5489 5496 2692
f 5495 2693 2694
f 5497 2695 2693
f 5498 2693 5495
f 5498 5497 2693
f 5499 5488 2695
f 5497 5499 2695
f 5499 5487 5488
f 5485 5218 5216
f 5486 5500 5485
f 5218 5485 5500
f 5502 5501 5487
f 5501 5500 5487
f 5503 5487 5499
f 5503 5502 5487
f 5500 5486 5487
f 5505 5504 5490
f 5504 5489 5490
f 5494 5506 5490
f 5506 5505 5490
f 5504 5505 5507
f 5489 5504 5507
f 5507 5508 5489
f 5508 5496 5489
f 5352 5509 5354
f 5509 5491 5354
f 5493 5491 5510
f 5509 5511 5491
f 5510 5491 5511
f 5510 5492 5493
f 5510 5512 5492
f 5512 5494 5492
f 5513 5506 5494
f 5512 5514 5494
f 5514 5513 5494
f 5506 5513 5505
f 5516 5515 5496
f 5508 5507 5516
f 5496 5508 5516
f 5515 5495 5496
f 5517 5498 5495
f 5515 5518 5495
f 5518 5517 5495
f 5517 5497 5498
f 5519 5499 5497
f 5520 5497 5517
f 5520 5519 5497
f 5521 5503 5499
f 5519 5521 5499
f 5521 5502 5503
f 5351 2705 2704
f 5351 5522 2705
f 5522 5523 2705
f 5523 2706 2705
f 5523 5524 2706
f 5524 2726 2706
f 2733 5525 2734
f 5525 2710 2734
f 5352 2710 5526
f 5525 5526 2710
f 5527 5348 5347
f 5527 5528 5348
f 5528 5349 5348
f 5528 5350 5349
f 5528 5529 5350
f 5529 5530 5350
f 5530 5351 5350
f 5530 5531 5351
f 5531 5522 5351
f 5531 5523 5522
f 5531 5532 5523
f 5532 5533 5523
f 5533 5524 5523
f 2726 5524 2727
f 5534 5524 5533
f 5534 5535 5524
f 2727 5524 5535
f 4019 5525 2733
f 2733 2732 4019
f 4019 5536 5525
f 5536 5526 5525
f 5537 5526 5536
f 5537 5509 5526
f 5352 5526 5509
f 2728 2727 2737
f 5535 2737 2727
f 2737 5535 5534
f 5534 2756 2737
f 5536 4019 4018
f 5534 5533 5538
f 2757 5534 5538
f 2757 2756 5534
f 2760 4340 2748
f 2770 5539 2760
f 5539 4340 2760
f 5539 4337 4340
f 2761 2757 5538
f 2769 5539 2770
f 5540 2761 5538
f 5540 5541 2761
f 2771 2761 5541
f 5533 5542 5538
f 5542 5543 5538
f 5543 5540 5538
f 5543 5541 5540
f 5544 2769 2768
f 5539 2769 5544
f 5545 5539 5544
f 5545 4337 5539
f 5541 5546 2771
f 5546 2772 2771
f 5547 5541 5543
f 5546 5541 5547
f 2779 5548 2768
f 2768 5548 5544
f 2804 2772 5546
f 2808 5549 2777
f 5549 2779 2777
f 5549 5550 2779
f 5548 2779 5550
f 5550 5551 5548
f 5551 5552 5548
f 5552 5553 5548
f 5553 5544 5548
f 5553 5545 5544
f 5554 5546 5547
f 5554 2804 5546
f 5555 2804 5554
f 5555 2792 2804
f 5556 2808 2807
f 5549 2808 5556
f 5557 5549 5556
f 5550 5549 5557
f 5557 5558 5550
f 5558 5551 5550
f 3115 2796 2794
f 3117 3115 2795
f 3115 2794 2795
f 2797 2796 3114
f 3115 3114 2796
f 3113 2797 3114
f 3113 2802 2797
f 5555 5559 2792
f 2793 2792 5559
f 5560 2795 2793
f 5559 5560 2793
f 5560 3117 2795
f 5562 2799 5561
f 2800 2799 5562
f 2802 5561 2799
f 5563 2802 3113
f 5561 2802 5563
f 5562 2829 2800
f 2829 2816 2800
f 2816 2801 2800
f 5554 5559 5555
f 5564 5560 5559
f 5565 5559 5554
f 5565 5564 5559
f 5567 5566 5560
f 5566 3117 5560
f 5564 5567 5560
f 5566 3116 3117
f 5567 3116 5566
f 3112 5563 3113
f 5569 5562 5568
f 5561 5568 5562
f 5569 2829 5562
f 5563 5570 5561
f 5570 5571 5561
f 5571 5568 5561
f 5569 2830 2829
f 5572 5571 5570
f 3112 5572 5563
f 5572 5570 5563
f 5547 5565 5554
f 5573 2807 2814
f 2807 5573 5556
f 2813 5574 2814
f 5573 2814 5574
f 5574 5575 5573
f 5575 5576 5573
f 5576 5577 5573
f 5577 5556 5573
f 5577 5557 5556
f 2818 5578 2813
f 5574 2813 5578
f 5579 2818 2827
f 5578 2818 5579
f 5579 5580 5578
f 5580 5581 5578
f 5581 5574 5578
f 5581 5575 5574
f 2826 5582 2827
f 5582 5583 2827
f 5583 5579 2827
f 5582 5584 5583
f 5584 5579 5583
f 5584 5580 5579
f 2836 5585 2825
f 2826 2825 5585
f 5585 5586 2826
f 5586 5582 2826
f 5587 2830 5569
f 5587 2831 2830
f 2834 2833 5588
f 5588 2831 5587
f 2831 5588 2833
f 5589 2836 2849
f 5585 2836 5589
f 5589 5590 5585
f 5585 5590 5586
f 5591 5586 5590
f 5592 5586 5591
f 5592 5582 5586
f 5592 5584 5582
f 2842 2834 5593
f 5588 5593 2834
f 5594 5569 5568
f 5594 5587 5569
f 5595 5587 5594
f 5588 5587 5595
f 5595 5596 5588
f 5596 5593 5588
f 5593 2864 2842
f 5596 5597 5593
f 5597 2864 5593
f 2848 5598 2849
f 5598 5599 2849
f 5599 5589 2849
f 5598 5600 5599
f 5600 5589 5599
f 5600 5590 5589
f 2848 2847 4919
f 4919 4920 2848
f 4920 5598 2848
f 5597 2866 2864
f 5598 4920 4933
f 5600 5598 4933
f 5601 2856 2857
f 5601 2884 2856
f 2867 5601 2857
f 5602 5601 2867
f 5603 5601 5602
f 2884 5601 5603
f 2885 2884 5603
f 2865 5602 2867
f 4974 2881 2880
f 5605 5604 2866
f 5604 2865 2866
f 5604 5602 2865
f 5597 5605 2866
f 5606 5605 5597
f 5596 5606 5597
f 5608 5605 5607
f 5608 5604 5605
f 5606 5607 5605
f 5609 5604 5608
f 5602 5604 5609
f 5609 5603 5602
f 2876 2877 5610
f 5611 5610 2877
f 2885 5611 2877
f 5610 3088 2876
f 3087 5612 2879
f 5612 2880 2879
f 5612 5613 2880
f 5613 4974 2880
f 5603 5614 2885
f 5614 5611 2885
f 5615 3088 5610
f 3089 3088 5615
f 5610 5611 5616
f 5617 5616 5611
f 5614 5617 5611
f 5616 5615 5610
f 5618 5612 3087
f 5619 5612 5618
f 5620 5612 5619
f 5620 5613 5612
f 4974 5613 5620
f 3086 5621 3087
f 5621 5618 3087
f 5620 4967 4974
f 5621 3086 3085
f 5609 5614 5603
f 5622 5614 5609
f 5622 5617 5614
f 5623 2899 2916
f 5624 5623 2917
f 5623 2916 2917
f 5623 5625 2899
f 2900 2899 5625
f 5625 5626 2900
f 5626 5627 2900
f 5627 2904 2900
f 2904 5628 2901
f 5628 5334 2901
f 5334 5629 2901
f 5629 2902 2901
f 5336 5334 5628
f 5336 5628 2904
f 5334 5333 5629
f 2902 5629 5333
f 5333 2926 2902
f 5627 5336 2904
f 5630 2911 2910
f 3055 5631 2910
f 5632 2910 5631
f 5632 5630 2910
f 2912 2911 5633
f 5630 5633 2911
f 5634 2913 2912
f 5635 5634 2912
f 5633 5635 2912
f 5634 2914 2913
f 5636 2914 5634
f 5636 5637 2914
f 2915 2914 5637
f 5638 2917 2915
f 5637 5638 2915
f 5638 5624 2917
f 5623 5624 5639
f 5640 5624 5638
f 5640 5641 5624
f 5639 5624 5641
f 5642 5623 5639
f 5625 5623 5642
f 5643 5627 5626
f 5643 5626 5625
f 5642 5644 5625
f 5644 5643 5625
f 5645 5336 5627
f 5643 5645 5627
f 5645 5335 5336
f 2934 2940 3107
f 3107 3054 2934
f 3107 3106 3054
f 3106 3055 3054
f 5631 3055 3123
f 3106 3122 3055
f 3123 3055 3122
f 3123 5632 5631
f 5632 3123 5646
f 5646 5647 5632
f 5647 5630 5632
f 5648 5630 5647
f 5648 5633 5630
f 5647 5649 5648
f 5649 5633 5648
f 5650 5633 5649
f 5650 5635 5633
f 5649 5651 5650
f 5651 5635 5650
f 5652 5635 5651
f 5652 5653 5635
f 5634 5635 5653
f 5654 5636 5634
f 5653 5654 5634
f 5654 5637 5636
f 5655 5637 5654
f 5655 5656 5637
f 5638 5637 5656
f 5657 5640 5638
f 5656 5657 5638
f 5657 5641 5640
f 5332 2928 2927
f 5332 5658 2928
f 5658 5659 2928
f 5659 2929 2928
f 5659 5660 2929
f 5660 2932 2929
f 2933 2932 5660
f 5661 2933 5660
f 5661 5662 2933
f 5662 2936 2933
f 5662 5663 2936
f 5663 5664 2936
f 5665 2936 5664
f 5665 2937 2936
f 2938 2937 5666
f 5666 2937 5665
f 5666 2939 2938
f 2939 5666 3108
f 3108 2940 2939
f 5658 5331 5330
f 5332 5331 5658
f 5330 5667 5658
f 5667 5668 5658
f 5658 5668 5659
f 5668 5669 5659
f 5669 5660 5659
f 5661 5660 5669
f 5670 5661 5669
f 5670 5671 5661
f 5661 5671 5662
f 5671 5672 5662
f 5672 5663 5662
f 5673 5665 5664
f 5673 5664 5663
f 5674 5673 5663
f 5675 5666 5665
f 5673 5675 5665
f 3109 5666 5675
f 3108 5666 3109
f 5674 5663 5672
f 2949 2964 5676
f 5677 2949 5676
f 5677 2965 2949
f 5679 2951 5678
f 5679 2953 2951
f 5680 2951 2966
f 5680 5678 2951
f 5681 2953 5679
f 5681 2967 2953
f 5678 5681 5679
f 2973 5682 2957
f 2958 2957 5682
f 5682 5683 2958
f 5683 5684 2958
f 5684 2959 2958
f 2959 5684 5685
f 5685 2960 2959
f 5685 5686 2960
f 5686 5687 2960
f 5687 2961 2960
f 5687 2962 2961
f 5687 5688 2962
f 5688 2963 2962
f 5688 5689 2963
f 5689 5690 2963
f 5690 2964 2963
f 5690 5691 2964
f 5691 5676 2964
f 5677 5692 2965
f 5692 2966 2965
f 5693 5680 2966
f 5692 5693 2966
f 5694 5677 5676
f 5691 5695 5676
f 5695 5694 5676
f 5694 5696 5677
f 5692 5677 5696
f 5678 5680 5697
f 5693 5698 5680
f 5697 5680 5698
f 5699 5681 5678
f 5697 5699 5678
f 5701 5700 5681
f 5699 5701 5681
f 5700 2967 5681
f 5702 2967 5700
f 5702 2968 2967
f 5702 5703 2968
f 5703 2969 2968
f 2970 2969 5703
f 5703 5704 2970
f 2971 2970 5704
f 2971 5705 2972
f 5705 5706 2972
f 5706 2973 2972
f 5706 5707 2973
f 5707 5682 2973
f 5705 2971 5708
f 5704 5708 2971
f 5709 5707 5706
f 5709 5682 5707
f 5709 5710 5682
f 5710 5683 5682
f 5710 5711 5683
f 5711 5712 5683
f 5712 5713 5683
f 5713 5684 5683
f 5712 5714 5713
f 5714 5684 5713
f 5714 5685 5684
f 5714 5715 5685
f 5715 5686 5685
f 5715 5716 5686
f 5717 5686 5716
f 5717 5687 5686
f 5717 5718 5687
f 5718 5688 5687
f 5718 5719 5688
f 5719 5689 5688
f 5719 5690 5689
f 5719 5720 5690
f 5691 5690 5720
f 5720 5721 5691
f 5721 5722 5691
f 5722 5695 5691
f 5696 5723 5692
f 5723 5693 5692
f 5724 5698 5693
f 5723 5724 5693
f 5576 5700 5577
f 5576 5575 5700
f 5575 5702 5700
f 5701 5577 5700
f 5575 5581 5702
f 5703 5702 5581
f 5581 5580 5703
f 5580 5704 5703
f 5580 5584 5704
f 5584 5708 5704
f 5725 5705 5708
f 5725 5726 5705
f 5726 5706 5705
f 5592 5708 5584
f 5592 5725 5708
f 5726 5727 5706
f 5727 5709 5706
f 5728 2998 2987
f 5729 2983 2982
f 2996 5730 2982
f 5730 5729 2982
f 5729 5731 2983
f 5731 2984 2983
f 5325 2984 5731
f 5325 5324 2984
f 2985 2984 5324
f 5323 2987 2985
f 5324 5323 2985
f 5323 5728 2987
f 5730 2996 5732
f 5732 2996 3058
f 5730 5732 5733
f 5734 5730 5733
f 5734 5729 5730
f 5735 5731 5729
f 5734 5735 5729
f 5327 5325 5731
f 5735 5327 5731
f 5318 5728 5323
f 5736 2998 5728
f 5318 5317 5728
f 5317 5736 5728
f 2997 2998 5737
f 5736 5737 2998
f 2999 2997 5738
f 5737 5738 2997
f 5462 2999 5738
f 5462 3001 2999
f 3084 5732 3058
f 3084 5739 5732
f 5739 5733 5732
f 5741 5736 5740
f 5737 5736 5741
f 5317 5740 5736
f 5741 5742 5737
f 5742 5738 5737
f 5742 5743 5738
f 5743 5462 5738
f 5743 5744 5462
f 5744 5445 5462
f 5461 5745 3014
f 5745 3015 3014
f 5745 3016 3015
f 5745 5746 3016
f 5746 5747 3016
f 5747 3017 3016
f 5747 5748 3017
f 5748 3019 3017
f 3020 3019 5749
f 5748 5750 3019
f 5749 3019 5750
f 3085 3022 3021
f 3085 3021 3020
f 5749 3085 3020
f 5459 5751 5461
f 5751 5745 5461
f 5751 5752 5745
f 5752 5746 5745
f 5747 5746 5752
f 5753 5747 5752
f 5753 5754 5747
f 5747 5754 5748
f 5754 5755 5748
f 5755 5756 5748
f 5750 5748 5756
f 5756 5757 5750
f 5758 5749 5750
f 5757 5758 5750
f 3085 5749 5621
f 5749 5758 5621
f 5757 5756 5755
f 3036 3037 5759
f 5760 5759 3037
f 3049 5760 3037
f 5761 3039 3036
f 5759 5761 3036
f 5763 5762 3039
f 5762 3038 3039
f 5761 5763 3039
f 5762 5764 3038
f 5764 3040 3038
f 5764 5765 3040
f 5765 3043 3040
f 3041 5766 3044
f 3042 5767 3041
f 5767 5766 3041
f 5768 5767 3042
f 3043 5768 3042
f 5769 3043 5765
f 5768 3043 5769
f 5766 5770 3044
f 5770 5771 3044
f 5771 3045 3044
f 5771 5772 3045
f 5772 3046 3045
f 5772 5773 3046
f 5773 3050 3046
f 3047 3053 5774
f 5775 3048 3047
f 5774 5775 3047
f 5776 3048 5775
f 5776 3049 3048
f 5777 5760 3049
f 5776 5777 3049
f 3050 3212 3051
f 3212 3209 3051
f 3209 3052 3051
f 3209 3206 3052
f 3053 3052 3206
f 5773 5778 3050
f 5778 3212 3050
f 3206 3208 3053
f 3208 5774 3053
f 5759 5760 5455
f 5455 5760 5456
f 5456 5760 5777
f 5454 5761 5759
f 5455 5454 5759
f 5779 5763 5761
f 5454 5779 5761
f 5780 5762 5763
f 5779 5781 5763
f 5781 5780 5763
f 5780 5782 5762
f 5782 5764 5762
f 5782 5783 5764
f 5783 5765 5764
f 5783 5784 5765
f 5784 5769 5765
f 5767 5785 5766
f 5785 5786 5766
f 5786 5770 5766
f 5768 5787 5767
f 5785 5767 5787
f 5788 5787 5768
f 5788 5768 5769
f 5784 5789 5769
f 5789 5788 5769
f 5786 5790 5770
f 5790 5791 5770
f 5791 5771 5770
f 5791 5792 5771
f 5792 5772 5771
f 5793 5772 5792
f 5793 5773 5772
f 5794 5773 5793
f 5778 5773 5794
f 5795 5775 5774
f 3208 5796 5774
f 5796 5795 5774
f 5797 5776 5775
f 5795 5797 5775
f 5798 5776 5797
f 5798 5777 5776
f 5456 5777 5457
f 5798 5457 5777
f 5794 5799 5778
f 3211 3212 5778
f 5799 3211 5778
f 3207 5796 3208
f 3121 5646 3123
f 3083 5739 3084
f 5800 4926 4925
f 5800 5043 4926
f 5801 4924 4923
f 4925 4924 5801
f 5801 5802 4925
f 5802 5800 4925
f 3067 3069 5803
f 5804 3069 5450
f 5804 5803 3069
f 3070 3067 5805
f 5803 5805 3067
f 3073 3070 5806
f 5805 5806 3070
f 3074 3071 5807
f 3072 5808 3071
f 5808 5807 3071
f 3073 5809 3072
f 5809 5808 3072
f 5809 3073 5810
f 5806 5810 3073
f 5807 5811 3074
f 5811 5452 3074
f 5812 5450 5451
f 5812 5804 5450
f 5814 5813 5804
f 5813 5803 5804
f 5812 5814 5804
f 5813 5815 5803
f 5815 5805 5803
f 5815 5816 5805
f 5816 5806 5805
f 5816 5817 5806
f 5817 5810 5806
f 5808 5818 5807
f 5818 5819 5807
f 5819 5811 5807
f 5809 5820 5808
f 5820 5818 5808
f 5821 5820 5809
f 5821 5809 5810
f 5817 5822 5810
f 5822 5821 5810
f 5781 5811 5819
f 5781 5779 5811
f 5779 5452 5811
f 5779 5454 5452
f 5823 3083 3089
f 5823 5739 3083
f 5824 5823 3089
f 5825 5824 3089
f 5615 5825 3089
f 5824 5739 5823
f 5826 5739 5824
f 5826 5733 5739
f 5758 5618 5621
f 5758 5827 5618
f 5827 5619 5618
f 5828 5615 5616
f 5825 5615 5828
f 5829 5824 5825
f 5830 5829 5825
f 5828 5830 5825
f 5829 5826 5824
f 5831 3109 5675
f 5831 3110 3109
f 3111 3110 5831
f 5832 3111 5831
f 5832 5572 3111
f 5572 3112 3111
f 3119 3116 5833
f 5567 5833 3116
f 5834 3118 3119
f 5835 5834 3119
f 5833 5835 3119
f 5834 3120 3118
f 5836 3120 5834
f 5836 5837 3120
f 5837 3121 3120
f 5646 3121 5837
f 5673 5838 5675
f 5838 5831 5675
f 5838 5832 5831
f 5838 5839 5832
f 5839 5840 5832
f 5840 5572 5832
f 5571 5572 5840
f 5564 5841 5567
f 5841 5833 5567
f 5842 5833 5841
f 5842 5835 5833
f 5841 5843 5842
f 5843 5835 5842
f 5844 5835 5843
f 5844 5845 5835
f 5834 5835 5845
f 5846 5836 5834
f 5845 5846 5834
f 5846 5837 5836
f 5847 5837 5846
f 5847 5848 5837
f 5646 5837 5848
f 5848 5647 5646
f 3136 3137 5849
f 5850 3137 3151
f 5850 5851 3137
f 5849 3137 5851
f 5852 3136 5849
f 3138 3136 5852
f 5853 3144 3143
f 5853 3143 3138
f 5852 5854 3138
f 5854 5853 3138
f 5856 5855 3140
f 5855 3141 3140
f 3144 5856 3140
f 5856 3144 5857
f 5857 3144 5853
f 5855 5858 3141
f 5858 5859 3141
f 5859 3142 3141
f 5859 5860 3142
f 5860 3145 3142
f 5860 3146 3145
f 5860 5861 3146
f 5861 5862 3146
f 5862 3147 3146
f 5862 5863 3147
f 5863 5341 3147
f 5864 5850 3151
f 5214 5864 3151
f 5864 5851 5850
f 5851 5865 5849
f 5866 5851 5864
f 5866 5867 5851
f 5865 5851 5867
f 5865 5868 5849
f 5868 5869 5849
f 5869 5852 5849
f 5870 5853 5854
f 5870 5854 5852
f 5869 5870 5852
f 5853 5871 5857
f 5870 5871 5853
f 5856 5872 5855
f 5873 5855 5872
f 5874 5855 5873
f 5874 5858 5855
f 5874 5859 5858
f 5875 5856 5857
f 5872 5856 5875
f 5874 5876 5859
f 5876 5657 5859
f 5657 5860 5859
f 5656 5860 5657
f 5656 5861 5860
f 5656 5862 5861
f 5871 5877 5857
f 5877 5878 5857
f 5878 5875 5857
f 5656 5655 5862
f 5655 5654 5862
f 5654 5863 5862
f 5341 5863 5252
f 5653 5863 5654
f 5653 5879 5863
f 5252 5863 5879
f 5215 5880 5214
f 5880 5864 5214
f 5881 5866 5864
f 5880 5881 5864
f 5881 5867 5866
f 5019 3169 3166
f 5018 5882 3169
f 5882 3163 3169
f 5019 5018 3169
f 5882 5883 3163
f 5883 3164 3163
f 3165 3164 5883
f 3166 3168 5022
f 3177 5884 3168
f 5022 3168 5884
f 5022 5019 3166
f 5885 3165 5883
f 5885 3170 3165
f 3170 5886 3171
f 5886 5887 3171
f 5887 3172 3171
f 5888 3170 5885
f 5888 5889 3170
f 5889 5886 3170
f 5890 5891 3174
f 3175 3174 5891
f 5891 5892 3175
f 5892 3176 3175
f 5893 3177 3176
f 5892 5893 3176
f 5893 5894 3177
f 5894 5884 3177
f 5017 5895 5882
f 5895 5883 5882
f 5018 5017 5882
f 5895 5896 5883
f 5896 5885 5883
f 5896 5097 5885
f 5097 5888 5885
f 5889 5888 5097
f 5894 5897 5884
f 5023 5884 5897
f 5023 5022 5884
f 5889 5898 5886
f 5899 5886 5898
f 5887 5886 5899
f 5096 5889 5097
f 5096 5095 5889
f 5095 5898 5889
f 5890 5900 5891
f 5900 5901 5891
f 5892 5891 5901
f 5900 5902 5901
f 5902 5892 5901
f 5902 5903 5892
f 5903 5893 5892
f 5904 5894 5893
f 5903 5904 5893
f 5897 5894 5905
f 5904 5906 5894
f 5906 5905 5894
f 5905 5023 5897
f 3196 5907 3189
f 5907 4975 3189
f 4893 5147 3191
f 5147 3192 3191
f 3196 3195 5131
f 3196 5131 5908
f 5907 3196 5908
f 5907 5908 5909
f 5910 5907 5909
f 4975 5907 5910
f 5910 4952 4975
f 4908 4909 4893
f 4893 4909 5147
f 5130 5908 5131
f 5130 5911 5908
f 5911 5909 5908
f 5912 3207 3217
f 5912 5796 3207
f 3213 3210 5913
f 3211 5799 3210
f 5799 5913 3210
f 5913 5914 3213
f 5914 5915 3213
f 5915 3214 3213
f 5915 4808 3214
f 5916 3217 3218
f 5917 5916 3218
f 4804 5917 3218
f 5916 5912 3217
f 5918 5912 5916
f 5918 5919 5912
f 5919 5796 5912
f 5795 5796 5919
f 5799 5920 5913
f 5920 5921 5913
f 5921 5914 5913
f 5794 5920 5799
f 5922 5914 5921
f 5922 5923 5914
f 5923 5915 5914
f 5923 5924 5915
f 5924 4808 5915
f 4809 4808 5924
f 5917 4804 5925
f 4807 5925 4804
f 5926 5916 5917
f 5927 5926 5917
f 5925 5927 5917
f 5926 5918 5916
f 3232 3231 5928
f 5929 5928 3231
f 3244 5929 3231
f 5930 3233 3232
f 5928 5930 3232
f 5932 5931 3233
f 5931 3234 3233
f 5930 5932 3233
f 5931 5933 3234
f 5933 3235 3234
f 5933 4690 3235
f 4690 3238 3235
f 3237 5934 3236
f 5934 5935 3236
f 5935 3239 3236
f 4698 5934 3237
f 3238 4698 3237
f 5936 3239 5935
f 5936 5937 3239
f 5937 3240 3239
f 4717 3241 3240
f 4717 3240 5937
f 3242 3243 5938
f 3248 5939 3243
f 5938 3243 5939
f 5938 5940 3242
f 5940 3244 3242
f 5941 5929 3244
f 5940 5941 3244
f 4715 3246 3245
f 4715 5942 3246
f 5942 3247 3246
f 5942 5943 3247
f 5943 3248 3247
f 3248 5943 5944
f 5939 3248 5944
f 5945 5932 5930
f 5928 5929 5946
f 5946 5929 5947
f 5947 5929 5941
f 5948 5930 5928
f 5946 5948 5928
f 5948 5945 5930
f 5949 5931 5932
f 5950 5932 5945
f 5949 5932 5950
f 5951 5933 5931
f 5949 5951 5931
f 5951 4689 5933
f 4689 4690 5933
f 5934 5952 5935
f 5952 5953 5935
f 5953 5936 5935
f 4697 5952 5934
f 4698 4697 5934
f 5954 5936 5953
f 5954 5955 5936
f 5937 5936 5955
f 5955 4718 5937
f 4718 4717 5937
f 5789 5940 5938
f 5939 5788 5938
f 5788 5789 5938
f 5787 5939 5944
f 5787 5788 5939
f 5789 5956 5940
f 5956 5941 5940
f 5957 5947 5941
f 5956 5957 5941
f 4714 5942 4715
f 4714 5958 5942
f 5958 5943 5942
f 5959 5944 5943
f 5959 5943 5958
f 5944 5959 5785
f 5785 5787 5944
f 5962 3249 5961
f 5963 3249 5962
f 5962 5961 5964
f 5964 5961 5965
f 5965 5961 5960
f 5967 5966 5962
f 5966 5963 5962
f 5964 5967 5962
f 5968 5963 5966
f 5965 5960 5970
f 5971 3262 3263
f 5971 5972 3262
f 5972 3265 3262
f 5972 5973 3265
f 5973 5974 3265
f 5974 3264 3265
f 3275 5975 3263
f 5975 5971 3263
f 5974 4574 3264
f 4574 3266 3264
f 4581 3268 3267
f 5976 3268 4581
f 3270 3268 5976
f 3270 5977 3271
f 5977 5978 3271
f 5978 3272 3271
f 5976 5979 3270
f 5979 5977 3270
f 5980 3272 5978
f 5980 3278 3272
f 4601 3274 3273
f 3275 3274 5981
f 5981 3274 4601
f 5982 5975 3275
f 5981 5982 3275
f 4602 3278 5980
f 5984 5971 5983
f 5972 5971 5984
f 5975 5983 5971
f 5985 5972 5984
f 5973 5972 5985
f 5986 5975 5982
f 5986 5983 5975
f 5988 5973 5987
f 5974 5973 5988
f 5987 5973 5985
f 4575 4574 5974
f 4575 5974 5988
f 4580 5976 4581
f 5976 5989 5979
f 4580 5989 5976
f 5990 5977 5979
f 5991 5977 5990
f 5978 5977 5991
f 5989 5992 5979
f 5992 5990 5979
f 5978 5991 5993
f 5978 5993 5980
f 5993 5994 5980
f 4602 5980 5994
f 5981 4601 4600
f 5995 5982 5981
f 4600 5995 5981
f 5996 5982 5995
f 5996 5986 5982
f 5994 4603 4602
f 6003 5997 6002
f 6003 6004 5997
f 6004 5999 5997
f 5998 6002 5997
f 6004 6005 5999
f 6005 6000 5999
f 6005 5900 6000
f 6002 5998 6006
f 6001 6006 5998
f 4192 3294 4112
f 6007 3294 4192
f 6007 6008 3294
f 6008 3284 3294
f 6009 3285 3284
f 6009 3284 6008
f 3286 3285 6009
f 6010 3286 6009
f 3288 3286 6010
f 6010 6011 3288
f 6011 4434 3288
f 4434 4113 3288
f 4434 4114 4113
f 4111 4194 4112
f 4192 6012 6007
f 6012 6008 6007
f 6012 6013 6008
f 6008 6013 6009
f 6013 6014 6009
f 6014 6015 6009
f 6015 6010 6009
f 4437 6011 6010
f 4437 6010 6015
f 4434 6011 4437
f 4191 6012 4192
f 4055 4120 4056
f 6016 4056 4120
f 4120 4119 6016
f 4429 4024 4025
f 6017 4027 4024
f 4429 6018 4024
f 6018 6017 4024
f 3693 3312 3311
f 3693 6019 3312
f 6019 5246 3312
f 5246 6020 3312
f 6020 6021 3312
f 6021 3313 3312
f 3313 6021 3314
f 6021 6022 3314
f 6022 6023 3314
f 6023 3315 3314
f 3315 6023 3316
f 6023 6024 3316
f 6024 6025 3316
f 6025 3318 3316
f 3318 6025 3319
f 6026 3320 3319
f 6025 6027 3319
f 6027 6028 3319
f 6028 6029 3319
f 6029 6026 3319
f 6026 3317 3320
f 6030 3322 3317
f 6026 6031 3317
f 6031 6030 3317
f 3322 6030 3321
f 6032 3325 3321
f 6030 6033 3321
f 6033 6032 3321
f 3325 6032 3324
f 3816 3695 3324
f 6032 6034 3324
f 6034 3816 3324
f 5235 5246 6019
f 3693 5235 6019
f 3692 5235 3693
f 6035 5246 5247
f 6020 5246 6035
f 6035 6021 6020
f 6035 6036 6021
f 6036 6037 6021
f 6037 6022 6021
f 6022 6037 6023
f 6037 6038 6023
f 6038 6039 6023
f 6039 6024 6023
f 6024 6039 6025
f 6039 6040 6025
f 6040 6041 6025
f 6041 6027 6025
f 6027 6041 6028
f 3787 6029 6028
f 6041 6042 6028
f 6042 3785 6028
f 3785 3786 6028
f 3786 3787 6028
f 3787 6026 6029
f 6043 6031 6026
f 3787 6044 6026
f 6044 6043 6026
f 6031 6043 6030
f 6045 6033 6030
f 6043 6046 6030
f 6046 6045 6030
f 6033 6045 6032
f 6047 6034 6032
f 6045 6048 6032
f 6048 6047 6032
f 6034 6047 3816
f 3694 3695 3816
f 6047 3817 3816
f 6049 3846 4026
f 3848 4026 3846
f 3849 3846 6049
f 3793 3338 6050
f 6050 3338 3987
f 3986 6050 3987
f 6050 3792 3793
f 6052 6051 6050
f 6051 3792 6050
f 3986 6053 6050
f 6053 6052 6050
f 3852 6054 3855
f 6054 4314 3855
f 4314 6054 4315
f 6054 6055 4315
f 6055 6056 4315
f 6056 4316 4315
f 6057 6053 3986
f 3989 6057 3986
f 6051 6058 3792
f 6058 3794 3792
f 6059 3796 3794
f 6058 6059 3794
f 3795 3796 6059
f 6060 3757 3756
f 6060 3366 3757
f 6060 6061 3366
f 6061 6062 3366
f 6062 3367 3366
f 6062 3368 3367
f 6063 3368 6062
f 3368 6063 3369
f 6063 6064 3369
f 6064 6065 3369
f 6065 3371 3369
f 3371 6065 3372
f 6066 3373 3372
f 6065 6067 3372
f 6067 6068 3372
f 6068 6069 3372
f 6069 6066 3372
f 3370 3373 6066
f 6070 3374 3370
f 6066 6071 3370
f 6071 6070 3370
f 3375 3374 6070
f 6070 6072 3375
f 6072 6073 3375
f 6073 3377 3375
f 6075 6074 3377
f 6074 3378 3377
f 6073 6075 3377
f 6074 6075 6076
f 3378 6074 6076
f 3380 3378 6077
f 6076 6078 3378
f 6077 3378 6078
f 6077 3379 3380
f 6077 3759 3379
f 3755 6079 3756
f 6079 6080 3756
f 6080 6060 3756
f 6081 6080 6079
f 6081 6060 6080
f 6081 6082 6060
f 6082 6083 6060
f 6083 6061 6060
f 6083 6062 6061
f 6084 6062 6083
f 6062 6084 6063
f 6084 6085 6063
f 6085 6086 6063
f 6086 6064 6063
f 6064 6086 6065
f 6086 6087 6065
f 6087 3965 6065
f 3965 6067 6065
f 3965 6068 6067
f 6088 6069 6068
f 3965 3966 6068
f 3966 3961 6068
f 3961 6089 6068
f 6089 6088 6068
f 6066 6069 6088
f 6090 6071 6066
f 6088 6091 6066
f 6091 6090 6066
f 6090 6070 6071
f 6092 6072 6070
f 6090 6093 6070
f 6093 6092 6070
f 6073 6072 6092
f 6092 6094 6073
f 6094 6095 6073
f 6095 6075 6073
f 6096 6075 6095
f 6096 6097 6075
f 6097 6076 6075
f 6097 6096 6098
f 6076 6097 6098
f 6078 6076 6099
f 6098 6100 6076
f 6099 6076 6100
f 6099 6077 6078
f 3758 3759 6077
f 6099 6101 6077
f 6101 3758 6077
f 6102 3738 3737
f 6102 3398 3738
f 6102 6103 3398
f 6103 6104 3398
f 6104 3399 3398
f 6104 3400 3399
f 6105 3400 6104
f 3400 6105 3401
f 6105 6106 3401
f 6106 3910 3401
f 3910 3403 3401
f 3403 3910 3404
f 6107 3405 3404
f 3910 3911 3404
f 3911 3908 3404
f 3908 6108 3404
f 6108 6107 3404
f 3402 3405 6107
f 6109 3406 3402
f 6107 6110 3402
f 6110 6109 3402
f 6111 3406 6109
f 6111 3409 3406
f 3409 6111 3408
f 6113 6112 3408
f 6112 3410 3408
f 6111 6114 3408
f 6114 6113 3408
f 6112 6113 6115
f 3410 6112 6115
f 3412 3410 6116
f 6115 6117 3410
f 6116 3410 6117
f 6116 3411 3412
f 6116 3740 3411
f 3736 6118 3737
f 6118 6119 3737
f 6119 6102 3737
f 6120 6119 6118
f 6120 6102 6119
f 6120 6121 6102
f 6122 6102 6121
f 6122 6103 6102
f 6122 6104 6103
f 6123 6104 6122
f 6104 6123 6105
f 6123 6124 6105
f 6124 3886 6105
f 3886 6106 6105
f 6106 3886 3910
f 3886 3887 3910
f 6125 6108 3908
f 3909 6125 3908
f 6107 6108 6125
f 6126 6110 6107
f 6125 6127 6107
f 6127 6126 6107
f 6109 6110 6126
f 6128 6111 6109
f 6126 6129 6109
f 6129 6128 6109
f 6130 6111 6128
f 6130 6114 6111
f 6114 6130 6113
f 6081 6131 6113
f 6131 6115 6113
f 6130 6132 6113
f 6132 6081 6113
f 6131 6081 6079
f 6115 6131 6079
f 6117 6115 6133
f 6079 6134 6115
f 6133 6115 6134
f 6133 6116 6117
f 3739 3740 6116
f 6133 6135 6116
f 6135 3739 6116
f 3431 3443 3432
f 6137 3427 6136
f 6137 3441 3427
f 3439 6138 3427
f 6136 3427 6138
f 3443 6139 3432
f 6139 6140 3432
f 6140 6141 3432
f 6141 6142 3432
f 6142 3433 3432
f 6142 3434 3433
f 6142 6143 3434
f 3435 3434 6143
f 6143 6144 3435
f 6144 6145 3435
f 6145 3436 3435
f 6147 3437 6146
f 6146 3437 3438
f 3439 3437 6147
f 6138 3439 6148
f 6147 6149 3439
f 6148 3439 6149
f 6148 6136 6138
f 6151 3441 6150
f 6152 3441 6151
f 6150 3441 6137
f 3440 3441 6152
f 6153 3442 6152
f 6153 6154 3442
f 6152 3442 3440
f 6154 3443 3442
f 6155 6150 6136
f 6148 6156 6136
f 6156 6155 6136
f 6150 6137 6136
f 6154 6139 3443
f 6154 6157 6139
f 6157 3647 6139
f 6140 6139 3647
f 3647 3645 6140
f 3645 6158 6140
f 6158 6159 6140
f 6159 6141 6140
f 6159 6142 6141
f 6159 6160 6142
f 6143 6142 6160
f 6160 6161 6143
f 6161 6162 6143
f 6162 6144 6143
f 6145 6144 6162
f 6163 6145 6162
f 6149 6147 6164
f 6164 6147 6165
f 6164 6148 6149
f 6166 6156 6148
f 6164 6167 6148
f 6167 6166 6148
f 6169 6168 6152
f 6168 6170 6152
f 6151 6169 6152
f 6170 6153 6152
f 6154 6153 6170
f 6171 6154 6170
f 6171 6172 6154
f 6172 6157 6154
f 6173 6169 6150
f 6150 6169 6151
f 6155 6173 6150
f 3647 6157 6172
f 3543 6098 3456
f 6098 6174 3456
f 6174 3458 3456
f 6096 6174 6098
f 6096 3458 6174
f 6175 3458 6096
f 3458 6175 3459
f 6175 6176 3459
f 6176 6177 3459
f 6177 3460 3459
f 3461 3460 6177
f 6178 3461 6177
f 6178 6179 3461
f 6179 3463 3461
f 6179 3464 3463
f 6181 3464 6180
f 6181 3465 3464
f 6179 3654 3464
f 6180 3464 3654
f 3465 6181 3462
f 6182 3467 3462
f 6181 6183 3462
f 6183 6182 3462
f 3466 3467 6182
f 6184 3470 3466
f 6182 6185 3466
f 6185 6184 3466
f 3469 3470 6184
f 6187 6186 3469
f 6186 3468 3469
f 6184 6188 3469
f 6188 6187 3469
f 3544 3472 3468
f 6186 6189 3468
f 6189 3544 3468
f 6098 3543 3542
f 6100 6098 3542
f 6096 6095 6175
f 6095 6190 6175
f 6190 6191 6175
f 6191 6176 6175
f 6176 6191 6177
f 6191 6192 6177
f 6192 6193 6177
f 6193 6178 6177
f 6193 6179 6178
f 6193 3625 6179
f 3654 6179 3625
f 3625 3626 3654
f 3655 6180 3654
f 6180 3655 3652
f 6194 6181 6180
f 3652 6195 6180
f 6195 6194 6180
f 6196 6181 6194
f 6196 6183 6181
f 6183 6196 6182
f 6197 6185 6182
f 6196 6198 6182
f 6198 6197 6182
f 6184 6185 6197
f 6199 6188 6184
f 6197 6200 6184
f 6200 6199 6184
f 6199 6187 6188
f 6202 6201 6187
f 6201 6186 6187
f 6199 6203 6187
f 6203 6202 6187
f 6204 6189 6186
f 6201 6205 6186
f 6205 6204 6186
f 3544 6189 6204
f 6204 3546 3544
f 3519 3518 3476
f 3518 3477 3476
f 3518 3516 3520
f 3516 3583 3520
f 3583 3525 3520
f 3721 3537 3504
f 3537 3505 3504
f 3511 3549 3510
f 3549 3514 3510
f 3584 6206 3525
f 6206 3526 3525
f 6206 3527 3526
f 6206 6207 3527
f 3527 6207 3528
f 6207 6208 3528
f 3582 6206 3584
f 3582 6209 6206
f 6207 6206 6209
f 6209 6210 6207
f 6210 6211 6207
f 6211 6208 6207
f 3539 3758 3540
f 3758 6101 3540
f 6101 6099 3540
f 6099 3541 3540
f 3541 6099 3542
f 6099 6100 3542
f 3545 3546 6204
f 3566 3547 3545
f 6204 6212 3545
f 6212 3566 3545
f 6213 6212 6204
f 6205 6213 6204
f 3566 6212 6213
f 6213 3567 3566
f 6213 3568 3567
f 6213 6214 3568
f 3569 3568 6214
f 6214 6215 3569
f 6215 6216 3569
f 6216 3570 3569
f 3570 6216 3571
f 6216 6217 3571
f 6217 6218 3571
f 6218 3572 3571
f 6218 3573 3572
f 6218 6219 3573
f 6220 3573 6219
f 6220 3575 3573
f 6221 3577 3575
f 6222 3575 6220
f 6222 6221 3575
f 6221 3576 3577
f 6223 3579 3576
f 6221 6224 3576
f 6224 6223 3576
f 6223 3578 3579
f 6225 3580 3578
f 6223 6226 3578
f 6226 6225 3578
f 3581 3580 6225
f 6225 6227 3581
f 6227 6209 3581
f 6209 3582 3581
f 6205 6201 6213
f 6201 6214 6213
f 6202 6215 6214
f 6202 6214 6201
f 6215 6202 6216
f 6202 6228 6216
f 6228 6229 6216
f 6229 6217 6216
f 6229 6218 6217
f 6229 6230 6218
f 6230 6231 6218
f 6231 6219 6218
f 6233 6232 6219
f 6232 6220 6219
f 6233 6219 6231
f 6232 6233 6234
f 6220 6232 6234
f 6234 6235 6220
f 6235 6222 6220
f 6235 6234 6236
f 6222 6235 6236
f 6236 6237 6222
f 6237 6238 6222
f 6238 6221 6222
f 6239 6221 6238
f 6239 6224 6221
f 6224 6239 6223
f 6240 6226 6223
f 6239 6241 6223
f 6241 6240 6223
f 6225 6226 6240
f 6242 6227 6225
f 6240 6243 6225
f 6243 6242 6225
f 6209 6227 6242
f 6242 6210 6209
f 3622 6244 3617
f 3623 6244 3622
f 6244 6245 3617
f 6245 6246 3617
f 6246 3618 3617
f 3619 3618 6246
f 6247 3619 6246
f 6247 6248 3619
f 6248 3620 3619
f 6249 6244 3623
f 3624 6249 3623
f 6248 3958 3621
f 3620 6248 3621
f 6193 6250 3624
f 6250 6249 3624
f 6193 3624 3625
f 3628 3955 3629
f 3955 6251 3629
f 6251 6252 3629
f 6252 3630 3629
f 6252 3631 3630
f 6252 6253 3631
f 3632 3631 6253
f 6253 6254 3632
f 6254 6255 3632
f 6255 3633 3632
f 3634 3633 6255
f 6256 3634 6255
f 6256 6257 3634
f 6257 3635 3634
f 6257 3636 3635
f 6258 3636 6257
f 3636 6258 6259
f 3637 3636 6259
f 6259 6260 3637
f 6260 3638 3637
f 6260 6259 6261
f 3638 6260 6261
f 6262 3639 3638
f 6261 6263 3638
f 6263 6262 3638
f 6264 3639 6262
f 6264 3641 3639
f 6265 3640 6264
f 3641 6264 3640
f 6266 3643 3640
f 6265 6266 3640
f 3642 3643 6266
f 6267 3644 3642
f 6266 6268 3642
f 6268 6267 3642
f 6267 3645 3644
f 6267 6158 3645
f 6172 3648 3647
f 3646 3648 6172
f 3650 3646 6269
f 6172 6270 3646
f 6269 3646 6270
f 6271 3649 6269
f 6269 3649 3650
f 3651 3649 6271
f 3653 3651 6272
f 6271 6273 3651
f 6272 3651 6273
f 6272 3652 3653
f 6272 6195 3652
f 6245 6274 6246
f 6275 6274 6244
f 6244 6274 6245
f 6274 6276 6246
f 6276 6277 6246
f 6277 6247 6246
f 6248 6247 6277
f 6278 6248 6277
f 3957 6248 6278
f 3958 6248 3957
f 6249 6275 6244
f 6280 6279 6249
f 6279 6275 6249
f 6250 6280 6249
f 6280 6250 6193
f 6192 6280 6193
f 3956 6281 3955
f 6281 6251 3955
f 6281 6252 6251
f 6281 6282 6252
f 6282 6283 6252
f 6283 6253 6252
f 6284 6254 6253
f 6284 6253 6283
f 6254 6284 6255
f 6284 6285 6255
f 6285 6286 6255
f 6286 6256 6255
f 6286 6257 6256
f 6286 6287 6257
f 6258 6257 6287
f 6287 6288 6258
f 6288 6289 6258
f 6289 6290 6258
f 6290 6259 6258
f 6289 6291 6290
f 6259 6290 6291
f 6291 6292 6259
f 6292 6261 6259
f 6291 6293 6292
f 6261 6292 6293
f 6294 6263 6261
f 6293 6295 6261
f 6295 6294 6261
f 6294 6262 6263
f 6296 6264 6262
f 6294 6297 6262
f 6297 6296 6262
f 6265 6264 6296
f 6296 6298 6265
f 6298 6299 6265
f 6299 6266 6265
f 6300 6268 6266
f 6299 6300 6266
f 6300 6267 6268
f 6159 6158 6267
f 6300 6301 6267
f 6301 6159 6267
f 6270 6172 6302
f 6302 6172 6171
f 6302 6269 6270
f 6302 6303 6269
f 6303 6271 6269
f 6304 6273 6271
f 6303 6305 6271
f 6305 6304 6271
f 6272 6273 6304
f 6194 6195 6272
f 6304 6306 6272
f 6306 6194 6272
f 3702 3703 3658
f 3703 3659 3658
f 3704 3730 3703
f 3730 3707 3703
f 3667 3710 3711
f 3712 3743 3711
f 3743 3715 3711
f 3691 3676 3675
f 5235 3692 3691
f 3732 3831 3733
f 3831 6307 3733
f 6307 6308 3733
f 6308 3734 3733
f 6308 3735 3734
f 6308 6309 3735
f 6309 6118 3735
f 6118 3736 3735
f 3752 3741 3739
f 6135 3752 3739
f 3832 6310 3831
f 6310 6307 3831
f 6310 6308 6307
f 6310 6311 6308
f 6311 6312 6308
f 6312 6309 6308
f 6312 6118 6309
f 6312 6313 6118
f 6313 6120 6118
f 3752 6135 6133
f 6133 3753 3752
f 3753 6133 3754
f 6133 6134 3754
f 6134 6079 3754
f 6079 3755 3754
f 6315 6314 3778
f 6314 6316 3778
f 6315 3778 3781
f 6316 3777 3778
f 6316 6317 3779
f 6317 6318 3779
f 3777 6316 3779
f 6318 6319 3779
f 3782 3779 6319
f 3784 6320 3781
f 3785 6320 3784
f 6320 6315 3781
f 6042 6320 3785
f 6321 6319 6318
f 6321 3782 6319
f 6321 6322 3782
f 6322 3789 3782
f 3799 6044 3787
f 6322 6323 3789
f 6323 6324 3789
f 6324 3841 3789
f 3841 3790 3789
f 3798 3795 6325
f 6059 6326 3795
f 6325 3795 6326
f 6325 3797 3798
f 6325 6327 3797
f 6327 6328 3797
f 6328 3799 3797
f 6043 6044 3799
f 6328 6043 3799
f 6330 6329 6316
f 6329 6331 6316
f 6314 6330 6316
f 6331 6317 6316
f 6331 6332 6318
f 6332 6333 6318
f 6317 6331 6318
f 6333 6334 6318
f 6321 6318 6334
f 6330 6315 6335
f 6320 6335 6315
f 6330 6314 6315
f 6042 6041 6320
f 6041 6336 6320
f 6336 6335 6320
f 6337 6334 6333
f 6321 6334 6337
f 6337 6338 6321
f 6338 6323 6321
f 6323 6322 6321
f 6338 6339 6323
f 6339 6340 6323
f 6340 6341 6323
f 6341 6324 6323
f 6324 6341 3841
f 6341 3842 3841
f 6342 6058 6052
f 6052 6058 6051
f 6059 6058 6342
f 6343 6326 6059
f 6342 6344 6059
f 6344 6343 6059
f 6343 6325 6326
f 6345 6327 6325
f 6343 6346 6325
f 6346 6345 6325
f 6347 6328 6345
f 6345 6328 6327
f 6043 6328 6347
f 6347 6046 6043
f 6348 3818 3817
f 6348 3817 6047
f 3818 6348 3819
f 6348 6349 3819
f 6349 6350 3819
f 6350 3820 3819
f 3821 3820 6350
f 6351 3821 6350
f 6351 6352 3821
f 6352 3822 3821
f 6352 3823 3822
f 6352 6353 3823
f 6353 6354 3823
f 6354 3825 3823
f 6356 6355 3825
f 6355 3826 3825
f 6356 3825 6354
f 6355 6356 6357
f 3826 6355 6357
f 6357 6358 3826
f 6358 6359 3826
f 6359 3824 3826
f 6360 3828 3824
f 6359 6360 3824
f 3828 6360 3827
f 6361 3830 3827
f 6360 6362 3827
f 6362 6361 3827
f 3830 6361 3829
f 6310 3832 3829
f 6361 6363 3829
f 6363 6310 3829
f 6348 6047 6048
f 6048 6364 6348
f 6364 6365 6348
f 6365 6349 6348
f 6349 6365 6350
f 6365 6366 6350
f 6366 6367 6350
f 6367 6351 6350
f 6367 6352 6351
f 6367 6368 6352
f 6368 6369 6352
f 6369 6353 6352
f 6369 6354 6353
f 6369 6370 6354
f 6354 6370 6356
f 6370 6371 6356
f 6371 3988 6356
f 3988 6372 6356
f 6372 6357 6356
f 6372 3988 4003
f 6357 6372 4003
f 6373 6358 6357
f 4003 6374 6357
f 6374 6373 6357
f 6359 6358 6373
f 6373 6375 6359
f 6375 6376 6359
f 6376 6360 6359
f 6377 6362 6360
f 6376 6377 6360
f 6362 6377 6361
f 6378 6363 6361
f 6377 6379 6361
f 6379 6378 6361
f 6363 6378 6310
f 6378 6311 6310
f 3842 6341 3843
f 6341 6380 3843
f 6380 6381 3843
f 6381 4301 3843
f 6382 3851 3849
f 6049 6383 3849
f 6383 6382 3849
f 3850 3851 6382
f 6384 3853 3850
f 6385 3850 6382
f 6385 6384 3850
f 6384 6054 3852
f 3853 6384 3852
f 6380 6386 6381
f 6341 6386 6380
f 6340 6386 6341
f 6386 6387 6381
f 6387 5513 6381
f 5513 6388 6381
f 6388 4302 6381
f 4302 4301 6381
f 6388 6389 4302
f 6389 4303 4302
f 6390 4026 6017
f 4027 6017 4026
f 6049 4026 6390
f 6391 6383 6049
f 6390 6392 6049
f 6392 6391 6049
f 6382 6383 6391
f 6393 6385 6382
f 6391 6394 6382
f 6394 6393 6382
f 6393 6384 6385
f 6054 6384 6395
f 6393 6395 6384
f 6395 6055 6054
f 6397 3878 6396
f 6397 6398 3878
f 6396 3878 3884
f 6398 3877 3878
f 6398 6399 3879
f 6399 6400 3879
f 3877 6398 3879
f 6400 3880 3879
f 6402 6401 3883
f 6401 6396 3883
f 3885 6402 3883
f 6396 3884 3883
f 6400 3998 3881
f 3880 6400 3881
f 3886 6402 3885
f 6124 6402 3886
f 6403 3903 3972
f 3972 3903 3901
f 3905 3903 6403
f 6404 3907 3905
f 6403 6405 3905
f 6405 6404 3905
f 3906 3907 6404
f 3909 3906 6125
f 6404 6406 3906
f 6125 3906 6406
f 6408 6398 6407
f 6408 6409 6398
f 6407 6398 6397
f 6409 6399 6398
f 6409 6410 6400
f 6410 3997 6400
f 6399 6409 6400
f 3997 3998 6400
f 6412 6411 6396
f 6411 6407 6396
f 6401 6412 6396
f 6407 6397 6396
f 6402 6412 6401
f 6123 6413 6402
f 6413 6412 6402
f 6124 6123 6402
f 4328 6414 4069
f 6414 4070 4069
f 4070 6414 4071
f 6414 6415 4071
f 6415 6416 4071
f 6416 4072 4071
f 4072 6416 4073
f 6416 6417 4073
f 6417 6418 4073
f 6418 4074 4073
f 4075 4074 6418
f 6419 4075 6418
f 6419 6420 4075
f 6420 4076 4075
f 6420 4077 4076
f 4080 4077 6421
f 4080 4078 4077
f 6420 6422 4077
f 6422 6423 4077
f 6421 4077 6423
f 6403 3972 3969
f 6424 6405 6403
f 3969 6425 6403
f 6425 6424 6403
f 6404 6405 6424
f 6406 6404 6426
f 6424 6427 6404
f 6426 6404 6427
f 6426 6125 6406
f 6426 6127 6125
f 6428 3963 6086
f 6428 3971 3963
f 3965 6087 3963
f 6086 3963 6087
f 4086 6429 3941
f 6429 3942 3941
f 6429 3943 3942
f 6429 6430 3943
f 3943 6430 3944
f 6430 6431 3944
f 6431 6432 3944
f 6432 3945 3944
f 3946 3945 6432
f 6433 3946 6432
f 6433 6434 3946
f 6434 3948 3946
f 6434 3949 3948
f 6435 3949 6434
f 3949 6435 6436
f 3950 3949 6436
f 6436 6437 3950
f 6437 6438 3950
f 6438 3947 3950
f 6439 3947 6438
f 6439 3952 3947
f 3952 6439 3951
f 6440 3954 3951
f 6439 6441 3951
f 6441 6440 3951
f 3953 3954 6440
f 6281 3956 3953
f 6440 6442 3953
f 6442 6281 3953
f 6443 3960 3957
f 6278 6443 3957
f 6443 3959 3960
f 6443 6444 3959
f 6444 3961 3959
f 6444 6089 3961
f 6446 6445 3968
f 6445 6447 3968
f 3970 6446 3968
f 6447 3967 3968
f 6447 6425 3969
f 3967 6447 3969
f 6449 3971 6448
f 6449 6446 3971
f 6448 3971 6428
f 6446 3970 3971
f 6086 6448 6428
f 4084 6429 4086
f 4084 6450 6429
f 6430 6429 6450
f 6450 6451 6430
f 6451 6452 6430
f 6452 6431 6430
f 6431 6452 6432
f 6452 6453 6432
f 6453 6454 6432
f 6454 6433 6432
f 6454 6434 6433
f 6454 6455 6434
f 6435 6434 6455
f 6455 6456 6435
f 6456 6457 6435
f 6457 6458 6435
f 6458 6436 6435
f 6459 6458 6457
f 6459 6436 6458
f 6460 6437 6436
f 6459 6461 6436
f 6461 6460 6436
f 6438 6437 6460
f 6462 6439 6438
f 6460 6463 6438
f 6463 6462 6438
f 6441 6439 6462
f 6462 6464 6441
f 6464 6465 6441
f 6465 6440 6441
f 6466 6442 6440
f 6465 6466 6440
f 6466 6281 6442
f 6466 6282 6281
f 6277 6443 6278
f 6277 6467 6443
f 6467 6468 6443
f 6468 6444 6443
f 6088 6089 6444
f 6468 6088 6444
f 6085 6448 6086
f 6470 6469 6447
f 6469 6424 6447
f 6445 6470 6447
f 6424 6425 6447
f 6472 6446 6471
f 6472 6470 6446
f 6471 6446 6449
f 6470 6445 6446
f 6084 6473 6448
f 6473 6471 6448
f 6085 6084 6448
f 6471 6449 6448
f 3988 6057 3989
f 6371 6057 3988
f 6474 4000 3997
f 6410 6474 3997
f 3999 4000 6474
f 6475 4002 3999
f 6474 6476 3999
f 6476 6475 3999
f 4001 4002 6475
f 4004 4001 6477
f 6475 6478 4001
f 6477 4001 6478
f 6477 4003 4004
f 6477 6374 4003
f 6057 6052 6053
f 6370 6479 6057
f 6479 6052 6057
f 6371 6370 6057
f 4316 6056 4317
f 6056 6480 4317
f 6480 6481 4317
f 6481 4318 4317
f 4318 6481 4319
f 6481 6482 4319
f 6482 6483 4319
f 6483 4321 4319
f 6483 4322 4321
f 6474 6410 6409
f 6484 6476 6474
f 6409 6485 6474
f 6485 6484 6474
f 6475 6476 6484
f 6478 6475 6486
f 6484 6487 6475
f 6486 6475 6487
f 6486 6477 6478
f 6373 6374 6477
f 6486 6488 6477
f 6488 6373 6477
f 4304 4012 4015
f 4304 6489 4012
f 6489 6490 4012
f 6490 4013 4012
f 5536 4013 6490
f 4013 5536 4018
f 6389 4304 4303
f 6389 6491 4304
f 6491 6492 4304
f 6492 6489 4304
f 6490 6493 5536
f 6489 6492 6490
f 6493 6490 6492
f 6493 5537 5536
f 6494 4426 4344
f 4345 6494 4344
f 4427 4426 6494
f 6494 6495 4427
f 6495 6496 4427
f 6496 4428 4427
f 6497 4428 6496
f 6497 4430 4428
f 6498 4429 6497
f 4430 6497 4429
f 6499 4429 6498
f 6499 6018 4429
f 6500 6017 6499
f 6018 6499 6017
f 6390 6017 6500
f 6501 6392 6390
f 6500 6502 6390
f 6502 6501 6390
f 6391 6392 6501
f 6504 6503 4042
f 6503 6505 4042
f 4046 6504 4042
f 6505 4043 4042
f 4044 4043 6505
f 6506 4044 6505
f 6506 4121 4044
f 4121 4047 4044
f 6507 6504 4045
f 4045 6504 4046
f 4052 6507 4045
f 6289 6508 4052
f 6508 6507 4052
f 4053 6289 4052
f 6291 4053 4049
f 6289 4053 6291
f 6293 4049 4059
f 6291 4049 6293
f 6509 4058 4057
f 4060 4058 6510
f 6509 6511 4058
f 6510 4058 6511
f 6510 4059 4060
f 6510 6512 4059
f 6512 6293 4059
f 6505 6514 6513
f 6503 6514 6505
f 6515 6514 6504
f 6504 6514 6503
f 6513 6516 6505
f 6516 6506 6505
f 4121 6506 6516
f 4123 4121 6516
f 6515 6504 6507
f 6518 6507 6517
f 6518 6515 6507
f 6517 6507 6508
f 6517 6508 6289
f 6512 6295 6293
f 6517 6289 6288
f 6519 6511 6509
f 6520 6519 6509
f 6519 6510 6511
f 6519 6521 6510
f 6521 6522 6510
f 6522 6512 6510
f 6294 6295 6512
f 6522 6294 6512
f 4080 6421 6523
f 4081 4080 6523
f 6523 6524 4081
f 6524 6525 4081
f 6525 4079 4081
f 4083 4079 6525
f 6525 6526 4083
f 6526 6527 4083
f 6527 4082 4083
f 6528 4082 6527
f 6528 4085 4082
f 4085 6528 4084
f 6528 6450 4084
f 6414 4328 4329
f 4329 6529 6414
f 6529 6530 6414
f 6530 6415 6414
f 6415 6530 6416
f 6530 6531 6416
f 6531 6532 6416
f 6532 6417 6416
f 6417 6532 6418
f 6532 6533 6418
f 6533 6534 6418
f 6534 6419 6418
f 6534 6420 6419
f 6534 6535 6420
f 6535 6536 6420
f 6536 6422 6420
f 6536 6423 6422
f 6536 6537 6423
f 6423 6537 6538
f 6421 6423 6538
f 6538 6539 6421
f 6539 6523 6421
f 6539 6538 6540
f 6523 6539 6540
f 6541 6524 6523
f 6540 6542 6523
f 6542 6541 6523
f 6525 6524 6541
f 6543 6526 6525
f 6541 6544 6525
f 6544 6543 6525
f 6527 6526 6543
f 6545 6528 6527
f 6543 6546 6527
f 6546 6545 6527
f 6450 6528 6545
f 6545 6451 6450
f 6547 4111 4132
f 4193 4111 6547
f 4194 4111 4193
f 6459 6548 4107
f 6548 4129 4107
f 4109 6459 4107
f 6549 4109 4125
f 4125 4109 4108
f 6459 4109 6549
f 6516 4122 4123
f 6550 4122 6516
f 4124 4122 6550
f 4126 4124 6551
f 6550 6552 4124
f 6551 4124 6552
f 6551 4125 4126
f 6551 6553 4125
f 6553 6549 4125
f 6555 6554 4127
f 6554 6556 4127
f 6556 4130 4127
f 4128 6555 4127
f 6557 4129 6457
f 6557 6555 4129
f 6457 4129 6548
f 6555 4128 4129
f 6556 6558 4130
f 6558 4131 4130
f 6457 6548 6459
f 4132 6558 6559
f 4131 6558 4132
f 6559 6560 4132
f 6560 6547 4132
f 6549 6461 6459
f 6461 6549 6460
f 6553 6561 6549
f 6460 6549 6561
f 6560 4193 6547
f 6560 4195 4193
f 6513 6550 6516
f 6552 6550 6562
f 6513 6563 6550
f 6562 6550 6563
f 6562 6551 6552
f 6562 6564 6551
f 6564 6553 6551
f 6565 6561 6553
f 6564 6566 6553
f 6566 6565 6553
f 6460 6561 6565
f 6568 6555 6567
f 6569 6555 6568
f 6567 6555 6557
f 6554 6555 6569
f 6570 6556 6569
f 6570 6571 6556
f 6569 6556 6554
f 6571 6558 6556
f 6456 6567 6457
f 6567 6557 6457
f 6559 6558 6571
f 6571 6572 6559
f 6572 6573 6559
f 6573 6560 6559
f 6573 4195 6560
f 6575 6574 4163
f 6574 6576 4163
f 4168 6575 4163
f 6576 4164 4163
f 4164 6576 4165
f 6576 6577 4165
f 6577 4388 4165
f 4388 6578 4165
f 6578 4169 4165
f 4167 6575 4168
f 6580 6579 4167
f 6579 6575 4167
f 4174 6580 4167
f 4173 6580 4174
f 6537 6581 4173
f 6581 6580 4173
f 4171 6582 4173
f 6582 6537 4173
f 4386 4169 6578
f 4175 4169 4386
f 4388 4386 6578
f 6582 4171 6538
f 4200 6583 4171
f 6538 4171 6583
f 6538 6537 6582
f 4424 4176 4175
f 4177 4176 4424
f 6584 4177 4424
f 6584 6585 4177
f 4178 4177 6585
f 6585 6586 4178
f 6586 4179 4178
f 6586 4180 4179
f 6586 6587 4180
f 4181 4180 6587
f 6587 6588 4181
f 6588 6589 4181
f 6589 4182 4181
f 6589 4183 4182
f 6590 4183 6589
f 6591 4183 6590
f 6591 4184 4183
f 6591 6592 4184
f 6592 4185 4184
f 6591 6593 6592
f 4185 6592 6593
f 6594 4186 4185
f 6593 6595 4185
f 6595 6594 4185
f 6594 4187 4186
f 6594 6596 4187
f 6596 6597 4187
f 6597 4188 4187
f 6598 4188 6597
f 6598 4190 4188
f 6598 4189 4190
f 6599 4189 6598
f 6012 4191 4189
f 6599 6012 4189
f 6573 4197 4195
f 4196 4197 6573
f 4199 4196 6600
f 6573 6601 4196
f 6600 4196 6601
f 6600 4198 4199
f 6602 4198 6600
f 4200 4198 6602
f 6583 4200 6540
f 6602 6603 4200
f 6540 4200 6603
f 6540 6538 6583
f 4388 6604 4389
f 6577 6604 4388
f 6605 6604 6576
f 6576 6604 6577
f 6576 6606 6605
f 6574 6606 6576
f 6607 6606 6575
f 6575 6606 6574
f 6579 6608 6575
f 6608 6607 6575
f 6609 6608 6580
f 6580 6608 6579
f 6581 6609 6580
f 6536 6610 6581
f 6610 6609 6581
f 6536 6581 6537
f 4422 6584 4424
f 4422 6585 6584
f 6611 6585 4422
f 6586 6585 6611
f 6612 6586 6611
f 6612 6613 6586
f 6587 6586 6613
f 6613 6614 6587
f 6614 6588 6587
f 6614 6589 6588
f 6614 6615 6589
f 6589 6615 6590
f 6615 6616 6590
f 6616 6617 6590
f 6617 6618 6590
f 6618 6591 6590
f 6593 6591 6619
f 6619 6591 6618
f 6593 6619 6620
f 6595 6593 6620
f 6620 6621 6595
f 6621 6622 6595
f 6622 6594 6595
f 6623 6596 6594
f 6622 6623 6594
f 6597 6596 6623
f 6624 6598 6597
f 6623 6625 6597
f 6625 6624 6597
f 6624 6599 6598
f 6624 6626 6599
f 6626 6013 6599
f 6013 6012 6599
f 6601 6573 6627
f 6627 6573 6572
f 6627 6600 6601
f 6627 6628 6600
f 6628 6629 6600
f 6629 6602 6600
f 6630 6603 6602
f 6629 6630 6602
f 6540 6603 6630
f 6630 6542 6540
f 6631 4232 4231
f 6631 4214 4232
f 6631 6632 4214
f 6632 4215 4214
f 6632 6633 4215
f 6633 4217 4215
f 6633 6634 4217
f 6634 6635 4217
f 4217 6635 4218
f 6635 4220 4218
f 6636 4220 6635
f 4466 4220 6636
f 4227 4225 6637
f 4255 6638 4225
f 6637 4225 6638
f 6637 4226 4227
f 6639 4226 6637
f 4228 4226 6639
f 4230 4228 6640
f 6639 6641 4228
f 6640 4228 6641
f 6640 4229 4230
f 6642 4229 6640
f 4341 4229 6642
f 6643 4343 4341
f 6642 6644 4341
f 6644 6643 4341
f 4342 4343 6643
f 6631 6645 6632
f 6646 6632 6645
f 6633 6632 6646
f 4231 6647 6631
f 6646 6648 6633
f 6648 6649 6633
f 6649 6634 6633
f 6649 6635 6634
f 6645 6631 6647
f 4234 6650 4231
f 6650 6647 4231
f 6649 6651 6635
f 6636 6635 6651
f 4338 6650 4234
f 6651 6652 6636
f 6652 6653 6636
f 6653 4466 6636
f 6653 6654 4466
f 6654 4243 4466
f 6654 4244 4243
f 4252 6655 4253
f 6655 6656 4253
f 6656 4254 4253
f 6656 6657 4254
f 6657 4255 4254
f 6638 4255 6658
f 6657 6659 4255
f 6658 4255 6659
f 6658 6637 6638
f 6660 6637 6658
f 6639 6637 6660
f 6641 6639 6661
f 6660 6662 6639
f 6661 6639 6662
f 6661 6640 6641
f 6661 6663 6640
f 6663 6642 6640
f 6664 6644 6642
f 6663 6665 6642
f 6665 6664 6642
f 6643 6644 6664
f 6666 6650 4338
f 6666 6667 6650
f 6668 6650 6667
f 6647 6650 6668
f 6668 6669 6647
f 6669 6645 6647
f 4337 5545 4338
f 5545 6666 4338
f 6667 6666 5545
f 6654 6670 4244
f 6670 6671 4244
f 6671 4245 4244
f 6671 4246 4245
f 6671 6672 4246
f 6672 4259 4246
f 4300 6673 4249
f 4250 4249 6673
f 6673 6674 4250
f 6674 4251 4250
f 4252 4251 6655
f 6674 6675 4251
f 6655 4251 6675
f 6653 6676 6654
f 6676 6677 6654
f 6677 6670 6654
f 6677 6671 6670
f 6677 6678 6671
f 6678 6672 6671
f 6679 6672 6678
f 6680 6672 6679
f 6680 4259 6672
f 4261 4259 6680
f 6682 6681 4300
f 6681 6673 4300
f 4298 6682 4300
f 6681 6683 6673
f 4414 6673 6683
f 4414 6674 6673
f 6675 6674 4413
f 4413 6674 4414
f 4413 6655 6675
f 4412 6655 4413
f 6656 6655 4412
f 4412 4411 6656
f 4411 4410 6656
f 4410 6657 6656
f 6659 6657 4409
f 4409 6657 4410
f 4409 6658 6659
f 4409 4408 6658
f 4408 6660 6658
f 6680 6684 4261
f 6684 6685 4261
f 6685 4260 4261
f 6685 4278 4260
f 6679 6686 6680
f 6686 6684 6680
f 6686 6687 6684
f 6687 6688 6684
f 6688 6689 6684
f 6689 6685 6684
f 6688 6690 6689
f 6685 6689 6690
f 6690 6691 6685
f 6691 4278 6685
f 6691 4279 4278
f 6692 4299 4297
f 6692 4298 4299
f 6692 6682 4298
f 4296 6693 4297
f 6692 4297 6693
f 6691 6694 4279
f 6694 6695 4279
f 6695 4280 4279
f 6695 4281 4280
f 6695 6696 4281
f 6696 6697 4281
f 6697 4283 4281
f 6697 6698 4283
f 6698 4285 4283
f 6698 6699 4285
f 6699 4287 4285
f 6699 6700 4287
f 6700 6701 4287
f 6701 4288 4287
f 6701 4289 4288
f 6701 6702 4289
f 6702 6703 4289
f 6703 4290 4289
f 6703 6704 4290
f 6704 4291 4290
f 6705 4291 6704
f 6705 4292 4291
f 6705 6706 4292
f 6706 4293 4292
f 4294 4293 6706
f 6707 4294 6706
f 6707 6708 4294
f 6708 6709 4294
f 4295 4294 6709
f 6709 6710 4295
f 6710 4296 4295
f 6710 6711 4296
f 6693 4296 6711
f 6712 6694 6691
f 6690 6712 6691
f 6712 6695 6694
f 6712 6713 6695
f 6713 6696 6695
f 6697 6696 6714
f 6713 6715 6696
f 6714 6696 6715
f 6697 6714 6716
f 6698 6697 6716
f 6698 6716 6717
f 6699 6698 6717
f 6699 6717 6718
f 6700 6699 6718
f 6700 6718 6719
f 6720 6700 6719
f 6720 6701 6700
f 6720 6721 6701
f 6721 6702 6701
f 6703 6702 6721
f 6721 6722 6703
f 6722 6723 6703
f 6723 6704 6703
f 6724 6705 6704
f 6723 6724 6704
f 6725 6705 6724
f 6725 6706 6705
f 6725 6707 6706
f 6725 6726 6707
f 6726 4457 6707
f 4457 6708 6707
f 4456 6727 6708
f 6727 6709 6708
f 4457 4456 6708
f 6727 6728 6709
f 6728 6710 6709
f 6711 6710 6729
f 6728 6730 6710
f 6729 6710 6730
f 6729 6693 6711
f 6731 6693 6729
f 6731 6692 6693
f 6732 6692 6731
f 6682 6692 6732
f 6732 6733 6682
f 6733 6681 6682
f 6683 6681 4415
f 6733 6734 6681
f 4415 6681 6734
f 4415 4414 6683
f 5513 6389 6388
f 5513 5514 6389
f 5514 5512 6389
f 5512 6491 6389
f 6492 5510 6493
f 6491 5512 6492
f 5510 6492 5512
f 6735 4323 4322
f 6736 4322 6483
f 6736 4395 4322
f 4395 6737 4322
f 6737 6735 4322
f 4323 6735 4320
f 6738 4325 4320
f 6735 6739 4320
f 6739 6738 4320
f 4325 6738 4324
f 6740 4327 4324
f 6738 6741 4324
f 6741 6740 4324
f 4327 6740 4326
f 4329 4326 6742
f 6740 6742 4326
f 6742 6529 4329
f 6055 6395 6056
f 6056 6395 6743
f 6743 6744 6056
f 6744 6480 6056
f 6480 6744 6481
f 6744 6745 6481
f 6745 6746 6481
f 6746 6482 6481
f 6482 6746 6483
f 6746 6747 6483
f 6747 4374 6483
f 4374 6736 6483
f 4374 4395 6736
f 6748 6737 4395
f 4396 6748 4395
f 6737 6748 6735
f 6749 6739 6735
f 6748 6750 6735
f 6750 6749 6735
f 6739 6749 6738
f 6751 6741 6738
f 6749 6752 6738
f 6752 6751 6738
f 6753 6740 6751
f 6741 6751 6740
f 6742 6740 6753
f 6530 6529 6742
f 6753 6754 6742
f 6754 6530 6742
f 4345 4342 6494
f 6643 6755 4342
f 6494 4342 6755
f 5553 6667 5545
f 6755 6643 6756
f 6664 6757 6643
f 6756 6643 6757
f 6756 6494 6755
f 6756 6495 6494
f 6759 6758 4367
f 6758 6760 4367
f 4369 6759 4367
f 6760 4366 4367
f 6762 6761 4371
f 6761 6759 4371
f 6759 4369 4371
f 6762 4371 4372
f 4368 4366 6760
f 6763 6762 4372
f 4373 6763 4372
f 6760 6764 4368
f 6764 6765 4368
f 6765 6766 4368
f 6766 4370 4368
f 6767 6766 6765
f 6767 4370 6766
f 4376 4370 6767
f 4374 6763 4373
f 6747 6763 4374
f 6767 6768 4376
f 6768 6769 4376
f 6769 6770 4376
f 6770 4377 4376
f 4378 4377 6770
f 6771 4378 6770
f 6771 4408 4378
f 6772 4391 4389
f 6604 6772 4389
f 4390 4391 6772
f 6773 4392 4390
f 6772 6774 4390
f 6774 6773 4390
f 6773 4393 4392
f 6773 6775 4393
f 6775 4394 4393
f 6748 4396 4394
f 6775 6776 4394
f 6776 6748 4394
f 6778 6777 6760
f 6777 6779 6760
f 6758 6778 6760
f 6779 6764 6760
f 6779 6780 6765
f 6781 6765 6780
f 6764 6779 6765
f 6782 6765 6781
f 6782 6767 6765
f 6784 6783 6759
f 6783 6778 6759
f 6761 6784 6759
f 6778 6758 6759
f 6786 6785 6762
f 6785 6784 6762
f 6786 6762 6763
f 6784 6761 6762
f 6781 6787 6782
f 6787 6767 6782
f 6787 6768 6767
f 6746 6786 6763
f 6747 6746 6763
f 6663 6768 6787
f 6661 6769 6768
f 6661 6768 6663
f 6769 6661 6770
f 6661 6662 6770
f 6662 6660 6770
f 6660 6771 6770
f 6660 4408 6771
f 6772 6604 6605
f 6774 6772 6788
f 6605 6789 6772
f 6788 6772 6789
f 6788 6773 6774
f 6790 6775 6773
f 6788 6791 6773
f 6791 6790 6773
f 6792 6776 6775
f 6792 6775 6790
f 6748 6776 6792
f 6792 6750 6748
f 6734 4416 4415
f 4416 6734 6733
f 6733 6793 4416
f 6793 4417 4416
f 6795 4417 6794
f 6795 4418 4417
f 6794 4417 6793
f 4419 4418 6795
f 6796 4420 4419
f 6795 6797 4419
f 6797 6796 4419
f 6796 4423 4420
f 6796 6798 4423
f 6798 6611 4423
f 6611 4422 4423
f 6732 6793 6733
f 6732 6799 6793
f 6799 6794 6793
f 6732 6800 6799
f 6794 6799 6800
f 6801 6795 6794
f 6800 6802 6794
f 6802 6801 6794
f 6803 6795 6801
f 6803 6797 6795
f 6803 6796 6797
f 6804 6796 6803
f 6805 6798 6796
f 6804 6805 6796
f 6611 6798 6805
f 6805 6612 6611
f 6496 6495 6756
f 6806 6497 6496
f 6756 6807 6496
f 6807 6806 6496
f 6498 6497 6806
f 6808 6499 6498
f 6806 6809 6498
f 6809 6808 6498
f 6500 6499 6808
f 6813 4435 6812
f 6813 6814 4435
f 6812 4435 4438
f 6814 4436 4435
f 6814 6815 4436
f 6815 6810 4436
f 6811 6815 6816
f 6810 6815 6811
f 6816 6817 6811
f 4437 6812 4438
f 6015 6812 4437
f 6819 6814 6818
f 6820 6814 6819
f 6818 6814 6813
f 6815 6814 6820
f 6015 6821 6812
f 6821 6818 6812
f 6818 6813 6812
f 6820 6816 6815
f 6014 6821 6015
f 6822 4455 4463
f 6822 6727 4455
f 4456 4455 6727
f 6823 4464 4452
f 4448 6617 4452
f 6617 6823 4452
f 6617 4448 6618
f 4449 6824 4448
f 6618 4448 6824
f 6824 4449 6619
f 4461 6825 4449
f 6619 4449 6825
f 6619 6618 6824
f 6826 4458 4457
f 6826 4459 4458
f 6726 6826 4457
f 4461 4460 6827
f 6827 4460 6828
f 6825 4461 6620
f 6620 4461 6827
f 6620 6619 6825
f 6616 6823 6617
f 6830 4462 6829
f 6831 4462 6830
f 6829 4462 4465
f 4463 4462 6831
f 6823 6832 4464
f 6832 6829 4464
f 6829 4465 4464
f 6831 6833 4463
f 6833 6822 4463
f 6834 6823 6615
f 6834 6832 6823
f 6615 6823 6616
f 6833 6727 6822
f 6728 6727 6833
f 6725 6826 6726
f 6725 6835 6826
f 6817 6827 6828
f 6836 6827 6817
f 6620 6827 6836
f 6836 6621 6620
f 6838 6837 6831
f 6830 6838 6831
f 6837 6833 6831
f 6839 6830 6829
f 6832 6839 6829
f 6837 6728 6833
f 6840 6830 6839
f 6840 6838 6830
f 6839 6832 6841
f 6842 6832 6834
f 6842 6841 6832
f 6615 6842 6834
f 6652 6843 6653
f 6843 6844 6653
f 6844 6676 6653
f 6844 6677 6676
f 6846 4470 6845
f 6846 4475 4470
f 4468 6847 4470
f 6845 4470 6847
f 6847 4468 6848
f 6848 4468 6849
f 6848 6845 6847
f 6718 6845 6848
f 6719 6718 6848
f 6717 6851 6845
f 6851 6846 6845
f 6718 6717 6845
f 6851 4475 6846
f 6852 4475 6851
f 6852 6853 4475
f 6853 4474 4475
f 6853 6854 4474
f 4476 4474 6854
f 6854 6855 4476
f 6855 4477 4476
f 6855 4522 4477
f 4522 4478 4477
f 6716 6856 6851
f 6856 6852 6851
f 6717 6716 6851
f 6856 6853 6852
f 6857 6853 6856
f 6857 6858 6853
f 6858 6854 6853
f 6858 6859 6854
f 6855 6854 6859
f 6859 4523 6855
f 4523 4522 6855
f 6860 4503 4498
f 6861 4498 4501
f 6861 6860 4498
f 4501 4502 6862
f 4525 6863 4502
f 6862 4502 6863
f 6862 6861 4501
f 6864 4527 4503
f 6860 6864 4503
f 4535 6865 4513
f 6865 4514 4513
f 6865 6866 4514
f 6867 4514 6866
f 4515 4514 6867
f 6868 4515 6867
f 4516 4515 6868
f 6868 6869 4516
f 6869 4517 4516
f 6859 4524 4523
f 6859 6870 4524
f 6870 4525 4524
f 6863 4525 6871
f 6870 6872 4525
f 6871 4525 6872
f 6871 6862 6863
f 6873 6864 6860
f 6874 6860 6861
f 6874 6873 6860
f 6875 6861 6862
f 6875 6874 6861
f 6876 6862 6871
f 6876 6875 6862
f 6878 6877 6864
f 6877 4527 6864
f 6873 6878 6864
f 6877 6879 4527
f 6879 4526 4527
f 6879 6880 4526
f 6880 4528 4526
f 6880 6881 4528
f 6881 4529 4528
f 4530 4529 6881
f 6882 4530 6881
f 6882 4531 4530
f 6883 4531 6882
f 6883 6884 4531
f 6884 4536 4531
f 4536 6885 4532
f 6885 6886 4532
f 4533 4532 6886
f 6886 6887 4533
f 6887 4534 4533
f 6887 6888 4534
f 6888 4535 4534
f 6888 6889 4535
f 6889 6865 4535
f 6884 6890 4536
f 6890 6885 4536
f 6889 6891 6865
f 6891 6866 6865
f 6891 6892 6866
f 6892 6893 6866
f 6867 6866 6893
f 6893 6894 6867
f 6894 6868 6867
f 6894 6895 6868
f 6895 6869 6868
f 6858 6870 6859
f 6872 6870 6896
f 6858 6897 6870
f 6896 6870 6897
f 6896 6871 6872
f 6898 6871 6896
f 6898 6876 6871
f 6900 6899 6877
f 6878 6900 6877
f 6899 6879 6877
f 6899 6901 6879
f 6901 6880 6879
f 6901 6902 6880
f 6902 6881 6880
f 6902 6903 6881
f 6903 6882 6881
f 6903 6904 6882
f 6904 6883 6882
f 6884 6883 6904
f 6904 6905 6884
f 6890 6884 6905
f 6885 6906 6886
f 6906 6907 6886
f 6907 6887 6886
f 6907 6908 6887
f 6908 6888 6887
f 6890 6909 6885
f 6909 6906 6885
f 6908 6910 6888
f 6910 6889 6888
f 6910 6911 6889
f 6911 6891 6889
f 6912 6890 6905
f 6912 6909 6890
f 6915 6916 4544
f 6916 4545 4544
f 6916 6917 4545
f 6917 4546 4545
f 6918 4546 6917
f 4550 4546 6918
f 4549 6919 4547
f 6920 6919 4549
f 4573 6920 4549
f 6918 6921 4550
f 6921 4566 4550
f 6922 6923 6915
f 6923 6916 6915
f 6924 6916 6923
f 6917 6916 6924
f 6924 6925 6917
f 6925 6918 6917
f 6925 6926 6918
f 6926 6921 6918
f 4640 6919 6920
f 4572 6927 4573
f 6927 6920 4573
f 4641 4640 6920
f 6927 4641 6920
f 6926 6928 6921
f 6928 6929 6921
f 4566 6921 6929
f 6929 4567 4566
f 6929 6930 4567
f 6930 4568 4567
f 6931 4568 6930
f 4569 4568 6931
f 6931 6932 4569
f 6932 4578 4569
f 4571 4570 6933
f 6933 4570 6934
f 6934 4570 4577
f 6935 4572 4571
f 6933 6935 4571
f 6935 6927 4572
f 4576 4575 5988
f 5988 6936 4576
f 6936 4577 4576
f 6934 4577 6937
f 6936 6937 4577
f 6938 4579 4578
f 6938 5989 4579
f 4580 4579 5989
f 6932 6939 4578
f 6939 6938 4578
f 6940 6929 6928
f 6930 6929 6940
f 6940 6941 6930
f 6941 6931 6930
f 6941 6942 6931
f 6942 6932 6931
f 6942 6943 6932
f 6943 6939 6932
f 4745 6933 6934
f 4747 4745 6934
f 6937 4747 6934
f 4643 6935 6933
f 4745 4643 6933
f 4642 6927 6935
f 4643 4642 6935
f 4642 4641 6927
f 5987 6936 5988
f 6944 6936 5987
f 6944 6937 6936
f 6945 4747 6937
f 6944 6945 6937
f 6946 6939 6943
f 6947 6939 6946
f 6947 6938 6939
f 6947 5992 6938
f 5992 5989 6938
f 6949 6948 4596
f 4597 4596 6948
f 4598 6949 4596
f 6950 4600 4597
f 6950 4597 6948
f 4881 6949 4598
f 5995 4600 6950
f 6951 4604 4603
f 6952 4604 6951
f 4608 4604 6952
f 6951 4603 5994
f 6948 6949 6953
f 6953 6949 6954
f 4881 6954 6949
f 6955 6950 6948
f 6953 6955 6948
f 6956 5995 6950
f 6955 6956 6950
f 6954 4881 6957
f 6957 4881 4880
f 6957 4880 6958
f 4879 6958 4880
f 6956 5996 5995
f 6959 5994 5993
f 6951 5994 6959
f 6959 6960 6951
f 6960 6952 6951
f 6960 4613 6952
f 5152 6958 4879
f 6960 4614 4613
f 6961 4614 6960
f 5970 4614 6961
f 5965 5970 6962
f 6962 5970 6961
f 6961 6960 6959
f 6963 6962 6961
f 6959 6963 6961
f 4627 4628 6923
f 6923 4628 6924
f 6924 4628 4629
f 6923 6922 4627
f 6925 6924 4629
f 4634 6925 4629
f 4631 4630 6964
f 6965 4630 4633
f 6964 4630 6965
f 6966 4631 6964
f 6966 4632 4631
f 6967 4633 4636
f 6967 6965 4633
f 4634 4632 6968
f 6968 4632 6966
f 6926 4634 6968
f 6926 6925 4634
f 6967 4636 6969
f 6965 6970 6964
f 6970 6971 6964
f 6971 6966 6964
f 6972 6968 6966
f 6971 6972 6966
f 6965 6967 6973
f 6970 6965 6973
f 6972 6928 6968
f 6928 6926 6968
f 6969 6974 6967
f 6974 6973 6967
f 4651 4656 6975
f 6975 6976 4651
f 6976 4650 4651
f 6977 4652 4650
f 6976 6977 4650
f 6978 4653 4652
f 6977 6978 4652
f 6978 4662 4653
f 4746 6979 4655
f 6979 4656 4655
f 6979 6980 4656
f 6980 6975 4656
f 6981 6976 6975
f 6980 6982 6975
f 6982 6981 6975
f 6981 6983 6976
f 6983 6977 6976
f 6984 6978 6977
f 6983 6984 6977
f 4663 4662 6978
f 6984 4663 6978
f 4752 6985 4746
f 6985 6979 4746
f 6985 6986 6979
f 6986 6980 6979
f 6986 6987 6980
f 6987 6982 6980
f 6984 4664 4663
f 6984 6988 4664
f 4665 4664 6988
f 6988 6989 4665
f 6989 4668 4665
f 4683 6990 4667
f 6989 6991 4668
f 6991 4686 4668
f 6988 6984 6983
f 6983 6992 6988
f 6992 6989 6988
f 6992 6993 6989
f 6993 6991 6989
f 6994 6990 4683
f 4684 6994 4683
f 6995 6990 6994
f 6993 6996 6991
f 6996 6997 6991
f 6998 6991 6997
f 6998 4686 6991
f 4687 4686 6998
f 6999 4684 4685
f 7000 6999 4685
f 4693 7000 4685
f 6999 6994 4684
f 6998 7001 4687
f 7001 4688 4687
f 7001 7002 4688
f 7002 4694 4688
f 4691 4689 5951
f 7003 4692 4691
f 5951 7003 4691
f 7004 4692 7003
f 7004 4693 4692
f 7005 7000 4693
f 7004 7005 4693
f 7002 7006 4694
f 7006 7007 4694
f 7008 4694 7007
f 7008 4695 4694
f 7009 4695 7008
f 7009 4696 4695
f 5952 4696 7009
f 5952 4697 4696
f 7010 6994 6999
f 6995 6994 7010
f 7011 6999 7000
f 7012 7011 7000
f 7005 7012 7000
f 7011 7010 6999
f 6997 7013 6998
f 7013 7001 6998
f 7013 6997 6996
f 7013 7014 7001
f 7001 7014 7002
f 7014 7015 7002
f 7015 7006 7002
f 5949 7003 5951
f 7016 7004 7003
f 5949 7016 7003
f 7017 7004 7016
f 7017 7005 7004
f 7018 7012 7005
f 7017 7018 7005
f 7019 7008 7007
f 7019 7007 7006
f 7020 7019 7006
f 7021 7009 7008
f 7019 7021 7008
f 7009 7021 5953
f 5953 5952 7009
f 7020 7006 7015
f 4716 5958 4714
f 5955 4719 4718
f 5955 7022 4719
f 7022 4720 4719
f 7022 7023 4720
f 7023 7024 4720
f 7024 4724 4720
f 7025 4716 4727
f 7025 5958 4716
f 7024 4767 4724
f 7026 4727 4726
f 4730 7026 4726
f 5790 4727 7026
f 5790 7025 4727
f 5959 5958 7025
f 5959 7025 5786
f 5790 5786 7025
f 5954 7022 5955
f 7027 7024 7023
f 5954 7027 7022
f 7027 7023 7022
f 7028 4767 7024
f 7027 7028 7024
f 7028 4769 4767
f 7029 7026 4730
f 4738 7029 4730
f 7029 5791 7026
f 5791 5790 7026
f 7030 7029 4738
f 4796 7030 4738
f 7030 5792 7029
f 5792 5791 7029
f 4890 7031 4789
f 7031 4790 4789
f 7031 4861 4790
f 4861 4791 4790
f 7032 4795 4794
f 4814 7032 4794
f 4796 4795 7033
f 7033 4795 7032
f 7034 7030 4796
f 7033 7034 4796
f 5793 5792 7030
f 7034 5793 7030
f 6945 4748 4747
f 7035 4749 4748
f 6945 7035 4748
f 4749 7035 7036
f 7036 4750 4749
f 4750 7036 7037
f 4751 4750 7037
f 4751 7037 7038
f 4752 4751 7038
f 4752 7038 7039
f 6985 4752 7039
f 6985 7039 7040
f 6986 6985 7040
f 6944 7041 6945
f 7035 6945 7041
f 7041 7042 7035
f 7042 7036 7035
f 7043 7037 7036
f 7043 7036 7042
f 7037 7043 7044
f 7044 7038 7037
f 7038 7044 7045
f 7045 7039 7038
f 7039 7045 7046
f 7046 7040 7039
f 7047 4769 7020
f 4768 4769 7047
f 7028 7020 4769
f 7047 7048 4768
f 7048 4770 4768
f 7048 7049 4770
f 7049 4771 4770
f 7050 4772 4771
f 7049 7051 4771
f 7051 7050 4771
f 7050 7052 4772
f 7052 4779 4772
f 7054 7053 4774
f 7054 4774 4773
f 7053 7055 4774
f 7055 4775 4774
f 7055 4887 4775
f 4777 7056 4773
f 7056 7054 4773
f 4778 7057 4777
f 7057 7056 4777
f 4779 7058 4778
f 7058 7059 4778
f 7059 7057 4778
f 7060 7059 7058
f 7052 7060 4779
f 7060 7058 4779
f 7055 7061 4887
f 7061 7062 4887
f 7062 4780 4887
f 7062 7063 4780
f 7063 4781 4780
f 7063 7064 4781
f 7064 4782 4781
f 7064 7065 4782
f 7065 4783 4782
f 7065 4851 4783
f 4851 4852 4783
f 7020 7028 7019
f 7027 7019 7028
f 7066 7048 7047
f 7066 7067 7048
f 7067 7049 7048
f 7015 7047 7020
f 7015 7066 7047
f 7068 7050 7051
f 7067 7068 7049
f 7068 7051 7049
f 7069 7052 7050
f 7068 7069 7050
f 7070 7060 7052
f 7069 7070 7052
f 7071 7054 7056
f 7071 7072 7054
f 7072 7053 7054
f 7072 7073 7053
f 7073 7074 7053
f 7074 7055 7053
f 7074 7061 7055
f 7057 7075 7056
f 7075 7071 7056
f 7059 7076 7057
f 7076 7075 7057
f 7077 7076 7059
f 7060 7077 7059
f 7078 7077 7060
f 7070 7078 7060
f 7073 6955 7074
f 6955 6953 7074
f 6953 7061 7074
f 6953 6954 7061
f 6954 7062 7061
f 6954 6957 7062
f 6957 7063 7062
f 6957 6958 7063
f 7064 7063 6958
f 6958 5152 7064
f 5152 7065 7064
f 5152 4853 7065
f 4853 4851 7065
f 4837 4888 4852
f 4889 4888 4835
f 4835 4888 4837
f 4889 4835 4836
f 4891 4889 4836
f 4836 4890 4891
f 4890 4836 7031
f 4836 4834 7031
f 4834 4861 7031
f 5922 7032 4814
f 4818 5922 4814
f 7033 7032 5921
f 5921 7032 5922
f 5920 7034 7033
f 5921 5920 7033
f 5794 5793 7034
f 5920 5794 7034
f 4961 7079 4805
f 7079 4806 4805
f 4807 4806 7080
f 7079 7080 4806
f 7080 5925 4807
f 5924 4869 4809
f 4960 7079 4961
f 7081 5925 7080
f 7081 5927 5925
f 7082 7079 4960
f 7080 7079 7083
f 7083 7079 7082
f 7083 7081 7080
f 5923 4870 5924
f 4869 5924 4870
f 4959 7082 4960
f 4870 4818 4817
f 5923 5922 4818
f 4870 5923 4818
f 4864 7084 4865
f 4873 4865 7084
f 4873 7084 4936
f 4859 7085 4842
f 7085 4843 4842
f 7086 4845 4844
f 7087 4845 7086
f 4846 4845 7087
f 4846 7087 4862
f 4843 7088 4844
f 7088 7086 4844
f 7089 4843 7085
f 7088 4843 7089
f 4858 7090 4859
f 7090 7085 4859
f 7091 7085 7090
f 7091 7089 7085
f 7092 7088 7089
f 7092 7093 7088
f 7086 7088 7093
f 7094 7086 7093
f 7087 7086 7094
f 7091 7095 7089
f 7095 7092 7089
f 7094 7096 7087
f 7096 4862 7087
f 7096 7097 4862
f 7097 4863 4862
f 7097 7098 4863
f 4864 4863 7098
f 7084 4864 7098
f 5154 7099 4857
f 7099 4858 4857
f 7100 4858 7099
f 7090 4858 7100
f 7101 5154 5155
f 7101 7099 5154
f 7101 7102 7099
f 7100 7099 7102
f 7103 7090 7100
f 7103 7091 7090
f 7102 7104 7100
f 7104 7103 7100
f 7105 7096 7094
f 7106 7096 7105
f 7106 7097 7096
f 7107 7097 7106
f 7098 7097 7107
f 7107 7108 7098
f 7108 7084 7098
f 4936 7084 7108
f 7108 4937 4936
f 7109 4884 4886
f 5153 4884 7109
f 7110 5153 7109
f 7110 5155 5153
f 4937 7111 4935
f 7111 4941 4935
f 4942 4941 7112
f 7111 7112 4941
f 7113 4922 4963
f 4923 4922 7113
f 7113 7114 4923
f 7114 5801 4923
f 7115 4932 4930
f 5051 7115 4930
f 7115 7116 4932
f 7116 4933 4932
f 7116 5600 4933
f 4972 7113 4963
f 7117 7113 4972
f 7114 7113 7117
f 7117 7118 7114
f 7118 7119 7114
f 7119 5801 7114
f 5802 5801 7119
f 7120 5802 7119
f 7120 7121 5802
f 7121 5800 5802
f 7121 7122 5800
f 7122 5043 5800
f 7122 5039 5043
f 5052 7123 5051
f 7123 7115 5051
f 7124 7115 7123
f 7124 7116 7115
f 7125 7116 7124
f 7125 5600 7116
f 7125 5590 5600
f 7111 4937 7126
f 7108 7126 4937
f 7127 7111 7126
f 7112 7111 7127
f 7126 7108 7107
f 7107 7128 7126
f 7128 7127 7126
f 7129 4942 7112
f 4943 4942 7129
f 7127 7130 7112
f 7130 7129 7112
f 7129 7130 7131
f 4966 7132 4950
f 7132 4958 4950
f 4967 7132 4966
f 5910 7133 4952
f 7133 4953 4952
f 7133 7134 4953
f 7134 4968 4953
f 5620 7132 4967
f 7136 7135 4958
f 7135 7137 4958
f 7137 4959 4958
f 7132 7136 4958
f 7137 7082 4959
f 7136 7132 5619
f 5619 7132 5620
f 7138 5910 5909
f 7138 7133 5910
f 7138 7139 7133
f 7139 7134 7133
f 7139 4968 7134
f 7139 7140 4968
f 7140 4969 4968
f 7140 7141 4969
f 7141 4970 4969
f 7141 7142 4970
f 7142 4971 4970
f 7142 7117 4971
f 7117 4972 4971
f 7143 7137 7135
f 7144 7143 7136
f 7143 7135 7136
f 7082 7137 7145
f 7145 7137 7143
f 7145 7083 7082
f 5619 7144 7136
f 7138 7146 7139
f 7147 7139 7146
f 7147 7140 7139
f 7148 7140 7147
f 7148 7141 7140
f 7149 7141 7148
f 7149 7142 7141
f 7117 7142 7118
f 7118 7142 7149
f 4987 7150 4986
f 7151 4986 7150
f 7151 4984 4986
f 7151 5038 4984
f 4993 6909 4994
f 7150 4987 7152
f 4998 7153 4987
f 7153 7152 4987
f 7152 7151 7150
f 5021 6906 4993
f 6906 6909 4993
f 6909 6912 4994
f 6912 4995 4994
f 6912 7154 4995
f 7154 4996 4995
f 7154 7155 4996
f 7155 4997 4996
f 7156 4998 4997
f 7155 7156 4997
f 7156 7157 4998
f 7157 7153 4998
f 7158 5038 7151
f 7158 5045 5038
f 7159 7151 7152
f 7159 7158 7151
f 7152 7153 7160
f 7157 7161 7153
f 7160 7153 7161
f 7160 7159 7152
f 5037 7162 5000
f 7162 5001 5000
f 7162 5098 5001
f 5098 5015 5001
f 5076 7163 5098
f 5076 7164 7163
f 7164 5015 7163
f 7164 5013 5015
f 5015 5098 7163
f 7164 5014 5013
f 5020 6907 5021
f 6907 6906 5021
f 6905 7154 6912
f 6905 7165 7154
f 7165 7155 7154
f 7165 7166 7155
f 7166 7156 7155
f 7167 7156 7166
f 7167 7157 7156
f 7161 7157 7168
f 7167 7169 7157
f 7169 7168 7157
f 7168 7160 7161
f 5036 7170 5037
f 7170 7162 5037
f 7170 5079 7162
f 5079 5098 7162
f 6908 5020 5027
f 6908 6907 5020
f 7164 7171 5014
f 7171 5016 5014
f 7172 5016 7171
f 5016 7172 5895
f 5017 5016 5895
f 5905 5024 5023
f 5905 7173 5024
f 7173 5025 5024
f 7173 7174 5025
f 7174 5026 5025
f 7174 7175 5026
f 7175 5027 5026
f 7175 6910 5027
f 6910 6908 5027
f 5076 5075 7164
f 5075 7171 7164
f 5075 5073 7171
f 7172 7171 5073
f 5073 5074 7172
f 5074 5896 7172
f 5896 5895 7172
f 5906 7173 5905
f 5906 7176 7173
f 7176 7174 7173
f 7176 7177 7174
f 7177 7175 7174
f 7177 7178 7175
f 7178 6910 7175
f 7178 6911 6910
f 7179 5035 5042
f 7179 5036 5035
f 7179 7180 5036
f 7170 5036 7180
f 7158 7181 5045
f 7181 5049 5045
f 7182 5040 5039
f 7183 5040 7182
f 5041 5040 7183
f 7122 7182 5039
f 7183 7184 5041
f 7184 5042 5041
f 7184 7185 5042
f 7185 7179 5042
f 7186 7179 7185
f 7186 7180 7179
f 7186 5078 7180
f 5077 7180 5078
f 7180 5077 7170
f 5077 5079 7170
f 7187 7158 7159
f 7187 7181 7158
f 7188 7182 7122
f 7188 7189 7182
f 7189 7183 7182
f 7121 7188 7122
f 7190 7183 7189
f 7190 7184 7183
f 7190 7191 7184
f 7191 7185 7184
f 7191 7192 7185
f 7192 7186 7185
f 5049 7181 7193
f 7187 7194 7181
f 7193 7181 7194
f 7193 5050 5049
f 5050 7193 7195
f 7195 5052 5050
f 7195 7196 5052
f 7123 5052 7196
f 7187 7197 7194
f 7197 7193 7194
f 7197 7198 7193
f 7198 7195 7193
f 7196 7195 7199
f 7200 7195 7198
f 7200 7199 7195
f 7199 7123 7196
f 7201 7123 7199
f 7201 7124 7123
f 7186 5081 5078
f 7192 5081 7186
f 7192 5099 5081
f 5097 5896 5074
f 5106 7202 5088
f 5089 5088 7202
f 7202 7203 5089
f 7203 5090 5089
f 5093 5092 7204
f 7205 5093 7204
f 7205 5094 5093
f 7205 5898 5094
f 5898 5095 5094
f 7206 7192 7191
f 7206 5099 7192
f 7206 7207 5099
f 7207 5100 5099
f 7207 7208 5100
f 7208 5101 5100
f 7208 7209 5101
f 7209 5102 5101
f 7209 7210 5102
f 7210 5103 5102
f 7210 7211 5103
f 7211 5107 5103
f 5108 5107 7211
f 5108 7212 5104
f 7212 7213 5104
f 7213 5105 5104
f 7213 7214 5105
f 7214 5106 5105
f 7214 7215 5106
f 7215 7202 5106
f 7211 5145 5108
f 7212 5108 5145
f 7216 7215 7214
f 7216 7202 7215
f 7216 7217 7202
f 7203 7202 7217
f 5898 7205 5899
f 7219 7218 7206
f 7218 7207 7206
f 7191 7219 7206
f 7218 7220 7207
f 7220 7208 7207
f 7220 7221 7208
f 7221 7209 7208
f 7221 7222 7209
f 7222 7210 7209
f 7222 7223 7210
f 7223 7211 7210
f 5126 7211 7223
f 5126 5145 7211
f 7212 7224 7213
f 7224 7225 7213
f 7225 7214 7213
f 5145 5144 7212
f 7225 7226 7214
f 7226 7216 7214
f 7224 7212 5144
f 5132 5911 5130
f 7223 5127 5126
f 7223 7227 5127
f 5128 5127 7227
f 7223 7228 7227
f 7228 5128 7227
f 7229 5129 5128
f 7228 7229 5128
f 7230 5129 7229
f 5146 5129 7230
f 7231 5132 5146
f 7231 5911 5132
f 5150 5137 5136
f 5150 7232 5137
f 5138 5137 7232
f 7232 7233 5138
f 7233 5139 5138
f 7233 7234 5139
f 7234 7235 5139
f 7235 5140 5139
f 7235 5141 5140
f 7235 7236 5141
f 7236 5142 5141
f 7236 7237 5142
f 7237 5143 5142
f 7237 7224 5143
f 5144 5143 7224
f 7230 7238 5146
f 7238 7231 5146
f 7222 7228 7223
f 7222 7239 7228
f 7239 7229 7228
f 7240 7230 7229
f 7239 7240 7229
f 7241 7230 7240
f 7238 7230 7241
f 7231 7242 5911
f 5909 5911 7242
f 7243 7231 7238
f 7242 7231 7244
f 7243 7244 7231
f 7244 5909 7242
f 7235 7234 7245
f 7235 7245 7246
f 7236 7235 7246
f 7236 7246 7247
f 7237 7236 7247
f 7225 7237 7247
f 7225 7224 7237
f 7241 7248 7238
f 7248 7243 7238
f 5185 7249 5161
f 7249 5162 5161
f 7249 7250 5162
f 7250 5163 5162
f 7250 5164 5163
f 7250 7251 5164
f 7251 7252 5164
f 7252 5234 5164
f 5185 5183 7249
f 5183 7253 7249
f 7253 7250 7249
f 7253 7254 7250
f 7254 7255 7250
f 7255 7251 7250
f 7255 7252 7251
f 7255 7256 7252
f 7256 7257 7252
f 7252 7258 5234
f 7257 7258 7252
f 7258 5237 5234
f 7259 7260 5175
f 7260 7261 5175
f 7261 5176 5175
f 7262 5176 7261
f 7262 5177 5176
f 5178 5177 7262
f 7262 7263 5178
f 7263 7264 5178
f 7264 5179 5178
f 7265 5179 7264
f 7265 5180 5179
f 5181 5180 7265
f 7265 7266 5181
f 7266 5224 5181
f 5224 7267 5181
f 7267 5182 5181
f 5184 5182 7268
f 7267 7269 5182
f 7268 5182 7269
f 7268 5183 5184
f 7268 7253 5183
f 7271 7259 7270
f 7271 7260 7259
f 7261 7260 7271
f 7271 7272 7261
f 7272 7273 7261
f 7273 7262 7261
f 7274 7262 7273
f 7274 7263 7262
f 7264 7263 7274
f 7274 7275 7264
f 7275 7276 7264
f 7276 7265 7264
f 5212 7265 7276
f 5212 7266 7265
f 5224 7266 5212
f 5223 7267 5224
f 7269 7267 7277
f 5223 7278 7267
f 7277 7267 7278
f 7277 7268 7269
f 7277 7279 7268
f 7279 7253 7268
f 7279 7254 7253
f 5191 5284 7280
f 5272 5271 5402
f 7282 5273 7281
f 7282 5275 5273
f 5274 7283 5273
f 7281 5273 7283
f 7281 7284 7282
f 7284 5275 7282
f 7285 5275 7284
f 7285 5284 5275
f 7284 7286 7285
f 7286 5284 7285
f 7287 5284 7286
f 7287 7280 5284
f 7286 7288 7287
f 7288 7280 7287
f 7288 7289 7280
f 5212 7276 5210
f 7276 7290 5210
f 7290 5213 5210
f 5880 5215 5213
f 7290 7291 5213
f 7291 5880 5213
f 7292 5219 5218
f 5500 7292 5218
f 7292 5220 5219
f 7293 5220 7292
f 7293 7294 5220
f 5221 5220 7294
f 7295 5222 5221
f 7294 7295 5221
f 7295 5223 5222
f 7278 5223 7295
f 7296 7290 7276
f 7297 5880 7291
f 7296 7297 7290
f 7297 7291 7290
f 7275 7296 7276
f 7297 5881 5880
f 5501 7298 5500
f 7292 5500 7298
f 7299 7293 7292
f 7298 7299 7292
f 7299 7294 7293
f 7300 7294 7299
f 7300 7301 7294
f 7295 7294 7301
f 7277 7278 7295
f 7301 7277 7295
f 5238 5237 7258
f 5239 5238 5240
f 7302 5240 5238
f 7258 7303 5238
f 7303 7304 5238
f 7304 7302 5238
f 5240 7305 5241
f 7302 7305 5240
f 7306 5243 5241
f 7305 7307 5241
f 7307 7306 5241
f 5243 7306 5242
f 5245 5242 7308
f 7306 7309 5242
f 7308 5242 7309
f 7308 5244 5245
f 5247 5244 6035
f 7310 5244 7308
f 6035 5244 7310
f 7257 7311 7258
f 7311 7303 7258
f 7311 7304 7303
f 7312 7302 7304
f 7312 7313 7302
f 7313 7305 7302
f 7311 7314 7304
f 7314 5521 7304
f 5521 7312 7304
f 7313 7315 7305
f 7312 7315 7313
f 7307 7305 7316
f 7315 7317 7305
f 7316 7305 7317
f 7316 7306 7307
f 7309 7306 7318
f 7319 7306 7316
f 7318 7306 7319
f 7318 7308 7309
f 7320 7310 7308
f 7318 7321 7308
f 7321 7320 7308
f 7320 6035 7310
f 7320 6036 6035
f 5879 7322 5252
f 7322 5253 5252
f 7322 5356 5253
f 7322 5879 5653
f 5653 5652 7322
f 5652 5651 7322
f 5651 5356 7322
f 7323 5356 5651
f 7323 5357 5356
f 7323 5344 5357
f 7323 7324 5344
f 7324 7325 5344
f 7325 5345 5344
f 7326 5345 7325
f 7326 5346 5345
f 7326 5347 5346
f 7326 7327 5347
f 7327 5527 5347
f 5402 7328 5272
f 7328 7329 5272
f 7329 5276 5272
f 5274 5282 7330
f 7283 5274 7330
f 7330 7281 7283
f 7331 5276 7329
f 7331 7332 5276
f 7332 5277 5276
f 5279 5277 7333
f 7332 7334 5277
f 7333 5277 7334
f 7333 5278 5279
f 7335 5278 7333
f 5280 5278 7335
f 7335 7336 5280
f 7336 5281 5280
f 5283 5281 7337
f 7336 7338 5281
f 7337 5281 7338
f 7337 5282 5283
f 7339 5282 7337
f 7339 7330 5282
f 5401 7340 5370
f 7340 7341 5370
f 7341 5371 5370
f 7341 7342 5371
f 7342 5402 5371
f 7342 7343 5402
f 7343 7328 5402
f 7329 7328 7343
f 7344 7329 7343
f 7344 7345 7329
f 7345 7331 7329
f 7346 7281 7330
f 7339 7347 7330
f 7347 7346 7330
f 7348 7284 7281
f 7346 7348 7281
f 7349 7286 7284
f 7284 7348 7349
f 7332 7331 7350
f 7351 7331 7345
f 7351 7352 7331
f 7350 7331 7352
f 7353 7333 7334
f 7353 7334 7332
f 7350 7353 7332
f 7354 7333 7353
f 7333 7354 7335
f 7354 7355 7335
f 7355 7336 7335
f 7338 7336 7356
f 7355 7357 7336
f 7356 7336 7357
f 7356 7337 7338
f 7358 7337 7356
f 7337 7358 7339
f 7358 5878 7339
f 5878 7347 7339
f 7359 7288 7286
f 7359 7286 7349
f 7351 5311 5340
f 7360 5311 7345
f 5309 5311 7360
f 7345 5311 7351
f 7360 7361 5309
f 7361 5312 5309
f 7362 5313 5312
f 7361 7363 5312
f 7363 7362 5312
f 7364 5314 5315
f 7362 7364 5313
f 7364 5315 5313
f 7365 5322 5314
f 7364 7365 5314
f 5740 5317 5316
f 5319 7366 5316
f 7366 5740 5316
f 7367 7366 5319
f 5321 7367 5319
f 7368 7367 5321
f 5322 7368 5321
f 7368 5322 7369
f 7365 7369 5322
f 5735 5328 5327
f 5735 7370 5328
f 7370 7371 5328
f 7372 5328 7371
f 7372 5329 5328
f 5330 5329 5667
f 5667 5329 7372
f 7373 5337 5335
f 5645 7373 5335
f 7373 5338 5337
f 7374 5338 7373
f 7374 7375 5338
f 5339 5338 7375
f 7376 5340 5339
f 7375 7376 5339
f 7376 7351 5340
f 7352 7351 7376
f 7377 7361 7360
f 7378 7362 7363
f 7377 7378 7361
f 7378 7363 7361
f 7344 7360 7345
f 7344 7379 7360
f 7379 7377 7360
f 7380 7364 7362
f 7378 7380 7362
f 7365 7364 7381
f 7380 7381 7364
f 7382 7365 7381
f 7369 7365 7382
f 7366 7383 5740
f 7383 7384 5740
f 7384 5741 5740
f 7385 7384 7383
f 7367 7385 7366
f 7385 7383 7366
f 7386 7385 7367
f 7368 7386 7367
f 7387 7368 7369
f 7387 7386 7368
f 7382 7388 7369
f 7388 7387 7369
f 5734 7370 5735
f 7389 7372 7371
f 7389 7371 7370
f 7390 7389 7370
f 7391 5667 7372
f 7389 7391 7372
f 5668 5667 7391
f 7390 7370 5734
f 7373 5645 7392
f 7392 5645 5643
f 7393 7374 7373
f 7392 7393 7373
f 7393 7375 7374
f 7394 7375 7393
f 7395 7376 7375
f 7394 7395 7375
f 7350 7352 7376
f 7395 7350 7376
f 7323 5651 5649
f 7396 7323 5649
f 7396 7324 7323
f 7325 7324 7396
f 7396 7397 7325
f 7397 7398 7325
f 7398 7326 7325
f 7399 7326 7398
f 7399 7327 7326
f 7399 5527 7327
f 7399 7400 5527
f 7400 7401 5527
f 7401 5528 5527
f 7401 7402 5528
f 7402 5529 5528
f 7402 5530 5529
f 7402 7403 5530
f 7403 7404 5530
f 7404 5531 5530
f 7404 7405 5531
f 7405 5532 5531
f 6493 5509 5537
f 5511 5509 6493
f 6493 5510 5511
f 7406 5362 5429
f 7406 5363 5362
f 5429 7407 7406
f 7407 5363 7406
f 7407 7408 5363
f 7409 7407 5429
f 5430 7409 5429
f 7409 7410 7407
f 7410 7408 7407
f 7411 5398 5365
f 7413 7411 7412
f 7413 5398 7411
f 7413 5399 5398
f 7413 7414 5399
f 7414 7415 5399
f 7415 5400 5399
f 7415 7416 5400
f 7416 5401 5400
f 7416 7417 5401
f 7417 7340 5401
f 7341 7340 7417
f 7417 7418 7341
f 7418 7419 7341
f 7419 7342 7341
f 7420 7342 7419
f 7420 7343 7342
f 7421 7422 5377
f 7422 5378 5377
f 5379 5378 7422
f 7423 5379 7422
f 7423 7424 5379
f 7424 5380 5379
f 7424 7425 5380
f 7425 5381 5380
f 7425 7426 5381
f 7426 5382 5381
f 7427 5415 5382
f 7427 5382 7426
f 7428 7429 7421
f 7429 7422 7421
f 7423 7422 7429
f 7430 7423 7429
f 7430 7431 7423
f 7431 7424 7423
f 7431 7432 7424
f 7432 7425 7424
f 7432 7433 7425
f 7433 7426 7425
f 7434 7427 7426
f 7434 7426 7433
f 7434 7435 7427
f 7436 5415 7427
f 7435 7436 7427
f 7436 5416 5415
f 6995 7010 5390
f 7010 5391 5390
f 7010 7011 5391
f 7011 5392 5391
f 7012 5393 5392
f 7012 5392 7011
f 7012 7018 5393
f 7018 5396 5393
f 5472 7437 5395
f 7018 7438 5396
f 7438 5473 5396
f 7017 7438 7018
f 7439 5472 5484
f 7439 7437 5472
f 7439 7428 7437
f 7017 7440 7438
f 7441 7438 7440
f 7441 5473 7438
f 7441 5478 5473
f 7442 7413 7412
f 7442 7443 7413
f 7443 7414 7413
f 7415 7414 7443
f 7443 7444 7415
f 7444 7445 7415
f 7445 7416 7415
f 7446 7416 7445
f 7446 7417 7416
f 7446 7418 7417
f 7420 7344 7343
f 7436 7447 5416
f 7447 5417 5416
f 7447 7448 5417
f 7448 7449 5417
f 5426 5417 7449
f 7450 5418 5428
f 7451 5420 5418
f 7450 7451 5418
f 7451 7452 5420
f 7452 5421 5420
f 7453 5421 7452
f 7453 5422 5421
f 7452 7454 7453
f 7454 5422 7453
f 7455 5430 5422
f 7454 7455 5422
f 7449 7456 5426
f 7457 5424 5426
f 7456 7457 5426
f 7458 5423 5424
f 7457 7458 5424
f 5423 7458 7459
f 7459 5425 5423
f 7456 7449 7448
f 7460 5425 7459
f 7460 5427 5425
f 7460 7461 5427
f 7461 5428 5427
f 7461 7462 5428
f 7462 7450 5428
f 7409 5430 7463
f 7455 7463 5430
f 7435 7464 7436
f 7464 7447 7436
f 7464 7465 7447
f 7465 7448 7447
f 7466 7456 7448
f 7466 7448 7465
f 7451 7450 7467
f 7462 7468 7450
f 7468 7467 7450
f 7469 7452 7451
f 7467 7469 7451
f 7470 7454 7452
f 7469 7470 7452
f 7470 7471 7454
f 7471 7455 7454
f 7472 7455 7471
f 7472 7463 7455
f 7466 7473 7456
f 7474 7457 7456
f 7456 7473 7474
f 7458 7457 7475
f 7457 7474 7475
f 7475 7476 7458
f 7476 7459 7458
f 7476 7477 7459
f 7477 7460 7459
f 7477 7478 7460
f 7478 7461 7460
f 7478 7479 7461
f 7479 7462 7461
f 7479 7480 7462
f 7388 7462 7480
f 7388 7468 7462
f 7471 7444 7472
f 7444 7463 7472
f 7443 7442 7463
f 7442 7409 7463
f 7444 7443 7463
f 7442 7410 7409
f 7481 5451 5449
f 7481 7473 5451
f 7473 5812 5451
f 5744 7482 5445
f 7482 5446 5445
f 5447 5446 7483
f 7483 5446 7482
f 7484 5449 5447
f 7483 7484 5447
f 7484 7481 5449
f 5798 5458 5457
f 7485 5460 5458
f 7485 5458 5798
f 7485 7486 5460
f 7487 5459 5460
f 7486 7487 5460
f 5459 7487 5751
f 5743 7482 5744
f 7488 7482 5743
f 7489 7482 7488
f 7489 7483 7482
f 7490 7484 7483
f 7489 7490 7483
f 7491 7481 7484
f 7490 7491 7484
f 7491 7474 7481
f 7474 7473 7481
f 5812 7473 7466
f 7466 5814 5812
f 5797 7485 5798
f 5797 7492 7485
f 7492 7486 7485
f 7492 7493 7486
f 7493 7494 7486
f 7494 7487 7486
f 7494 7495 7487
f 7495 5751 7487
f 7495 5752 5751
f 5742 7488 5743
f 7496 5476 5483
f 7497 5475 5476
f 7496 7497 5476
f 7498 5475 7497
f 7498 5474 5475
f 5477 5474 7499
f 7498 7499 5474
f 7500 5484 5477
f 7499 7500 5477
f 7501 5479 5478
f 7502 7501 5478
f 7503 5479 7501
f 7503 5480 5479
f 7504 5480 7503
f 7504 5481 5480
f 7502 5478 7441
f 7504 7505 5481
f 7505 5482 5481
f 7505 7506 5482
f 7506 5483 5482
f 7506 7507 5483
f 7496 5483 7507
f 7430 7439 5484
f 7500 7430 5484
f 7429 7439 7430
f 7429 7428 7439
f 7440 7508 7441
f 7508 7502 7441
f 7497 7496 7509
f 7510 7498 7497
f 7509 7510 7497
f 7511 7498 7510
f 7511 7499 7498
f 7500 7499 7512
f 7511 7512 7499
f 7507 7513 7496
f 7513 7509 7496
f 7431 7430 7500
f 7512 7431 7500
f 7508 7514 7502
f 7515 7501 7502
f 7515 7502 7514
f 7516 7503 7501
f 7515 7516 7501
f 7503 7516 7517
f 7517 7504 7503
f 7504 7517 7518
f 7505 7504 7518
f 7505 7518 7519
f 7506 7505 7519
f 7520 7506 7519
f 7520 7507 7506
f 7521 7507 7520
f 7521 7513 7507
f 7311 7522 5502
f 7298 5502 7522
f 7314 5502 5521
f 7314 7311 5502
f 7298 5501 5502
f 7523 5505 6386
f 7523 5507 5505
f 5513 6387 5505
f 6386 5505 6387
f 6386 6339 7523
f 6339 5507 7523
f 7524 5507 6339
f 7524 5516 5507
f 6339 6337 7524
f 5516 7524 6337
f 7525 5515 5516
f 6337 7526 5516
f 7526 7525 5516
f 7527 5518 5515
f 7525 7527 5515
f 7527 5517 5518
f 7528 5520 5517
f 7527 7529 5517
f 7529 7528 5517
f 7528 5519 5520
f 7530 5519 7528
f 7530 7312 5519
f 5521 5519 7312
f 7522 7299 7298
f 7522 7311 7257
f 7257 7531 7522
f 7531 7299 7522
f 6340 6339 6386
f 6338 6337 6339
f 6333 7526 6337
f 7525 7526 6333
f 6333 7532 7525
f 7532 7533 7525
f 7527 7525 7533
f 7534 7529 7527
f 7533 7534 7527
f 7534 7528 7529
f 7315 7530 7528
f 7534 7535 7528
f 7535 7315 7528
f 7312 7530 7315
f 7405 5533 5532
f 7405 5542 5533
f 7399 7398 5846
f 5845 7399 5846
f 5845 7400 7399
f 5845 7401 7400
f 5845 5844 7401
f 5844 5843 7401
f 5843 7402 7401
f 7536 7402 5843
f 7536 7403 7402
f 7536 7404 7403
f 7536 7537 7404
f 7537 7538 7404
f 7538 7405 7404
f 5543 7405 7538
f 5543 5542 7405
f 5543 7538 5547
f 7538 7539 5547
f 7539 5565 5547
f 7540 5565 7539
f 7540 7539 7538
f 7537 7540 7538
f 5551 7541 5552
f 7541 5553 5552
f 7541 6667 5553
f 6668 6667 7541
f 7540 5564 5565
f 5558 7542 5551
f 7542 7541 5551
f 5701 5557 5577
f 5701 5558 5557
f 5699 5558 5701
f 7542 5558 5699
f 5697 7542 5699
f 7543 7542 5697
f 7543 7541 7542
f 6668 7541 7543
f 5841 5564 7540
f 5571 7544 5568
f 7544 5594 5568
f 7544 5571 5840
f 7537 7536 7540
f 5841 7540 7536
f 7536 5843 5841
f 7545 5594 7544
f 7545 5595 5594
f 7545 7544 7546
f 5840 7546 7544
f 5839 7546 5840
f 5725 5592 5591
f 5591 5590 7125
f 7125 7547 5591
f 7547 7548 5591
f 7548 5725 5591
f 7545 7549 5595
f 7549 5596 5595
f 7549 5606 5596
f 7124 7547 7125
f 7201 7547 7124
f 5726 7547 7201
f 5726 7548 7547
f 5726 5725 7548
f 7549 7545 7550
f 7546 7550 7545
f 7551 7549 7550
f 7551 5606 7549
f 5607 5606 7551
f 5608 5622 5609
f 7553 7552 5607
f 7552 5608 5607
f 7551 7553 5607
f 7552 5622 5608
f 7554 7553 7551
f 7550 7554 7551
f 7555 7552 7553
f 7554 7556 7553
f 7556 7555 7553
f 7557 5622 7552
f 7555 7557 7552
f 7557 5617 5622
f 5616 5617 7558
f 7557 7558 5617
f 7558 5828 5616
f 5758 7144 5827
f 5619 5827 7144
f 7559 5828 7558
f 5830 5828 7559
f 7558 7557 7560
f 7555 7560 7557
f 7560 7559 7558
f 7143 7144 5757
f 5758 5757 7144
f 5641 7561 5639
f 5876 5641 5657
f 5876 5874 5641
f 7561 5641 5874
f 7561 7562 5639
f 7562 5642 5639
f 7563 5643 5644
f 7563 5644 5642
f 7562 7564 5642
f 7564 7563 5642
f 7392 5643 7563
f 7396 5649 5647
f 5848 7396 5647
f 7565 7562 7561
f 7566 7563 7564
f 7565 7566 7562
f 7566 7564 7562
f 5874 5873 7561
f 5873 7567 7561
f 7567 7565 7561
f 7563 7568 7392
f 7566 7568 7563
f 7568 7393 7392
f 5846 7398 5847
f 7398 5848 5847
f 7397 5848 7398
f 7397 7396 5848
f 7569 5668 7391
f 7569 5669 5668
f 7569 5670 5669
f 7569 7570 5670
f 7570 7571 5670
f 7571 5671 5670
f 7572 5671 7571
f 7572 5672 5671
f 7573 5674 5672
f 7573 5672 7572
f 7573 7574 5674
f 5673 5674 7575
f 5674 7574 7575
f 7575 5838 5673
f 7389 7576 7391
f 7576 7569 7391
f 7576 7570 7569
f 7576 7577 7570
f 7577 7578 7570
f 7578 7571 7570
f 7578 7579 7571
f 7579 7572 7571
f 7579 7580 7572
f 7572 7580 7573
f 7580 7556 7573
f 7573 7556 7574
f 7556 7554 7574
f 7554 7581 7574
f 7581 7575 7574
f 7581 7582 7575
f 5839 7575 7582
f 5839 5838 7575
f 5722 7583 5695
f 7583 7584 5695
f 7584 5694 5695
f 7585 5694 7584
f 7585 5696 5694
f 7585 7586 5696
f 5723 5696 7586
f 5724 7587 5698
f 7543 5698 7587
f 7543 5697 5698
f 7200 5709 5727
f 7200 5710 5709
f 7198 5710 7200
f 5711 5710 7198
f 7198 7197 5711
f 7197 7588 5711
f 7588 5712 5711
f 7588 7589 5712
f 7589 5714 5712
f 7590 5714 7589
f 5715 5714 7590
f 7591 5715 7590
f 5716 5715 7591
f 7591 7592 5716
f 7592 7593 5716
f 7593 5717 5716
f 5718 5717 7594
f 7594 5717 7593
f 5718 7594 7595
f 5719 5718 7595
f 7596 5719 7595
f 7596 5720 5719
f 7596 7597 5720
f 7597 5721 5720
f 7597 5722 5721
f 7597 7598 5722
f 7583 5722 7598
f 7585 6648 7586
f 6648 5723 7586
f 6648 6646 5723
f 6646 5724 5723
f 7587 5724 6669
f 6645 5724 6646
f 6645 6669 5724
f 6669 7543 7587
f 7598 7599 7583
f 7599 6843 7583
f 6843 6652 7583
f 6652 7584 7583
f 6651 7585 7584
f 6652 6651 7584
f 6651 6649 7585
f 6649 6648 7585
f 6668 7543 6669
f 5727 5726 7201
f 7201 7199 5727
f 7199 7200 5727
f 7197 7187 7588
f 7600 7588 7187
f 7589 7588 7600
f 7601 7589 7600
f 7590 7589 7601
f 7601 7602 7590
f 7602 7591 7590
f 7602 7603 7591
f 7603 7592 7591
f 7592 7603 7604
f 7604 7605 7592
f 7605 7593 7592
f 7605 7606 7593
f 7606 7607 7593
f 7607 7594 7593
f 7607 7608 7594
f 7608 7595 7594
f 7608 7609 7595
f 7609 7596 7595
f 7597 7596 7610
f 7610 7596 7609
f 7611 7597 7610
f 7611 7598 7597
f 7611 7612 7598
f 7612 7599 7598
f 7612 6843 7599
f 7390 5734 5733
f 5826 7390 5733
f 7613 7390 5826
f 5829 7613 5826
f 7389 7390 7613
f 7614 5742 5741
f 7384 7614 5741
f 7614 7488 5742
f 7615 7614 7384
f 7385 7615 7384
f 7616 7488 7614
f 7615 7616 7614
f 7616 7489 7488
f 5753 5752 7495
f 7495 7617 5753
f 7617 7618 5753
f 7618 5754 5753
f 7619 5754 7618
f 7619 5755 5754
f 7620 5757 5755
f 7619 7620 5755
f 7620 7143 5757
f 7494 7617 7495
f 7494 7621 7617
f 7621 7622 7617
f 7622 7618 7617
f 7622 7623 7618
f 7623 7619 7618
f 7623 7624 7619
f 7620 7619 7624
f 7624 7145 7620
f 7145 7143 7620
f 5780 5781 7625
f 5819 7625 5781
f 7626 5782 5780
f 7626 5780 7625
f 7627 5783 5782
f 7626 7627 5782
f 7627 7628 5783
f 7628 5784 5783
f 7628 5956 5784
f 5956 5789 5784
f 5959 5786 5785
f 7492 5797 5795
f 5919 7492 5795
f 5818 7629 5819
f 7629 7625 5819
f 7629 7630 7625
f 7630 7626 7625
f 7631 7626 7630
f 7627 7626 7631
f 7628 7627 7632
f 7631 7632 7627
f 5957 5956 7628
f 5957 7628 7632
f 7492 5919 7493
f 5918 7493 5919
f 7633 7121 7120
f 7633 7188 7121
f 7634 7119 7118
f 7120 7119 7634
f 7634 7635 7120
f 7635 7633 7120
f 7465 7636 5814
f 7636 5813 5814
f 7466 7465 5814
f 7636 7637 5813
f 7637 5815 5813
f 7637 7638 5815
f 7638 5816 5815
f 7638 7639 5816
f 7639 5817 5816
f 7639 7640 5817
f 7640 5822 5817
f 5820 7641 5818
f 7629 5818 7641
f 7642 7641 5820
f 5821 7642 5820
f 7643 5821 5822
f 7643 7642 5821
f 7640 7521 5822
f 7521 7643 5822
f 7464 7636 7465
f 7644 7637 7636
f 7464 7644 7636
f 7645 7638 7637
f 7644 7645 7637
f 7646 7639 7638
f 7645 7646 7638
f 7647 7640 7639
f 7646 7647 7639
f 7513 7521 7640
f 7647 7513 7640
f 7641 7648 7629
f 7648 7630 7629
f 7649 7648 7641
f 7642 7649 7641
f 7650 7642 7643
f 7649 7642 7650
f 7521 7520 7643
f 7520 7650 7643
f 7577 5829 5830
f 7578 7577 5830
f 7559 7578 5830
f 7577 7613 5829
f 7576 7613 7577
f 7389 7613 7576
f 7578 7559 7579
f 7560 7579 7559
f 7582 7546 5839
f 7546 7582 7581
f 7550 7546 7581
f 7651 5869 5868
f 7651 5868 5865
f 7652 5870 5869
f 7651 7652 5869
f 7654 7653 5867
f 5865 5867 7653
f 7655 5867 5881
f 7655 7654 5867
f 7653 7656 5865
f 7656 7651 5865
f 7652 7657 5870
f 5871 5870 7657
f 7347 5878 5877
f 7347 5877 5871
f 7657 7658 5871
f 7658 7347 5871
f 5872 7659 5873
f 7659 7660 5873
f 7660 7567 5873
f 5875 7661 5872
f 7661 7662 5872
f 7662 7659 5872
f 7358 7662 7661
f 5878 7358 5875
f 7358 7661 5875
f 7662 7660 7659
f 7663 7655 5881
f 7297 7663 5881
f 7663 7654 7655
f 7664 7651 7656
f 7664 7656 7653
f 7652 7651 7665
f 7665 7651 7664
f 7667 7666 7654
f 7653 7654 7666
f 7668 7654 7663
f 7668 7667 7654
f 7666 7669 7653
f 7669 7664 7653
f 7670 7652 7665
f 7657 7652 7670
f 7346 7347 7658
f 7346 7658 7657
f 7670 7671 7657
f 7671 7346 7657
f 7673 7660 7672
f 7672 7660 7662
f 7673 7565 7660
f 7565 7567 7660
f 7662 7356 7672
f 7358 7356 7662
f 7674 7663 7297
f 7296 7674 7297
f 7675 7668 7663
f 7674 7675 7663
f 7675 7667 7668
f 6005 5902 5900
f 6005 7677 5902
f 7677 5903 5902
f 7677 7678 5903
f 7678 5904 5903
f 7679 5904 7678
f 7679 5906 5904
f 7679 7176 5906
f 7677 6005 6004
f 6004 7680 7677
f 7680 7678 7677
f 7681 7679 7678
f 7680 7681 7678
f 7682 7679 7681
f 7682 7176 7679
f 7682 7177 7176
f 7244 7138 5909
f 7243 7146 7244
f 7146 7138 7244
f 7683 5918 5926
f 7683 7493 5918
f 5926 5927 7622
f 7622 5927 7623
f 7081 7623 5927
f 7621 7683 5926
f 7622 7621 5926
f 7621 7493 7683
f 7494 7493 7621
f 7684 7081 7083
f 7684 7623 7081
f 7083 7624 7684
f 7624 7623 7684
f 7685 5948 5946
f 7685 7514 5948
f 7514 5945 5948
f 7686 5946 5947
f 7687 7686 5947
f 5957 7687 5947
f 7686 7685 5946
f 7514 7508 5945
f 7508 5950 5945
f 7440 7016 5950
f 7016 5949 5950
f 7508 7440 5950
f 7021 5954 5953
f 7027 5954 7021
f 7687 5957 7632
f 7688 7686 7687
f 7688 7689 7686
f 7689 7685 7686
f 7515 7685 7689
f 7514 7685 7515
f 7690 7688 7687
f 7632 7690 7687
f 7016 7440 7017
f 7019 7027 7021
f 7631 7690 7632
f 7691 5964 5965
f 6962 7691 5965
f 7692 5967 5964
f 7691 7692 5964
f 7692 6946 5967
f 7693 5967 6946
f 7693 5966 5967
f 7693 7694 5966
f 7694 5968 5966
f 7694 7695 5968
f 7695 5969 5968
f 7696 5969 7695
f 7698 7697 7691
f 7692 7691 7697
f 6962 7698 7691
f 6946 7692 6947
f 6947 7692 7697
f 6963 7698 6962
f 6943 7693 6946
f 7699 7693 6943
f 7694 7693 7699
f 7700 7694 7699
f 7700 7695 7694
f 7700 7701 7695
f 7701 7696 7695
f 7701 6973 7696
f 6973 6974 7696
f 5984 5983 7702
f 7702 5983 7703
f 7703 5983 5986
f 7704 5985 5984
f 7702 7704 5984
f 7705 5987 5985
f 7704 7705 5985
f 7705 6944 5987
f 7703 5986 7706
f 5996 7706 5986
f 7698 5990 7697
f 7698 5991 5990
f 7697 5990 5992
f 7698 6963 5991
f 6963 5993 5991
f 6963 6959 5993
f 7697 5992 6947
f 7707 7706 5996
f 6956 7707 5996
f 7708 7702 7703
f 7709 7708 7703
f 7706 7709 7703
f 7710 7704 7702
f 7708 7710 7702
f 7711 7705 7704
f 7710 7711 7704
f 7711 7041 7705
f 7041 6944 7705
f 7709 7706 7712
f 7712 7706 7707
f 7073 6956 6955
f 7073 7707 6956
f 7712 7707 7072
f 7073 7072 7707
f 6006 6001 7713
f 7713 6001 6914
f 7715 7714 6006
f 7714 6002 6006
f 7713 7715 6006
f 7714 7680 6002
f 7680 6003 6002
f 6004 6003 7680
f 6894 6914 6913
f 6894 7713 6914
f 6895 6894 6913
f 6893 7715 7713
f 6894 6893 7713
f 7716 7681 7714
f 7681 7680 7714
f 7715 7716 7714
f 6892 7716 7715
f 6893 6892 7715
f 6626 6821 6013
f 6821 6014 6013
f 6624 6821 6626
f 6624 6818 6821
f 7717 6502 6500
f 6808 7718 6500
f 7718 7717 6500
f 6501 6502 7717
f 6036 7320 6037
f 7320 7719 6037
f 7719 7720 6037
f 7720 6038 6037
f 6038 7720 6039
f 7720 7721 6039
f 7721 7722 6039
f 7722 6040 6039
f 6040 7722 6041
f 7722 6336 6041
f 7723 6045 6347
f 6046 6347 6045
f 6048 6045 7723
f 7723 6364 6048
f 7321 7724 7320
f 7724 7719 7320
f 7719 7724 7720
f 7724 7725 7720
f 7725 7726 7720
f 7726 7721 7720
f 7721 7726 7722
f 7726 7727 7722
f 7727 6335 7722
f 6335 6336 7722
f 7723 6347 6345
f 6365 6364 7723
f 6345 7728 7723
f 7728 6365 7723
f 7729 6394 6391
f 6501 7730 6391
f 7730 7729 6391
f 7729 6393 6394
f 6479 7731 6052
f 7731 6342 6052
f 7732 6344 6342
f 7731 7732 6342
f 6369 7731 6370
f 6370 7731 6479
f 7732 7731 6369
f 6393 6743 6395
f 6393 7733 6743
f 7733 7734 6743
f 7734 6744 6743
f 7735 6745 6744
f 7734 7735 6744
f 6343 6344 7732
f 6346 6343 7736
f 7732 7737 6343
f 7736 6343 7737
f 7736 6345 6346
f 6132 7738 6081
f 7738 6082 6081
f 7738 6083 6082
f 7739 6083 7738
f 6083 7739 6084
f 7739 6473 6084
f 7740 6091 6088
f 6468 7740 6088
f 7740 6090 6091
f 7741 6093 6090
f 7740 7742 6090
f 7742 7741 6090
f 7741 6092 6093
f 7743 6094 6092
f 7741 7744 6092
f 7744 7743 6092
f 6095 6094 7743
f 7743 6190 6095
f 6130 7738 6132
f 7745 7738 6130
f 7738 7745 7739
f 7745 7746 7739
f 7746 6471 7739
f 6471 6473 7739
f 6467 7747 6468
f 7747 7740 6468
f 7748 7742 7740
f 7747 7748 7740
f 7742 7748 7741
f 7749 7744 7741
f 7748 7750 7741
f 7750 7749 7741
f 7743 7744 7749
f 6191 6190 7743
f 7749 7751 7743
f 7751 6191 7743
f 7752 6313 6312
f 7752 6120 6313
f 7752 7753 6120
f 6121 6120 7753
f 7753 7754 6121
f 7754 7755 6121
f 7755 6122 6121
f 6122 7755 6123
f 7755 6413 6123
f 6126 6127 6426
f 7756 6129 6126
f 6426 7757 6126
f 7757 7756 6126
f 6128 6129 7756
f 7745 6130 6128
f 7756 7758 6128
f 7758 7745 6128
f 6311 6378 6312
f 6378 7759 6312
f 7759 7752 6312
f 7760 7759 6378
f 7760 7752 7759
f 7760 7761 7752
f 7753 7752 7761
f 7761 7762 7753
f 7762 7763 7753
f 7763 7754 7753
f 7754 7763 7755
f 7763 7764 7755
f 7764 6412 7755
f 6412 6413 7755
f 7765 7757 6426
f 6427 7765 6426
f 7756 7757 7765
f 7766 7758 7756
f 7765 7767 7756
f 7767 7766 7756
f 7745 7758 7766
f 7766 7746 7745
f 7769 7768 6155
f 7768 6173 6155
f 6156 7770 6155
f 7770 7769 6155
f 7771 7770 6156
f 7771 6156 6166
f 7769 7770 7771
f 6301 7772 6159
f 7772 6160 6159
f 7773 6161 6160
f 7773 6160 7772
f 6161 7773 6162
f 7773 7774 6162
f 7774 7775 6162
f 7775 6163 6162
f 7776 6164 6165
f 7777 6167 6164
f 7776 7778 6164
f 7778 7777 6164
f 7779 6166 7777
f 7777 6166 6167
f 7771 6166 7779
f 6168 7780 6170
f 7781 7780 6169
f 6169 7780 6168
f 7783 7782 6173
f 7782 7781 6173
f 7768 7783 6173
f 7781 6169 6173
f 7780 7784 6170
f 7784 6302 6170
f 6302 6171 6170
f 7783 7768 7769
f 7785 7771 6234
f 7785 7769 7771
f 7779 7786 7771
f 6234 7771 7786
f 7787 7769 6233
f 7787 7783 7769
f 6233 7769 7785
f 6234 6233 7785
f 6300 7772 6301
f 7788 7772 6300
f 7772 7788 7773
f 7788 7789 7773
f 7789 7790 7773
f 7790 7774 7773
f 7790 7775 7774
f 7790 7791 7775
f 7778 7776 7792
f 7792 7776 7793
f 7792 7777 7778
f 7794 7777 7792
f 7779 7777 7794
f 7786 7779 6236
f 7794 7795 7779
f 6236 7779 7795
f 6236 6234 7786
f 7797 7796 7784
f 7796 6303 7784
f 6302 7784 6303
f 7797 7784 7780
f 7799 7781 7798
f 7799 7797 7781
f 7798 7781 7782
f 7797 7780 7781
f 7798 7782 7783
f 7801 7783 7800
f 7798 7783 7801
f 7800 7783 7787
f 6233 7800 7787
f 7751 6280 6191
f 6280 6192 6191
f 7802 6196 6194
f 6306 7802 6194
f 7803 6196 7802
f 7803 6198 6196
f 7804 6197 7803
f 6198 7803 6197
f 7805 6200 6197
f 7804 7805 6197
f 7805 6199 6200
f 7806 6203 6199
f 7805 7807 6199
f 7807 7806 6199
f 7806 6202 6203
f 7806 6228 6202
f 7749 6280 7751
f 7749 6279 6280
f 6304 7802 6306
f 7808 7803 7802
f 6304 7809 7802
f 7809 7808 7802
f 7804 7803 7808
f 7808 7810 7804
f 7810 7811 7804
f 7811 7805 7804
f 7812 7807 7805
f 7811 7812 7805
f 7807 7812 7806
f 6229 6228 7806
f 7812 7813 7806
f 7813 6229 7806
f 6210 6242 6211
f 6242 7814 6211
f 7814 7815 6211
f 6243 7816 6242
f 7816 7814 6242
f 7816 7815 7814
f 7816 7817 7815
f 7813 7818 6229
f 7818 6230 6229
f 7818 6231 6230
f 7800 6231 7818
f 6231 7800 6233
f 7819 6237 6236
f 7795 7819 6236
f 6238 6237 7819
f 7820 6239 6238
f 7819 7821 6238
f 7821 7820 6238
f 7822 6239 7820
f 7822 6241 6239
f 6241 7822 6240
f 7816 6243 6240
f 7822 7823 6240
f 7823 7816 6240
f 7812 7818 7813
f 7824 7818 7812
f 7818 7824 7800
f 7824 7801 7800
f 7819 7795 7794
f 7825 7821 7819
f 7794 7826 7819
f 7826 7825 7819
f 7825 7820 7821
f 7827 7822 7820
f 7825 7828 7820
f 7828 7827 7820
f 7823 7822 7827
f 7827 7829 7823
f 7829 7817 7823
f 7817 7816 7823
f 7749 7750 6275
f 7750 7748 6275
f 6279 7749 6275
f 7748 6274 6275
f 6276 7747 6277
f 7748 7747 6274
f 6274 7747 6276
f 7747 6467 6277
f 6466 6283 6282
f 7830 6283 6466
f 6283 7830 6284
f 7830 7831 6284
f 7831 7832 6284
f 7832 6285 6284
f 7832 6286 6285
f 7832 7833 6286
f 6287 6286 7833
f 7833 7834 6287
f 7834 6517 6287
f 6517 6288 6287
f 7835 6297 6294
f 6522 7835 6294
f 6296 6297 7835
f 7836 6298 6296
f 7835 7837 6296
f 7837 7836 6296
f 6299 6298 7836
f 7836 7838 6299
f 7838 7788 6299
f 7788 6300 6299
f 7839 6305 6303
f 7796 7839 6303
f 6304 6305 7839
f 7839 7809 6304
f 7830 6466 6465
f 6465 7840 7830
f 7840 7841 7830
f 7841 7831 7830
f 7841 7832 7831
f 7841 7842 7832
f 7842 7843 7832
f 7843 7833 7832
f 7844 7834 7833
f 7844 7833 7843
f 7834 7844 6517
f 7844 6518 6517
f 6521 7845 6522
f 7845 7835 6522
f 7846 7837 7835
f 7845 7846 7835
f 7836 7837 7846
f 7847 7838 7836
f 7846 7848 7836
f 7848 7847 7836
f 7847 7788 7838
f 7847 7789 7788
f 7839 7796 7797
f 7809 7839 7808
f 7797 7849 7839
f 7808 7839 7849
f 6379 7760 6378
f 7727 7853 6330
f 7853 7854 6330
f 7727 6330 6335
f 7854 6329 6330
f 7854 7855 6331
f 7855 7856 6331
f 6329 7854 6331
f 7856 6332 6331
f 7856 7532 6333
f 6332 7856 6333
f 7736 7728 6345
f 7858 7857 7854
f 7857 7859 7854
f 7853 7858 7854
f 7859 7855 7854
f 7859 7860 7856
f 7860 7533 7856
f 7855 7859 7856
f 7533 7532 7856
f 7858 7727 7726
f 7858 7853 7727
f 6367 7737 7732
f 6369 6368 7732
f 6368 6367 7732
f 6367 7736 7737
f 6365 7728 7736
f 6367 6366 7736
f 6366 6365 7736
f 7861 6375 6373
f 6488 7861 6373
f 6376 6375 7861
f 7861 7862 6376
f 7862 7863 6376
f 7863 6377 6376
f 7760 6379 6377
f 7863 7760 6377
f 7861 6488 6486
f 7864 7862 7861
f 6486 7865 7861
f 7865 7864 7861
f 7863 7862 7864
f 7864 7866 7863
f 7866 7761 7863
f 7761 7760 7863
f 7729 7733 6393
f 7867 7730 6501
f 7717 7868 6501
f 7868 7867 6501
f 7867 7729 7730
f 7734 7733 7729
f 7867 7869 7729
f 7869 7734 7729
f 6411 7870 6407
f 6412 7870 6411
f 7870 7871 6407
f 7871 7872 6407
f 7872 6408 6407
f 6409 6408 7872
f 6485 6409 7872
f 7764 7870 6412
f 6427 6424 7765
f 7765 6424 6469
f 7871 7873 7872
f 7870 7873 7871
f 7873 7874 7872
f 7874 6484 7872
f 6484 6485 7872
f 7763 7875 7870
f 7875 7873 7870
f 7764 7763 7870
f 6754 7876 6530
f 7876 6531 6530
f 6531 7876 6532
f 7876 7877 6532
f 7877 7878 6532
f 7878 6533 6532
f 6534 6533 7878
f 7879 6534 7878
f 7879 7880 6534
f 7880 6535 6534
f 7880 6536 6535
f 7880 6610 6536
f 6470 7765 6469
f 6470 7767 7765
f 6451 6545 6452
f 6545 7881 6452
f 7881 7882 6452
f 7882 6453 6452
f 7882 6454 6453
f 7882 7883 6454
f 7883 7884 6454
f 6455 6454 7884
f 7884 6567 6455
f 6567 6456 6455
f 6565 6463 6460
f 6565 6462 6463
f 7885 6464 6462
f 6565 7886 6462
f 7886 7885 6462
f 6465 6464 7885
f 7885 7840 6465
f 7767 6470 7766
f 7766 6470 6472
f 7746 7766 6471
f 7766 6472 6471
f 6546 7887 6545
f 7887 7881 6545
f 7882 7881 7887
f 7888 7882 7887
f 7888 7889 7882
f 7889 7883 7882
f 7889 7884 7883
f 7889 7890 7884
f 7884 7890 6567
f 7890 6568 6567
f 7891 7886 6565
f 6566 7891 6565
f 7885 7886 7891
f 7841 7840 7885
f 7891 7892 7885
f 7892 7841 7885
f 6487 6484 7893
f 7893 6484 7874
f 7893 6486 6487
f 7893 7865 6486
f 6745 7735 6746
f 6746 7735 6786
f 7873 7893 7874
f 7864 7865 7893
f 7873 7894 7893
f 7894 7864 7893
f 7895 6807 6756
f 6757 7895 6756
f 6806 6807 7895
f 7896 6809 6806
f 7895 7897 6806
f 7897 7896 6806
f 6808 6809 7896
f 7898 7718 6808
f 7896 7899 6808
f 7899 7898 6808
f 7717 7718 7898
f 7900 7868 7717
f 7898 7901 7717
f 7901 7900 7717
f 7900 7867 7868
f 7902 7869 7867
f 7900 7903 7867
f 7903 7902 7867
f 7909 7907 7908
f 7909 6519 7907
f 7908 7907 7906
f 6519 6520 7907
f 7905 7908 7906
f 7910 7908 7905
f 7904 7911 7905
f 7911 7910 7905
f 7790 7911 7791
f 7791 7911 7904
f 7912 6563 6513
f 6514 7912 6513
f 7913 6515 7844
f 7913 7912 6515
f 7844 6515 6518
f 7912 6514 6515
f 6521 6519 7845
f 7845 6519 7909
f 7915 7912 7914
f 6562 7912 7915
f 7914 7912 7913
f 6563 7912 6562
f 7843 7914 7844
f 7914 7913 7844
f 7908 7845 7909
f 7846 7845 7908
f 6541 6542 6630
f 7916 6544 6541
f 6630 7917 6541
f 7917 7916 6541
f 7916 6543 6544
f 7887 6546 6543
f 7916 7918 6543
f 7918 7887 6543
f 6754 6753 7876
f 6753 7919 7876
f 7919 7920 7876
f 7920 7877 7876
f 7877 7920 7878
f 7920 7921 7878
f 7921 7922 7878
f 7922 7879 7878
f 7922 7880 7879
f 7922 7923 7880
f 7923 6609 7880
f 6609 6610 7880
f 7924 7917 6630
f 6629 7924 6630
f 7924 7916 7917
f 7925 7918 7916
f 7924 7926 7916
f 7926 7925 7916
f 7887 7918 7925
f 7925 7888 7887
f 7927 6564 6562
f 7915 7927 6562
f 7891 6566 6564
f 7891 6564 7927
f 7890 7928 6569
f 7928 7929 6569
f 6568 7890 6569
f 7929 6570 6569
f 6571 6570 7929
f 7930 6571 7929
f 6627 6571 7930
f 6572 6571 6627
f 7914 7927 7915
f 7931 7927 7914
f 7891 7927 7931
f 7931 7892 7891
f 7929 7933 7932
f 7928 7933 7929
f 7889 7933 7890
f 7890 7933 7928
f 7932 7934 7929
f 7934 7930 7929
f 7930 7934 6627
f 7934 6628 6627
f 7935 6789 6605
f 6606 7935 6605
f 7937 7936 6607
f 7936 7935 6607
f 6608 7937 6607
f 7935 6606 6607
f 7937 6608 6609
f 7923 7937 6609
f 6805 6613 6612
f 7938 6613 6805
f 6614 6613 7938
f 6842 6614 7938
f 6615 6614 6842
f 6836 6622 6621
f 6836 7939 6622
f 7939 6820 6622
f 6820 6623 6622
f 6819 6623 6820
f 6819 6625 6623
f 6819 6624 6625
f 6818 6624 6819
f 7924 6629 7934
f 7934 6629 6628
f 7941 7935 7940
f 6788 7935 7941
f 7940 7935 7936
f 6789 7935 6788
f 7922 7942 7937
f 7940 7937 7942
f 7923 7922 7937
f 7936 7937 7940
f 7938 6805 6804
f 6804 7943 7938
f 7943 6841 7938
f 6841 6842 7938
f 6816 6836 6817
f 6816 7939 6836
f 6820 7939 6816
f 7932 7924 7934
f 7932 7926 7924
f 6787 6665 6663
f 6664 6665 6787
f 6757 6664 7895
f 6787 7944 6664
f 7895 6664 7944
f 7612 6844 6843
f 7612 7945 6844
f 7945 6677 6844
f 7945 6678 6677
f 7944 6787 6781
f 6781 7895 7944
f 6781 7897 7895
f 7946 6678 7945
f 6678 7946 6679
f 7946 7947 6679
f 7947 6686 6679
f 7612 7948 7945
f 7948 7946 7945
f 7948 7949 7946
f 7949 7947 7946
f 7949 7950 7947
f 7950 7951 7947
f 7951 6686 7947
f 6686 7951 7952
f 7952 6687 6686
f 7952 6688 6687
f 6800 6732 6731
f 7952 7953 6688
f 7953 7954 6688
f 7954 6690 6688
f 7954 6712 6690
f 7950 7955 7951
f 7955 7956 7951
f 7951 7956 7952
f 7956 7953 7952
f 7956 7957 7953
f 7957 7958 7953
f 7958 7954 7953
f 7958 7959 7954
f 7959 6712 7954
f 7959 6713 6712
f 6730 6837 6729
f 6837 7960 6729
f 7960 6731 6729
f 7960 6800 6731
f 6837 6730 6728
f 7959 6898 6713
f 6715 6713 6898
f 6898 6896 6715
f 6896 7961 6715
f 7961 6714 6715
f 7961 6856 6714
f 6856 6716 6714
f 6850 6720 6719
f 7962 6720 6850
f 7962 6721 6720
f 7962 7963 6721
f 7963 6722 6721
f 6723 6722 7963
f 7963 7964 6723
f 7964 7965 6723
f 7965 6724 6723
f 6835 6725 6724
f 7965 6835 6724
f 7958 6876 7959
f 6898 7959 6876
f 6897 7961 6896
f 7961 6897 6858
f 6858 6857 7961
f 6857 6856 7961
f 6838 7960 6837
f 6838 7966 7960
f 6802 7960 7966
f 6802 6800 7960
f 6750 6792 6749
f 6752 6749 7967
f 6792 7967 6749
f 7967 7968 6752
f 7968 7969 6752
f 7969 6751 6752
f 6753 6751 7969
f 7969 7919 6753
f 7869 7902 7734
f 7902 7735 7734
f 7902 6786 7735
f 7902 6785 6786
f 7967 6792 6790
f 7970 7968 7967
f 6790 7971 7967
f 7971 7970 7967
f 7969 7968 7970
f 7920 7919 7969
f 7970 7972 7969
f 7972 7920 7969
f 7900 7901 6778
f 7898 6778 7901
f 6783 7900 6778
f 6777 6778 7898
f 7899 6779 7898
f 7896 6779 7899
f 7898 6779 6777
f 6780 6779 7896
f 7902 7903 6784
f 7903 7900 6784
f 6785 7902 6784
f 7900 6783 6784
f 7896 6781 6780
f 7896 7897 6781
f 7973 6791 6788
f 7941 7973 6788
f 7973 6790 6791
f 7973 7971 6790
f 7940 7973 7941
f 7970 7971 7973
f 7940 7974 7973
f 7974 7970 7973
f 7966 7975 6802
f 7975 6801 6802
f 7976 6803 6801
f 7975 7976 6801
f 7976 6804 6803
f 7976 7943 6804
f 6838 7975 7966
f 6838 6840 7975
f 6840 6839 7975
f 6839 7976 7975
f 6841 7976 6839
f 6841 7943 7976
f 7611 7948 7612
f 7977 6878 6873
f 6874 7978 6873
f 7978 7977 6873
f 6874 6875 7957
f 7957 7978 6874
f 7958 6875 6876
f 7957 6875 7958
f 7979 6900 6878
f 7977 7979 6878
f 7178 6891 6911
f 7178 7980 6891
f 7980 6892 6891
f 7980 7716 6892
f 7981 7979 7977
f 7978 7982 7977
f 7982 7981 7977
f 7957 7956 7978
f 7956 7982 7978
f 7984 7983 6900
f 7983 6899 6900
f 7979 7984 6900
f 7983 7985 6899
f 6901 6899 7985
f 7986 7984 7979
f 7981 7986 7979
f 7985 7987 6901
f 7987 6902 6901
f 7987 7988 6902
f 7988 6903 6902
f 7988 7989 6903
f 7989 6904 6903
f 7989 7165 6904
f 7165 6905 6904
f 7177 7980 7178
f 7177 7682 7980
f 7682 7716 7980
f 7681 7716 7682
f 7990 7984 7986
f 7992 7991 7983
f 7991 7985 7983
f 7984 7992 7983
f 7991 7993 7985
f 7993 7987 7985
f 7994 7984 7990
f 7994 7992 7984
f 7993 7995 7987
f 7988 7987 7995
f 7995 7996 7988
f 7996 7989 7988
f 7166 7989 7996
f 7166 7165 7989
f 6972 6940 6928
f 6971 7997 6972
f 6940 6972 7997
f 7997 6941 6940
f 7997 7998 6941
f 7998 6942 6941
f 7699 6942 7998
f 6943 6942 7699
f 7999 7997 6971
f 7998 7997 7999
f 7999 7700 7998
f 7700 7699 7998
f 7711 7042 7041
f 6971 6970 7999
f 7701 6970 6973
f 7999 6970 7701
f 7701 7700 7999
f 6981 6982 8000
f 6987 8001 6982
f 8001 8000 6982
f 6992 6983 6981
f 8000 6992 6981
f 6986 7040 8002
f 6987 6986 8002
f 6987 8002 8003
f 8001 6987 8003
f 8001 8003 8004
f 8005 8001 8004
f 8005 8000 8001
f 6992 8000 6993
f 8005 6993 8000
f 7040 7046 8006
f 8006 8002 7040
f 8002 8006 8007
f 8007 8003 8002
f 8003 8007 8008
f 8008 8004 8003
f 8005 6996 6993
f 8009 7013 6996
f 8009 6996 8005
f 8004 8009 8005
f 8004 8010 8009
f 8011 7013 8009
f 8010 8011 8009
f 7013 8011 7014
f 8011 7066 7014
f 7066 7015 7014
f 7067 8011 8010
f 7067 7066 8011
f 7711 8012 7042
f 7043 7042 8012
f 8012 8013 7043
f 8013 7044 7043
f 8013 8014 7044
f 8014 7045 7044
f 8014 8015 7045
f 8015 7046 7045
f 8015 7078 7046
f 7078 8006 7046
f 7078 7070 8006
f 7070 8007 8006
f 7710 8012 7711
f 7710 8016 8012
f 8016 8013 8012
f 8016 8017 8013
f 8017 8014 8013
f 8017 8018 8014
f 8018 8015 8014
f 8018 7077 8015
f 7077 7078 8015
f 7068 7067 8010
f 7069 7068 8008
f 8010 8008 7068
f 7070 7069 8007
f 8008 8007 7069
f 7712 7072 7071
f 7075 8019 7071
f 8019 7712 7071
f 7076 8020 7075
f 8020 8019 7075
f 8018 8020 7076
f 7077 8018 7076
f 8004 8008 8010
f 8019 7709 7712
f 8020 8021 8019
f 8021 7709 8019
f 8018 8017 8020
f 8017 8021 8020
f 7145 7624 7083
f 8022 7091 7103
f 7095 7091 8022
f 8023 7094 7093
f 7105 7094 8023
f 7092 8024 7093
f 8024 8023 7093
f 8025 7092 7095
f 8024 7092 8025
f 8026 7095 8022
f 8026 8025 7095
f 7103 7104 8027
f 7103 8027 8022
f 8028 8024 8025
f 8028 8029 8024
f 8023 8024 8029
f 8030 8023 8029
f 7105 8023 8030
f 8026 8031 8025
f 8031 8028 8025
f 8030 8032 7105
f 8032 7106 7105
f 7128 7106 8032
f 7128 7107 7106
f 8033 8030 8029
f 8034 8030 8033
f 8032 8030 8034
f 8035 8032 8034
f 7128 8032 8035
f 8035 7127 7128
f 7130 7127 8035
f 8035 8036 7130
f 8036 7131 7130
f 7149 7634 7118
f 7148 8037 7149
f 8037 7634 7149
f 7635 7634 8037
f 8038 7635 8037
f 8038 8039 7635
f 8039 7633 7635
f 8039 8040 7633
f 8040 7188 7633
f 8040 7189 7188
f 8036 8035 8034
f 8041 7131 8036
f 8042 8036 8034
f 8041 8036 8042
f 7243 8043 7146
f 8043 7147 7146
f 8043 8044 7147
f 8044 7148 7147
f 8044 8037 7148
f 8043 7243 7248
f 8043 7248 8045
f 8044 8043 8045
f 8044 8045 8038
f 8037 8044 8038
f 7600 7159 7160
f 7600 7187 7159
f 7601 7160 7168
f 7601 7600 7160
f 7996 7167 7166
f 7996 8046 7167
f 8046 7169 7167
f 7168 7169 7602
f 8046 8047 7169
f 7602 7169 8047
f 7602 7601 7168
f 7995 8046 7996
f 8047 8046 7603
f 7995 7604 8046
f 7604 7603 8046
f 7603 7602 8047
f 8040 8048 7189
f 8048 7190 7189
f 7219 7190 8048
f 7219 7191 7190
f 8039 8049 8040
f 8049 8048 8040
f 8049 8050 8048
f 8050 7219 8048
f 7218 7219 8050
f 8051 7216 7226
f 8051 7217 7216
f 8052 7218 8050
f 8052 7220 7218
f 8053 7220 8052
f 8053 7221 7220
f 7239 7221 8053
f 7239 7222 7221
f 7226 7225 7247
f 7247 7676 7226
f 7676 8051 7226
f 8054 8050 8049
f 8054 8052 8050
f 8055 8052 8054
f 8055 8053 8052
f 8055 7240 8053
f 7240 7239 8053
f 7246 7676 7247
f 8055 7241 7240
f 8055 8056 7241
f 7248 7241 8056
f 8056 8045 7248
f 8054 8056 8055
f 8054 8057 8056
f 8045 8056 8057
f 8057 8038 8045
f 7279 7255 7254
f 7279 8058 7255
f 8059 7255 8058
f 7256 7255 8059
f 8059 7257 7256
f 8059 7531 7257
f 7301 7279 7277
f 7301 8058 7279
f 8059 8058 7301
f 7301 7300 8059
f 7300 7299 8059
f 7299 7531 8059
f 8061 8062 7270
f 8062 7271 7270
f 8062 7272 7271
f 8062 8063 7272
f 8063 7675 7272
f 7675 7273 7272
f 7675 7674 7273
f 7674 7274 7273
f 7674 7296 7274
f 7296 7275 7274
f 8064 8061 8060
f 8064 8065 8061
f 8065 8066 8061
f 8066 8062 8061
f 8066 7667 8062
f 7667 8063 8062
f 7667 7675 8063
f 7359 8067 7288
f 8067 7289 7288
f 7671 7348 7346
f 7670 7348 7671
f 8068 7348 7670
f 8068 7349 7348
f 7359 7349 8069
f 8068 8069 7349
f 8070 8067 7359
f 8069 8070 7359
f 8070 8071 8067
f 7317 7315 8072
f 8072 7315 7535
f 8072 7316 7317
f 8073 7319 7316
f 8072 8074 7316
f 8074 8073 7316
f 8073 7318 7319
f 7724 7321 7318
f 8073 8075 7318
f 8075 7724 7318
f 7534 8072 7535
f 8076 8074 8072
f 7534 8077 8072
f 8077 8076 8072
f 8073 8074 8076
f 8078 8075 8073
f 8076 8079 8073
f 8079 8078 8073
f 7724 8075 8078
f 8078 7725 7724
f 7420 7379 7344
f 7395 7353 7350
f 7395 8080 7353
f 8080 7354 7353
f 7355 7354 8081
f 8080 8082 7354
f 8081 7354 8082
f 7355 8081 7672
f 7357 7355 7672
f 7672 7356 7357
f 7446 8083 7418
f 8083 8084 7418
f 8084 7419 7418
f 8084 8085 7419
f 8085 7420 7419
f 8085 7377 7420
f 7377 7379 7420
f 7665 8068 7670
f 8086 8068 7665
f 8086 8069 8068
f 7665 8087 8086
f 8087 8069 8086
f 8088 8069 8087
f 8088 8070 8069
f 7394 8080 7395
f 8082 8080 8089
f 7394 8090 8080
f 8089 8080 8090
f 8089 8081 8082
f 7673 8081 8089
f 7673 7672 8081
f 8087 8091 8088
f 8091 8070 8088
f 8092 8070 8091
f 8092 8071 8070
f 8085 7378 7377
f 7380 7378 8093
f 8085 8093 7378
f 8094 7380 8093
f 7381 7380 8094
f 8094 8095 7381
f 8095 7382 7381
f 7468 7388 7382
f 8095 8096 7382
f 8096 7468 7382
f 7615 7385 8097
f 7386 8097 7385
f 8098 7386 7387
f 8097 7386 8098
f 7388 7480 7387
f 7480 7479 7387
f 7479 8098 7387
f 7568 7394 7393
f 8090 7394 7568
f 8093 8085 8084
f 8084 8099 8093
f 8099 8094 8093
f 8100 8095 8094
f 8099 8101 8094
f 8101 8100 8094
f 7467 7468 8096
f 8100 7467 8095
f 7467 8096 8095
f 8102 7615 8097
f 8102 7616 7615
f 8098 8103 8097
f 8103 8102 8097
f 7478 8103 8098
f 7479 7478 8098
f 8089 8090 7568
f 7566 8089 7568
f 7442 7412 7410
f 7471 7445 7444
f 7471 8104 7445
f 8104 7446 7445
f 8104 8105 7446
f 8105 8083 7446
f 8084 8083 8105
f 8105 8099 8084
f 7512 7432 7431
f 7512 8106 7432
f 8106 7433 7432
f 8107 7434 7433
f 8107 7433 8106
f 8107 8108 7434
f 8108 7435 7434
f 8108 7644 7435
f 7644 7464 7435
f 7511 8106 7512
f 8109 8107 8106
f 8109 8106 7511
f 8109 8110 8107
f 8110 8108 8107
f 8110 7645 8108
f 7645 7644 8108
f 7470 8104 7471
f 8111 8104 7470
f 8111 8105 8104
f 8111 8099 8105
f 8100 7469 7467
f 7470 7469 8111
f 8100 8111 7469
f 7491 7475 7474
f 7491 8112 7475
f 8112 7476 7475
f 8112 8113 7476
f 8113 7477 7476
f 8113 8114 7477
f 8103 7477 8114
f 8103 7478 7477
f 8101 8111 8100
f 8099 8111 8101
f 8112 7491 7490
f 8112 7490 8115
f 8113 8112 8115
f 8113 8115 8102
f 8114 8113 8102
f 8102 8103 8114
f 8115 7490 7489
f 7616 8115 7489
f 8115 7616 8102
f 7509 7513 7647
f 8116 7510 7509
f 7647 8116 7509
f 8109 7511 7510
f 8116 8109 7510
f 7689 7516 7515
f 7689 8117 7516
f 8117 7517 7516
f 8118 7518 7517
f 7517 8117 8118
f 8118 8119 7518
f 8119 7519 7518
f 7519 8119 7650
f 7650 7520 7519
f 8116 7647 7646
f 8110 8109 8116
f 7646 8110 8116
f 7688 8117 7689
f 7688 8120 8117
f 8120 8118 8117
f 8120 8121 8118
f 8119 8118 8121
f 8121 7649 8119
f 7649 7650 8119
f 7534 7533 7860
f 7860 8077 7534
f 8076 8077 7860
f 8076 7860 7859
f 7581 7554 7550
f 7580 7555 7556
f 7560 7555 7580
f 7579 7560 7580
f 7673 7566 7565
f 7673 8089 7566
f 7995 7993 7604
f 7993 7605 7604
f 7993 7991 7605
f 7991 7606 7605
f 7991 7607 7606
f 7991 7992 7607
f 7992 7608 7607
f 7992 7994 7608
f 7994 7990 7608
f 7990 7609 7608
f 7990 8122 7609
f 8122 7610 7609
f 8122 8123 7610
f 8123 7611 7610
f 8123 7948 7611
f 7986 8122 7990
f 7986 8124 8122
f 8124 8125 8122
f 8125 8123 8122
f 8125 7949 8123
f 7949 7948 8123
f 7648 8126 7630
f 8126 7631 7630
f 8126 7690 7631
f 8121 8126 7648
f 7649 8121 7648
f 8121 8120 8126
f 8120 7690 8126
f 8120 7688 7690
f 8057 8039 8038
f 8057 8049 8039
f 7646 7645 8110
f 8127 7664 7669
f 8127 7669 7666
f 7664 8087 7665
f 8087 7664 8127
f 7666 7667 8066
f 8066 8128 7666
f 8128 8127 7666
f 8129 8127 8128
f 8129 8128 8066
f 8127 8091 8087
f 8129 8091 8127
f 8065 8129 8066
f 8016 7710 7708
f 8021 7708 7709
f 8021 8016 7708
f 8017 8016 8021
f 7725 8078 7726
f 8078 7858 7726
f 8079 7857 8078
f 7857 7858 8078
f 7866 8130 7761
f 8130 7762 7761
f 7762 8130 7763
f 8130 7875 7763
f 7866 7864 8130
f 7864 7894 8130
f 7894 7873 8130
f 7873 7875 8130
f 7847 7790 7789
f 7847 7911 7790
f 7852 7794 7792
f 7852 7826 7794
f 7849 7797 8131
f 8131 7797 7799
f 7824 8132 7798
f 8132 8131 7798
f 7801 7824 7798
f 8131 7799 7798
f 7848 7910 7847
f 7910 7911 7847
f 7825 7826 7852
f 7850 7825 7852
f 7811 7810 8131
f 7810 7808 8131
f 8132 7811 8131
f 7808 7849 8131
f 7812 7811 7824
f 7824 7811 8132
f 7851 7828 7825
f 7850 7851 7825
f 7851 7827 7828
f 7892 7931 7841
f 7931 7842 7841
f 7931 7843 7842
f 7914 7843 7931
f 7910 7846 7908
f 7910 7848 7846
f 8076 7859 7857
f 8079 8076 7857
f 7972 8133 7920
f 8133 7921 7920
f 7922 7921 8133
f 7942 7922 8133
f 7925 7889 7888
f 7925 7933 7889
f 7926 7932 7925
f 7932 7933 7925
f 7972 7970 8133
f 7970 7974 8133
f 7974 7940 8133
f 7940 7942 8133
f 8125 7950 7949
f 8125 8134 7950
f 8134 7982 7950
f 7982 7955 7950
f 7982 7956 7955
f 8124 7981 8125
f 7981 8134 8125
f 7981 7982 8134
f 8124 7986 7981
f 8028 8135 8029
f 8135 8033 8029
f 8033 8135 8136
f 8042 8033 8136
f 8034 8033 8042
f 8054 8049 8057
f 8137 8129 8064
f 8129 8065 8064
f 8071 8092 8137
f 8092 8091 8137
f 8091 8129 8137
f 242 8139 8138
f 244 242 8138
f 1791 8141 8140
f 8140 242 1791
f 8140 8139 242
f 244 8138 8142
f 8142 1794 244
f 1792 8143 8144
f 1803 8143 1792
f 1792 8144 8145
f 8145 1791 1792
f 8145 8146 1791
f 8146 8141 1791
f 8147 1794 8142
f 8148 1794 8147
f 1794 8148 8149
f 1804 1794 8149
f 8150 8151 4618
f 1804 8149 8150
f 8150 4618 1804
f 8151 8152 4618
f 4618 8152 8153
f 893 8155 8154
f 893 8156 8155
f 895 8157 8156
f 8156 893 895
f 896 8158 8157
f 895 896 8157
f 896 8159 8158
f 941 8160 8159
f 896 941 8159
f 942 8161 8160
f 941 942 8160
f 942 8162 8161
f 943 8163 8162
f 942 943 8162
f 944 8164 8163
f 943 944 8163
f 944 8165 8164
f 8166 1 8167
f 2 8168 8167
f 1 2 8167
f 3 8169 8168
f 2 3 8168
f 3 8170 8169
f 8171 4 8172
f 4 8173 8172
f 8174 38 8175
f 38 8176 8175
f 8177 39 8178
f 40 8179 8178
f 39 40 8178
f 41 8180 8179
f 40 41 8179
f 41 8181 8180
f 8182 42 8183
f 42 8184 8183
f 8185 43 8186
f 43 8187 8186
f 226 8189 8188
f 8188 227 226
f 8188 8190 227
f 8191 248 8192
f 249 8193 8192
f 248 249 8192
f 249 8194 8193
f 8195 250 8196
f 251 8197 8198
f 251 8198 8196
f 250 251 8196
f 252 8200 8199
f 8199 253 252
f 8199 8201 253
f 8202 488 8203
f 489 8204 8203
f 488 489 8203
f 489 8205 8204
f 8206 490 8207
f 491 8208 8207
f 490 491 8207
f 491 8209 8208
f 8210 492 8211
f 493 8212 8211
f 492 493 8211
f 493 8213 8212
f 494 8214 8215
f 8216 494 8215
f 8217 495 8218
f 495 8217 8214
f 494 495 8214
f 546 8219 8220
f 546 8220 8221
f 546 8221 8222
f 547 546 8222
f 548 8223 8224
f 8225 548 8224
f 549 8226 8227
f 548 8227 8223
f 549 8227 548
f 550 8228 8229
f 8230 550 8229
f 551 8231 8228
f 550 551 8228
f 552 8233 8232
f 553 552 8232
f 8234 553 8232
f 8235 893 8236
f 8237 894 8238
f 894 8239 8238
f 893 8235 8239
f 894 893 8239
f 8240 897 8241
f 898 8242 8241
f 897 898 8241
f 1 8166 8242
f 898 1 8242
f 8 8243 8170
f 8170 3 8
f 900 8244 8243
f 8 900 8243
f 900 8245 8244
f 8246 901 8247
f 902 8248 8247
f 901 902 8247
f 897 8240 8248
f 902 897 8248
f 907 8249 8245
f 8245 900 907
f 909 8250 8249
f 907 909 8249
f 909 8251 8250
f 8252 910 8253
f 911 8254 8253
f 910 911 8253
f 911 8255 8254
f 4 8171 8255
f 8255 911 4
f 4 8256 8173
f 12 8256 4
f 8257 8256 12
f 12 8258 8257
f 8259 913 8260
f 914 8261 8260
f 913 914 8260
f 910 8252 8261
f 914 910 8261
f 12 8262 8258
f 918 8262 12
f 918 8263 8262
f 918 8264 8263
f 918 8265 8264
f 940 8265 918
f 8266 1028 8267
f 1028 8268 8267
f 38 8174 8268
f 1028 38 8268
f 38 8269 8176
f 55 8269 38
f 55 8270 8269
f 55 8271 8270
f 8272 1030 8273
f 1030 8274 8273
f 1028 8266 8274
f 1030 1028 8274
f 1035 8275 8271
f 8271 55 1035
f 8276 8275 1035
f 1035 8277 8276
f 8278 1037 8279
f 1038 8280 8279
f 1037 1038 8279
f 39 8177 8280
f 1038 39 8280
f 59 8281 8181
f 8181 41 59
f 1040 8282 8281
f 59 1040 8281
f 1040 8283 8282
f 8284 1041 8285
f 1042 8286 8285
f 1041 1042 8285
f 1037 8278 8286
f 1042 1037 8286
f 1047 8287 8283
f 8283 1040 1047
f 1049 8288 8287
f 1047 1049 8287
f 1049 8289 8288
f 1050 8290 8291
f 8292 8290 1050
f 42 8182 8292
f 1050 42 8292
f 42 8293 8184
f 47 8293 42
f 8294 8293 47
f 47 8295 8294
f 1052 8296 8297
f 1052 8291 8296
f 1050 8291 1052
f 47 8298 8295
f 1057 8298 47
f 8299 8298 1057
f 1057 8300 8299
f 8301 1052 8297
f 8302 1059 8303
f 1059 8304 8303
f 43 8185 8304
f 1059 43 8304
f 43 8305 8187
f 51 8305 43
f 8306 8305 51
f 51 8307 8306
f 8308 1061 8309
f 1061 8310 8309
f 1059 8302 8310
f 1061 1059 8310
f 51 8311 8307
f 1066 8311 51
f 8312 8311 1066
f 1066 8313 8312
f 1057 8314 8300
f 1079 8314 1057
f 1066 8315 8313
f 1089 8315 1066
f 1035 8316 8277
f 1099 8316 1035
f 8317 227 8190
f 8318 1719 8319
f 227 8317 8320
f 1720 227 8320
f 1720 8320 8319
f 1719 1720 8319
f 8189 226 8321
f 1721 8322 8321
f 8321 226 1721
f 8323 1727 8324
f 1727 8318 8324
f 1719 8318 1727
f 8325 8322 1721
f 1721 8326 8325
f 1731 8326 1721
f 8327 1813 8328
f 248 8191 8328
f 1813 248 8328
f 272 8329 8194
f 249 272 8194
f 272 8330 8329
f 8331 1813 8327
f 1813 8331 8332
f 1816 1813 8332
f 250 8195 8330
f 8330 272 250
f 1821 8333 8197
f 8197 251 1821
f 1821 8334 8333
f 1821 8335 8334
f 1825 8335 1821
f 1825 8336 8335
f 8337 1829 8338
f 253 8201 8338
f 1829 253 8338
f 1830 8340 8339
f 8339 252 1830
f 8339 8200 252
f 8341 1838 8342
f 1829 8337 8342
f 1838 1829 8342
f 1843 8344 8343
f 8343 1830 1843
f 8343 8340 1830
f 2395 8345 8346
f 2395 8347 8345
f 2395 8202 8347
f 488 8202 2395
f 2396 8348 8205
f 8205 489 2396
f 2396 8216 8348
f 494 8216 2396
f 8349 2400 8350
f 2395 8346 8350
f 2400 2395 8350
f 2407 8351 8352
f 2407 8353 8351
f 2407 8206 8353
f 490 8206 2407
f 491 8354 8209
f 2411 8354 491
f 8354 2411 8355
f 8356 2413 8357
f 2407 8352 8357
f 2413 2407 8357
f 2400 8349 8358
f 8358 2411 2400
f 8358 8355 2411
f 492 8210 8226
f 549 492 8226
f 2421 8360 8359
f 8359 493 2421
f 8359 8213 493
f 2421 8361 8360
f 2421 8362 8361
f 2425 8362 2421
f 2425 8363 8362
f 2426 8365 8364
f 8364 495 2426
f 8364 8218 495
f 2426 8366 8365
f 2426 8367 8366
f 2430 8367 2426
f 2430 8368 8367
f 547 8222 8369
f 547 8369 8231
f 551 547 8231
f 2569 8370 8219
f 8219 546 2569
f 2569 8371 8370
f 2569 8372 8371
f 2572 8372 2569
f 2572 8373 8372
f 8374 2575 8375
f 548 8225 8375
f 2575 548 8375
f 8376 2576 8377
f 2575 8374 8377
f 2576 2575 8377
f 2580 8378 8379
f 550 8230 8378
f 2580 550 8378
f 8380 2583 8381
f 2580 8379 8381
f 2583 2580 8381
f 8382 8233 552
f 8383 2588 8384
f 553 8234 8384
f 2588 553 8384
f 2589 8385 8382
f 8382 552 2589
f 2589 8386 8385
f 8387 2588 8383
f 2588 8387 8388
f 2591 2588 8388
f 2591 8388 8389
f 2593 2591 8389
f 2596 8390 8386
f 8386 2589 2596
f 8391 3473 8392
f 3473 8393 8392
f 894 8237 8393
f 3473 894 8393
f 8394 3476 8395
f 3476 8396 8395
f 3473 8391 8396
f 3476 3473 8396
f 8397 3481 8398
f 3482 8399 8398
f 3481 3482 8398
f 901 8246 8399
f 3482 901 8399
f 930 8400 8251
f 8251 909 930
f 3484 8401 8400
f 930 3484 8400
f 3484 8402 8401
f 8403 3485 8404
f 3486 8405 8404
f 3485 3486 8404
f 3481 8397 8405
f 3486 3481 8405
f 3490 8406 8402
f 8402 3484 3490
f 3492 8407 8406
f 3490 3492 8406
f 3492 8408 8407
f 8409 3493 8410
f 3494 8411 8410
f 3493 3494 8410
f 913 8259 8411
f 3494 913 8411
f 940 8412 8265
f 940 8413 8412
f 3496 8414 8408
f 3492 3496 8408
f 3493 8409 8414
f 3496 3493 8414
f 940 8415 8413
f 3500 8415 940
f 3500 8416 8415
f 3500 8417 8416
f 3500 8394 8417
f 3476 8394 3500
f 8418 3656 8419
f 3656 8420 8419
f 1030 8272 8420
f 3656 1030 8420
f 8421 8316 1099
f 1099 8422 8421
f 8423 3658 8424
f 3658 8425 8424
f 3656 8418 8425
f 3658 3656 8425
f 1099 8426 8422
f 3662 8426 1099
f 8427 8426 3662
f 3662 8428 8427
f 8429 3664 8430
f 1041 8284 8430
f 3664 1041 8430
f 1111 8431 8289
f 8289 1049 1111
f 3666 8432 8431
f 1111 3666 8431
f 3666 8433 8432
f 8434 3667 8435
f 3667 8436 8435
f 3664 8429 8436
f 8436 3667 3664
f 3671 8437 8433
f 8433 3666 3671
f 3485 8403 8437
f 3671 3485 8437
f 3673 8438 8439
f 1052 8301 8438
f 3673 1052 8438
f 8440 3673 8439
f 8441 8314 1079
f 1079 8442 8441
f 3675 8443 8444
f 3673 8440 8443
f 3675 3673 8443
f 1079 8445 8442
f 3679 8445 1079
f 3679 8446 8445
f 3679 8447 8446
f 8448 3675 8444
f 8449 3681 8450
f 3681 8451 8450
f 1061 8308 8451
f 3681 1061 8451
f 8452 8315 1089
f 1089 8453 8452
f 3681 8449 8447
f 3679 3681 8447
f 1089 8454 8453
f 3686 8454 1089
f 8455 8454 3686
f 3686 8456 8455
f 3686 8423 8456
f 3658 8423 3686
f 3662 8434 8428
f 3667 8434 3662
f 8457 1727 8323
f 1727 8457 8458
f 4537 1727 8458
f 1731 8459 8326
f 4539 8459 1731
f 4539 8460 8459
f 8461 8462 4544
f 4537 8458 8461
f 8461 4544 4537
f 4547 8464 8463
f 8463 4539 4547
f 8460 4539 8463
f 4627 8466 8465
f 8465 4616 4627
f 1816 8332 8467
f 4637 1816 8467
f 4637 8467 8468
f 8469 4640 8470
f 4637 8468 8470
f 4640 4637 8470
f 1825 8471 8336
f 4647 8471 1825
f 8472 8471 4647
f 4647 8473 8472
f 4653 8473 4647
f 8474 8473 4653
f 8475 1838 8341
f 1838 8475 8476
f 1839 1838 8476
f 1839 8476 8477
f 4657 1839 8477
f 1843 8478 8479
f 4660 8478 1843
f 8479 8344 1843
f 4657 8477 8480
f 4657 8480 8481
f 4662 4657 8481
f 8478 4660 8482
f 4660 8483 8482
f 4667 8483 4660
f 5166 8484 8485
f 5166 8486 8484
f 5166 8356 8486
f 2413 8356 5166
f 8487 5175 8488
f 5166 8485 8488
f 5175 5166 8488
f 5186 8489 8363
f 8363 2425 5186
f 5186 8490 8489
f 5191 8492 8491
f 8491 5186 5191
f 8491 8490 5186
f 5191 8493 8492
f 2431 8494 8368
f 8368 2430 2431
f 5193 8495 8494
f 8494 2431 5193
f 5193 8496 8495
f 5193 8448 8497
f 3675 8448 5193
f 8497 8496 5193
f 2572 8498 8373
f 5359 8498 2572
f 8499 8498 5359
f 5363 8500 8499
f 8499 5359 5363
f 5363 8501 8500
f 8502 5364 8503
f 2576 8376 8503
f 5364 2576 8503
f 5365 8504 8505
f 5365 8506 8504
f 5364 8502 8506
f 5365 5364 8506
f 8507 5372 8508
f 2583 8380 8508
f 5372 2583 8508
f 8509 5377 8510
f 5372 8507 8510
f 5377 5372 8510
f 2596 8511 8390
f 2593 8389 8512
f 8513 5385 8514
f 2593 8512 8514
f 5385 2593 8514
f 5388 8515 8511
f 8511 2596 5388
f 5388 8516 8515
f 8517 5390 8518
f 5385 8513 8518
f 5390 5385 8518
f 5395 8519 8516
f 8516 5388 5395
f 8520 6915 8521
f 4544 8462 8521
f 6915 4544 8521
f 4547 8522 8523
f 6919 8522 4547
f 8523 8464 4547
f 8524 6922 8525
f 6915 8520 8525
f 6922 6915 8525
f 8522 6919 8526
f 4640 8469 8526
f 8526 6919 4640
f 4627 8527 8466
f 6922 8527 4627
f 6922 8524 8527
f 4653 8528 8474
f 4662 8528 4653
f 8481 8528 4662
f 8483 4667 8529
f 4667 8530 8529
f 6990 8530 4667
f 8530 6990 8531
f 6995 8532 8531
f 8531 6990 6995
f 7259 8533 8534
f 7259 8535 8533
f 7259 8487 8535
f 5175 8487 7259
f 8536 7270 8537
f 7259 8534 8537
f 7270 7259 8537
f 5191 8538 8493
f 7280 8538 5191
f 8538 7280 8539
f 7280 8540 8539
f 7289 8540 7280
f 7289 8541 8540
f 5363 8542 8501
f 7408 8542 5363
f 7408 8543 8542
f 7410 8545 8544
f 8544 7408 7410
f 8544 8543 7408
f 7410 8546 8545
f 8547 7411 8548
f 5365 8505 8548
f 7411 5365 8548
f 8549 7412 8550
f 7411 8547 8550
f 7412 7411 8550
f 8551 7421 8552
f 5377 8509 8552
f 7421 5377 8552
f 8553 7428 8554
f 7421 8551 8554
f 7428 7421 8554
f 5395 8555 8519
f 8532 6995 8556
f 5390 8517 8556
f 6995 5390 8556
f 7437 8557 8555
f 8555 5395 7437
f 7437 8558 8557
f 7437 8553 8558
f 7428 8553 7437
f 8559 8060 8560
f 8061 8561 8560
f 8060 8061 8560
f 7270 8536 8561
f 8061 7270 8561
f 8562 8064 8563
f 8060 8559 8563
f 8064 8060 8563
f 8067 8565 8564
f 8564 7289 8067
f 8564 8541 7289
f 8067 8566 8565
f 8067 8567 8566
f 8071 8567 8067
f 8071 8568 8567
f 7410 8549 8546
f 7412 8549 7410
f 8569 8137 8570
f 8064 8562 8570
f 8137 8064 8570
f 8071 8571 8568
f 8137 8569 8571
f 8071 8137 8571
f 1803 8573 8572
f 8572 8143 1803
f 1803 8574 8575
f 1803 8576 8574
f 4616 8576 1803
f 8573 1803 8575
f 8576 4616 8465
f 8577 8154 8578
f 8154 8577 8236
f 893 8154 8236
